config,testset,testset_idx,n_samples,is_source,is_target,is_clean,true_acc,acc_st_true,acc_ta_true,acc_st_tdc,acc_ta_tdc,err_st_tdc,err_ta_tdc,acc_st_mm,acc_ta_mm,err_st_mm,err_ta_mm,mano_fro_norm,est_ATC,err_ATC,err_ta_ATC,est_ATC-NE,err_ATC-NE,err_ta_ATC-NE,est_AC,err_AC,err_ta_AC,est_DOC,err_DOC,err_ta_DOC,est_COT,err_COT,err_ta_COT
seed_123,val_source,0,10000,True,False,True,0.9722,0.9722,0.9737,0.9481434732302514,0.9496648557157313,0.024056526769748565,0.024035144284268672,0.9622796134072178,0.9622796134072178,0.00992038659278216,0.011420386592782217,0.9773691001872641,0.983199954032898,0.010999954032897996,0.00949995403289794,0.9811999797821045,0.008999979782104539,0.007499979782104482,0.9866337776184082,0.01443377761840825,0.012933777618408193,0.9861853718757629,0.013985371875762986,0.01248537187576293,0.9752749361637765,0.0030749361637765205,0.0015749361637764636
seed_123,val_target,1,165028,False,True,True,0.7901568218726519,0.7901568218726519,0.8060389752042078,0.816239868015207,0.8267158364893585,0.026083046142555077,0.020676861285150783,0.8434649360737532,0.8434649360737532,0.053308114201101264,0.037425960869545416,0.903205173446622,0.9149719476699829,0.124815125797331,0.10893297246577516,0.8980414867401123,0.1078846648674604,0.09200251153590455,0.9376406669616699,0.14748384508901802,0.13160169175746217,0.9371922612190247,0.14703543934637275,0.1311532860148169,0.9993607708195648,0.20920394894691285,0.193321795615357
seed_123,imagenet_val_source,2,6500,True,False,True,0.951076923076923,0.951076923076923,0.9552307692307692,0.933026920551543,0.9341965130355868,0.018050002525380027,0.0210342561951824,0.9539402243254166,0.9541445340123209,0.002863301248493544,0.001086235218448306,0.9697189326017209,0.9735384583473206,0.022461535270397515,0.01830768911655134,0.9718461632728577,0.020769240195934624,0.01661539404208845,0.9801642894744873,0.029087366397564263,0.024933520243718088,0.979715883731842,0.028638960654919,0.024485114501072824,0.970248172452576,0.019171249375652955,0.01501740322180678
seed_123,imagenet_val_target,3,6500,False,True,True,0.7766153846153846,0.7766153846153846,0.7938461538461539,0.8051470588235294,0.823414165366561,0.02853167420814484,0.02956801152040711,0.8401446942252384,0.8401446942252384,0.06352930960985381,0.04629854037908454,0.9008123966451003,0.9133846163749695,0.13676923175958489,0.11953846252881561,0.8939999938011169,0.11738460918573235,0.10015383995496308,0.9360669255256653,0.1594515409102807,0.14222077167951142,0.93561851978302,0.15900313516763542,0.14177236593686615,0.9075924305380455,0.1309770459226609,0.11374627669189163
seed_123,corr_source_fog_sev1,4,6500,True,False,False,0.8776923076923077,0.8776923076923077,0.8906153846153846,0.8604488078541375,0.8673096702269213,0.017243499838170195,0.023305714388463294,0.8756121237463643,0.8765900325739414,0.002080183945943337,0.014025352041443173,0.9261019812178171,0.9359999895095825,0.05830768181727486,0.04538460489419793,0.9189230799674988,0.04123077227519112,0.028307695352114193,0.9520559310913086,0.07436362339900093,0.06144054647592401,0.9516075253486633,0.07391521765635567,0.060992140733278744,0.9234073678061016,0.04571506011379389,0.03279198319071697
seed_123,corr_source_fog_sev2,5,6500,True,False,False,0.8441538461538461,0.8441538461538461,0.8630769230769231,0.8190406976744187,0.826089881436545,0.025113148479427472,0.03698704164037803,0.8388692825303969,0.839354912198507,0.005284563623449201,0.023722010878416078,0.9063430691893137,0.9141538143157959,0.06999996816194975,0.051076891238872824,0.8936923146247864,0.04953846847094023,0.030615391547863302,0.9390076994895935,0.09485385333574736,0.07593077641267043,0.9385592937469482,0.0944054475931021,0.07548237067002517,0.9014462780570688,0.05729243190322264,0.03836935498014571
seed_123,corr_source_fog_sev3,6,6500,True,False,False,0.796923076923077,0.796923076923077,0.827076923076923,0.7557427258805515,0.7889376290986542,0.04118035104252549,0.03813929397826887,0.7762957957130718,0.7765824491096219,0.02062728121000512,0.05049447396730111,0.873948793273249,0.8796923160552979,0.0827692391322209,0.05261539297837481,0.8515384197235107,0.054615342800433786,0.0244614966465877,0.9167720675468445,0.11984899062376753,0.08969514446992144,0.9163236618041992,0.11940058488112226,0.08924673872727618,0.8727261230101014,0.07580304608702448,0.0456491999331784
seed_123,corr_source_fog_sev4,7,6500,True,False,False,0.7606153846153846,0.7606153846153846,0.7996923076923077,0.6976557804047285,0.7614140726718264,0.06295960421065605,0.03827823502048133,0.7274755621759156,0.7279713045529553,0.033139822439469,0.07172100313935237,0.8476578341783207,0.8533846139907837,0.09276922937539911,0.05369230629847599,0.8135384321212769,0.05292304750589227,0.013846124428969153,0.8985437154769897,0.13792833086160516,0.09885140778468204,0.8980953097343445,0.1374799251189599,0.09840300204203678,0.8481274977599474,0.08751211314456286,0.048435190067639744
seed_123,corr_source_fog_sev5,8,6500,True,False,False,0.6321538461538462,0.6321538461538462,0.7509230769230769,0.5122453650720988,0.7413045078466208,0.11990848108174734,0.009618569076456085,0.5675307046552481,0.6405951920895625,0.06462314149859805,0.11032788483351441,0.7645276419868254,0.7592307329177856,0.12707688676393947,0.00830765599470873,0.685692310333252,0.053538464179405776,0.06523076658982496,0.8392233848571777,0.20706953870333156,0.08830030793410082,0.8387749791145325,0.2066211329606863,0.08785190219145556,0.7662758508864556,0.13412200473260938,0.01535277396337864
seed_123,corr_source_frost_sev1,9,6500,True,False,False,0.8787692307692307,0.8787692307692307,0.8924615384615384,0.8390784068583675,0.8532061470335482,0.039690823910863204,0.03925539142799017,0.8718763513985099,0.8719396642093871,0.006892879370720806,0.02052187425215135,0.9213346161261955,0.9306153655052185,0.05184613473598776,0.03815382704368009,0.9104615449905396,0.031692314221308804,0.018000006529001134,0.9494184255599976,0.07064919479076681,0.05695688709845914,0.9489700198173523,0.07020078904812155,0.05650848135581388,0.9333617876390128,0.05459255686978204,0.04090024917747437
seed_123,corr_source_frost_sev2,10,6500,True,False,False,0.7744615384615384,0.7744615384615384,0.82,0.715668840150168,0.7724130827415767,0.05879269831137046,0.047586917258423234,0.7613372488868536,0.7613372488868536,0.013124289574684811,0.05866275111314634,0.8564488994064653,0.857692301273346,0.08323076281180752,0.037692301273345996,0.821384608745575,0.04692307028403653,0.001384608745575,0.9032980799674988,0.12883654150596036,0.08329807996749883,0.9028496742248535,0.1283881357633151,0.08284967422485356,0.8671421946557574,0.09268065619421895,0.04714219465575742
seed_123,corr_source_frost_sev3,11,6500,True,False,False,0.6884615384615385,0.6884615384615385,0.7767692307692308,0.6333052985702272,0.7139248901090182,0.05515623989131124,0.0628443406602126,0.665040924894865,0.6653206051615123,0.023420613566673465,0.11144862560771851,0.8002417618792346,0.8029230833053589,0.11446154484382043,0.02615385253612812,0.7441538572311401,0.05569231876960168,0.03261537353809063,0.8666008114814758,0.17813927301993737,0.08983158071224506,0.8661524057388306,0.1776908672772921,0.0893831749695998,0.8067019911371209,0.11824045267558247,0.029932760367890165
seed_123,corr_source_frost_sev4,12,6500,True,False,False,0.672,0.672,0.7621538461538462,0.5939865887951546,0.7148272122640452,0.0780134112048454,0.04732663388980096,0.6414243382653322,0.6420229428550195,0.03057566173466786,0.1201309032988267,0.790226183357354,0.787538468837738,0.115538468837738,0.025384622683891855,0.7281538248062134,0.05615382480621334,0.0340000213476328,0.8592339754104614,0.18723397541046138,0.09708012925661524,0.8587855696678162,0.18678556966781612,0.09663172351396998,0.7946236871143059,0.12262368711430582,0.032469840960459684
seed_123,corr_source_frost_sev5,13,6500,True,False,False,0.6078461538461538,0.6078461538461538,0.7326153846153847,0.5002307337332719,0.6957989977021114,0.10761542011288194,0.03681638691327327,0.5655439946214684,0.5989008214333987,0.04230215922468539,0.13371456318198593,0.7479501598023299,0.7364615201950073,0.1286153663488535,0.003846135579622656,0.662461519241333,0.054615365395179194,0.07015386537405166,0.8286776542663574,0.2208315004202036,0.09606226965097275,0.8282292485237122,0.22038309467755834,0.09561386390832749,0.7493075180750222,0.14146136422886835,0.016692133459637493
seed_123,corr_source_motion_blur_sev1,14,6500,True,False,False,0.8970769230769231,0.8970769230769231,0.9075384615384615,0.8695652173913043,0.8829528523925791,0.02751170568561878,0.02458560914588237,0.8919885121986529,0.8921211971992156,0.0050884108782701665,0.01541726433924595,0.9347556799134914,0.9418461322784424,0.04476920920151928,0.03430767073998087,0.9289230704307556,0.03184614735383251,0.0213846088922941,0.9573752284049988,0.060298305328075674,0.04983676686653726,0.9569268226623535,0.05984989958543041,0.049388361123892,0.940279692350316,0.04320276927339295,0.03274123081185454
seed_123,corr_source_motion_blur_sev2,15,6500,True,False,False,0.8195384615384615,0.8195384615384615,0.8427692307692307,0.7989652623798965,0.8188833811810028,0.020573199158565036,0.023885849588227925,0.8150199322897513,0.8151395199960608,0.0045185292487102124,0.02762971077316989,0.8906925819365216,0.8983076810836792,0.07876921954521765,0.055538450314448484,0.8769230842590332,0.057384622720571654,0.03415385348980249,0.928613543510437,0.10907508197197546,0.0858443127412063,0.9281651377677917,0.1086266762293302,0.08539590699856103,0.8812299988471886,0.06169153730872701,0.03846076807795784
seed_123,corr_source_motion_blur_sev3,16,6500,True,False,False,0.6772307692307692,0.6772307692307692,0.7423076923076923,0.6647493837304848,0.7411679848376362,0.012481385500284436,0.001139707470056095,0.6633548274119235,0.6835284198899996,0.01387594181884566,0.05877927241769276,0.8110465759503983,0.8158461451530457,0.13861537592227646,0.07353845284535332,0.7649230360984802,0.08769226686771103,0.02261534379078789,0.8743547201156616,0.19712395088489243,0.13204702780796929,0.8739063143730164,0.19667554514224717,0.13159862206532402,0.7587245822482198,0.08149381301745062,0.01641688994052748
seed_123,corr_source_motion_blur_sev4,17,6500,True,False,False,0.5192307692307693,0.5192307692307693,0.6901538461538461,0.4894259818731118,0.7125022742358944,0.02980478735765746,0.02234842808204829,0.4687512639899639,0.680077904347185,0.050479505240805356,0.01007594180666116,0.7190688790879608,0.7116922736167908,0.1924615043860215,0.021538427462944654,0.6296923160552979,0.11046154682452858,0.060461530098548266,0.8110576868057251,0.2918269175749558,0.12090384065187898,0.8106092810630798,0.29137851183231056,0.12045543490923372,0.6395631444932415,0.1203323752624722,0.05059070166060464
seed_123,corr_source_motion_blur_sev5,18,6500,True,False,False,0.43846153846153846,0.43846153846153846,0.6826153846153846,0.33033650141279214,0.7614206359222346,0.10812503704874632,0.07880525130685001,0.3365043962759243,0.736338860103423,0.10195714218561414,0.05372347548803835,0.6567007412719545,0.6332307457923889,0.19476920733085046,0.04938463882299571,0.5398461222648621,0.1013845838033236,0.14276926235052256,0.7667312026023865,0.328269664140848,0.08411581798700185,0.7662827968597412,0.32782125839820275,0.08366741224435659,0.5894255828984301,0.1509640444368916,0.09318980171695457
seed_123,corr_source_brightness_sev1,19,6500,True,False,False,0.938923076923077,0.938923076923077,0.9433846153846154,0.9193682460515377,0.9250638874850633,0.019554830871539308,0.01832072789955208,0.9415095704151928,0.941691591913845,0.0025864934921158156,0.0016930234707703828,0.9628223207818192,0.9693846106529236,0.030461533729846613,0.025999995268308207,0.9641538262367249,0.025230749313647882,0.020769210852109476,0.9760938882827759,0.03717081135969891,0.0327092728981605,0.9756454825401306,0.036722405617053644,0.03226086715551524,0.9668786798215308,0.02795560289845378,0.023494064436915374
seed_123,corr_source_brightness_sev2,20,6500,True,False,False,0.9295384615384615,0.9295384615384615,0.9361538461538461,0.9093959731543624,0.9139540823975625,0.020142488384099155,0.02219976375628363,0.9324346689733133,0.9326520917446771,0.0028962074348517497,0.003501754409169,0.957134115407709,0.9627692103385925,0.033230748800130994,0.026615364184746415,0.957076907157898,0.027538445619436414,0.020923061004051835,0.9723560810089111,0.0428176194704496,0.03620223485506502,0.9719076752662659,0.042369213727804333,0.035753829112419755,0.9639161616293378,0.03437770009087626,0.027762315475491683
seed_123,corr_source_brightness_sev3,21,6500,True,False,False,0.9172307692307692,0.9172307692307692,0.9226153846153846,0.8907849829351535,0.8999949222115177,0.02644578629561567,0.022620462403866948,0.9134839371739202,0.913734828610135,0.0037468320568490032,0.008880556005249618,0.946869600967596,0.9507691860198975,0.03353841678912828,0.028153801404512846,0.9415384531021118,0.024307683871342634,0.0189230684867272,0.9645705223083496,0.047339753077580426,0.041955137692964994,0.9641221165657043,0.04689134733493516,0.04150673195031973,0.9561320949947479,0.038901325763978756,0.033516710379363324
seed_123,corr_source_brightness_sev4,22,6500,True,False,False,0.8946153846153846,0.8946153846153846,0.9075384615384615,0.8600491055769904,0.8781110935988337,0.034566279038394154,0.029427367939627858,0.8893826688338156,0.8895323940579853,0.005232715781569031,0.018006067480476173,0.9325136852495993,0.9367691874504089,0.042153802835024345,0.02923072591194742,0.9241538047790527,0.029538420163668144,0.016615343240591218,0.9555013179779053,0.06088593336252068,0.04796285643944376,0.95505291223526,0.06043752761987542,0.047514450696798494,0.9446203685171841,0.05000498390179953,0.0370819069787226
seed_123,corr_source_brightness_sev5,23,6500,True,False,False,0.8670769230769231,0.8670769230769231,0.8843076923076924,0.8233164373642288,0.8418608605928198,0.04376048571269431,0.04244683171487251,0.8522566073608113,0.8523754457018676,0.014820315716111754,0.03193224660582472,0.9120338935630897,0.9239999651908875,0.05692304211396437,0.0396922728831951,0.9052307605743408,0.03815383749741774,0.02092306826664847,0.9440794587135315,0.07700253563660842,0.059771766405839144,0.9436310529708862,0.07655412989396315,0.05932336066319388,0.9265948818600799,0.0595179587831568,0.04228718955238753
seed_123,corr_source_zoom_blur_sev1,24,6500,True,False,False,0.8647692307692307,0.8647692307692307,0.8835384615384615,0.8349166517297005,0.8397383780754959,0.029852579039530203,0.0438000834629656,0.8525146628957015,0.8526568617922758,0.012254567873529187,0.03088159974618565,0.9089149268611109,0.9156922698020935,0.05092303903286277,0.03215380826363201,0.8944615125656128,0.02969228179638206,0.010923051027151298,0.9400307536125183,0.07526152284328758,0.056492292074056816,0.939582347869873,0.07481311710064231,0.05604388633141155,0.9209596824605744,0.056190451691343624,0.03742122092211286
seed_123,corr_source_zoom_blur_sev2,25,6500,True,False,False,0.8098461538461539,0.8098461538461539,0.8358461538461538,0.7906976744186046,0.8048691914375669,0.01914847942754927,0.03097696240858694,0.7984981639501489,0.7986650344576789,0.01134798989600494,0.037181119388474904,0.8755965369129752,0.8827692270278931,0.07292307318173918,0.04692307318173927,0.8507692217826843,0.040923067936530444,0.014923067936530532,0.9174079895019531,0.10756183565579924,0.08156183565579933,0.9169595837593079,0.10711342991315398,0.08111342991315407,0.8877558144454897,0.0779096605993358,0.05190966059933588
seed_123,corr_source_zoom_blur_sev3,26,6500,True,False,False,0.7664615384615384,0.7664615384615384,0.809076923076923,0.7227353114560817,0.7596347937128599,0.0437262270054567,0.049442129364063114,0.7398279591610648,0.7402245944596879,0.02663357930047361,0.06885232861723511,0.8459793172925215,0.8507692217826843,0.08430768332114591,0.0416922987057613,0.8086153864860535,0.04215384802451505,0.0004615365908695601,0.8974385857582092,0.1309770472966708,0.0883616626812862,0.896990180015564,0.13052864155402555,0.08791325693864094,0.8675841241309444,0.10112258566940602,0.05850720105402141
seed_123,corr_source_zoom_blur_sev4,27,6500,True,False,False,0.7183076923076923,0.7183076923076923,0.7809230769230769,0.6802030456852792,0.7361294404641787,0.038104646622413085,0.04479363645889822,0.6897243934315966,0.6899287277826951,0.028583298876095675,0.09099434914038185,0.8167329480247424,0.8169230818748474,0.0986153895671551,0.03600000495177047,0.761846125125885,0.043538432818192696,0.019076951797191932,0.876338005065918,0.15803031275822566,0.09541492814284103,0.8758895993232727,0.1575819070155804,0.09496652240019576,0.8373882833894942,0.11908059108180191,0.056465206466417284
seed_123,corr_source_zoom_blur_sev5,28,6500,True,False,False,0.6616923076923077,0.6616923076923077,0.7484615384615385,0.6093281985451433,0.7021199776917654,0.052364109147164384,0.04634156076977314,0.6301687533068305,0.6343866734689201,0.03152355438547716,0.11407486499261843,0.7842721495171668,0.7836923003196716,0.12199999262736394,0.03523076185813312,0.7186153531074524,0.0569230454151447,0.02984618535408612,0.8555874228477478,0.1938951151554401,0.10712588438620929,0.8551390171051025,0.19344670941279485,0.10667747864356403,0.804376030787474,0.1426837230951663,0.05591449232593548
seed_123,corr_source_snow_sev1,29,6500,True,False,False,0.858,0.858,0.8790769230769231,0.8203266787658803,0.8397180032036309,0.037673321234119705,0.03935891987329221,0.8519896057920078,0.8521859668748952,0.006010394207992209,0.02689095620202786,0.9096875317625164,0.9156922698020935,0.05769226980209352,0.03661534672517042,0.8961538076400757,0.0381538076400757,0.017076884563152595,0.9411715865135193,0.0831715865135193,0.0620946634365962,0.940723180770874,0.08272318077087404,0.061646257693950934,0.9269696893062656,0.06896968930626557,0.047892766229342465
seed_123,corr_source_snow_sev2,30,6500,True,False,False,0.7187692307692307,0.7187692307692307,0.79,0.6921529175050303,0.7523219200346405,0.026616313264200442,0.037678079965359546,0.7240237044400905,0.7240970712108195,0.005254473670859738,0.06590292878918058,0.8280825140263888,0.8333845734596252,0.11461534269039453,0.04338457345962521,0.7810769081115723,0.06230767734234155,0.00892309188842777,0.8865583539009094,0.1677891231316787,0.09655835390090939,0.8861099481582642,0.16734071738903344,0.09610994815826412,0.8452000542083815,0.1264308234391508,0.05520005420838148
seed_123,corr_source_snow_sev3,31,6500,True,False,False,0.7409230769230769,0.7409230769230769,0.8012307692307692,0.6677597868415659,0.7437198772941334,0.07316329008151101,0.05751089193663583,0.7175602369462439,0.717891746383786,0.023362839976832972,0.08333902284698325,0.832197355351281,0.8359999656677246,0.0950768887446477,0.03476919643695542,0.780923068523407,0.039999991600330076,0.02030770070736221,0.8878733515739441,0.14695027465086719,0.0866425823431749,0.8874249458312988,0.14650186890822192,0.08619417660052964,0.8577159545902364,0.11679287766715951,0.05648518535946723
seed_123,corr_source_snow_sev4,32,6500,True,False,False,0.648,0.648,0.7552307692307693,0.5223914526028643,0.7240227316380916,0.12560854739713567,0.03120803759267765,0.605780424117806,0.6079365524735504,0.04221957588219405,0.14729421675721888,0.7671711292994818,0.7641538381576538,0.11615383815765379,0.008923068926884548,0.6906153559684753,0.04261535596847532,0.06461541326229392,0.8441619277000427,0.1961619277000427,0.08893115846927346,0.8437135219573975,0.19571352195739744,0.0884827527266282,0.8061251536523438,0.1581251536523438,0.05089438442157457
seed_123,corr_source_snow_sev5,33,6500,True,False,False,0.563076923076923,0.563076923076923,0.716,0.3705189270493858,0.7588586447763788,0.1925579960275372,0.042858644776378796,0.4568939922382108,0.6457821422828035,0.10618293083871222,0.07021785771719646,0.6944719544518515,0.6738461256027222,0.11076920252579914,0.0421538743972778,0.5876923203468323,0.024615397269909245,0.1283076796531677,0.7889685034751892,0.22589158039826618,0.07296850347518924,0.788520097732544,0.22544317465562091,0.07252009773254398,0.7185784819523234,0.1555015588754004,0.0025784819523234637
seed_123,corr_source_defocus_blur_sev1,34,6500,True,False,False,0.8704615384615385,0.8704615384615385,0.8829230769230769,0.8401142041399001,0.8545690260398819,0.030347334321638386,0.02835405088319498,0.8611480652514478,0.8612812494689844,0.009313473210090684,0.021641827454092488,0.9174605918205718,0.9249230623245239,0.05446152386298542,0.041999985401447004,0.9079999923706055,0.03753845390906696,0.025076915447528547,0.9462994337081909,0.07583789524665241,0.063376356785114,0.9458510279655457,0.07538948950400715,0.06292795104246873,0.9164152053456606,0.04595366688412206,0.033492128422583645
seed_123,corr_source_defocus_blur_sev2,35,6500,True,False,False,0.8204615384615385,0.8204615384615385,0.8416923076923077,0.7864077669902912,0.8118802619872479,0.03405377147124722,0.029812045705059798,0.7953517877025518,0.7954021616474997,0.025109750758986693,0.04629014604480808,0.8836262589382772,0.8932307362556458,0.07276919779410729,0.05153842856333801,0.8663076758384705,0.045846137376931995,0.02461536814616272,0.924538791179657,0.10407725271811852,0.08284648348734924,0.9240903854370117,0.10362884697547325,0.08239807774470398,0.879388596514851,0.05892705805331255,0.03769628882254328
seed_123,corr_source_defocus_blur_sev3,36,6500,True,False,False,0.6692307692307692,0.6692307692307692,0.7506153846153846,0.6208359855718226,0.7467912232941837,0.04839478365894656,0.003824161321200892,0.6133326692402247,0.6893850500003552,0.055898099990544514,0.06123033461502936,0.7933091388139283,0.7961538434028625,0.12692307417209336,0.045538458787477976,0.7310768961906433,0.061846126959874126,0.019538488424741263,0.8613595962524414,0.19212882702167222,0.11074421163705683,0.8609111905097961,0.19168042127902696,0.11029580589441157,0.7559941269146878,0.08676335768391863,0.005378742299303241
seed_123,corr_source_defocus_blur_sev4,37,6500,True,False,False,0.5283076923076923,0.5283076923076923,0.7026153846153846,0.47274436090225574,0.7363320823426086,0.05556333140543651,0.033716697727223965,0.4690342578854632,0.6901881870013297,0.05927343442222904,0.012427197614054974,0.7173966478013595,0.7163076996803284,0.1880000073726361,0.013692315064943728,0.6266153454780579,0.0983076531703656,0.07600003913732678,0.8110432028770447,0.2827355105693524,0.10842781826166004,0.8105947971343994,0.28228710482670716,0.10797941251901477,0.6428660634082104,0.11455837110051814,0.059749321207174244
seed_123,corr_source_defocus_blur_sev5,38,6500,True,False,False,0.42738461538461536,0.42738461538461536,0.6996923076923077,0.33119383825417203,0.7630725782561469,0.09619077713044333,0.06338027056383921,0.35778300591530654,0.7100593765801673,0.06960160946930882,0.010367068887859543,0.6493605363836612,0.634461522102356,0.2070769067177406,0.06523078558995177,0.5263077020645142,0.0989230866798988,0.17338460562779356,0.7641875147819519,0.33680289939733654,0.06449520708964418,0.7637391090393066,0.3363544936546913,0.06404680134699892,0.5581289899087508,0.13074437452413545,0.1415633177835569
seed_123,corr_source_glass_blur_sev1,39,6500,True,False,False,0.854,0.854,0.8709230769230769,0.8554322944180314,0.8661363981473117,0.001432294418031388,0.0047866787757652185,0.8667822868914453,0.8669123634013653,0.012782286891445338,0.004010713521711562,0.9174103070269888,0.9250769019126892,0.07107690191268923,0.0541538249896123,0.9110769033432007,0.0570769033432007,0.04015382642012377,0.946053147315979,0.09205314731597902,0.07513007039290209,0.9456047415733337,0.09160474157333376,0.07468166465025683,0.9043885135419585,0.0503885135419585,0.03346543661888157
seed_123,corr_source_glass_blur_sev2,40,6500,True,False,False,0.756,0.756,0.7964615384615384,0.7868607689436357,0.8020822503969307,0.030860768943635652,0.005620711935392264,0.7823219115976013,0.7824507781534726,0.026321911597601333,0.014010760308065806,0.8678364409032654,0.871999979019165,0.11599997901916503,0.0755384405576266,0.8415384292602539,0.0855384292602539,0.04507689079871546,0.9119179248809814,0.15591792488098144,0.115456386419443,0.9114695191383362,0.15546951913833618,0.11500798067679774,0.8257862406934672,0.06978624069346717,0.029324702231928734
seed_123,corr_source_glass_blur_sev3,41,6500,True,False,False,0.49938461538461537,0.49938461538461537,0.6795384615384615,0.7249901922322478,0.7457713872184967,0.22560557684763244,0.06623292568003514,0.6451922593538614,0.6796707733571635,0.145807643969246,0.00013231181870199116,0.7723879147337513,0.7816922664642334,0.282307651079618,0.10215380492577186,0.7192307710647583,0.21984615568014293,0.039692309526296765,0.8502746820449829,0.35089006666036754,0.17073622050652137,0.8498262763023376,0.3504416609177223,0.1702878147638761,0.6148259893178925,0.11544137393327708,0.06471247222056908
seed_123,corr_source_glass_blur_sev4,42,6500,True,False,False,0.41646153846153844,0.41646153846153844,0.6904615384615385,0.6614497528830313,0.6937297815066297,0.24498821442149288,0.0032682430450912126,0.560245157298518,0.6439109092983754,0.14378361883697954,0.046550629163163104,0.7294626411615801,0.7398461699485779,0.32338463148703944,0.04938463148703942,0.6555384397506714,0.23907690128913295,0.03492309871086707,0.823228657245636,0.40676711878409755,0.13276711878409753,0.8227802515029907,0.4063187130414523,0.13231871304145226,0.5563141347448181,0.13985259628327962,0.1341474037167204
seed_123,corr_source_glass_blur_sev5,43,6500,True,False,False,0.3596923076923077,0.3596923076923077,0.7123076923076923,0.5136062199862794,0.6372914444887317,0.15391391229397172,0.07501624781896066,0.42047902142264315,0.6758099903812794,0.06078671373033545,0.036497701926412884,0.6649207336229755,0.6603077054023743,0.30061539771006657,0.05199998690531804,0.5606153607368469,0.20092305304453922,0.15169233157084538,0.7788535952568054,0.4191612875644977,0.06654590294911311,0.7784051895141602,0.41871288182185246,0.06609749720646785,0.5140736733683275,0.15438136567601984,0.19823401893936476
seed_123,corr_source_gaussian_noise_sev1,44,6500,True,False,False,0.8776923076923077,0.8776923076923077,0.8955384615384615,0.8664108824555283,0.8743843889039558,0.01128142523677933,0.02115407263450575,0.88622716698167,0.88622716698167,0.008534859289362373,0.009311294556791472,0.9291047952846185,0.935692310333252,0.05800000264094429,0.04015384879479045,0.9229230880737305,0.04523078038142281,0.027384626535268963,0.9534563422203064,0.07576403452799874,0.05791788068184489,0.9530079364776611,0.07531562878535347,0.05746947493919963,0.9349398844566714,0.05724757676436376,0.039401422918209916
seed_123,corr_source_gaussian_noise_sev2,45,6500,True,False,False,0.8115384615384615,0.8115384615384615,0.8432307692307692,0.8143013498723093,0.8259497546486614,0.002762888333847746,0.017281014582107845,0.8309288026436682,0.8309288026436682,0.019390341105206654,0.012301966587101032,0.8957979289350123,0.9033846259117126,0.0918461643732511,0.06015385668094342,0.8806153535842896,0.06907689204582801,0.03738458435352032,0.9313122034072876,0.11977374186882606,0.08808143417651837,0.9308637976646423,0.11932533612618079,0.0876330284338731,0.899015901113867,0.08747743957540544,0.05578513188309775
seed_123,corr_source_gaussian_noise_sev3,46,6500,True,False,False,0.6933846153846154,0.6933846153846154,0.772,0.6876640419947506,0.7296242511862281,0.005720573389864758,0.04237574881377193,0.6994658149480356,0.6995070433071914,0.0060811995634202365,0.07249295669280864,0.8342911146340899,0.8395384550094604,0.14615383962484507,0.06753845500946043,0.7935384511947632,0.1001538358101478,0.021538451194763164,0.8907424211502075,0.19735780576559214,0.1187424211502075,0.8902940154075623,0.19690940002294688,0.11829401540756224,0.8205482167425606,0.12716360135794524,0.0485482167425606
seed_123,corr_source_gaussian_noise_sev4,47,6500,True,False,False,0.51,0.51,0.6918461538461539,0.4072531242342563,0.7377735047118122,0.1027468757657437,0.045927350865658356,0.46851560063699504,0.6528489820498578,0.041484399363004965,0.03899717179629614,0.7541368917628216,0.7641538381576538,0.2541538381576538,0.07230768431149992,0.6829230785369873,0.1729230785369873,0.008923075309166584,0.8407998085021973,0.33079980850219726,0.14895365465604338,0.840351402759552,0.330351402759552,0.1485052489133981,0.6707494621377191,0.16074946213771912,0.021096691708434756
seed_123,corr_source_gaussian_noise_sev5,48,6500,True,False,False,0.2775384615384615,0.2775384615384615,0.7530769230769231,0.0,1.0,0.2775384615384615,0.2469230769230769,0.10663466382110232,0.9045928230302407,0.1709037977173592,0.1515158999533176,0.696718663315142,0.7198461294174194,0.4423076678789579,0.033230793659503655,0.6135384440422058,0.3359999825037443,0.13953847903471728,0.8112973570823669,0.5337588955439054,0.058220434005443855,0.8108489513397217,0.5333104898012602,0.05777202826279859,0.41263621846698806,0.13509775692852655,0.34044070460993503
seed_123,corr_source_shot_noise_sev1,49,6500,True,False,False,0.8721538461538462,0.8721538461538462,0.8916923076923077,0.8681873585234199,0.8753375627704257,0.003966487630426285,0.016354744921881936,0.884273272466763,0.884273272466763,0.012119426312916848,0.007419035225544657,0.9271482715842967,0.935076892375946,0.06292304622209988,0.04338458468363837,0.9203076958656311,0.048153849711784935,0.02861538817332343,0.9521703720092773,0.08001652585543118,0.06047806431696967,0.9517219662666321,0.07956812011278591,0.06002965857432441,0.9364643804717167,0.06431053431787048,0.04477207277940898
seed_123,corr_source_shot_noise_sev2,50,6500,True,False,False,0.8043076923076923,0.8043076923076923,0.8307692307692308,0.7971872686898593,0.8092229270315788,0.007120423617832938,0.021546303737651984,0.8116677737093538,0.8116677737093538,0.007360081401661556,0.01910145705987698,0.8872791087221256,0.8970769047737122,0.09276921246601988,0.06630767400448134,0.8727692365646362,0.06846154425694395,0.042000005795405415,0.9262474179267883,0.12193972561909605,0.09547818715755751,0.9257990121841431,0.12149131987645079,0.09502978141491225,0.8918341598706511,0.08752646756295879,0.06106492910142025
seed_123,corr_source_shot_noise_sev3,51,6500,True,False,False,0.6730769230769231,0.6730769230769231,0.7536923076923077,0.6718430731507968,0.724888785154832,0.0012338499261262958,0.028803522537475645,0.6894429899634703,0.6896384806557807,0.01636606688654718,0.06405382703652696,0.8319608596814608,0.8396922945976257,0.1666153715207026,0.08599998690531807,0.7935384511947632,0.12046152811784006,0.03984614350245552,0.8890054821968079,0.21592855911988473,0.1353131745045002,0.8885570764541626,0.21548015337723947,0.13486476876185494,0.809296791386466,0.1362198683095429,0.05560448369415838
seed_123,corr_source_shot_noise_sev4,52,6500,True,False,False,0.4592307692307692,0.4592307692307692,0.68,0.305526590198123,0.811273321299775,0.15370417903264622,0.13127332129977498,0.4007420699264775,0.6999013077608074,0.058488699304291736,0.01990130776080734,0.7469139525845636,0.7473846077919006,0.2881538385611314,0.06738460779190059,0.6700000166893005,0.21076924745853132,0.009999983310699512,0.8334493637084961,0.3742185944777269,0.15344936370849604,0.8330009579658508,0.3737701887350816,0.15300095796585078,0.6146782690222925,0.15544749979152328,0.06532173097770755
seed_123,corr_source_shot_noise_sev5,53,6500,True,False,False,0.31323076923076926,0.31323076923076926,0.73,0.0,1.0,0.31323076923076926,0.27,0.1572580732933988,0.8589986817306456,0.15597269593737045,0.12899868173064566,0.7228834521011711,0.7429230809211731,0.42969231169040384,0.012923080921173113,0.6509230732917786,0.3376923040610093,0.07907692670822142,0.82696932554245,0.5137385563116807,0.09696932554244997,0.8265209197998047,0.5132901505690355,0.0965209197998047,0.45950750627436276,0.1462767370435935,0.2704924937256372
seed_123,corr_source_impulse_noise_sev1,54,6500,True,False,False,0.8336923076923077,0.8336923076923077,0.8544615384615385,0.8077769625825385,0.8248253796600914,0.025915345109769228,0.0296361588014471,0.8355899244090301,0.8355899244090301,0.0018976167167223945,0.018871614052508368,0.899431921921267,0.9092307686805725,0.07553846098826478,0.054769230219034015,0.8858461380004883,0.05215383030818055,0.03138459953894979,0.9349802732467651,0.1012879655544574,0.08051873478522664,0.9345318675041199,0.10083955981181214,0.08007032904258138,0.9168131005887286,0.08312079289642083,0.06235156212719006
seed_123,corr_source_impulse_noise_sev2,55,6500,True,False,False,0.7746153846153846,0.7746153846153846,0.8052307692307692,0.7616688893122501,0.782589175203879,0.01294649530313452,0.022641594026890144,0.7693782295057552,0.7693782295057552,0.00523715510962941,0.03585253972501401,0.8628699008870612,0.8732307553291321,0.09861537071374749,0.06799998609836289,0.8343076705932617,0.059692285977877124,0.029076901362492524,0.9097450375556946,0.13512965294030999,0.10451426832492539,0.9092966318130493,0.13468124719766472,0.10406586258228012,0.8855321886140378,0.11091680399865322,0.08030141938326862
seed_123,corr_source_impulse_noise_sev3,56,6500,True,False,False,0.7093846153846154,0.7093846153846154,0.7683076923076924,0.656469615543613,0.7322630015599537,0.05291499984100234,0.03604469074773864,0.6908366938535403,0.6908366938535403,0.018547921531075096,0.07747099845415206,0.8279279930461076,0.8296923041343689,0.1203076887497535,0.06138461182667654,0.7839999794960022,0.0746153641113868,0.01569228718830984,0.8850437998771667,0.17565918449255136,0.11673610756947439,0.8845953941345215,0.1752107787499061,0.11628770182682913,0.8423904728473018,0.13300585746268645,0.07408278053960948
seed_123,corr_source_impulse_noise_sev4,57,6500,True,False,False,0.5213846153846153,0.5213846153846153,0.6943076923076923,0.36519114688128773,0.755772537053825,0.1561934685033276,0.061464844746132674,0.4480939841117435,0.6489774666669352,0.07329063127287183,0.04533022564075706,0.7316605056811039,0.7366153597831726,0.21523074439855727,0.042307667475480315,0.6463077068328857,0.1249230914482704,0.04799998547480655,0.8238878846168518,0.30250326923223647,0.12958019230915951,0.8234394788742065,0.3020548634895912,0.12913178656651425,0.6926875062741363,0.171302890889521,0.0016201860335559592
seed_123,corr_source_impulse_noise_sev5,58,6500,True,False,False,0.30938461538461537,0.30938461538461537,0.7349230769230769,0.0,1.0,0.30938461538461537,0.2650769230769231,0.11911014316657553,0.8892980321207459,0.19027447221803984,0.15437495519766897,0.6662376321299219,0.6721538305282593,0.3627692151436439,0.06276924639481762,0.563076913356781,0.25369229797216564,0.1718461635662959,0.7849175333976746,0.4755329180130592,0.04999445647459766,0.7844691276550293,0.47508451227041393,0.049546050731952396,0.4682729194097667,0.1588883040251513,0.2666501575133102
seed_123,corr_source_contrast_sev1,59,6500,True,False,False,0.8864615384615384,0.8864615384615384,0.8986153846153846,0.8687782805429864,0.8727525242370184,0.017683257918551964,0.02586286037836616,0.8884886466046474,0.8886408175782372,0.0020271081431090243,0.009974567037147386,0.9323004986768048,0.9403076767921448,0.05384613833060636,0.04169229217676018,0.927384614944458,0.040923076482919596,0.028769230329073414,0.9563285708427429,0.06986703238120451,0.057713186227358326,0.9558801651000977,0.06941862663855924,0.05726478048471306,0.9289822167594389,0.042520678297900516,0.030366832144054334
seed_123,corr_source_contrast_sev2,60,6500,True,False,False,0.8463076923076923,0.8463076923076923,0.8578461538461538,0.8273498105718925,0.8341137907426428,0.01895788173579982,0.02373236310351101,0.8418274390498353,0.8418970914573302,0.004480253257857059,0.015949062388823654,0.9080312763738764,0.9183076620101929,0.07199996970250055,0.06046150816403906,0.8990768790245056,0.0527691867168133,0.0412307251783518,0.9409774541854858,0.09466976187779352,0.08313130033933203,0.9405290484428406,0.09422135613514826,0.08268289459668676,0.8971906354946579,0.05088294318696562,0.039344481648504126
seed_123,corr_source_contrast_sev3,61,6500,True,False,False,0.7469230769230769,0.7469230769230769,0.782,0.7054371639115714,0.7384173581354192,0.041485913011505504,0.04358264186458083,0.715937590657008,0.7160286696923365,0.030985486266068896,0.06597133030766356,0.8533363492536677,0.8647692203521729,0.11784614342909594,0.08276922035217282,0.8253846168518066,0.07846153992872973,0.04338461685180661,0.9039387106895447,0.15701563376646777,0.12193871068954465,0.9034903049468994,0.1565672280238225,0.12149030494689939,0.8241376634037669,0.07721458648069002,0.0421376634037669
seed_123,corr_source_contrast_sev4,62,6500,True,False,False,0.5055384615384615,0.5055384615384615,0.6887692307692308,0.16124469589816126,0.8788694741423246,0.34429376564030023,0.19010024337309384,0.3284244563353871,0.7062230545414107,0.1771140052030744,0.017453823772179855,0.7203969738184786,0.724307656288147,0.21876919474968548,0.03553842551891617,0.6347692012786865,0.12923073974022503,0.05400002949054428,0.8158039450645447,0.3102654835260832,0.12703471429531388,0.8153555393218994,0.3098170777834379,0.1265863085526686,0.6321477266522741,0.12660926511381265,0.056621504116956656
seed_123,corr_source_contrast_sev5,63,6500,True,False,False,0.2676923076923077,0.2676923076923077,0.7535384615384615,0.0,1.0,0.2676923076923077,0.2464615384615385,0.015079032244730284,0.9850749086201,0.2526132754475774,0.23153644708163856,0.5341682883837054,0.5040000081062317,0.23630770041392402,0.2495384534322298,0.3769230842590332,0.10923077656672553,0.3766153772794283,0.6837915182113647,0.41609921051905707,0.06974694332709674,0.6833431124687195,0.4156508047764118,0.07019534906974201,0.41341805330066794,0.14572574560836027,0.34012040823779355
seed_123,corr_source_elastic_transform_sev1,64,6500,True,False,False,0.9132307692307692,0.9132307692307692,0.9210769230769231,0.8873673399520712,0.8946799421543824,0.025863429278698002,0.026396980922540725,0.9144878018121044,0.9147282961077909,0.001257032581335249,0.006348626969132187,0.9464919412157902,0.9524615406990051,0.03923077146823595,0.031384617622082,0.9459999799728394,0.032769210742070176,0.02492305689591623,0.9654648900032043,0.052234120772435166,0.04438796692628122,0.9650164842605591,0.0517857150297899,0.043939561183635956,0.953872698279003,0.04064192904823383,0.03279577520207988
seed_123,corr_source_elastic_transform_sev2,65,6500,True,False,False,0.7481538461538462,0.7481538461538462,0.7913846153846154,0.7705693209759789,0.8027225520865631,0.022415474822132686,0.011337936701947715,0.7959209298108886,0.7961531282071035,0.04776708365704241,0.004768512822488136,0.8693274374129947,0.8787692189216614,0.1306153727678152,0.08738460353704602,0.8436923027038574,0.09553845655001125,0.05230768731924207,0.9137758016586304,0.1656219555047842,0.12239118627401502,0.9133273959159851,0.16517354976213894,0.12194278053136975,0.8241463031218956,0.07599245696804946,0.032761687737280276
seed_123,corr_source_elastic_transform_sev3,66,6500,True,False,False,0.837076923076923,0.837076923076923,0.8624615384615385,0.8022848719366132,0.8294910065059318,0.03479205114030981,0.03297053195560673,0.8404327416742939,0.8405904928815425,0.0033558185973708854,0.021871045579995974,0.9004951048355908,0.9039999842643738,0.06692306118745073,0.04153844580283528,0.8850768804550171,0.04799995737809404,0.022615341993478588,0.9343564510345459,0.09727952795762285,0.0718949125730074,0.9339080452919006,0.09683112221497758,0.07144650683036213,0.8881994774140178,0.05112255433709478,0.025737938952479333
seed_123,corr_source_elastic_transform_sev4,67,6500,True,False,False,0.7427692307692307,0.7427692307692307,0.798923076923077,0.7187068795584468,0.7754618549328683,0.024062351210783928,0.023461221990208614,0.7563603711162247,0.7565968698112324,0.013591140346993935,0.04232620711184454,0.8490642369988454,0.850615382194519,0.1078461514252883,0.051692305271442085,0.8116922974586487,0.06892306668941794,0.012769220535571724,0.8984506130218506,0.15568138225261985,0.09952753609877363,0.8980022072792053,0.15523297650997459,0.09907913035612836,0.8202233483721619,0.0774541176029312,0.021300271449084973
seed_123,corr_source_elastic_transform_sev5,68,6500,True,False,False,0.5355384615384615,0.5355384615384615,0.722,0.6009470512268618,0.6803675663917249,0.06540858968840024,0.041632433608275066,0.5894555065248646,0.6323528162494038,0.05391704498640304,0.08964718375059622,0.7439547448621974,0.7410768866539001,0.20553842511543863,0.01907688665390017,0.6660000085830688,0.13046154704460733,0.05599999141693113,0.8286716341972351,0.2931331726587736,0.10667163419723513,0.8282232284545898,0.2926847669161283,0.10622322845458987,0.6996826112921688,0.16414414975370728,0.022317388707831176
seed_123,corr_source_pixelate_sev1,69,6500,True,False,False,0.9001538461538462,0.9001538461538462,0.9098461538461539,0.8883187959637421,0.8968879214135881,0.011835050190104113,0.012958232432565775,0.909515689248933,0.9097058757851991,0.009361843095086808,0.00014027806095473494,0.942847341280889,0.9469230771064758,0.04676923095262964,0.03707692326032197,0.937999963760376,0.03784611760652978,0.028153809914222117,0.9621759057044983,0.0620220595506521,0.05232975185834443,0.961727499961853,0.061573653808006834,0.05188134611569917,0.9439851428175668,0.043831296663720654,0.03413898897141299
seed_123,corr_source_pixelate_sev2,70,6500,True,False,False,0.8867692307692308,0.8867692307692308,0.8976923076923077,0.8862234407128171,0.8929023142629292,0.000545790056413642,0.00478999342937847,0.8980599575141807,0.8982228822785756,0.011290726744949908,0.000530574586267929,0.9358593263726516,0.9430769085884094,0.05630767781917867,0.045384600896101746,0.932769238948822,0.04600000817959127,0.03507693125651434,0.9581374526023865,0.07136822183315572,0.060445144910078796,0.9576890468597412,0.07091981609051046,0.05999673916743353,0.9343153679623134,0.04754613719308265,0.036623060270005725
seed_123,corr_source_pixelate_sev3,71,6500,True,False,False,0.8075384615384615,0.8075384615384615,0.8318461538461538,0.8374172777678411,0.8471290542514072,0.0298788162293796,0.015282900405253375,0.8238124918617472,0.8240065701890107,0.01627403032328567,0.007839583657143101,0.8940096759632168,0.9012307524681091,0.09369229092964759,0.06938459862195534,0.8786153793334961,0.07107691779503456,0.0467692254873423,0.9299646615982056,0.12242620005974403,0.09811850775205178,0.9295162558555603,0.12197779431709876,0.09767010200940651,0.8725638055002554,0.06502534396179382,0.04071765165410157
seed_123,corr_source_pixelate_sev4,72,6500,True,False,False,0.678,0.678,0.7798461538461539,0.763082778306375,0.7759016320304464,0.085082778306375,0.00394452181570748,0.7330621844097511,0.7331089027735541,0.05506218440975108,0.04673725107259974,0.8381016281978183,0.8426153659820557,0.16461536598205562,0.06276921213590181,0.7984614968299866,0.12046149682998653,0.018615342983832717,0.8918740749359131,0.21387407493591304,0.11202792108975923,0.8914256691932678,0.21342566919326778,0.11157951534711397,0.763565520739775,0.08556552073977497,0.01628063310637884
seed_123,corr_source_pixelate_sev5,73,6500,True,False,False,0.5861538461538461,0.5861538461538461,0.7478461538461538,0.7199684915320992,0.7510313437503914,0.13381464537825305,0.003185189904237551,0.6950669567163654,0.6951153450550622,0.10891311056251929,0.0527308087910916,0.8029000465400025,0.8036922812461853,0.21753843509233917,0.055846127400031476,0.7506153583526611,0.164461512198815,0.0027692045065073057,0.8684598803520203,0.2823060341981741,0.12061372650586644,0.868011474609375,0.28185762845552886,0.12016532076322117,0.6849436789232748,0.09878983276942865,0.06290247492287904
seed_123,corr_source_jpeg_compression_sev1,74,6500,True,False,False,0.9106153846153846,0.9106153846153846,0.9192307692307692,0.8892686261107313,0.8935281047583303,0.021346758504653285,0.025702664472438852,0.915813671485872,0.9159983326490242,0.005198286870487401,0.0032324365817449907,0.9465500830083705,0.9513846039772034,0.040769219361818765,0.032153834746434184,0.94338458776474,0.032769203149355386,0.024153818533970806,0.9647691249847412,0.05415374036935661,0.045538355753972026,0.964320719242096,0.05370533462671134,0.04508995001132676,0.9498796857417502,0.039264301126365586,0.030648916510981006
seed_123,corr_source_jpeg_compression_sev2,75,6500,True,False,False,0.898,0.898,0.9070769230769231,0.8810466517472887,0.886682544303487,0.01695334825271133,0.020394378773436084,0.898228318764778,0.8983484550523038,0.00022831876477802382,0.008728468024619351,0.9363566744091835,0.94338458776474,0.04538458776473997,0.036307664687816876,0.9316923022270203,0.03369230222702024,0.02461537915009715,0.9586618542671204,0.06066185426712034,0.05158493119019725,0.9582134485244751,0.06021344852447508,0.051136525447551984,0.9411358964267894,0.04313589642678939,0.034058973349866295
seed_123,corr_source_jpeg_compression_sev3,76,6500,True,False,False,0.8793846153846154,0.8793846153846154,0.8947692307692308,0.8626421697287839,0.8695856441090839,0.016742445655831495,0.02518358666014686,0.8812176837008955,0.8813079117211506,0.001833068316280051,0.013461319048080123,0.9256557036747679,0.9298461079597473,0.05046149257513188,0.03507687719051655,0.9164615273475647,0.037076911962949266,0.021692296578333936,0.9505273103713989,0.0711426949867835,0.055758079602168165,0.9500789046287537,0.07069428924413823,0.0553096738595229,0.9284258952537128,0.04904127986909734,0.03365666448448201
seed_123,corr_source_jpeg_compression_sev4,77,6500,True,False,False,0.823076923076923,0.823076923076923,0.846,0.8073394495412844,0.8208477056580493,0.01573747353563859,0.025152294341950654,0.8205165625481938,0.8205395476214573,0.002560360528729211,0.025460452378542664,0.8899005964375893,0.8959999680519104,0.07292304497498736,0.049999968051910426,0.8701538443565369,0.047076921279613826,0.02415384435653689,0.9278270602226257,0.1047501371457027,0.08182706022262576,0.9273786544799805,0.10430173140305743,0.0813786544799805,0.8863087173584632,0.06323179428154013,0.0403087173584632
seed_123,corr_source_jpeg_compression_sev5,78,6500,True,False,False,0.7104615384615385,0.7104615384615385,0.7749230769230769,0.7547892720306514,0.7702508990829924,0.044327733569112904,0.004672177840084557,0.7227983785390975,0.7228975369358591,0.012336840077558975,0.05202553998721782,0.822914572935886,0.8296923041343689,0.11923076567283042,0.05476922721129196,0.7770769000053406,0.0666153615438021,0.0021538230822636395,0.8828717470169067,0.17241020855536826,0.1079486700938298,0.8824233412742615,0.171961802812723,0.10750026435118454,0.7951662973281877,0.08470475886664919,0.02024322040511073
seed_123,corr_source_speckle_noise_sev1,79,6500,True,False,False,0.8884615384615384,0.8884615384615384,0.9026153846153846,0.8787303777816111,0.888462281281041,0.009731160679927298,0.014153103334343609,0.8979318152725883,0.8979318152725883,0.009470276811049838,0.004683569342796345,0.9356466635997901,0.944615364074707,0.05615382561316862,0.041999979459322434,0.9343076944351196,0.045846155973581215,0.03169230981973503,0.958344578742981,0.06988304028144254,0.05572919412759636,0.9578961730003357,0.06943463453879728,0.055280788384951096,0.941658867756639,0.05319732929510057,0.03904348314125439
seed_123,corr_source_speckle_noise_sev2,80,6500,True,False,False,0.8544615384615385,0.8544615384615385,0.8667692307692307,0.8464951197870453,0.8572776452476638,0.007966418674493214,0.009491585521566925,0.863903326725895,0.863903326725895,0.009441788264356488,0.002865904043335754,0.9158465023265508,0.9233846068382263,0.06892306837668782,0.05661537606899558,0.9079999923706055,0.053538453909066974,0.04123076160137473,0.9440701603889465,0.08960862192740804,0.0773009296197158,0.9436217546463013,0.08916021618476277,0.07685252387707053,0.9225862515218268,0.06812471306028833,0.05581702075259609
seed_123,corr_source_speckle_noise_sev3,81,6500,True,False,False,0.7136923076923077,0.7136923076923077,0.7706153846153846,0.701817455562213,0.7427919798031762,0.01187485213009476,0.027823404812208352,0.7220427350209984,0.722315057207504,0.008350427328690624,0.048300327407880594,0.8508717396181843,0.8569230437278748,0.14323073603556702,0.08630765911249016,0.8204615116119385,0.10676920391963074,0.049846126996553886,0.9009156823158264,0.18722337462351868,0.13030029770044183,0.9004672765731812,0.18677496888087342,0.12985189195779656,0.8310340362664174,0.11734172857410963,0.06041865165103277
seed_123,corr_source_speckle_noise_sev4,82,6500,True,False,False,0.6152307692307692,0.6152307692307692,0.7246153846153847,0.5869565217391304,0.7332826593696159,0.02827424749163887,0.008667274754231236,0.6179091177745841,0.6434501399838749,0.002678348543814879,0.08116524463150976,0.8169215160006787,0.8247691988945007,0.20953842966373148,0.10015381427911607,0.7727692127227783,0.15753844349200907,0.04815382810739366,0.8802297711372375,0.2649990019064683,0.1556143865218529,0.8797813653945923,0.26455059616382304,0.15516598077920762,0.7555199645603914,0.14028919532962214,0.030904579945006727
seed_123,corr_source_speckle_noise_sev5,83,6500,True,False,False,0.4896923076923077,0.4896923076923077,0.6846153846153846,0.40920215369554575,0.7465526114508123,0.08049015399676196,0.06193722683542768,0.4631159315554906,0.6585223879557072,0.026576376136817126,0.02609299665967746,0.7817687786866299,0.7987692356109619,0.3090769279186542,0.11415385099557729,0.7306153774261475,0.24092306973383976,0.045999992810762835,0.8590357303619385,0.36934342266963077,0.17442034574655385,0.8585873246192932,0.3688950169269855,0.1739719400039086,0.6455413815548598,0.15584907386255215,0.039074003060524776
seed_123,corr_source_spatter_sev1,84,6500,True,False,False,0.9306153846153846,0.9306153846153846,0.938,0.9066442388561816,0.9109572646108652,0.023971145759203005,0.02704273538913471,0.9301815601823975,0.9304170161742524,0.0004338244329871177,0.0075829838257475135,0.9561674426310691,0.964769184589386,0.034153799974001364,0.02676918458938604,0.9564615488052368,0.025846164189852194,0.01846154880523687,0.9723966121673584,0.041781227551973776,0.034396612167358454,0.9719482064247131,0.04133282180932851,0.03394820642471319,0.9604540779346112,0.029838693319226617,0.022454077934611294
seed_123,corr_source_spatter_sev2,85,6500,True,False,False,0.8821538461538462,0.8821538461538462,0.9007692307692308,0.843004627981488,0.8538305928486373,0.03914921817235817,0.046938637920593496,0.8728291735729109,0.8729998092055474,0.009324672580935278,0.02776942156368334,0.9206162245178717,0.9247692227363586,0.042615376582512465,0.023999991967127876,0.9067692160606384,0.02461536990679225,0.005999985291407661,0.9477011561393738,0.0655473099855276,0.04693192537014301,0.9472527503967285,0.06509890424288234,0.04648351962749775,0.9363347276193487,0.054180881465502484,0.035565496850117895
seed_123,corr_source_spatter_sev3,86,6500,True,False,False,0.8355384615384616,0.8355384615384616,0.8658461538461538,0.8029465930018416,0.829695052864583,0.032591868536619995,0.036151100981570816,0.8294920570527982,0.8298820545140495,0.006046404485663404,0.035964099332104316,0.8965112134939877,0.9027692079544067,0.06723074641594518,0.03692305410825292,0.8775384426116943,0.04199998107323277,0.011692288765540515,0.9321613311767578,0.09662286963829625,0.06631517733060399,0.9317129254341125,0.09617446389565099,0.06586677158795873,0.9097240741435635,0.07418561260510192,0.04387792029740967
seed_123,corr_source_spatter_sev4,87,6500,True,False,False,0.7290769230769231,0.7290769230769231,0.7715384615384615,0.7456580470860673,0.774734528121955,0.016581124009144244,0.003196066583493473,0.7638974813583328,0.7639412030116519,0.03482055828140973,0.007597258526809592,0.859112945866498,0.8679999709129333,0.13892304783601028,0.09646150937447184,0.8330768942832947,0.10399997120637161,0.06153843274483317,0.9066047072410583,0.17752778416413528,0.13506624570259684,0.9061563014984131,0.17707937842149002,0.13461783995995158,0.8292214593944945,0.10014453631757148,0.057682997856033036
seed_123,corr_source_spatter_sev5,88,6500,True,False,False,0.6276923076923077,0.6276923076923077,0.7192307692307692,0.6573022102871308,0.7440394041070587,0.0296099025948231,0.02480863487628948,0.6750594052652482,0.6750594052652482,0.04736709757294055,0.044171363965521016,0.8234783126139453,0.827846109867096,0.2001538021747883,0.10861534063632672,0.785076916217804,0.1573846085254963,0.06584614698703473,0.8823151588439941,0.2546228511516865,0.1630843896132249,0.8818667531013489,0.2541744454090412,0.16263598387057965,0.7626054263123722,0.1349131186200645,0.04337465708160293
seed_123,corr_source_gaussian_blur_sev1,89,6500,True,False,False,0.9166153846153846,0.9166153846153846,0.9244615384615384,0.8938053097345133,0.897311608603011,0.02281007488087128,0.02714992985852749,0.9144185709391415,0.9146395656418962,0.0021968136762431367,0.009821972819642255,0.9457389788118781,0.9524615406990051,0.03584615608362052,0.02800000223746668,0.9424615502357483,0.02584616562036368,0.018000011774209845,0.9646071791648865,0.047991794549501865,0.04014564070334803,0.9641587734222412,0.0475433888068566,0.039697234960702765,0.9499500564591563,0.0333346718437717,0.025488517997617866
seed_123,corr_source_gaussian_blur_sev2,90,6500,True,False,False,0.8432307692307692,0.8432307692307692,0.8633846153846154,0.8090875778673506,0.8321101153557293,0.03414319136341859,0.0312745000288861,0.8269374606565583,0.8272802270252001,0.016293308574210963,0.03610438835941532,0.900720338806848,0.9110769033432007,0.06784613411243146,0.04769228795858527,0.8880000114440918,0.04476924221332257,0.02461539605947638,0.9357109665870667,0.09248019735629742,0.07232635120245123,0.9352625608444214,0.09203179161365216,0.07187794545980597,0.8963620205339375,0.053131251303168314,0.032977405149322125
seed_123,corr_source_gaussian_blur_sev3,91,6500,True,False,False,0.7246153846153847,0.7246153846153847,0.7801538461538462,0.7010391686650679,0.7684732885894509,0.02357621595031678,0.011680557564395344,0.6936739123241579,0.709528167588863,0.03094147229122679,0.07062567856498325,0.830716965790198,0.8352307677268982,0.11061538311151353,0.055076921573051996,0.786307692527771,0.061692307912386335,0.006153846373924798,0.8867747187614441,0.16215933414605943,0.1066208726075979,0.8863263130187988,0.16171092840341417,0.10617246686495263,0.802520368008487,0.07790498339310237,0.02236652185464083
seed_123,corr_source_gaussian_blur_sev4,92,6500,True,False,False,0.5778461538461539,0.5778461538461539,0.7253846153846154,0.5739359368143923,0.724088376746706,0.0039102170317616425,0.001296238637909397,0.5475345409463022,0.6773680767237795,0.030311612899851736,0.048016538660835884,0.7531213746424149,0.7526153922080994,0.17476923836194547,0.02723077682348396,0.6793845891952515,0.10153843534909757,0.04600002618936394,0.8361855149269104,0.2583393610807565,0.110800899542295,0.8357371091842651,0.25789095533811124,0.11035249379964973,0.6848646062444329,0.10701845239827901,0.0405200091401825
seed_123,corr_source_gaussian_blur_sev5,93,6500,True,False,False,0.36015384615384616,0.36015384615384616,0.7170769230769231,0.2666666666666667,0.7848451977401127,0.09348717948717944,0.06776827466318969,0.34055744385901254,0.6979913921950641,0.019596402294833615,0.019085530881858936,0.6320958286868648,0.6235384345054626,0.2633845883516165,0.09353848857146041,0.5006153583526611,0.14046151219881498,0.21646156472426192,0.7554929256439209,0.39533907949007474,0.03841600256699784,0.7550445199012756,0.3948906737474295,0.03796759682435258,0.5081504997117297,0.1479966535578835,0.2089264233651934
seed_123,corr_source_saturate_sev1,94,6500,True,False,False,0.9138461538461539,0.9138461538461539,0.9206153846153846,0.8869863013698631,0.8888541603539235,0.026859852476290746,0.03176122426146111,0.9102827221694753,0.9103893988395181,0.003563431676678608,0.01022598577586653,0.9443185643431418,0.9498461484909058,0.0359999946447519,0.02923076387552115,0.942153811454773,0.028307657608619086,0.021538426839388336,0.9641406536102295,0.05029449976407563,0.04352526899484488,0.9636922478675842,0.049846094021430365,0.043076863252199615,0.9497754605106526,0.035929306664498784,0.029160075895268034
seed_123,corr_source_saturate_sev2,95,6500,True,False,False,0.8956923076923077,0.8956923076923077,0.9044615384615384,0.8697617805599026,0.8720997039205293,0.025930527132405068,0.03236183454100916,0.8878822571387887,0.8879087646752042,0.007810050553519021,0.01655277378633424,0.9306627072358086,0.9367691874504089,0.04107687975810126,0.03230764898887051,0.9236922860145569,0.027999978322249208,0.019230747553018457,0.9543037414550781,0.05861143376277045,0.0498422029935397,0.9538553357124329,0.058163028020125185,0.04939379725089443,0.9381959788799301,0.04250367118762244,0.03373444041839169
seed_123,corr_source_saturate_sev3,96,6500,True,False,False,0.9278461538461539,0.9278461538461539,0.9312307692307692,0.8975576662143826,0.8998932269930559,0.030288487631771277,0.031337542237713345,0.9282207244369424,0.9284341166579525,0.0003745705907884922,0.0027966525728166935,0.9552473880484802,0.9615384340286255,0.03369228018247161,0.030307664797856293,0.9546153545379639,0.02676920069180999,0.023384585307194672,0.9715543985366821,0.04370824469052825,0.040323629305912934,0.9711059927940369,0.04325983894788299,0.03987522356326767,0.962857459247795,0.0350113054016411,0.03162669001702578
seed_123,corr_source_saturate_sev4,97,6500,True,False,False,0.8824615384615384,0.8824615384615384,0.8992307692307693,0.8570423773518552,0.8693199009458118,0.02541916110968323,0.02991086828495748,0.8805048234920945,0.8807060313542726,0.00195671496944394,0.018524737876496666,0.9273035782644775,0.9335384368896484,0.05107689842811003,0.03430766765887916,0.9179999828338623,0.035538444372323896,0.018769213603093027,0.9522345066070557,0.06977296814551726,0.053003737376286386,0.9517861008644104,0.06932456240287199,0.05255533163364112,0.9425589414376686,0.0600974029761302,0.04332817220689933
seed_123,corr_source_saturate_sev5,98,6500,True,False,False,0.8127692307692308,0.8127692307692308,0.8473846153846154,0.801622418879056,0.8193447332100473,0.011146811890174746,0.028039882174568098,0.8153997230442807,0.8155807206543434,0.002630492275049856,0.03180389473027201,0.891708884756828,0.8999999761581421,0.08723074538891129,0.05261536077352669,0.8735384345054626,0.06076920373623185,0.026153819120847244,0.9283424615859985,0.11557323081676774,0.08095784620138313,0.9278940558433533,0.11512482507412247,0.08050944045873787,0.896524930970265,0.08375570020103418,0.049140315585649574
seed_123,corr_target_fog_sev1,99,6500,False,True,False,0.686,0.686,0.746,0.6918897162406923,0.7471902497732578,0.005889716240692233,0.0011902497732577677,0.7483269096867794,0.7483619173802777,0.06232690968677934,0.0023619173802776894,0.8556717112556448,0.8656923174858093,0.17969231748580927,0.11969231748580933,0.8304615020751953,0.14446150207519526,0.08446150207519532,0.9047119617462158,0.21871196174621577,0.15871196174621582,0.9042635560035706,0.2182635560035705,0.15826355600357056,0.8328905634612017,0.14689056346120166,0.08689056346120172
seed_123,corr_target_fog_sev2,100,6500,False,True,False,0.6538461538461539,0.6538461538461539,0.7303076923076923,0.6534079138181065,0.7363351434805722,0.0004382400280473764,0.0060274511728798386,0.7124600082766267,0.7126324496553551,0.058613854430472845,0.01767524265233722,0.8377802769388268,0.845230758190155,0.19138460434400117,0.1149230658824627,0.8059999942779541,0.15215384043180025,0.07569230197026178,0.892879068851471,0.2390329150053171,0.16257137654377862,0.8924306631088257,0.23858450926267183,0.16212297080113336,0.8088233594273877,0.15497720558123385,0.07851566711969538
seed_123,corr_target_fog_sev3,101,6500,False,True,False,0.6115384615384616,0.6115384615384616,0.7093846153846154,0.5872636383394914,0.7043162873110663,0.02427482319897023,0.0050683280735490666,0.653908533880158,0.6541111328073337,0.04237007234169643,0.05527348257728171,0.8099654528883637,0.8190768957138062,0.20753843417534457,0.10969228032919076,0.7699999809265137,0.15846151938805209,0.06061536554189828,0.8750548362731934,0.2635163747347318,0.16567022088857797,0.8746064305305481,0.2630679689920865,0.1652218151459327,0.78274312879746,0.1712046672589984,0.0733585134128446
seed_123,corr_target_fog_sev4,102,6500,False,True,False,0.5832307692307692,0.5832307692307692,0.7026153846153846,0.526745240253853,0.7101628060566828,0.056485528976916166,0.007547421441298163,0.6099252994896316,0.6099252994896316,0.02669453025886237,0.09269008512575305,0.7833283929876026,0.7832307815551758,0.20000001232440656,0.08061539693979114,0.7260000109672546,0.14276924173648542,0.023384626351869997,0.8554481267929077,0.2722173575621385,0.15283274217752307,0.8549997210502625,0.27176895181949323,0.1523843364348778,0.7568403847091395,0.17360961547837028,0.05422500009375486
seed_123,corr_target_fog_sev5,103,6500,False,True,False,0.4866153846153846,0.4866153846153846,0.6953846153846154,0.33546734955185664,0.7692371722776651,0.15114803506352797,0.0738525568930497,0.45794212427747094,0.6286107471888385,0.028673260337913675,0.06677386819577691,0.7059793151833612,0.6984615325927734,0.21184614797738882,0.0030769172081580587,0.60707688331604,0.12046149870065542,0.08830773206857534,0.8013178706169128,0.3147024860015282,0.10593325523229746,0.8008694648742676,0.31425408025888296,0.1054848494896522,0.6864917760382472,0.19987639142286256,0.008892839346368198
seed_123,corr_target_frost_sev1,104,6500,False,True,False,0.6952307692307692,0.6952307692307692,0.7533846153846154,0.6932046642541214,0.7527463078506968,0.002026104976647791,0.0006383075339185806,0.7457698529980169,0.7457698529980169,0.050539083767247694,0.007614762386598528,0.8463145492497415,0.8560000061988831,0.16076923696811385,0.10261539081426763,0.8133845925331116,0.11815382330234236,0.05999997714849614,0.8984668850898743,0.20323611585910506,0.14508226970525884,0.898018479347229,0.2027877101164598,0.14463386396261357,0.8484344160762135,0.1532036468454443,0.09504980069159807
seed_123,corr_target_frost_sev2,105,6500,False,True,False,0.6123076923076923,0.6123076923076923,0.711076923076923,0.5884907709011944,0.6906697181716852,0.023816921406497937,0.02040720490523784,0.6521054903746327,0.6531587586339449,0.03979779806694039,0.05791816444297815,0.7900353892317018,0.7973846197128296,0.18507692740513726,0.08630769663590654,0.7364615201950073,0.124153827887315,0.025384597118084273,0.8626577258110046,0.2503500335033123,0.1515808027340816,0.8622093200683594,0.24990162776066704,0.15113239699143632,0.7862632620141956,0.17395556970650328,0.07518633893727256
seed_123,corr_target_frost_sev3,106,6500,False,True,False,0.5358461538461539,0.5358461538461539,0.6961538461538461,0.47953216374269003,0.6892708344402294,0.05631399010346383,0.006883011713616716,0.564942055888686,0.578035186137352,0.029095902042532096,0.11811866001649407,0.73848483311023,0.7393845915794373,0.2035384377332834,0.04323074542559113,0.6569230556488037,0.12107690180264985,0.03923079050504241,0.8262656331062317,0.29041947926007783,0.13011178695238557,0.8258172273635864,0.28997107351743256,0.1296633812097403,0.7297157639883758,0.19386961014222193,0.033561917834529664
seed_123,corr_target_frost_sev4,107,6500,False,True,False,0.5230769230769231,0.5230769230769231,0.69,0.4734617191169563,0.6845761383135713,0.049615203959966825,0.0054238616864286104,0.545838038907992,0.5834385634234982,0.02276111583106888,0.10656143657650174,0.7310594452578071,0.7327691912651062,0.2096922681881831,0.042769191265106254,0.651692271232605,0.12861534815568187,0.038307728767394966,0.8221592307090759,0.2990823076321528,0.13215923070907598,0.8217108249664307,0.29863390188950756,0.13171082496643072,0.7183355756230141,0.19525865254609098,0.028335575623014142
seed_123,corr_target_frost_sev5,108,6500,False,True,False,0.47323076923076923,0.47323076923076923,0.6812307692307692,0.3810709838107098,0.7068841563762062,0.09215978542005943,0.025653387145436968,0.48324815288429945,0.5877675332989015,0.01001738365353022,0.09346323593186767,0.6944633772279462,0.6821538209915161,0.20892305176074688,0.000923051760746918,0.5904615521430969,0.11723078291232769,0.09076921708767227,0.7949575185775757,0.32172674934680645,0.11372674934680649,0.7945091128349304,0.3212783436041612,0.11327834360416122,0.6800421309367382,0.20681136170596892,0.0011886382940310414
seed_123,corr_target_motion_blur_sev1,109,6500,False,True,False,0.701076923076923,0.701076923076923,0.7496923076923077,0.7363919129082425,0.7745251897421932,0.03531498983131942,0.02483288204988554,0.760593559084767,0.761009016852527,0.05951663600784396,0.011316709160219318,0.8608503902447773,0.871999979019165,0.170923055942242,0.12230767132685738,0.8433846235275269,0.1423077004506038,0.0936923158352192,0.9081985950469971,0.20712167197007403,0.1585062873546894,0.9077501893043518,0.20667326622742876,0.15805788161204415,0.8510762959352722,0.1499993728583492,0.10138398824296457
seed_123,corr_target_motion_blur_sev2,110,6500,False,True,False,0.6295384615384615,0.6295384615384615,0.7096923076923077,0.6677597868415659,0.7439817108660245,0.0382213253031044,0.03428940317371676,0.6811301595372116,0.6811487533386187,0.051591697998750075,0.02854355435368905,0.8220140299008071,0.8318461179733276,0.20230765643486615,0.1221538102810199,0.7887692451477051,0.1592307836092436,0.07907693745539734,0.8821092844009399,0.25257082286247845,0.1724169767086322,0.8816608786582947,0.2521224171198332,0.17196857096598694,0.7995404988113199,0.17000203727285845,0.08984819111901221
seed_123,corr_target_motion_blur_sev3,111,6500,False,True,False,0.5136923076923077,0.5136923076923077,0.6721538461538461,0.5685972252807752,0.6989920882708026,0.054904917588467494,0.026838242116956512,0.5495563956349646,0.6527487385677604,0.03586408794265694,0.019405107586085713,0.7511823982398538,0.7561538219451904,0.24246151425288276,0.08399997579134433,0.6836922764778137,0.16999996878550605,0.011538430323967619,0.8348524570465088,0.3211601493542011,0.1626986108926627,0.8344040513038635,0.32071174361155586,0.16225020515001742,0.7034281956186597,0.189735887926352,0.031274349464813556
seed_123,corr_target_motion_blur_sev4,112,6500,False,True,False,0.40107692307692305,0.40107692307692305,0.6755384615384615,0.36847389558232935,0.7228173558019454,0.032603027494593706,0.04727889426348386,0.37781007084829155,0.6944665215625313,0.023266852228631507,0.01892806002406977,0.6690239858743466,0.6613845825195312,0.2603076594426082,0.014153879018930282,0.5615384578704834,0.16046153479356035,0.11400000366797813,0.7786188721656799,0.3775419490887569,0.1030804106272184,0.7781704664230347,0.3770935433461116,0.10263200488457314,0.6030396963015039,0.20196277322458084,0.07249876523695764
seed_123,corr_target_motion_blur_sev5,113,6500,False,True,False,0.3526153846153846,0.3526153846153846,0.690923076923077,0.21232123212321233,0.8308291697137566,0.14029415249217228,0.13990609279067967,0.270598373859505,0.7633868136068078,0.08201701075587958,0.07246373668373085,0.6123408451578601,0.5896922945976257,0.23707690998224112,0.10123078232545124,0.4755384624004364,0.12292307778505179,0.21538461452264057,0.7361245155334473,0.38350913091806266,0.04520143861037029,0.735676109790802,0.3830607251754174,0.04475303286772503,0.5680603124327013,0.21544492781731667,0.1228627644903757
seed_123,corr_target_brightness_sev1,114,6500,False,True,False,0.7618461538461538,0.7618461538461538,0.7906153846153846,0.7985212569316081,0.8063914536350075,0.0366751030854543,0.015776069019622918,0.8239043417511845,0.8239043417511845,0.062058187905030704,0.033288957135799935,0.8896829575653629,0.898769199848175,0.1369230460020212,0.10815381523279044,0.8775384426116943,0.1156922887655405,0.08692305799630973,0.9272820353507996,0.16543588150464572,0.13666665073541495,0.9268336296081543,0.16498747576200046,0.1362182449927697,0.8985742617258803,0.13672810787972645,0.10795887711049568
seed_123,corr_target_brightness_sev2,115,6500,False,True,False,0.7609230769230769,0.7609230769230769,0.7873846153846153,0.7752025626530996,0.7922759815634846,0.01427948573002269,0.004891366178869205,0.8131923420509088,0.8131923420509088,0.05226926512783192,0.025807726666293496,0.884954877468728,0.8916922807693481,0.13076920384627122,0.1043076653847328,0.8703076839447021,0.10938460702162522,0.0829230685600868,0.9245076179504395,0.16358454102736253,0.1371230025658241,0.9240592122077942,0.16313613528471727,0.13667459682317884,0.9002447446110714,0.13932166768799448,0.11286012922645605
seed_123,corr_target_brightness_sev3,116,6500,False,True,False,0.7443076923076923,0.7443076923076923,0.7766153846153846,0.7574077614222902,0.7905345582667545,0.013100069114597823,0.013919173651369854,0.7974609083212397,0.7974609083212397,0.05315321601354739,0.02084552370585513,0.8738499260358658,0.8843076825141907,0.13999999020649834,0.10769229789880608,0.8543076515197754,0.10999995921208305,0.0776922669043908,0.9170216917991638,0.17271399949147148,0.14040630718377922,0.9165732860565186,0.17226559374882622,0.13995790144113396,0.892781678578468,0.14847398627077568,0.11616629396308342
seed_123,corr_target_brightness_sev4,117,6500,False,True,False,0.7201538461538461,0.7201538461538461,0.7629230769230769,0.733190411225882,0.762395695338948,0.013036565072035877,0.0005273815841289053,0.7753839057153511,0.7753922534040938,0.05523005956150495,0.012469176481016864,0.8602270683243214,0.8740000128746033,0.15384616672075713,0.11107693595152635,0.8403076529502869,0.12015380679644072,0.07738457602720994,0.9098593592643738,0.18970551311052763,0.14693628234129685,0.9094109535217285,0.18925710736788237,0.1464878765986516,0.8824557034898426,0.16230185733599645,0.11953262656676567
seed_123,corr_target_brightness_sev5,118,6500,False,True,False,0.6883076923076923,0.6883076923076923,0.7463076923076923,0.6745513866231647,0.7333446230503539,0.01375630568452757,0.012963069257338478,0.734439945626723,0.734439945626723,0.0461322533190307,0.011867746680969349,0.8384635739516292,0.8435384631156921,0.15523077080799985,0.0972307708079998,0.8001538515090942,0.11184615920140195,0.0538461592014019,0.8936627507209778,0.2053550584132855,0.14735505841328544,0.8932143449783325,0.20490665267064023,0.14690665267064018,0.8580971951592491,0.1697895028515568,0.11178950285155675
seed_123,corr_target_zoom_blur_sev1,119,6500,False,True,False,0.6610769230769231,0.6610769230769231,0.7324615384615385,0.7010391686650679,0.7491180979445912,0.03996224558814476,0.01665655948305267,0.7215351319650332,0.7215351319650332,0.06045820888811004,0.010926406496505336,0.8365700371932694,0.8450769186019897,0.18399999552506663,0.11261538014045125,0.8047692179679871,0.14369229489106394,0.07230767950644856,0.8922116160392761,0.231134692962353,0.15975007757773763,0.8917632102966309,0.23068628721970774,0.15930167183509236,0.8448647173424086,0.18378779426548553,0.11240317888087015
seed_123,corr_target_zoom_blur_sev2,120,6500,False,True,False,0.6196923076923077,0.6196923076923077,0.7001538461538461,0.658687577383409,0.7257895594786996,0.03899526969110134,0.025635713324853482,0.6636583124400429,0.6636583124400429,0.043966004747735266,0.03649553371380321,0.8025121726895004,0.8110768795013428,0.19138457180903512,0.11092303334749665,0.754153847694397,0.13446154000208932,0.054000001540550846,0.8696790933609009,0.24998678566859323,0.16952524720705475,0.8692306876182556,0.24953837992594796,0.1690768414644095,0.8217729108647496,0.20208060317244192,0.12161906471090345
seed_123,corr_target_zoom_blur_sev3,121,6500,False,True,False,0.5713846153846154,0.5713846153846154,0.688923076923077,0.5714285714285714,0.7067551892551893,4.3956043956017155e-05,0.01783211233211235,0.6081918449128427,0.6244858024629919,0.03680722952822735,0.06443727446008507,0.7731341986885157,0.7798461318016052,0.20846151641698984,0.09092305487852825,0.7143076658248901,0.14292305044027476,0.025384588901813165,0.8506947159767151,0.2793101005920997,0.16177163905363812,0.8502463102340698,0.27886169484945444,0.16132323331099285,0.8060991845880937,0.23471456920347833,0.11717610766501674
seed_123,corr_target_zoom_blur_sev4,122,6500,False,True,False,0.5361538461538462,0.5361538461538462,0.6746153846153846,0.5435805511987453,0.6712859061534264,0.007426705044899062,0.0033294784619581907,0.561362719261853,0.6148257100959139,0.02520887310800679,0.059789674519470704,0.7488943091818442,0.7504615187644958,0.21430767261064965,0.07584613414911123,0.6766153573989868,0.1404615112451406,0.0019999727836021997,0.8336954712867737,0.2975416251329275,0.15908008667138906,0.8332470655441284,0.2970932193902822,0.1586316809287438,0.785426541700632,0.24927269554678577,0.11081115708524736
seed_123,corr_target_zoom_blur_sev5,123,6500,False,True,False,0.492,0.492,0.6661538461538462,0.48731673260414243,0.651900117602596,0.00468326739585756,0.014253728551250178,0.5190663328432874,0.5922548611782346,0.02706633284328741,0.07389898497561165,0.7236582831522926,0.7210769057273865,0.22907690572738648,0.05492305957354027,0.6372307538986206,0.1452307538986206,0.028923092255225602,0.8176829814910889,0.3256829814910889,0.15152913533724266,0.8172345757484436,0.3252345757484436,0.1510807295945974,0.7511838237284949,0.2591838237284949,0.0850299775746487
seed_123,corr_target_snow_sev1,124,6500,False,True,False,0.6775384615384615,0.6775384615384615,0.7392307692307692,0.7080103359173128,0.7373061993006872,0.030471874378851238,0.001924569930082054,0.7359978020223318,0.7359978020223318,0.05845934048387025,0.003232967208437465,0.835004268243082,0.845230758190155,0.1676922966516935,0.10599998895938578,0.8024615049362183,0.12492304339775673,0.06323073570544901,0.8911116123199463,0.21357315078148476,0.15188084308917704,0.890663206577301,0.2131247450388395,0.15143243734653178,0.8500723832812226,0.17253392174276105,0.11084161405045334
seed_123,corr_target_snow_sev2,125,6500,False,True,False,0.5587692307692308,0.5587692307692308,0.7007692307692308,0.5574789169995562,0.6681586760525531,0.0012903137696745892,0.03261055471667773,0.6060771262802171,0.609157292341078,0.04730789551098635,0.09161193842815285,0.7627086157689571,0.7616922855377197,0.20292305476848893,0.060923054768488916,0.6955384612083435,0.1367692304391127,0.005230769560887305,0.8415354490280151,0.28276621825878434,0.14076621825878433,0.8410870432853699,0.2823178125161391,0.14031781251613906,0.7677188650689232,0.20894963429969238,0.06694963429969236
seed_123,corr_target_snow_sev3,126,6500,False,True,False,0.5675384615384615,0.5675384615384615,0.716,0.5060905538956562,0.6861243552897986,0.06144790764280539,0.02987564471020132,0.5835317717132338,0.5853236943606149,0.015993310174772235,0.13067630563938504,0.7537072448676503,0.7561538219451904,0.18861536040672888,0.04015382194519046,0.6789230704307556,0.11138460889229407,0.037076929569244355,0.8362749218940735,0.26873646035561194,0.12027492189407352,0.8358265161514282,0.2682880546129667,0.11982651615142825,0.7754582056271584,0.20791974408869685,0.05945820562715842
seed_123,corr_target_snow_sev4,127,6500,False,True,False,0.49615384615384617,0.49615384615384617,0.6896923076923077,0.32387828777720473,0.7582531807542638,0.17227555837664144,0.06856087306195613,0.4617807877039461,0.6075601860117318,0.034373058449900074,0.08213212168057593,0.6938210675599132,0.6824615001678467,0.1863076540140005,0.007230807524461036,0.5918461680412292,0.09569232188738308,0.09784613965107847,0.7942423820495605,0.2980885358957144,0.10455007435725283,0.7937939763069153,0.2976401301530691,0.10410166861460757,0.7278873998954255,0.23173355374157933,0.038195092203117786
seed_123,corr_target_snow_sev5,128,6500,False,True,False,0.43538461538461537,0.43538461538461537,0.6961538461538461,0.22501365374112503,0.8277360754029703,0.21037096164349034,0.13158222924912422,0.3678528130726585,0.6728971277668664,0.06753180231195688,0.023256718386979736,0.6404544315951971,0.6189230680465698,0.18353845266195445,0.0772307781072763,0.5050768852233887,0.0696922698387733,0.19107696093045745,0.7540419697761536,0.3186573543915382,0.05788812362230744,0.7535935640335083,0.31820894864889293,0.05743971787966218,0.6616661249838107,0.22628150959919535,0.0344877211700354
seed_123,corr_target_defocus_blur_sev1,129,6500,False,True,False,0.6744615384615384,0.6744615384615384,0.7267692307692307,0.70414673046252,0.7554830819757822,0.02968519200098152,0.028713851206551455,0.7286384575500608,0.7286384575500608,0.0541769190885224,0.0018692267808301244,0.8473436851684103,0.8604615330696106,0.18599999460807215,0.13369230230037987,0.8273845911026001,0.15292305264106165,0.10061536033336937,0.9005314707756042,0.2260699323140658,0.17376224000637353,0.900083065032959,0.22562152657142054,0.17331383426372826,0.8287851227096769,0.1543235842481384,0.10201589194044614
seed_123,corr_target_defocus_blur_sev2,130,6500,False,True,False,0.6312307692307693,0.6312307692307693,0.696923076923077,0.6430062630480167,0.7466840219822201,0.011775493817247407,0.04976094505914308,0.6669720775048146,0.6726545139067872,0.035741308274045314,0.024268563016289768,0.8177068230504633,0.8264614939689636,0.19523072473819436,0.12953841704588664,0.7798461318016052,0.14861536257083596,0.08292305487852825,0.8804805278778076,0.24924975864703836,0.18355745095473064,0.8800321221351624,0.2488013529043931,0.18310904521208538,0.7890623982635259,0.1578316290327566,0.09213932134044889
seed_123,corr_target_defocus_blur_sev3,131,6500,False,True,False,0.5072307692307693,0.5072307692307693,0.6610769230769231,0.5264112446157334,0.7134737254016758,0.019180475384964146,0.052396802324752634,0.5246891173668602,0.6733239750314165,0.01745834813609093,0.012247051954493382,0.7461087411373191,0.744615375995636,0.23738460676486672,0.08353845291871287,0.6752307415008545,0.16799997227008523,0.014153818423931375,0.8319444060325623,0.324713636801793,0.17086748295563914,0.831496000289917,0.32426523105914773,0.17041907721299387,0.6797503418668416,0.17251957263607232,0.01867341878991846
seed_123,corr_target_defocus_blur_sev4,132,6500,False,True,False,0.4103076923076923,0.4103076923076923,0.6572307692307693,0.4084231145935358,0.7149608226813106,0.00188457771415651,0.057730053450541274,0.4110908155964528,0.6811367968634985,0.0007831232887604567,0.0239060276327292,0.6879954301783412,0.6835384368896484,0.2732307445819561,0.026307667658879152,0.5878461599349976,0.17753846762730524,0.06938460929577173,0.7928602695465088,0.38255257723881647,0.1356295003157395,0.7924118638038635,0.3821041714961712,0.13518109457309424,0.5849919361247995,0.17468424381710718,0.07223883310596979
seed_123,corr_target_defocus_blur_sev5,133,6500,False,True,False,0.3346153846153846,0.3346153846153846,0.695076923076923,0.26296098343132013,0.7828935343737744,0.07165440118406446,0.08781661129685137,0.33538970042699634,0.7008156231425242,0.0007743158116117477,0.005738700065601177,0.6338705283353897,0.6309230923652649,0.2963077077498803,0.06415383071165814,0.5163077116012573,0.18169232698587273,0.1787692114756657,0.7587379813194275,0.4241225967040429,0.06366105824250445,0.7582895755767822,0.42367419096139763,0.06321265249985919,0.5193492532670502,0.18473386865166558,0.17572766980987287
seed_123,corr_target_glass_blur_sev1,134,6500,False,True,False,0.6656923076923077,0.6656923076923077,0.7318461538461538,0.7341772151898733,0.771377988430036,0.06848490749756564,0.03953183458388221,0.7367858180248773,0.7368467638645989,0.07109351033256961,0.005000610018445095,0.8455881696924371,0.8515384197235107,0.18584611203120305,0.11969226587735693,0.8209230899810791,0.1552307822887714,0.08907693613492529,0.8968250751495361,0.23113276745722844,0.16497892130338232,0.8963766694068909,0.23068436171458317,0.16453051556073706,0.821915838703697,0.1562235310113893,0.09006968485754319
seed_123,corr_target_glass_blur_sev2,135,6500,False,True,False,0.5856923076923077,0.5856923076923077,0.7044615384615385,0.6997399479895979,0.7482435051305933,0.1140476402972902,0.04378196666905487,0.6736402374748112,0.6979773192008962,0.08794792978250343,0.006484219260642243,0.8085826210648314,0.8138461112976074,0.2281538036052997,0.10938457283606895,0.7647691965103149,0.1790768888180072,0.06030765804877647,0.8725404739379883,0.28684816624568055,0.1680789354764498,0.872092068195343,0.2863997605030353,0.16763052973380455,0.7530534923422394,0.16736118464993166,0.04859195388070092
seed_123,corr_target_glass_blur_sev3,136,6500,False,True,False,0.3913846153846154,0.3913846153846154,0.6761538461538461,0.6748216106014271,0.7118962510079656,0.2834369952168117,0.0357424048541195,0.596862777158509,0.6627354545806518,0.2054781617738936,0.013418391573194355,0.7339742609358382,0.7349230647087097,0.34353844932409433,0.05876921855486361,0.6641538143157959,0.2727691989311805,0.012000031838050207,0.8226138949394226,0.4312292795548072,0.1464600487855765,0.8221654891967773,0.43078087381216196,0.14601164304293124,0.5770559889991507,0.18567137361453528,0.09909785715469543
seed_123,corr_target_glass_blur_sev4,137,6500,False,True,False,0.33276923076923076,0.33276923076923076,0.7021538461538461,0.6304256215760641,0.6742173527057365,0.2976563908068333,0.027936493448109667,0.5286949942840565,0.6538485160356179,0.19592576351482577,0.04830533011822824,0.6981911304022358,0.6981538534164429,0.3653846226472121,0.003999992737403257,0.6116923093795776,0.2789230786103469,0.09046153677426849,0.7993378639221191,0.4665686331528884,0.09718401776827301,0.7988894581794739,0.4661202274102431,0.09673561202562775,0.5315333434239171,0.19876411265468635,0.170620502729929
seed_123,corr_target_glass_blur_sev5,138,6500,False,True,False,0.2893846153846154,0.2893846153846154,0.7295384615384616,0.4844952203310795,0.65005793293767,0.1951106049464641,0.07948052860079158,0.40317837308360616,0.6658775279676067,0.11379375769899075,0.0636609335708549,0.6334197330179171,0.6176922917366028,0.3283076763519874,0.1118461698018588,0.5075384378433228,0.21815382245870735,0.22200002369513883,0.7542783617973328,0.46489374641271736,0.024739900258871184,0.7538299560546875,0.4644453406700721,0.02429149451622592,0.49268308752998613,0.20329847214537072,0.23685537400847545
seed_123,corr_target_gaussian_noise_sev1,139,6500,False,True,False,0.7018461538461539,0.7018461538461539,0.7392307692307692,0.7543119969336911,0.7705664171632252,0.05246584308753721,0.03133564793245591,0.7743426920122306,0.7743426920122306,0.07249653816607671,0.03511192278146136,0.8608678065925547,0.8710768818855286,0.16923072803937467,0.13184611265475932,0.8378461599349976,0.13600000608884366,0.09861539070422831,0.9077442288398743,0.20589807499372037,0.16851345960910502,0.907295823097229,0.2054496692510751,0.16806505386645976,0.8663493582884005,0.16450320444224664,0.1271185890576313
seed_123,corr_target_gaussian_noise_sev2,140,6500,False,True,False,0.638,0.638,0.7118461538461538,0.7038883349950149,0.722371792349676,0.0658883349950149,0.010525638503522172,0.7213282796246201,0.7218275938932938,0.08332827962462008,0.009981440047139967,0.8335824133245294,0.842769205570221,0.20476920557022094,0.13092305172406715,0.8004615306854248,0.1624615306854248,0.08861537683927101,0.8910689949989319,0.2530689949989319,0.1792228411527781,0.8906205892562866,0.2526205892562866,0.17877443541013283,0.827856173038283,0.18985617303828295,0.11601001919212917
seed_123,corr_target_gaussian_noise_sev3,141,6500,False,True,False,0.5390769230769231,0.5390769230769231,0.684,0.5736229975861312,0.6796597272935518,0.0345460745092081,0.004340272706448212,0.5983416307820937,0.601793963750287,0.05926470770517056,0.08220603624971301,0.7823657796604447,0.7918461561203003,0.2527692330433772,0.10784615612030024,0.7239999771118164,0.18492305403489329,0.039999977111816354,0.8575524687767029,0.31847554569977976,0.17355246877670283,0.8571040630340576,0.3180271399571345,0.17310406303405756,0.7517648874828977,0.2126879644059746,0.06776488748289766
seed_123,corr_target_gaussian_noise_sev4,142,6500,False,True,False,0.38476923076923075,0.38476923076923075,0.692923076923077,0.20193637621023508,0.8648509541065069,0.18283285455899567,0.17192787718342994,0.36108603872770245,0.6941768610284502,0.0236831920415283,0.0012537841053732457,0.7216953429027895,0.7223076820373535,0.33753845126812276,0.02938460511427654,0.6346153616905212,0.2498461309212905,0.058307715232555735,0.8175909519195557,0.4328217211503249,0.12466787499647869,0.8171425461769104,0.43237331540767965,0.12421946925383343,0.6021032408871678,0.21733401011793707,0.09081983603590915
seed_123,corr_target_gaussian_noise_sev5,143,6500,False,True,False,0.20753846153846153,0.20753846153846153,0.8046153846153846,0.0,1.0,0.20753846153846153,0.19538461538461538,0.07102088925081906,0.9337544044797164,0.13651757228764247,0.12913901986433174,0.7028970799516948,0.7304615378379822,0.5229230762995206,0.07415384677740244,0.6224614977836609,0.41492303624519933,0.18215388683172373,0.8173564076423645,0.6098179461039029,0.01274102302697988,0.8169080018997192,0.6093695403612577,0.012292617284334617,0.3666025140147491,0.15906405247628755,0.43801287060063554
seed_123,corr_target_shot_noise_sev1,144,6500,False,True,False,0.6992307692307692,0.6992307692307692,0.7475384615384615,0.749519045786841,0.7796095853264546,0.05028827655607182,0.03207112378799315,0.7674342324767407,0.7675338754471924,0.06820346324597149,0.01999541390873094,0.859244288699737,0.870769202709198,0.1715384334784288,0.12323074117073651,0.8387691974639893,0.13953842823322005,0.09123073592552777,0.9067749381065369,0.20754416887576765,0.15923647656807538,0.9063265323638916,0.2070957631331224,0.15878807082543012,0.8633125260552466,0.16408175682447734,0.11577406451678507
seed_123,corr_target_shot_noise_sev2,145,6500,False,True,False,0.6223076923076923,0.6223076923076923,0.706,0.6614497528830313,0.7248407264236894,0.03914206057533898,0.01884072642368939,0.6890640021125286,0.6890640021125286,0.06675630980483627,0.016935997887471355,0.821608084952611,0.8270769119262695,0.2047692196185772,0.12107691192626957,0.782153844833374,0.15984615252568168,0.07615384483337406,0.8805276155471802,0.25821992323948784,0.17452761554718021,0.8800792098045349,0.2577715174968426,0.17407920980453495,0.8151831107364871,0.19287541842879474,0.10918311073648712
seed_123,corr_target_shot_noise_sev3,146,6500,False,True,False,0.5146153846153846,0.5146153846153846,0.6816923076923077,0.526077097505669,0.6792409733124019,0.011461712890284415,0.0024513343799058562,0.5666999777262216,0.6005960657861352,0.05208459311083702,0.08109624190617248,0.7784244470634105,0.7826153635978699,0.2679999789824853,0.10092305590556216,0.7212307453155518,0.20661536070016717,0.03953843762324405,0.8542754650115967,0.3396600803962121,0.17258315731928897,0.8538270592689514,0.33921167465356683,0.1721347515766437,0.7286013453689618,0.21398596075357723,0.04690903767665411
seed_123,corr_target_shot_noise_sev4,147,6500,False,True,False,0.3326153846153846,0.3326153846153846,0.7167692307692307,0.11594202898550722,0.9338964325529544,0.21667335562987738,0.2171272017837237,0.2838486207340678,0.7557306506831332,0.04876676388131679,0.03896141991390245,0.7288710091370801,0.7452307343482971,0.41261534973291253,0.028461503579066405,0.6581538319587708,0.32553844734338616,0.05861539881045996,0.8268512487411499,0.4942358641257653,0.11008201797191919,0.8264028429985046,0.49378745838312005,0.10963361222927392,0.5361800590096435,0.2035646743942589,0.18058917175958722
seed_123,corr_target_shot_noise_sev5,148,6500,False,True,False,0.2246153846153846,0.2246153846153846,0.790923076923077,0.0,1.0,0.2246153846153846,0.20907692307692305,0.10425003239968644,0.9050323745994602,0.12036535221569816,0.11410929767638323,0.7287811774485439,0.7567692399024963,0.5321538552871117,0.03415383702058061,0.6615384221076965,0.4369230374923119,0.12938465481538042,0.8325744867324829,0.6079591021170982,0.04165140980940596,0.8321260809898376,0.607510696374453,0.041203004066760696,0.3946989318289691,0.17008354721358449,0.39622414509410786
seed_123,corr_target_impulse_noise_sev1,149,6500,False,True,False,0.6613846153846153,0.6613846153846153,0.7310769230769231,0.6932046642541214,0.742770586100894,0.03182004886950607,0.011693663023970902,0.7221694227263603,0.7223914136333062,0.06078480734174496,0.008685509443616901,0.8287836202369184,0.8335384726524353,0.17215385726781995,0.10246154957551223,0.7910768985748291,0.12969228319021375,0.05999997549790603,0.8858942985534668,0.22450968316885145,0.15481737547654373,0.8854458928108215,0.22406127742620618,0.15436896973389846,0.8524528510491161,0.1910682356645007,0.12137592797219299
seed_123,corr_target_impulse_noise_sev2,150,6500,False,True,False,0.6003076923076923,0.6003076923076923,0.7013846153846154,0.6338797814207651,0.7057669735853737,0.033572089113072745,0.004382358200758274,0.6536108428231175,0.6541347225087198,0.053303150515425224,0.04724989287589554,0.8000255634568242,0.8055384755134583,0.20523078320576593,0.10415386012884287,0.7498461604118347,0.1495384681041424,0.04846154502721933,0.8684800863265991,0.2681723940189068,0.16709547094198374,0.8680316805839539,0.26772398827626154,0.16664706519933847,0.8173750290940816,0.21706733678638923,0.11599041370946617
seed_123,corr_target_impulse_noise_sev3,151,6500,False,True,False,0.5543076923076923,0.5543076923076923,0.6832307692307692,0.5581188997338066,0.676210264257461,0.0038112074261142936,0.007020504973308195,0.5869958912953159,0.5941515525704553,0.03268819898762365,0.08907921666031393,0.7726966947943469,0.7746153473854065,0.22030765507771422,0.0913845781546373,0.7087692022323608,0.15446150992466856,0.025538433001591643,0.8499086499214172,0.29560095761372496,0.16667788069064804,0.849460244178772,0.2951525518710797,0.16622947494800278,0.7717498196496263,0.21744212734193402,0.0885190504188571
seed_123,corr_target_impulse_noise_sev4,152,6500,False,True,False,0.39953846153846156,0.39953846153846156,0.6956923076923077,0.16487859966120832,0.8856899622117014,0.23465986187725324,0.18999765451939366,0.33997086343778543,0.70058833075275,0.059567598100676133,0.004896023060442234,0.6963594020359883,0.6959999799728394,0.2964615184343778,0.00030767228053163453,0.5950769186019897,0.19553845706352818,0.10061538909031797,0.801081120967865,0.4015426594294034,0.10538881327555727,0.8006327152252197,0.40109425368675816,0.104940407532912,0.6210121400166748,0.22147367847821325,0.0746801676756329
seed_123,corr_target_impulse_noise_sev5,153,6500,False,True,False,0.23276923076923076,0.23276923076923076,0.788,0.0,1.0,0.23276923076923076,0.21199999999999997,0.07807231249190028,0.9253275649714994,0.15469691827733048,0.13732756497149934,0.6618260581428967,0.673230767250061,0.4404615364808303,0.114769232749939,0.5590769052505493,0.3263076744813186,0.22892309474945072,0.7852283716201782,0.5524591408509475,0.002771628379821811,0.784779965877533,0.5520107351083022,0.0032200341224670748,0.41168702750240704,0.1789177967331763,0.376312972497593
seed_123,corr_target_contrast_sev1,154,6500,False,True,False,0.6953846153846154,0.6953846153846154,0.7452307692307693,0.7069822956037398,0.7490355019490967,0.01159768021912444,0.003804732718327486,0.7554128357504739,0.7554128357504739,0.06002822036585853,0.010182066519704658,0.860869770842304,0.870769202709198,0.17538458732458262,0.12553843347842875,0.8387691974639893,0.14338458207937388,0.09353842823322,0.9083012938499451,0.2129166784653297,0.16307052461917582,0.9078528881072998,0.21246827272268443,0.16262211887653055,0.8303101096743266,0.13492549428971123,0.08507934044355736
seed_123,corr_target_contrast_sev2,155,6500,False,True,False,0.6546153846153846,0.6546153846153846,0.7226153846153847,0.680470970361348,0.7187779593444937,0.02585558574596336,0.0038374252708909262,0.719474006791378,0.719474006791378,0.06485862217599336,0.003141377824006697,0.8427392218560004,0.8519999980926514,0.19738461347726677,0.1293846134772667,0.8156923055648804,0.16107692094949577,0.09307692094949571,0.8972612619400024,0.24264587732461784,0.17464587732461778,0.8968128561973572,0.24219747158197258,0.17419747158197252,0.7941954070353086,0.13958002241992395,0.0715800224199239
seed_123,corr_target_contrast_sev3,156,6500,False,True,False,0.5673846153846154,0.5673846153846154,0.6783076923076923,0.5310734463276836,0.6784537954912708,0.03631116905693177,0.0001461031835785498,0.5994454331472352,0.5994454331472352,0.03206081776261982,0.07886225916045708,0.8037787209278721,0.811846137046814,0.2444615216621986,0.1335384447391217,0.7603076696395874,0.19292305425497203,0.08199997733189512,0.8707836270332336,0.30339901164861827,0.19247593472554136,0.8703352212905884,0.302950605905973,0.1920275289828961,0.7207518091555456,0.15336719377093022,0.04244411684785332
seed_123,corr_target_contrast_sev4,157,6500,False,True,False,0.3863076923076923,0.3863076923076923,0.6806153846153846,0.0,1.0,0.3863076923076923,0.3193846153846154,0.25203936456813414,0.7509070134303203,0.13426832773955816,0.07029162881493567,0.6959091959934407,0.6966153979301453,0.31030770562245297,0.01600001331476064,0.6015384793281555,0.21523078702046322,0.0790769052872291,0.8007842302322388,0.4144765379245465,0.12016884561685415,0.8003358244895935,0.4140281321819012,0.11972043987420888,0.5538775200015427,0.16756982769385037,0.12673786461384196
seed_123,corr_target_contrast_sev5,158,6500,False,True,False,0.22046153846153846,0.22046153846153846,0.7836923076923077,0.0,1.0,0.22046153846153846,0.2163076923076923,0.007908056567823118,0.992245789586023,0.21255348189371534,0.20855348189371536,0.5362420777940626,0.5050768852233887,0.2846153467618502,0.278615422468919,0.381538450717926,0.16107691225638757,0.40215385697438166,0.686823308467865,0.4663617700063265,0.0968689992244427,0.6863749027252197,0.46591336426368124,0.09731740496708796,0.37815120700366356,0.1576896685421251,0.40554110068864413
seed_123,corr_target_elastic_transform_sev1,159,6500,False,True,False,0.7303076923076923,0.7303076923076923,0.7658461538461538,0.7487969201154956,0.7843416486328293,0.018489227807803266,0.018495494786675448,0.7844919966944723,0.7844919966944723,0.05418430438678001,0.018645842848318495,0.8711366423821164,0.8833845853805542,0.15307689307286187,0.11753843153440036,0.8566153645515442,0.12630767224385187,0.09076921070539035,0.9158235788345337,0.18551588652684137,0.14997742498837985,0.9153751730918884,0.1850674807841961,0.14952901924573458,0.8778203159515983,0.14751262364390594,0.11197416210544442
seed_123,corr_target_elastic_transform_sev2,160,6500,False,True,False,0.538923076923077,0.538923076923077,0.6746153846153846,0.6691236691236689,0.7332024959667872,0.130200592200592,0.0585871113514026,0.6909586245430672,0.6909586245430672,0.15203554761999027,0.016343239927682607,0.804039180444634,0.8039999604225159,0.2650768834994389,0.12938457580713125,0.755384624004364,0.21646154708128706,0.0807692393889794,0.8693387508392334,0.33041567391615645,0.19472336622384878,0.8688903450965881,0.3299672681735112,0.19427496048120352,0.7131231190499414,0.17420004212686446,0.038507734434556795
seed_123,corr_target_elastic_transform_sev3,161,6500,False,True,False,0.6333846153846154,0.6333846153846154,0.7263076923076923,0.6517320058079237,0.7588705183327134,0.01834739042330824,0.03256282602502103,0.704723009189142,0.7047283068947727,0.07133839380452656,0.021579385412919594,0.8264916026794099,0.8309230804443359,0.1975384650597205,0.10461538813664362,0.7898461222648621,0.15646150688024663,0.06353842995716974,0.8848637938499451,0.25147917846532963,0.15855610154225275,0.8844153881072998,0.25103077272268437,0.15810769579960748,0.7805519509458564,0.14716733556124095,0.05424425863816407
seed_123,corr_target_elastic_transform_sev4,162,6500,False,True,False,0.558923076923077,0.558923076923077,0.7046153846153846,0.613185406443354,0.7314655723978563,0.054262329520276986,0.026850187782471613,0.6502546342702633,0.6562957189181179,0.09133155734718634,0.048319665697266756,0.7895371245452868,0.790461540222168,0.231538463299091,0.08584615560678333,0.7312307357788086,0.17230765885573163,0.02661535116342395,0.859324038028717,0.3004009611056401,0.1547086534133324,0.8588756322860718,0.2999525553629948,0.15426024767068713,0.7317790803006995,0.17285600337762252,0.027163695685314848
seed_123,corr_target_elastic_transform_sev5,163,6500,False,True,False,0.41446153846153844,0.41446153846153844,0.6933846153846154,0.5310734463276836,0.6558446151407948,0.11661190786614517,0.03754000024382054,0.5322592886996738,0.6102016753289993,0.11779775023813532,0.0831829400556161,0.7015044268794156,0.6923076510429382,0.2778461125813998,0.0010769643416771446,0.6041538119316101,0.18969227347007167,0.08923080345300527,0.7993360757827759,0.38487453732123744,0.1059514603981605,0.7988876700401306,0.3844261315785922,0.10550305465551524,0.6532925775699179,0.23883103910837944,0.0400920378146975
seed_123,corr_target_pixelate_sev1,164,6500,False,True,False,0.7135384615384616,0.7135384615384616,0.7589230769230769,0.7619047619047619,0.7778116541509108,0.0483663003663003,0.01888857722783388,0.7868307228278508,0.7868307228278508,0.07329226128938926,0.027907645904773903,0.872833492265576,0.8859999775886536,0.172461516050192,0.12707690066557664,0.8583076596260071,0.14476919808754551,0.09938458270293016,0.9168748259544373,0.2033363644159757,0.15795174903136033,0.916426420211792,0.20288795867333043,0.15750334328871507,0.8612888292318326,0.14775036769337102,0.10236575230875566
seed_123,corr_target_pixelate_sev2,165,6500,False,True,False,0.7024615384615385,0.7024615384615385,0.7467692307692307,0.7600152613506295,0.7773345325096247,0.057553722889091,0.030565301740393958,0.7794437955072165,0.7796137370659918,0.07698225704567807,0.032844506296761056,0.8664494186802677,0.8753846287727356,0.17292309031119713,0.12861539800350485,0.849384605884552,0.14692306742301353,0.10261537511532126,0.9112341403961182,0.2087726019345797,0.16446490962688742,0.9107857346534729,0.20832419619193443,0.16401650388424216,0.8525035459569299,0.15004200749539143,0.10573431518769916
seed_123,corr_target_pixelate_sev3,166,6500,False,True,False,0.6278461538461538,0.6278461538461538,0.7203076923076923,0.6994797919167667,0.7293265077290503,0.07163363807061285,0.009018815421357962,0.7149865064099967,0.7150638979726044,0.0871403525638429,0.005243794335087926,0.8344631829121317,0.8406153917312622,0.21276923788510838,0.12030769942356989,0.8036922812461853,0.17584612740003147,0.08338458893849299,0.8901526927947998,0.262306538948646,0.1698450004871075,0.8897042870521545,0.2618581332060007,0.16939659474446223,0.7934565708593817,0.16561041701322787,0.07314887855168939
seed_123,corr_target_pixelate_sev4,167,6500,False,True,False,0.5318461538461539,0.5318461538461539,0.7109230769230769,0.6655717511804558,0.6954586915773988,0.1337255973343019,0.015464385345678067,0.6624003729116642,0.6630656062396749,0.13055421906551035,0.04785747068340196,0.7963182384799276,0.8047692179679871,0.2729230641218332,0.09384614104491018,0.7495384216308594,0.21769226778470552,0.038615344707782495,0.8650955557823181,0.33324940193616426,0.15417247885924124,0.8646471500396729,0.332800996193519,0.15372407311659597,0.6951079561208581,0.16326180227470422,0.015815120802218807
seed_123,corr_target_pixelate_sev5,168,6500,False,True,False,0.46876923076923077,0.46876923076923077,0.7135384615384616,0.6475239284228049,0.6748369966283126,0.17875469765357416,0.03870146491014892,0.6445242965403748,0.6445242965403748,0.17575506577114403,0.06901416499808677,0.7706605535041853,0.7807692289352417,0.31199999816601093,0.06723076739678013,0.712461531162262,0.2436923003930312,0.001076930376199603,0.8493223190307617,0.38055308826153095,0.13578385749230015,0.8488739132881165,0.3801046825188857,0.1353354517496549,0.6274236558508313,0.1586544250816005,0.0861148056876303
seed_123,corr_target_jpeg_compression_sev1,169,6500,False,True,False,0.7307692307692307,0.7307692307692307,0.7690769230769231,0.7763554216867469,0.7955967646132653,0.045586190917516145,0.026519841536342237,0.7979686647089156,0.7979686647089156,0.06719943393968486,0.028891741631992485,0.8774813000224547,0.8904615044593811,0.15969227369015038,0.121384581382458,0.8641538023948669,0.13338457162563622,0.09507687931794384,0.9194800853729248,0.18871085460369408,0.1504031622960017,0.9190316796302795,0.18826244886104881,0.14995475655335644,0.8705743427093815,0.13980511194015077,0.1014974196324584
seed_123,corr_target_jpeg_compression_sev2,170,6500,False,True,False,0.7121538461538461,0.7121538461538461,0.754,0.7640235786271155,0.7815496164267337,0.051869732473269314,0.027549616426733703,0.7901791069452869,0.7901791069452869,0.07802526079144079,0.03617910694528692,0.8680294611786334,0.8789230585098267,0.16676921235598052,0.12492305850982666,0.8498461246490479,0.13769227849520171,0.09584612464904785,0.9135163426399231,0.20136249648607696,0.1595163426399231,0.9130679368972778,0.2009140907434317,0.15906793689727783,0.8586414295430389,0.14648758338919277,0.1046414295430389
seed_123,corr_target_jpeg_compression_sev3,171,6500,False,True,False,0.6992307692307692,0.6992307692307692,0.7410769230769231,0.7649629488884667,0.7777049521382966,0.06573217965769751,0.036628029061373524,0.7781873249130183,0.7781873249130183,0.07895655568224913,0.037110401836095264,0.8600462263973991,0.8746153712272644,0.1753846019964952,0.13353844815034133,0.8409230709075928,0.14169230167682356,0.0998461478306697,0.9091612696647644,0.2099305004339952,0.16808434658784133,0.9087128639221191,0.20948209469134993,0.16763594084519606,0.8499410646115956,0.15071029538082636,0.1088641415346725
seed_123,corr_target_jpeg_compression_sev4,172,6500,False,True,False,0.6529230769230769,0.6529230769230769,0.7207692307692307,0.7217305801376598,0.7487881920797831,0.06880750321458284,0.02801896131055237,0.7280312267656437,0.7284282411939531,0.07510814984256675,0.00765901042472239,0.8256977838807117,0.8329230546951294,0.17999997777205246,0.11215382392589868,0.7879999876022339,0.13507691067915695,0.06723075683300317,0.8847960829734802,0.23187300605040329,0.1640268522042495,0.884347677230835,0.23142460030775802,0.16357844646160424,0.8073611842084505,0.15443810728537355,0.08659195343921977
seed_123,corr_target_jpeg_compression_sev5,173,6500,False,True,False,0.5512307692307692,0.5512307692307692,0.6906153846153846,0.6696684404420794,0.7119030537432194,0.11843767121131021,0.021287669127834752,0.6518949956817341,0.6548259689910508,0.10066422645096496,0.0357894156243338,0.765613348298275,0.7599999904632568,0.20876922123248765,0.0693846058478722,0.6943076848983765,0.14307691566760727,0.003692300282991834,0.8422439694404602,0.291013200209691,0.15162858482507557,0.8417955636978149,0.29056479446704575,0.1511801790824303,0.7237363090628003,0.1725055398320311,0.033120924447415656
seed_123,corr_target_speckle_noise_sev1,174,6500,False,True,False,0.7164615384615385,0.7164615384615385,0.7516923076923077,0.7637885127424876,0.7893650376132485,0.04732697428094912,0.03767272992094084,0.7856050019202643,0.7856201943345891,0.0691434634587258,0.03392788664228141,0.8682485405006762,0.8826153874397278,0.1661538489781893,0.13092307974742012,0.8553845882415771,0.13892304978003867,0.10369228054926949,0.9136338233947754,0.1971722849332369,0.16194151570246773,0.9131854176521301,0.19672387919059164,0.16149310995982247,0.8696789139007324,0.1532173754391939,0.11798660620842472
seed_123,corr_target_speckle_noise_sev2,175,6500,False,True,False,0.682923076923077,0.682923076923077,0.7321538461538462,0.7272371255140004,0.7543520404450689,0.04431404859092347,0.022198194291222717,0.7451043475426898,0.7451379744081268,0.06218127061961287,0.012984128254280636,0.8493218156159749,0.8564615249633789,0.17353844804030194,0.12430767880953275,0.8263076543807983,0.14338457745772137,0.09415380822695218,0.9004069566726685,0.2174838797495915,0.1682531105188223,0.8999585509300232,0.21703547400694623,0.16780470477617704,0.8492583913889211,0.16633531446584415,0.11710454523507496
seed_123,corr_target_speckle_noise_sev3,176,6500,False,True,False,0.5452307692307692,0.5452307692307692,0.680923076923077,0.5597163749169067,0.68136893521641,0.014485605686137548,0.0004458582933329902,0.6026789322333055,0.6026789322333055,0.0574481630025363,0.07824414468977148,0.7979793390179494,0.80353844165802,0.25830767242725083,0.12261536473494306,0.7521538138389587,0.20692304460818955,0.07123073691588178,0.8672317862510681,0.32200101702029893,0.18630870932799115,0.8667833805084229,0.32155261127765367,0.1858603035853459,0.7504191652731741,0.2051883960424049,0.06949608835009713
seed_123,corr_target_speckle_noise_sev4,177,6500,False,True,False,0.458,0.458,0.6661538461538462,0.4593505570040294,0.6985291802370014,0.0013505570040293624,0.03237533408315518,0.4963368064515342,0.623047729188094,0.0383368064515342,0.04310611696575217,0.7752118511233799,0.7847692370414734,0.32676923704147337,0.11861539088762718,0.7236922979354858,0.2656922979354858,0.05753845178163963,0.8543980717658997,0.39639807176589964,0.18824422561205345,0.8539496660232544,0.3959496660232544,0.1877958198694082,0.6722317151775529,0.21423171517755285,0.006077869023706661
seed_123,corr_target_speckle_noise_sev5,178,6500,False,True,False,0.3575384615384615,0.3575384615384615,0.694,0.2657417289220918,0.8198178617018766,0.09179673261636973,0.1258178617018767,0.35430492838564953,0.7123383955591677,0.003233533152811996,0.01833839555916772,0.7577587064006306,0.7729230523109436,0.4153845907724821,0.07892305231094365,0.6992307305335999,0.3416922689951383,0.005230730533599903,0.8434750437736511,0.4859365822351896,0.14947504377365117,0.8430266380310059,0.48548817649254433,0.1490266380310059,0.5618433492118892,0.20430488767342764,0.13215665078811079
seed_123,corr_target_spatter_sev1,179,6500,False,True,False,0.7558461538461538,0.7558461538461538,0.7838461538461539,0.7834549878345498,0.7995618100077554,0.027608833988395975,0.015715656161601532,0.8153495083304336,0.8153495083304336,0.05950335448427979,0.031503354484279766,0.8832378612878419,0.8950769305229187,0.13923077667676487,0.11123077667676484,0.8698461651802063,0.11400001133405246,0.08600001133405244,0.9241011142730713,0.16825496042691745,0.14025496042691743,0.923652708530426,0.1678065546842722,0.13980655468427217,0.8885402997774189,0.13269414593126505,0.10469414593126503
seed_123,corr_target_spatter_sev2,180,6500,False,True,False,0.7081538461538461,0.7081538461538461,0.7656923076923077,0.7400659042450087,0.7609351976217772,0.0319120580911626,0.004757110070530479,0.7602901391759993,0.7602901391759993,0.05213629302215317,0.00540216851630837,0.8446653651601992,0.8516923189163208,0.14353847276247467,0.08600001122401313,0.8186153769493103,0.11046153079546417,0.05292306925700263,0.8977513313293457,0.18959748517549957,0.13205902363703803,0.8973029255867004,0.1891490794328543,0.13161061789439277,0.8648831061242653,0.1567292599704192,0.09919079843195766
seed_123,corr_target_spatter_sev3,181,6500,False,True,False,0.6684615384615384,0.6684615384615384,0.7341538461538462,0.7072394590294351,0.7419306306294676,0.03877792056789664,0.007776784475621468,0.7191489107552138,0.7191489107552138,0.05068737229367537,0.015004935398632346,0.8187714464146033,0.826769232749939,0.15830769428840052,0.09261538659609281,0.7770769000053406,0.10861536154380214,0.04292305385149442,0.8791812658309937,0.2107197273694552,0.1450274196771475,0.8787328600883484,0.21027132162680995,0.14457901393450223,0.8377843441218504,0.169322805660312,0.10363049796800428
seed_123,corr_target_spatter_sev4,182,6500,False,True,False,0.5401538461538462,0.5401538461538462,0.6786153846153846,0.6249206685001059,0.6836031179859449,0.08476682234625965,0.004987733370560243,0.628533532503317,0.6285565227380022,0.0883796863494708,0.0500588618773824,0.7928594565713136,0.7955384254455566,0.25538457929171043,0.11692304083017202,0.7463076710700989,0.20615382491625267,0.06769228645471426,0.8619335889816284,0.3217797428277822,0.1833182043662438,0.8614851832389832,0.32133133708513695,0.18286979862359853,0.7445229277073692,0.20436908155352296,0.06590754309198454
seed_123,corr_target_spatter_sev5,183,6500,False,True,False,0.4644615384615385,0.4644615384615385,0.6556923076923077,0.5641705323613873,0.6744311177547138,0.09970899389984877,0.018738810062406075,0.5652467423334708,0.6116521161184095,0.10078520387193235,0.04404019157389816,0.7710070471599683,0.7798461318016052,0.31538459334006674,0.12415382410929754,0.719076931476593,0.25461539301505454,0.06338462378428533,0.848974883556366,0.3845133450948275,0.19328257586405828,0.8485264778137207,0.3840649393521822,0.19283417012141302,0.6789724636705932,0.21451092520905468,0.023280155978285477
seed_123,corr_target_gaussian_blur_sev1,184,6500,False,True,False,0.7270769230769231,0.7270769230769231,0.7636923076923077,0.7682395300360052,0.7942101104172229,0.04116260695908214,0.03051780272491522,0.7944346961069378,0.7944554375785399,0.06735777303001478,0.0307631298862322,0.8748232772616533,0.8886153697967529,0.16153844671982986,0.12492306210444526,0.8647692203521729,0.1376922972752498,0.10107691265986518,0.9183135628700256,0.19123663979310257,0.15462125517771796,0.9178651571273804,0.1907882340504573,0.1541728494350727,0.8696134908611338,0.14253656778421075,0.10592118316882615
seed_123,corr_target_gaussian_blur_sev2,185,6500,False,True,False,0.6523076923076923,0.6523076923076923,0.7112307692307692,0.6836776022681248,0.7524690276976541,0.03136990996043254,0.04123825846688489,0.7015044699758078,0.7017625255424433,0.04919677766811559,0.009468243688325884,0.8313266689123919,0.8433846235275269,0.1910769312198346,0.13215385429675763,0.8006153702735901,0.14830767796589783,0.08938460104282087,0.8896863460540771,0.2373786537463849,0.17845557682330793,0.8892379403114319,0.23693024800373963,0.17800717108066266,0.8078864017354593,0.15557870942776708,0.09665563250469011
seed_123,corr_target_gaussian_blur_sev3,186,6500,False,True,False,0.5601538461538461,0.5601538461538461,0.6681538461538462,0.5924642702468601,0.7235466513903926,0.03231042409301399,0.05539280523654644,0.5939621625825893,0.6680171190638301,0.03380831642874316,0.00013672709001610883,0.7785430877482704,0.7878461480140686,0.2276923018602225,0.1196923018602224,0.7247692346572876,0.16461538850344148,0.05661538850344139,0.8549765944480896,0.2948227482942435,0.1868227482942434,0.8545281887054443,0.2943743425515982,0.18637434255159813,0.7269242185890131,0.166770372435167,0.05877037243516692
seed_123,corr_target_gaussian_blur_sev4,187,6500,False,True,False,0.44953846153846155,0.44953846153846155,0.6561538461538462,0.48343443770415306,0.698017085086608,0.03389597616569151,0.04186323893276178,0.48573267624666294,0.649386046793518,0.03619421470820139,0.0067677993603282305,0.7179611731793186,0.7156922817230225,0.2661538201845609,0.05953843556917626,0.6330769062042236,0.18353844466576208,0.023076939949622566,0.813413679599762,0.3638752180613004,0.15725983344591576,0.8129652738571167,0.36342681231865515,0.1568114277032705,0.6263652602797182,0.17682679874125662,0.029788585874128026
seed_123,corr_target_gaussian_blur_sev5,188,6500,False,True,False,0.2893846153846154,0.2893846153846154,0.7266153846153847,0.2721956406166932,0.7617178018056956,0.017188974767922194,0.03510241719031093,0.3591318033949925,0.665410097761426,0.0697471880103771,0.06120528685395865,0.6240733089106436,0.6136922836303711,0.3243076682457557,0.11292310098501357,0.4927692115306854,0.20338459614607002,0.23384617308469924,0.7533554434776306,0.4639708280930152,0.026740058862245952,0.7529070377349854,0.46352242235036994,0.02629165311960069,0.4765183349056409,0.18713371952102548,0.2500970497097438
seed_123,corr_target_saturate_sev1,189,6500,False,True,False,0.7352307692307692,0.7352307692307692,0.7758461538461539,0.7535953978906998,0.783166928050083,0.018364628659930604,0.007320774203929181,0.7954986518094685,0.7954986518094685,0.060267882578699306,0.019652497963314697,0.8733180072037455,0.8812307715415955,0.14600000231082622,0.10538461769544161,0.8558461666107178,0.12061539737994853,0.08000001276456392,0.9169125556945801,0.18168178646381083,0.14106640184842623,0.9164641499519348,0.18123338072116557,0.14061799610578096,0.8734667426027788,0.13823597337200955,0.09762058875662494
seed_123,corr_target_saturate_sev2,190,6500,False,True,False,0.7173846153846154,0.7173846153846154,0.7656923076923077,0.7171896585750939,0.7606635775233566,0.00019495680952152927,0.005028730168951112,0.7716507589949583,0.7716507589949583,0.054266143610342876,0.0059584513026506025,0.85804242975311,0.868461549282074,0.15107693389745858,0.1027692415897663,0.8313845992088318,0.11399998382421639,0.06569229151652412,0.9067016243934631,0.18931700900884774,0.14100931670115546,0.9062532186508179,0.18886860326620247,0.1405609109585102,0.8722579136835003,0.15487329829888485,0.10656560599119258
seed_123,corr_target_saturate_sev3,191,6500,False,True,False,0.7526153846153846,0.7526153846153846,0.7884615384615384,0.7784251080623943,0.805414367881257,0.025809723447009714,0.01695282941971854,0.8120885965713831,0.8122208395779463,0.05947321195599853,0.023759301116407894,0.8811376854558519,0.891076922416687,0.13846153780130244,0.10261538395514858,0.8700000047683716,0.11738462015298701,0.08153846630683315,0.9222851395606995,0.1696697549453149,0.13382360109916103,0.9218367338180542,0.16922134920266962,0.13337519535651576,0.8952402972275225,0.14262491261213794,0.10677875876598408
seed_123,corr_target_saturate_sev4,192,6500,False,True,False,0.7036923076923077,0.7036923076923077,0.7595384615384615,0.7274862960062647,0.7531298629434564,0.02379398831395696,0.006408598595005088,0.7571097126238201,0.7571097126238201,0.05341740493151237,0.0024287489146413987,0.8524407823179537,0.8583076596260071,0.15461535193369935,0.09876919808754558,0.8232307434082031,0.1195384357158954,0.06369228186974163,0.9022179841995239,0.1985256765072162,0.14267952266106243,0.9017695784568787,0.19807727076457093,0.14223111691841717,0.8702404653279323,0.16654815763562458,0.11070200378947082
seed_123,corr_target_saturate_sev5,193,6500,False,True,False,0.6372307692307693,0.6372307692307693,0.7176923076923077,0.6449864498644986,0.7246848631625191,0.007755680633729334,0.006992555470211381,0.6860201190541128,0.6860201190541128,0.048789349823343486,0.03167218863819499,0.8217332731366354,0.8270769119262695,0.18984614269550026,0.10938460423396179,0.7895384430885315,0.15230767385776223,0.07184613539622375,0.8808770179748535,0.24364624874408425,0.16318471028254578,0.8804286122322083,0.24319784300143898,0.1627363045399005,0.825077858727221,0.18784708949645168,0.10738555103491321
