config,testset,testset_idx,n_samples,is_source,is_target,is_clean,true_acc,acc_st_true,acc_ta_true,acc_st_tdc,acc_ta_tdc,err_st_tdc,err_ta_tdc,acc_st_mm,acc_ta_mm,err_st_mm,err_ta_mm,mano_fro_norm,est_ATC,err_ATC,err_ta_ATC,est_ATC-NE,err_ATC-NE,err_ta_ATC-NE,est_AC,err_AC,err_ta_AC,est_DOC,err_DOC,err_ta_DOC,est_COT,err_COT,err_ta_COT
flows_6,val_source,0,10000,True,False,True,0.9722,0.9722,0.9737,0.9565943238731219,0.957813238274361,0.01560567612687802,0.015886761725638965,0.9644050813170965,0.9644050813170965,0.0077949186829034955,0.009294918682903552,0.9773691001872641,0.983199954032898,0.010999954032897996,0.00949995403289794,0.9811999797821045,0.008999979782104539,0.007499979782104482,0.9866337776184082,0.01443377761840825,0.012933777618408193,0.9861853718757629,0.013985371875762986,0.01248537187576293,0.9752749361637765,0.0030749361637765205,0.0015749361637764636
flows_6,val_target,1,165028,False,True,True,0.7901568218726519,0.7901568218726519,0.8060389752042078,0.8324371745528639,0.8447862354260157,0.04228035268021202,0.038747260221807966,0.8508598855907906,0.8508598855907906,0.06070306371813872,0.04482091038658287,0.903205173446622,0.9149719476699829,0.124815125797331,0.10893297246577516,0.8980414867401123,0.1078846648674604,0.09200251153590455,0.9376406669616699,0.14748384508901802,0.13160169175746217,0.9371922612190247,0.14703543934637275,0.1311532860148169,0.9993607708195648,0.20920394894691285,0.193321795615357
flows_6,imagenet_val_source,2,6500,True,False,True,0.951076923076923,0.951076923076923,0.9552307692307692,0.9451476793248945,0.9469253693867851,0.0059292437520285235,0.008305399843984151,0.9563575507018061,0.9565591552342556,0.005280627624883016,0.0013283860034863926,0.9697189326017209,0.9735384583473206,0.022461535270397515,0.01830768911655134,0.9718461632728577,0.020769240195934624,0.01661539404208845,0.9801642894744873,0.029087366397564263,0.024933520243718088,0.979715883731842,0.028638960654919,0.024485114501072824,0.970248172452576,0.019171249375652955,0.01501740322180678
flows_6,imagenet_val_target,3,6500,False,True,True,0.7766153846153846,0.7766153846153846,0.7938461538461539,0.8239551293649358,0.8407098916762693,0.04733974474955116,0.04686373783011544,0.85077672340292,0.85077672340292,0.07416133878753539,0.05693056955676612,0.9008123966451003,0.9133846163749695,0.13676923175958489,0.11953846252881561,0.8939999938011169,0.11738460918573235,0.10015383995496308,0.9360669255256653,0.1594515409102807,0.14222077167951142,0.93561851978302,0.15900313516763542,0.14177236593686615,0.9075924305380455,0.1309770459226609,0.11374627669189163
flows_6,corr_source_fog_sev1,4,6500,True,False,False,0.8776923076923077,0.8776923076923077,0.8906153846153846,0.8800827015851137,0.8848076724168856,0.002390393892806042,0.00580771219849896,0.8820835259095383,0.88316006410852,0.004391218217230652,0.007455320506864593,0.9261019812178171,0.9359999895095825,0.05830768181727486,0.04538460489419793,0.9189230799674988,0.04123077227519112,0.028307695352114193,0.9520559310913086,0.07436362339900093,0.06144054647592401,0.9516075253486633,0.07391521765635567,0.060992140733278744,0.9234073678061016,0.04571506011379389,0.03279198319071697
flows_6,corr_source_fog_sev2,5,6500,True,False,False,0.8441538461538461,0.8441538461538461,0.8630769230769231,0.8334529791816224,0.839990254095168,0.010700866972223722,0.023086668981755043,0.8446606181554118,0.8452204262750882,0.0005067720015656807,0.017856496801834876,0.9063430691893137,0.9141538143157959,0.06999996816194975,0.051076891238872824,0.8936923146247864,0.04953846847094023,0.030615391547863302,0.9390076994895935,0.09485385333574736,0.07593077641267043,0.9385592937469482,0.0944054475931021,0.07548237067002517,0.9014462780570688,0.05729243190322264,0.03836935498014571
flows_6,corr_source_fog_sev3,6,6500,True,False,False,0.796923076923077,0.796923076923077,0.827076923076923,0.7705693209759789,0.8033019750431771,0.0263537559470981,0.023774948033745913,0.7835399685484918,0.7837739183872383,0.013383108374585118,0.04330300468968473,0.873948793273249,0.8796923160552979,0.0827692391322209,0.05261539297837481,0.8515384197235107,0.054615342800433786,0.0244614966465877,0.9167720675468445,0.11984899062376753,0.08969514446992144,0.9163236618041992,0.11940058488112226,0.08924673872727618,0.8727261230101014,0.07580304608702448,0.0456491999331784
flows_6,corr_source_fog_sev4,7,6500,True,False,False,0.7606153846153846,0.7606153846153846,0.7996923076923077,0.7242394504416094,0.7730042522714908,0.03637593417377516,0.02668805542081687,0.7398269440178367,0.7402711485064501,0.02078844059754792,0.05942115918585755,0.8476578341783207,0.8533846139907837,0.09276922937539911,0.05369230629847599,0.8135384321212769,0.05292304750589227,0.013846124428969153,0.8985437154769897,0.13792833086160516,0.09885140778468204,0.8980953097343445,0.1374799251189599,0.09840300204203678,0.8481274977599474,0.08751211314456286,0.048435190067639744
flows_6,corr_source_fog_sev5,8,6500,True,False,False,0.6321538461538462,0.6321538461538462,0.7509230769230769,0.580166011358672,0.7397633423194014,0.051987834795174215,0.011159734603675475,0.5956395492720126,0.6655645176807882,0.03651429688183361,0.08535855924228875,0.7645276419868254,0.7592307329177856,0.12707688676393947,0.00830765599470873,0.685692310333252,0.053538464179405776,0.06523076658982496,0.8392233848571777,0.20706953870333156,0.08830030793410082,0.8387749791145325,0.2066211329606863,0.08785190219145556,0.7662758508864556,0.13412200473260938,0.01535277396337864
flows_6,corr_source_frost_sev1,9,6500,True,False,False,0.8787692307692307,0.8787692307692307,0.8924615384615384,0.8556338028169014,0.8703627201118187,0.023135427952329368,0.022098818349719718,0.876725795472136,0.8767912157801477,0.00204343529709472,0.01567032268139068,0.9213346161261955,0.9306153655052185,0.05184613473598776,0.03815382704368009,0.9104615449905396,0.031692314221308804,0.018000006529001134,0.9494184255599976,0.07064919479076681,0.05695688709845914,0.9489700198173523,0.07020078904812155,0.05650848135581388,0.9333617876390128,0.05459255686978204,0.04090024917747437
flows_6,corr_source_frost_sev2,10,6500,True,False,False,0.7744615384615384,0.7744615384615384,0.82,0.7571701720841298,0.785964148390543,0.01729136637740858,0.03403585160945699,0.7731919162020016,0.7731919162020016,0.0012696222595368623,0.04680808379799839,0.8564488994064653,0.857692301273346,0.08323076281180752,0.037692301273345996,0.821384608745575,0.04692307028403653,0.001384608745575,0.9032980799674988,0.12883654150596036,0.08329807996749883,0.9028496742248535,0.1283881357633151,0.08284967422485356,0.8671421946557574,0.09268065619421895,0.04714219465575742
flows_6,corr_source_frost_sev3,11,6500,True,False,False,0.6884615384615385,0.6884615384615385,0.7767692307692308,0.6745513866231647,0.7291487613827555,0.013910151838373741,0.04762046938647524,0.6820736732023053,0.6823365788380426,0.006387865259233183,0.09443265193118822,0.8002417618792346,0.8029230833053589,0.11446154484382043,0.02615385253612812,0.7441538572311401,0.05569231876960168,0.03261537353809063,0.8666008114814758,0.17813927301993737,0.08983158071224506,0.8661524057388306,0.1776908672772921,0.0893831749695998,0.8067019911371209,0.11824045267558247,0.029932760367890165
flows_6,corr_source_frost_sev4,12,6500,True,False,False,0.672,0.672,0.7621538461538462,0.6567472618309569,0.7120582660747817,0.015252738169043156,0.05009558007906445,0.662549216067018,0.6630405585539019,0.009450783932982043,0.09911328759994431,0.790226183357354,0.787538468837738,0.115538468837738,0.025384622683891855,0.7281538248062134,0.05615382480621334,0.0340000213476328,0.8592339754104614,0.18723397541046138,0.09708012925661524,0.8587855696678162,0.18678556966781612,0.09663172351396998,0.7946236871143059,0.12262368711430582,0.032469840960459684
flows_6,corr_source_frost_sev5,13,6500,True,False,False,0.6078461538461538,0.6078461538461538,0.7326153846153847,0.5783027121609798,0.7052817786737748,0.029543441685173977,0.02733360594160983,0.5939774314567994,0.6230361009733144,0.013868722389354438,0.10957928364207026,0.7479501598023299,0.7364615201950073,0.1286153663488535,0.003846135579622656,0.662461519241333,0.054615365395179194,0.07015386537405166,0.8286776542663574,0.2208315004202036,0.09606226965097275,0.8282292485237122,0.22038309467755834,0.09561386390832749,0.7493075180750222,0.14146136422886835,0.016692133459637493
flows_6,corr_source_motion_blur_sev1,14,6500,True,False,False,0.8970769230769231,0.8970769230769231,0.9075384615384615,0.8877481177275839,0.8949268703489986,0.00932880534933922,0.012611591189462867,0.8991833964533568,0.8993328386882652,0.0021064733764336596,0.008205622850196326,0.9347556799134914,0.9418461322784424,0.04476920920151928,0.03430767073998087,0.9289230704307556,0.03184614735383251,0.0213846088922941,0.9573752284049988,0.060298305328075674,0.04983676686653726,0.9569268226623535,0.05984989958543041,0.049388361123892,0.940279692350316,0.04320276927339295,0.03274123081185454
flows_6,corr_source_motion_blur_sev2,15,6500,True,False,False,0.8195384615384615,0.8195384615384615,0.8427692307692307,0.8252304355684077,0.8359497079258718,0.005691974029946145,0.0068195228433589605,0.8256969933852898,0.8257928807981045,0.006158531846828241,0.01697634997112618,0.8906925819365216,0.8983076810836792,0.07876921954521765,0.055538450314448484,0.8769230842590332,0.057384622720571654,0.03415385348980249,0.928613543510437,0.10907508197197546,0.0858443127412063,0.9281651377677917,0.1086266762293302,0.08539590699856103,0.8812299988471886,0.06169153730872701,0.03846076807795784
flows_6,corr_source_motion_blur_sev3,16,6500,True,False,False,0.6772307692307692,0.6772307692307692,0.7423076923076923,0.7287306864854293,0.7541648760425851,0.05149991725466008,0.011857183734892751,0.6846963336707845,0.6881354004781058,0.007465564440015338,0.054172291829586494,0.8110465759503983,0.8158461451530457,0.13861537592227646,0.07353845284535332,0.7649230360984802,0.08769226686771103,0.02261534379078789,0.8743547201156616,0.19712395088489243,0.13204702780796929,0.8739063143730164,0.19667554514224717,0.13159862206532402,0.7587245822482198,0.08149381301745062,0.01641688994052748
flows_6,corr_source_motion_blur_sev4,17,6500,True,False,False,0.5192307692307693,0.5192307692307693,0.6901538461538461,0.6069438491213031,0.667225031467001,0.08771307989053378,0.022928814686845156,0.5066862565413737,0.6814821356161697,0.012544512689395604,0.008671710537676458,0.7190688790879608,0.7116922736167908,0.1924615043860215,0.021538427462944654,0.6296923160552979,0.11046154682452858,0.060461530098548266,0.8110576868057251,0.2918269175749558,0.12090384065187898,0.8106092810630798,0.29137851183231056,0.12045543490923372,0.6395631444932415,0.1203323752624722,0.05059070166060464
flows_6,corr_source_motion_blur_sev5,18,6500,True,False,False,0.43846153846153846,0.43846153846153846,0.6826153846153846,0.47632442569151434,0.682562112770024,0.03786288722997588,5.327184536063623e-05,0.3914007523822485,0.7119008924247455,0.047060786079289985,0.0292855078093609,0.6567007412719545,0.6332307457923889,0.19476920733085046,0.04938463882299571,0.5398461222648621,0.1013845838033236,0.14276926235052256,0.7667312026023865,0.328269664140848,0.08411581798700185,0.7662827968597412,0.32782125839820275,0.08366741224435659,0.5894255828984301,0.1509640444368916,0.09318980171695457
flows_6,corr_source_brightness_sev1,19,6500,True,False,False,0.938923076923077,0.938923076923077,0.9433846153846154,0.925442221854852,0.931321015576501,0.01348085506822494,0.012063599808114334,0.9446250831722505,0.9448104450716737,0.005702006249173497,0.0014258296870582887,0.9628223207818192,0.9693846106529236,0.030461533729846613,0.025999995268308207,0.9641538262367249,0.025230749313647882,0.020769210852109476,0.9760938882827759,0.03717081135969891,0.0327092728981605,0.9756454825401306,0.036722405617053644,0.03226086715551524,0.9668786798215308,0.02795560289845378,0.023494064436915374
flows_6,corr_source_brightness_sev2,20,6500,True,False,False,0.9295384615384615,0.9295384615384615,0.9361538461538461,0.9141329769462079,0.9202346901752111,0.01540548459225366,0.015919155978635025,0.9342150823451506,0.9344237859566683,0.004676620806689069,0.0017300601971778073,0.957134115407709,0.9627692103385925,0.033230748800130994,0.026615364184746415,0.957076907157898,0.027538445619436414,0.020923061004051835,0.9723560810089111,0.0428176194704496,0.03620223485506502,0.9719076752662659,0.042369213727804333,0.035753829112419755,0.9639161616293378,0.03437770009087626,0.027762315475491683
flows_6,corr_source_brightness_sev3,21,6500,True,False,False,0.9172307692307692,0.9172307692307692,0.9226153846153846,0.8990514905149052,0.9109042395240856,0.018179278715864,0.011711145091299002,0.9188518973804761,0.9190983989430207,0.0016211281497069407,0.003516985672363915,0.946869600967596,0.9507691860198975,0.03353841678912828,0.028153801404512846,0.9415384531021118,0.024307683871342634,0.0189230684867272,0.9645705223083496,0.047339753077580426,0.041955137692964994,0.9641221165657043,0.04689134733493516,0.04150673195031973,0.9561320949947479,0.038901325763978756,0.033516710379363324
flows_6,corr_source_brightness_sev4,22,6500,True,False,False,0.8946153846153846,0.8946153846153846,0.9075384615384615,0.8750432675666321,0.8811189924840742,0.019572117048752502,0.0264194690543873,0.89400773910754,0.894164451820842,0.0006076455078446452,0.013374009717619484,0.9325136852495993,0.9367691874504089,0.042153802835024345,0.02923072591194742,0.9241538047790527,0.029538420163668144,0.016615343240591218,0.9555013179779053,0.06088593336252068,0.04796285643944376,0.95505291223526,0.06043752761987542,0.047514450696798494,0.9446203685171841,0.05000498390179953,0.0370819069787226
flows_6,corr_source_brightness_sev5,23,6500,True,False,False,0.8670769230769231,0.8670769230769231,0.8843076923076924,0.841767640769779,0.8568416297847282,0.025309282307144132,0.02746606252296413,0.8586301130570272,0.8587567855609484,0.00844681001989589,0.025550906746743984,0.9120338935630897,0.9239999651908875,0.05692304211396437,0.0396922728831951,0.9052307605743408,0.03815383749741774,0.02092306826664847,0.9440794587135315,0.07700253563660842,0.059771766405839144,0.9436310529708862,0.07655412989396315,0.05932336066319388,0.9265948818600799,0.0595179587831568,0.04228718955238753
flows_6,corr_source_zoom_blur_sev1,24,6500,True,False,False,0.8647692307692307,0.8647692307692307,0.8835384615384615,0.857845721314356,0.8594309779863432,0.006923509454874743,0.024107483552118336,0.8632227250253772,0.8633418216291022,0.0015465057438535101,0.02019663990935927,0.9089149268611109,0.9156922698020935,0.05092303903286277,0.03215380826363201,0.8944615125656128,0.02969228179638206,0.010923051027151298,0.9400307536125183,0.07526152284328758,0.056492292074056816,0.939582347869873,0.07481311710064231,0.05604388633141155,0.9209596824605744,0.056190451691343624,0.03742122092211286
flows_6,corr_source_zoom_blur_sev2,25,6500,True,False,False,0.8098461538461539,0.8098461538461539,0.8358461538461538,0.8138686131386861,0.823089729463381,0.004022459292532199,0.012756424382772802,0.8081351118286013,0.8082984087029272,0.0017110420175525665,0.027547745143226554,0.8755965369129752,0.8827692270278931,0.07292307318173918,0.04692307318173927,0.8507692217826843,0.040923067936530444,0.014923067936530532,0.9174079895019531,0.10756183565579924,0.08156183565579933,0.9169595837593079,0.10711342991315398,0.08111342991315407,0.8877558144454897,0.0779096605993358,0.05190966059933588
flows_6,corr_source_zoom_blur_sev3,26,6500,True,False,False,0.7664615384615384,0.7664615384615384,0.809076923076923,0.7651975683890577,0.7797719770278505,0.0012639700724806913,0.029304946049072522,0.7546355315502804,0.7550295798058108,0.011826006911258014,0.05404734327111227,0.8459793172925215,0.8507692217826843,0.08430768332114591,0.0416922987057613,0.8086153864860535,0.04215384802451505,0.0004615365908695601,0.8974385857582092,0.1309770472966708,0.0883616626812862,0.896990180015564,0.13052864155402555,0.08791325693864094,0.8675841241309444,0.10112258566940602,0.05850720105402141
flows_6,corr_source_zoom_blur_sev4,27,6500,True,False,False,0.7183076923076923,0.7183076923076923,0.7809230769230769,0.71946414499606,0.7509295190176395,0.0011564526883677262,0.02999355790543745,0.7093231655364238,0.7094198946013107,0.008984526771268486,0.07150318232176622,0.8167329480247424,0.8169230818748474,0.0986153895671551,0.03600000495177047,0.761846125125885,0.043538432818192696,0.019076951797191932,0.876338005065918,0.15803031275822566,0.09541492814284103,0.8758895993232727,0.1575819070155804,0.09496652240019576,0.8373882833894942,0.11908059108180191,0.056465206466417284
flows_6,corr_source_zoom_blur_sev5,28,6500,True,False,False,0.6616923076923077,0.6616923076923077,0.7484615384615385,0.6517320058079237,0.7245956225539345,0.009960301884384015,0.023865915907604007,0.6458760660799673,0.6574625163606225,0.01581624161234041,0.09099902210091604,0.7842721495171668,0.7836923003196716,0.12199999262736394,0.03523076185813312,0.7186153531074524,0.0569230454151447,0.02984618535408612,0.8555874228477478,0.1938951151554401,0.10712588438620929,0.8551390171051025,0.19344670941279485,0.10667747864356403,0.804376030787474,0.1426837230951663,0.05591449232593548
flows_6,corr_source_snow_sev1,29,6500,True,False,False,0.858,0.858,0.8790769230769231,0.847926267281106,0.8540889482725712,0.010073732718894002,0.024987974804351887,0.8610182989332978,0.8612159150711259,0.0030182989332978583,0.017861008005797152,0.9096875317625164,0.9156922698020935,0.05769226980209352,0.03661534672517042,0.8961538076400757,0.0381538076400757,0.017076884563152595,0.9411715865135193,0.0831715865135193,0.0620946634365962,0.940723180770874,0.08272318077087404,0.061646257693950934,0.9269696893062656,0.06896968930626557,0.047892766229342465
flows_6,corr_source_snow_sev2,30,6500,True,False,False,0.7187692307692307,0.7187692307692307,0.79,0.7274862960062647,0.7588296193708752,0.008717065237033972,0.031170380629124805,0.7368334974861547,0.7369205641816573,0.01806426671692396,0.053079435818342735,0.8280825140263888,0.8333845734596252,0.11461534269039453,0.04338457345962521,0.7810769081115723,0.06230767734234155,0.00892309188842777,0.8865583539009094,0.1677891231316787,0.09655835390090939,0.8861099481582642,0.16734071738903344,0.09610994815826412,0.8452000542083815,0.1264308234391508,0.05520005420838148
flows_6,corr_source_snow_sev3,31,6500,True,False,False,0.7409230769230769,0.7409230769230769,0.8012307692307692,0.6997399479895979,0.7636311625593523,0.041183128933478974,0.03759960667141693,0.7317464308589152,0.7318374776921035,0.009176646064161686,0.06939329153866569,0.832197355351281,0.8359999656677246,0.0950768887446477,0.03476919643695542,0.780923068523407,0.039999991600330076,0.02030770070736221,0.8878733515739441,0.14695027465086719,0.0866425823431749,0.8874249458312988,0.14650186890822192,0.08619417660052964,0.8577159545902364,0.11679287766715951,0.05648518535946723
flows_6,corr_source_snow_sev4,32,6500,True,False,False,0.648,0.648,0.7552307692307693,0.5723698660224028,0.730196086395253,0.07563013397759721,0.025034682835516242,0.6277937915203267,0.6296145714731842,0.02020620847967336,0.12561619775758504,0.7671711292994818,0.7641538381576538,0.11615383815765379,0.008923068926884548,0.6906153559684753,0.04261535596847532,0.06461541326229392,0.8441619277000427,0.1961619277000427,0.08893115846927346,0.8437135219573975,0.19571352195739744,0.0884827527266282,0.8061251536523438,0.1581251536523438,0.05089438442157457
flows_6,corr_source_snow_sev5,33,6500,True,False,False,0.563076923076923,0.563076923076923,0.716,0.4337349397590361,0.7460286919060513,0.12934198331788693,0.030028691906051286,0.4867850700950217,0.6513700272269395,0.07629185298190133,0.06462997277306048,0.6944719544518515,0.6738461256027222,0.11076920252579914,0.0421538743972778,0.5876923203468323,0.024615397269909245,0.1283076796531677,0.7889685034751892,0.22589158039826618,0.07296850347518924,0.788520097732544,0.22544317465562091,0.07252009773254398,0.7185784819523234,0.1555015588754004,0.0025784819523234637
flows_6,corr_source_defocus_blur_sev1,34,6500,True,False,False,0.8704615384615385,0.8704615384615385,0.8829230769230769,0.8493538679412285,0.8667484948296705,0.02110767052031004,0.016174582093406387,0.8686423950352622,0.8687744601821407,0.001819143426276315,0.01414861674093626,0.9174605918205718,0.9249230623245239,0.05446152386298542,0.041999985401447004,0.9079999923706055,0.03753845390906696,0.025076915447528547,0.9462994337081909,0.07583789524665241,0.063376356785114,0.9458510279655457,0.07538948950400715,0.06292795104246873,0.9164152053456606,0.04595366688412206,0.033492128422583645
flows_6,corr_source_defocus_blur_sev2,35,6500,True,False,False,0.8204615384615385,0.8204615384615385,0.8416923076923077,0.8181818181818181,0.8295958339296309,0.002279720279720343,0.012096473762676863,0.8096367058931632,0.8097139174240217,0.010824832568375298,0.03197839026828608,0.8836262589382772,0.8932307362556458,0.07276919779410729,0.05153842856333801,0.8663076758384705,0.045846137376931995,0.02461536814616272,0.924538791179657,0.10407725271811852,0.08284648348734924,0.9240903854370117,0.10362884697547325,0.08239807774470398,0.879388596514851,0.05892705805331255,0.03769628882254328
flows_6,corr_source_defocus_blur_sev3,36,6500,True,False,False,0.6692307692307692,0.6692307692307692,0.7506153846153846,0.6603462489694971,0.768041793895703,0.008884520261272066,0.017426409280318467,0.631109028668971,0.7127012929311325,0.03812174056179818,0.03791409168425208,0.7933091388139283,0.7961538434028625,0.12692307417209336,0.045538458787477976,0.7310768961906433,0.061846126959874126,0.019538488424741263,0.8613595962524414,0.19212882702167222,0.11074421163705683,0.8609111905097961,0.19168042127902696,0.11029580589441157,0.7559941269146878,0.08676335768391863,0.005378742299303241
flows_6,corr_source_defocus_blur_sev4,37,6500,True,False,False,0.5283076923076923,0.5283076923076923,0.7026153846153846,0.504371836171192,0.7575255025643431,0.02393585613650029,0.0549101179489585,0.47573889168105665,0.7177020602577219,0.0525688006266356,0.015086675642337233,0.7173966478013595,0.7163076996803284,0.1880000073726361,0.013692315064943728,0.6266153454780579,0.0983076531703656,0.07600003913732678,0.8110432028770447,0.2827355105693524,0.10842781826166004,0.8105947971343994,0.28228710482670716,0.10797941251901477,0.6428660634082104,0.11455837110051814,0.059749321207174244
flows_6,corr_source_defocus_blur_sev5,38,6500,True,False,False,0.42738461538461536,0.42738461538461536,0.6996923076923077,0.3477376715810879,0.7847747065517281,0.07964694380352744,0.08508239885942037,0.35583394105399274,0.7353844153642867,0.07155067433062262,0.035692107671978945,0.6493605363836612,0.634461522102356,0.2070769067177406,0.06523078558995177,0.5263077020645142,0.0989230866798988,0.17338460562779356,0.7641875147819519,0.33680289939733654,0.06449520708964418,0.7637391090393066,0.3363544936546913,0.06404680134699892,0.5581289899087508,0.13074437452413545,0.1415633177835569
flows_6,corr_source_glass_blur_sev1,39,6500,True,False,False,0.854,0.854,0.8709230769230769,0.8791170891533023,0.8867815165400043,0.025117089153302352,0.015858439616927344,0.8747120531219187,0.8748384816048591,0.020712053121918705,0.0039154046817821975,0.9174103070269888,0.9250769019126892,0.07107690191268923,0.0541538249896123,0.9110769033432007,0.0570769033432007,0.04015382642012377,0.946053147315979,0.09205314731597902,0.07513007039290209,0.9456047415733337,0.09160474157333376,0.07468166465025683,0.9043885135419585,0.0503885135419585,0.03346543661888157
flows_6,corr_source_glass_blur_sev2,40,6500,True,False,False,0.756,0.756,0.7964615384615384,0.8241678726483357,0.8343065225217116,0.06816787264833568,0.037844984060173115,0.7970717730044875,0.7972053295122907,0.0410717730044875,0.0007437910507522849,0.8678364409032654,0.871999979019165,0.11599997901916503,0.0755384405576266,0.8415384292602539,0.0855384292602539,0.04507689079871546,0.9119179248809814,0.15591792488098144,0.115456386419443,0.9114695191383362,0.15546951913833618,0.11500798067679774,0.8257862406934672,0.06978624069346717,0.029324702231928734
flows_6,corr_source_glass_blur_sev3,41,6500,True,False,False,0.49938461538461537,0.49938461538461537,0.6795384615384615,0.7927191679049034,0.7932369414497552,0.293334552520288,0.11369847991129367,0.6830283569849611,0.7063613431708877,0.18364374160034574,0.026822881632426188,0.7723879147337513,0.7816922664642334,0.282307651079618,0.10215380492577186,0.7192307710647583,0.21984615568014293,0.039692309526296765,0.8502746820449829,0.35089006666036754,0.17073622050652137,0.8498262763023376,0.3504416609177223,0.1702878147638761,0.6148259893178925,0.11544137393327708,0.06471247222056908
flows_6,corr_source_glass_blur_sev4,42,6500,True,False,False,0.41646153846153844,0.41646153846153844,0.6904615384615385,0.7473501638080555,0.7542752108173192,0.3308886253465171,0.06381367235578073,0.6069675684363536,0.6613432203774396,0.19050602997481514,0.029118318084098815,0.7294626411615801,0.7398461699485779,0.32338463148703944,0.04938463148703942,0.6555384397506714,0.23907690128913295,0.03492309871086707,0.823228657245636,0.40676711878409755,0.13276711878409753,0.8227802515029907,0.4063187130414523,0.13231871304145226,0.5563141347448181,0.13985259628327962,0.1341474037167204
flows_6,corr_source_glass_blur_sev5,43,6500,True,False,False,0.3596923076923077,0.3596923076923077,0.7123076923076923,0.6550796606662529,0.691527511031828,0.2953873529739452,0.02078018127586434,0.48549509676102653,0.6626378044306936,0.12580278906871883,0.049669887876998664,0.6649207336229755,0.6603077054023743,0.30061539771006657,0.05199998690531804,0.5606153607368469,0.20092305304453922,0.15169233157084538,0.7788535952568054,0.4191612875644977,0.06654590294911311,0.7784051895141602,0.41871288182185246,0.06609749720646785,0.5140736733683275,0.15438136567601984,0.19823401893936476
flows_6,corr_source_gaussian_noise_sev1,44,6500,True,False,False,0.8776923076923077,0.8776923076923077,0.8955384615384615,0.8885088919288646,0.8892757340640013,0.010816584236556959,0.006262727474460217,0.8940618880046429,0.8940618880046429,0.016369580312335263,0.0014765735338185815,0.9291047952846185,0.935692310333252,0.05800000264094429,0.04015384879479045,0.9229230880737305,0.04523078038142281,0.027384626535268963,0.9534563422203064,0.07576403452799874,0.05791788068184489,0.9530079364776611,0.07531562878535347,0.05746947493919963,0.9349398844566714,0.05724757676436376,0.039401422918209916
flows_6,corr_source_gaussian_noise_sev2,45,6500,True,False,False,0.8115384615384615,0.8115384615384615,0.8432307692307692,0.8438278192813945,0.8470175059247121,0.032289357742932956,0.003786736693942916,0.8404827442214508,0.8404827442214508,0.02894428268298921,0.0027480250093184777,0.8957979289350123,0.9033846259117126,0.0918461643732511,0.06015385668094342,0.8806153535842896,0.06907689204582801,0.03738458435352032,0.9313122034072876,0.11977374186882606,0.08808143417651837,0.9308637976646423,0.11932533612618079,0.0876330284338731,0.899015901113867,0.08747743957540544,0.05578513188309775
flows_6,corr_source_gaussian_noise_sev3,46,6500,True,False,False,0.6933846153846154,0.6933846153846154,0.772,0.75,0.761555751877327,0.05661538461538462,0.010444248122672972,0.7253476849262166,0.7253647236464432,0.03196306954160122,0.0466352763535568,0.8342911146340899,0.8395384550094604,0.14615383962484507,0.06753845500946043,0.7935384511947632,0.1001538358101478,0.021538451194763164,0.8907424211502075,0.19735780576559214,0.1187424211502075,0.8902940154075623,0.19690940002294688,0.11829401540756224,0.8205482167425606,0.12716360135794524,0.0485482167425606
flows_6,corr_source_gaussian_noise_sev4,47,6500,True,False,False,0.51,0.51,0.6918461538461539,0.5632183908045977,0.677015944396625,0.05321839080459767,0.014830209449528842,0.5267939251927886,0.6486833684908816,0.01679392519278855,0.04316278535527229,0.7541368917628216,0.7641538381576538,0.2541538381576538,0.07230768431149992,0.6829230785369873,0.1729230785369873,0.008923075309166584,0.8407998085021973,0.33079980850219726,0.14895365465604338,0.840351402759552,0.330351402759552,0.1485052489133981,0.6707494621377191,0.16074946213771912,0.021096691708434756
flows_6,corr_source_gaussian_noise_sev5,48,6500,True,False,False,0.2775384615384615,0.2775384615384615,0.7530769230769231,0.10936591041303079,0.9311660322206067,0.16817255112543072,0.1780891091436836,0.20357379744317639,0.8248129431756808,0.07396466409528513,0.07173602009875768,0.696718663315142,0.7198461294174194,0.4423076678789579,0.033230793659503655,0.6135384440422058,0.3359999825037443,0.13953847903471728,0.8112973570823669,0.5337588955439054,0.058220434005443855,0.8108489513397217,0.5333104898012602,0.05777202826279859,0.41263621846698806,0.13509775692852655,0.34044070460993503
flows_6,corr_source_shot_noise_sev1,49,6500,True,False,False,0.8721538461538462,0.8721538461538462,0.8916923076923077,0.8854595336076818,0.889322659926939,0.013305687453835646,0.002369647765368632,0.8914666291368868,0.8914666291368868,0.01931278298304062,0.0002256785554208829,0.9271482715842967,0.935076892375946,0.06292304622209988,0.04338458468363837,0.9203076958656311,0.048153849711784935,0.02861538817332343,0.9521703720092773,0.08001652585543118,0.06047806431696967,0.9517219662666321,0.07956812011278591,0.06002965857432441,0.9364643804717167,0.06431053431787048,0.04477207277940898
flows_6,corr_source_shot_noise_sev2,50,6500,True,False,False,0.8043076923076923,0.8043076923076923,0.8307692307692308,0.8326149425287357,0.8343717163637165,0.028307250221043412,0.003602485594485727,0.8251327680712147,0.8251327680712147,0.020825075763522438,0.005636462698016098,0.8872791087221256,0.8970769047737122,0.09276921246601988,0.06630767400448134,0.8727692365646362,0.06846154425694395,0.042000005795405415,0.9262474179267883,0.12193972561909605,0.09547818715755751,0.9257990121841431,0.12149131987645079,0.09502978141491225,0.8918341598706511,0.08752646756295879,0.06106492910142025
flows_6,corr_source_shot_noise_sev3,51,6500,True,False,False,0.6730769230769231,0.6730769230769231,0.7536923076923077,0.7385988744420727,0.758128220119417,0.0655219513651496,0.00443591242710939,0.7175154543428028,0.7177689635237808,0.04443853126587971,0.03592334416852683,0.8319608596814608,0.8396922945976257,0.1666153715207026,0.08599998690531807,0.7935384511947632,0.12046152811784006,0.03984614350245552,0.8890054821968079,0.21592855911988473,0.1353131745045002,0.8885570764541626,0.21548015337723947,0.13486476876185494,0.809296791386466,0.1362198683095429,0.05560448369415838
flows_6,corr_source_shot_noise_sev4,52,6500,True,False,False,0.4592307692307692,0.4592307692307692,0.68,0.5026491591799125,0.7131049125961575,0.043418389949143266,0.03310491259615744,0.4627692774573371,0.6891097637898781,0.0035385082265678713,0.009109763789878045,0.7469139525845636,0.7473846077919006,0.2881538385611314,0.06738460779190059,0.6700000166893005,0.21076924745853132,0.009999983310699512,0.8334493637084961,0.3742185944777269,0.15344936370849604,0.8330009579658508,0.3737701887350816,0.15300095796585078,0.6146782690222925,0.15544749979152328,0.06532173097770755
flows_6,corr_source_shot_noise_sev5,53,6500,True,False,False,0.31323076923076926,0.31323076923076926,0.73,0.2384823848238482,0.8385417910003274,0.07474838440692105,0.10854179100032746,0.2692916673170107,0.7866107841793152,0.04393910191375855,0.0566107841793152,0.7228834521011711,0.7429230809211731,0.42969231169040384,0.012923080921173113,0.6509230732917786,0.3376923040610093,0.07907692670822142,0.82696932554245,0.5137385563116807,0.09696932554244997,0.8265209197998047,0.5132901505690355,0.0965209197998047,0.45950750627436276,0.1462767370435935,0.2704924937256372
flows_6,corr_source_impulse_noise_sev1,54,6500,True,False,False,0.8336923076923077,0.8336923076923077,0.8544615384615385,0.8454706927175845,0.8489427652263408,0.011778385025276727,0.0055187732351976715,0.847245956909543,0.847245956909543,0.01355364921723523,0.007215581551995531,0.899431921921267,0.9092307686805725,0.07553846098826478,0.054769230219034015,0.8858461380004883,0.05215383030818055,0.03138459953894979,0.9349802732467651,0.1012879655544574,0.08051873478522664,0.9345318675041199,0.10083955981181214,0.08007032904258138,0.9168131005887286,0.08312079289642083,0.06235156212719006
flows_6,corr_source_impulse_noise_sev2,55,6500,True,False,False,0.7746153846153846,0.7746153846153846,0.8052307692307692,0.800516700498247,0.8085378832741451,0.025901315882862375,0.003307114043375914,0.7810762657571945,0.7810762657571945,0.006460881141809871,0.02415450347357473,0.8628699008870612,0.8732307553291321,0.09861537071374749,0.06799998609836289,0.8343076705932617,0.059692285977877124,0.029076901362492524,0.9097450375556946,0.13512965294030999,0.10451426832492539,0.9092966318130493,0.13468124719766472,0.10406586258228012,0.8855321886140378,0.11091680399865322,0.08030141938326862
flows_6,corr_source_impulse_noise_sev3,56,6500,True,False,False,0.7093846153846154,0.7093846153846154,0.7683076923076924,0.7351624829733412,0.7633905086758175,0.0257778675887258,0.004917183631874877,0.7165431724183343,0.7165456199089651,0.007158557033718926,0.05176207239872721,0.8279279930461076,0.8296923041343689,0.1203076887497535,0.06138461182667654,0.7839999794960022,0.0746153641113868,0.01569228718830984,0.8850437998771667,0.17565918449255136,0.11673610756947439,0.8845953941345215,0.1752107787499061,0.11628770182682913,0.8423904728473018,0.13300585746268645,0.07408278053960948
flows_6,corr_source_impulse_noise_sev4,57,6500,True,False,False,0.5213846153846153,0.5213846153846153,0.6943076923076923,0.49571858366118954,0.6927452908590841,0.025666031723425797,0.0015624014486081972,0.49884837593720066,0.6387313752735685,0.022536239447414674,0.0555763170341238,0.7316605056811039,0.7366153597831726,0.21523074439855727,0.042307667475480315,0.6463077068328857,0.1249230914482704,0.04799998547480655,0.8238878846168518,0.30250326923223647,0.12958019230915951,0.8234394788742065,0.3020548634895912,0.12913178656651425,0.6926875062741363,0.171302890889521,0.0016201860335559592
flows_6,corr_source_impulse_noise_sev5,58,6500,True,False,False,0.30938461538461537,0.30938461538461537,0.7349230769230769,0.07007125890736343,0.9555954077593033,0.23931335647725194,0.2206723308362264,0.21505123302026918,0.8053606806409267,0.09433338236434619,0.0704376037178498,0.6662376321299219,0.6721538305282593,0.3627692151436439,0.06276924639481762,0.563076913356781,0.25369229797216564,0.1718461635662959,0.7849175333976746,0.4755329180130592,0.04999445647459766,0.7844691276550293,0.47508451227041393,0.049546050731952396,0.4682729194097667,0.1588883040251513,0.2666501575133102
flows_6,corr_source_contrast_sev1,59,6500,True,False,False,0.8864615384615384,0.8864615384615384,0.8986153846153846,0.8869863013698631,0.8889761287811297,0.0005247629083247052,0.009639255834254845,0.8917309583565723,0.8918930220678681,0.005269419895033933,0.006722362547516458,0.9323004986768048,0.9403076767921448,0.05384613833060636,0.04169229217676018,0.927384614944458,0.040923076482919596,0.028769230329073414,0.9563285708427429,0.06986703238120451,0.057713186227358326,0.9558801651000977,0.06941862663855924,0.05726478048471306,0.9289822167594389,0.042520678297900516,0.030366832144054334
flows_6,corr_source_contrast_sev2,60,6500,True,False,False,0.8463076923076923,0.8463076923076923,0.8578461538461538,0.8501680523615779,0.8543887387756365,0.00386036005388557,0.0034574150705173334,0.8490289911789994,0.8491045297032533,0.0027212988713071207,0.008741624142900473,0.9080312763738764,0.9183076620101929,0.07199996970250055,0.06046150816403906,0.8990768790245056,0.0527691867168133,0.0412307251783518,0.9409774541854858,0.09466976187779352,0.08313130033933203,0.9405290484428406,0.09422135613514826,0.08268289459668676,0.8971906354946579,0.05088294318696562,0.039344481648504126
flows_6,corr_source_contrast_sev3,61,6500,True,False,False,0.7469230769230769,0.7469230769230769,0.782,0.7381091050281499,0.7610019678327552,0.008813971894927053,0.02099803216724483,0.7295299806804482,0.7296646757525573,0.017393096242628747,0.052335324247442694,0.8533363492536677,0.8647692203521729,0.11784614342909594,0.08276922035217282,0.8253846168518066,0.07846153992872973,0.04338461685180661,0.9039387106895447,0.15701563376646777,0.12193871068954465,0.9034903049468994,0.1565672280238225,0.12149030494689939,0.8241376634037669,0.07721458648069002,0.0421376634037669
flows_6,corr_source_contrast_sev4,62,6500,True,False,False,0.5055384615384615,0.5055384615384615,0.6887692307692308,0.30729166666666663,0.7565372472156091,0.19824679487179486,0.06776801644637831,0.3699127665795289,0.6758907179816708,0.13562569495893262,0.012878512787560026,0.7203969738184786,0.724307656288147,0.21876919474968548,0.03553842551891617,0.6347692012786865,0.12923073974022503,0.05400002949054428,0.8158039450645447,0.3102654835260832,0.12703471429531388,0.8153555393218994,0.3098170777834379,0.1265863085526686,0.6321477266522741,0.12660926511381265,0.056621504116956656
flows_6,corr_source_contrast_sev5,63,6500,True,False,False,0.2676923076923077,0.2676923076923077,0.7535384615384615,0.0,0.9999487179487179,0.2676923076923077,0.24641025641025638,0.03279585679800989,0.967152861150708,0.23489645089429778,0.21361439961224649,0.5341682883837054,0.5040000081062317,0.23630770041392402,0.2495384534322298,0.3769230842590332,0.10923077656672553,0.3766153772794283,0.6837915182113647,0.41609921051905707,0.06974694332709674,0.6833431124687195,0.4156508047764118,0.07019534906974201,0.41341805330066794,0.14572574560836027,0.34012040823779355
flows_6,corr_source_elastic_transform_sev1,64,6500,True,False,False,0.9132307692307692,0.9132307692307692,0.9210769230769231,0.9016559648529909,0.9072987494650607,0.011574804377778247,0.013778173611862399,0.9203269754856231,0.9205812389203577,0.007096206254853965,0.0004956841565654235,0.9464919412157902,0.9524615406990051,0.03923077146823595,0.031384617622082,0.9459999799728394,0.032769210742070176,0.02492305689591623,0.9654648900032043,0.052234120772435166,0.04438796692628122,0.9650164842605591,0.0517857150297899,0.043939561183635956,0.953872698279003,0.04064192904823383,0.03279577520207988
flows_6,corr_source_elastic_transform_sev2,65,6500,True,False,False,0.7481538461538462,0.7481538461538462,0.7913846153846154,0.8060249816311535,0.8235816465233007,0.05787113547730738,0.03219703113868533,0.8089048138946326,0.8091436167481089,0.06075096774078648,0.01775900136349351,0.8693274374129947,0.8787692189216614,0.1306153727678152,0.08738460353704602,0.8436923027038574,0.09553845655001125,0.05230768731924207,0.9137758016586304,0.1656219555047842,0.12239118627401502,0.9133273959159851,0.16517354976213894,0.12194278053136975,0.8241463031218956,0.07599245696804946,0.032761687737280276
flows_6,corr_source_elastic_transform_sev3,66,6500,True,False,False,0.837076923076923,0.837076923076923,0.8624615384615385,0.8294615523140645,0.8447172784311138,0.007615370762858564,0.01774426003042473,0.8477624966697941,0.8479355555982422,0.010685573592871034,0.014525982863296316,0.9004951048355908,0.9039999842643738,0.06692306118745073,0.04153844580283528,0.8850768804550171,0.04799995737809404,0.022615341993478588,0.9343564510345459,0.09727952795762285,0.0718949125730074,0.9339080452919006,0.09683112221497758,0.07144650683036213,0.8881994774140178,0.05112255433709478,0.025737938952479333
flows_6,corr_source_elastic_transform_sev4,67,6500,True,False,False,0.7427692307692307,0.7427692307692307,0.798923076923077,0.7531172069825436,0.7957661212501879,0.010347976213312848,0.0031569556728890946,0.7742310785300652,0.7744910103843388,0.031461847760834494,0.024432066538738195,0.8490642369988454,0.850615382194519,0.1078461514252883,0.051692305271442085,0.8116922974586487,0.06892306668941794,0.012769220535571724,0.8984506130218506,0.15568138225261985,0.09952753609877363,0.8980022072792053,0.15523297650997459,0.09907913035612836,0.8202233483721619,0.0774541176029312,0.021300271449084973
flows_6,corr_source_elastic_transform_sev5,68,6500,True,False,False,0.5355384615384615,0.5355384615384615,0.722,0.6378876781223806,0.7136536182530779,0.10234921658391904,0.008346381746922038,0.6134232945168241,0.6488858736212855,0.07788483297836257,0.0731141263787145,0.7439547448621974,0.7410768866539001,0.20553842511543863,0.01907688665390017,0.6660000085830688,0.13046154704460733,0.05599999141693113,0.8286716341972351,0.2931331726587736,0.10667163419723513,0.8282232284545898,0.2926847669161283,0.10622322845458987,0.6996826112921688,0.16414414975370728,0.022317388707831176
flows_6,corr_source_pixelate_sev1,69,6500,True,False,False,0.9001538461538462,0.9001538461538462,0.9098461538461539,0.9070119387926686,0.9101844989535208,0.006858092638822422,0.0003383451073669663,0.9148247368158514,0.9150048712028551,0.01467089066200522,0.005158717356701259,0.942847341280889,0.9469230771064758,0.04676923095262964,0.03707692326032197,0.937999963760376,0.03784611760652978,0.028153809914222117,0.9621759057044983,0.0620220595506521,0.05232975185834443,0.961727499961853,0.061573653808006834,0.05188134611569917,0.9439851428175668,0.043831296663720654,0.03413898897141299
flows_6,corr_source_pixelate_sev2,70,6500,True,False,False,0.8867692307692308,0.8867692307692308,0.8976923076923077,0.9038785834738617,0.9062361555041865,0.017109352704630987,0.00854384781187878,0.9038477842854685,0.9040078785915505,0.01707855351623777,0.006315570899242839,0.9358593263726516,0.9430769085884094,0.05630767781917867,0.045384600896101746,0.932769238948822,0.04600000817959127,0.03507693125651434,0.9581374526023865,0.07136822183315572,0.060445144910078796,0.9576890468597412,0.07091981609051046,0.05999673916743353,0.9343153679623134,0.04754613719308265,0.036623060270005725
flows_6,corr_source_pixelate_sev3,71,6500,True,False,False,0.8075384615384615,0.8075384615384615,0.8318461538461538,0.8594490261449377,0.8640413550203627,0.05191056460647614,0.03219520117420893,0.8354975918814038,0.8356711100771659,0.027959130342942284,0.003824956231012089,0.8940096759632168,0.9012307524681091,0.09369229092964759,0.06938459862195534,0.8786153793334961,0.07107691779503456,0.0467692254873423,0.9299646615982056,0.12242620005974403,0.09811850775205178,0.9295162558555603,0.12197779431709876,0.09767010200940651,0.8725638055002554,0.06502534396179382,0.04071765165410157
flows_6,corr_source_pixelate_sev4,72,6500,True,False,False,0.678,0.678,0.7798461538461539,0.804487768990252,0.8073580141422781,0.12648776899025194,0.02751186029612429,0.7537288770592439,0.7537708084622469,0.0757288770592438,0.02607534538390699,0.8381016281978183,0.8426153659820557,0.16461536598205562,0.06276921213590181,0.7984614968299866,0.12046149682998653,0.018615342983832717,0.8918740749359131,0.21387407493591304,0.11202792108975923,0.8914256691932678,0.21342566919326778,0.11157951534711397,0.763565520739775,0.08556552073977497,0.01628063310637884
flows_6,corr_source_pixelate_sev5,73,6500,True,False,False,0.5861538461538461,0.5861538461538461,0.7478461538461538,0.771962969960325,0.7780045032645858,0.18580912380647885,0.030158349418431984,0.7194783288516982,0.7195202565073221,0.13332448269785202,0.02832589733883173,0.8029000465400025,0.8036922812461853,0.21753843509233917,0.055846127400031476,0.7506153583526611,0.164461512198815,0.0027692045065073057,0.8684598803520203,0.2823060341981741,0.12061372650586644,0.868011474609375,0.28185762845552886,0.12016532076322117,0.6849436789232748,0.09878983276942865,0.06290247492287904
flows_6,corr_source_jpeg_compression_sev1,74,6500,True,False,False,0.9106153846153846,0.9106153846153846,0.9192307692307692,0.9064602960969046,0.9100785438587294,0.00415508851848001,0.009152225372039746,0.920312590470942,0.9205020368006434,0.009697205855557445,0.0012712675698741682,0.9465500830083705,0.9513846039772034,0.040769219361818765,0.032153834746434184,0.94338458776474,0.032769203149355386,0.024153818533970806,0.9647691249847412,0.05415374036935661,0.045538355753972026,0.964320719242096,0.05370533462671134,0.04508995001132676,0.9498796857417502,0.039264301126365586,0.030648916510981006
flows_6,corr_source_jpeg_compression_sev2,75,6500,True,False,False,0.898,0.898,0.9070769230769231,0.8947457915320524,0.898319181808783,0.0032542084679476613,0.008757741268140107,0.9036588409356319,0.9037751099003084,0.005658840935631848,0.0033018131766147096,0.9363566744091835,0.94338458776474,0.04538458776473997,0.036307664687816876,0.9316923022270203,0.03369230222702024,0.02461537915009715,0.9586618542671204,0.06066185426712034,0.05158493119019725,0.9582134485244751,0.06021344852447508,0.051136525447551984,0.9411358964267894,0.04313589642678939,0.034058973349866295
flows_6,corr_source_jpeg_compression_sev3,76,6500,True,False,False,0.8793846153846154,0.8793846153846154,0.8947692307692308,0.8750432675666321,0.8816800017657619,0.004341347817983343,0.013089229003468872,0.8848075811161076,0.8848936128162386,0.0054229657314921464,0.009875617952992188,0.9256557036747679,0.9298461079597473,0.05046149257513188,0.03507687719051655,0.9164615273475647,0.037076911962949266,0.021692296578333936,0.9505273103713989,0.0711426949867835,0.055758079602168165,0.9500789046287537,0.07069428924413823,0.0553096738595229,0.9284258952537128,0.04904127986909734,0.03365666448448201
flows_6,corr_source_jpeg_compression_sev4,77,6500,True,False,False,0.823076923076923,0.823076923076923,0.846,0.8411481547512926,0.8472666839132277,0.018071231674369526,0.0012666839132277063,0.8325732691597476,0.8326064976109511,0.00949634608282457,0.013393502389048906,0.8899005964375893,0.8959999680519104,0.07292304497498736,0.049999968051910426,0.8701538443565369,0.047076921279613826,0.02415384435653689,0.9278270602226257,0.1047501371457027,0.08182706022262576,0.9273786544799805,0.10430173140305743,0.0813786544799805,0.8863087173584632,0.06323179428154013,0.0403087173584632
flows_6,corr_source_jpeg_compression_sev5,78,6500,True,False,False,0.7104615384615385,0.7104615384615385,0.7749230769230769,0.782999438307433,0.7931556747056836,0.07253789984589454,0.018232597782606663,0.7403965412305873,0.740500025223555,0.029935002769048813,0.03442305169952198,0.822914572935886,0.8296923041343689,0.11923076567283042,0.05476922721129196,0.7770769000053406,0.0666153615438021,0.0021538230822636395,0.8828717470169067,0.17241020855536826,0.1079486700938298,0.8824233412742615,0.171961802812723,0.10750026435118454,0.7951662973281877,0.08470475886664919,0.02024322040511073
flows_6,corr_source_speckle_noise_sev1,79,6500,True,False,False,0.8884615384615384,0.8884615384615384,0.9026153846153846,0.9009130875887724,0.9009130875887724,0.012451549127234007,0.0017022970266121762,0.9042484824197524,0.9042484824197524,0.015786943958214006,0.0016330978043678224,0.9356466635997901,0.944615364074707,0.05615382561316862,0.041999979459322434,0.9343076944351196,0.045846155973581215,0.03169230981973503,0.958344578742981,0.06988304028144254,0.05572919412759636,0.9578961730003357,0.06943463453879728,0.055280788384951096,0.941658867756639,0.05319732929510057,0.03904348314125439
flows_6,corr_source_speckle_noise_sev2,80,6500,True,False,False,0.8544615384615385,0.8544615384615385,0.8667692307692307,0.876210235131397,0.8779583582790061,0.02174869666985846,0.01118912750977541,0.874059601014372,0.874059601014372,0.019598062552833473,0.007290370245141231,0.9158465023265508,0.9233846068382263,0.06892306837668782,0.05661537606899558,0.9079999923706055,0.053538453909066974,0.04123076160137473,0.9440701603889465,0.08960862192740804,0.0773009296197158,0.9436217546463013,0.08916021618476277,0.07685252387707053,0.9225862515218268,0.06812471306028833,0.05581702075259609
flows_6,corr_source_speckle_noise_sev3,81,6500,True,False,False,0.7136923076923077,0.7136923076923077,0.7706153846153846,0.7827715355805243,0.7891073238562782,0.06907922788821652,0.01849193924089365,0.7497926362291759,0.7501120605793795,0.036100328536868176,0.020503324036005077,0.8508717396181843,0.8569230437278748,0.14323073603556702,0.08630765911249016,0.8204615116119385,0.10676920391963074,0.049846126996553886,0.9009156823158264,0.18722337462351868,0.13030029770044183,0.9004672765731812,0.18677496888087342,0.12985189195779656,0.8310340362664174,0.11734172857410963,0.06041865165103277
flows_6,corr_source_speckle_noise_sev4,82,6500,True,False,False,0.6152307692307692,0.6152307692307692,0.7246153846153847,0.6863379143088116,0.7306194124553334,0.07110714507804239,0.006004027839948689,0.6583562788377247,0.6702156618549321,0.04312550960695549,0.054399722760452573,0.8169215160006787,0.8247691988945007,0.20953842966373148,0.10015381427911607,0.7727692127227783,0.15753844349200907,0.04815382810739366,0.8802297711372375,0.2649990019064683,0.1556143865218529,0.8797813653945923,0.26455059616382304,0.15516598077920762,0.7555199645603914,0.14028919532962214,0.030904579945006727
flows_6,corr_source_speckle_noise_sev5,83,6500,True,False,False,0.4896923076923077,0.4896923076923077,0.6846153846153846,0.5945945945945945,0.7115863826411357,0.10490228690228681,0.02697099802575109,0.5334539622951102,0.6692680921832809,0.04376165460280251,0.015347292432103754,0.7817687786866299,0.7987692356109619,0.3090769279186542,0.11415385099557729,0.7306153774261475,0.24092306973383976,0.045999992810762835,0.8590357303619385,0.36934342266963077,0.17442034574655385,0.8585873246192932,0.3688950169269855,0.1739719400039086,0.6455413815548598,0.15584907386255215,0.039074003060524776
flows_6,corr_source_spatter_sev1,84,6500,True,False,False,0.9306153846153846,0.9306153846153846,0.938,0.9168471921346443,0.9194161185113041,0.013768192480740349,0.01858388148869583,0.9332916215619181,0.9335306108333992,0.0026762369465335167,0.004469389166600779,0.9561674426310691,0.964769184589386,0.034153799974001364,0.02676918458938604,0.9564615488052368,0.025846164189852194,0.01846154880523687,0.9723966121673584,0.041781227551973776,0.034396612167358454,0.9719482064247131,0.04133282180932851,0.03394820642471319,0.9604540779346112,0.029838693319226617,0.022454077934611294
flows_6,corr_source_spatter_sev2,85,6500,True,False,False,0.8821538461538462,0.8821538461538462,0.9007692307692308,0.8703510601320821,0.8748877110717764,0.0118027860217641,0.025881519697454336,0.8786620327422957,0.8788155488773522,0.0034918134115504706,0.021953681891878518,0.9206162245178717,0.9247692227363586,0.042615376582512465,0.023999991967127876,0.9067692160606384,0.02461536990679225,0.005999985291407661,0.9477011561393738,0.0655473099855276,0.04693192537014301,0.9472527503967285,0.06509890424288234,0.04648351962749775,0.9363347276193487,0.054180881465502484,0.035565496850117895
flows_6,corr_source_spatter_sev3,86,6500,True,False,False,0.8355384615384616,0.8355384615384616,0.8658461538461538,0.832195472511678,0.843941356538537,0.0033429890267835383,0.021904797307616852,0.8401970336674665,0.8405854288622784,0.00465857212900489,0.025260724983875438,0.8965112134939877,0.9027692079544067,0.06723074641594518,0.03692305410825292,0.8775384426116943,0.04199998107323277,0.011692288765540515,0.9321613311767578,0.09662286963829625,0.06631517733060399,0.9317129254341125,0.09617446389565099,0.06586677158795873,0.9097240741435635,0.07418561260510192,0.04387792029740967
flows_6,corr_source_spatter_sev4,87,6500,True,False,False,0.7290769230769231,0.7290769230769231,0.7715384615384615,0.7749717301168488,0.7914725936018072,0.04589480703992577,0.01993413206334571,0.7725100051710627,0.77254997062885,0.04343308209413965,0.001011509090388496,0.859112945866498,0.8679999709129333,0.13892304783601028,0.09646150937447184,0.8330768942832947,0.10399997120637161,0.06153843274483317,0.9066047072410583,0.17752778416413528,0.13506624570259684,0.9061563014984131,0.17707937842149002,0.13461783995995158,0.8292214593944945,0.10014453631757148,0.057682997856033036
flows_6,corr_source_spatter_sev5,88,6500,True,False,False,0.6276923076923077,0.6276923076923077,0.7192307692307692,0.6793986184477854,0.7750202849892032,0.051706310755477713,0.05578951575843394,0.6904888139478353,0.6904888139478353,0.06279650625552768,0.028741955282933884,0.8234783126139453,0.827846109867096,0.2001538021747883,0.10861534063632672,0.785076916217804,0.1573846085254963,0.06584614698703473,0.8823151588439941,0.2546228511516865,0.1630843896132249,0.8818667531013489,0.2541744454090412,0.16263598387057965,0.7626054263123722,0.1349131186200645,0.04337465708160293
flows_6,corr_source_gaussian_blur_sev1,89,6500,True,False,False,0.9166153846153846,0.9166153846153846,0.9244615384615384,0.899796885578876,0.902789295257831,0.01681849903650856,0.02167224320370742,0.9169390083767651,0.9171630210656485,0.0003236237613805093,0.007298517395889936,0.9457389788118781,0.9524615406990051,0.03584615608362052,0.02800000223746668,0.9424615502357483,0.02584616562036368,0.018000011774209845,0.9646071791648865,0.047991794549501865,0.04014564070334803,0.9641587734222412,0.0475433888068566,0.039697234960702765,0.9499500564591563,0.0333346718437717,0.025488517997617866
flows_6,corr_source_gaussian_blur_sev2,90,6500,True,False,False,0.8432307692307692,0.8432307692307692,0.8633846153846154,0.8277727682596934,0.8497896216682593,0.015458000971075858,0.013594993716356085,0.8365613277639534,0.8369645879893954,0.006669441466815806,0.02642002739521998,0.900720338806848,0.9110769033432007,0.06784613411243146,0.04769228795858527,0.8880000114440918,0.04476924221332257,0.02461539605947638,0.9357109665870667,0.09248019735629742,0.07232635120245123,0.9352625608444214,0.09203179161365216,0.07187794545980597,0.8963620205339375,0.053131251303168314,0.032977405149322125
flows_6,corr_source_gaussian_blur_sev3,91,6500,True,False,False,0.7246153846153847,0.7246153846153847,0.7801538461538462,0.7383540372670807,0.7888951989942037,0.013738652651696048,0.008741352840357486,0.7097713733061356,0.7292643246888124,0.014844011309249061,0.05088952146503378,0.830716965790198,0.8352307677268982,0.11061538311151353,0.055076921573051996,0.786307692527771,0.061692307912386335,0.006153846373924798,0.8867747187614441,0.16215933414605943,0.1066208726075979,0.8863263130187988,0.16171092840341417,0.10617246686495263,0.802520368008487,0.07790498339310237,0.02236652185464083
flows_6,corr_source_gaussian_blur_sev4,92,6500,True,False,False,0.5778461538461539,0.5778461538461539,0.7253846153846154,0.6057486057486057,0.7408865468083345,0.027902451902451775,0.01550193142371914,0.560171988902201,0.7005769241807241,0.017674164943952908,0.024807691203891258,0.7531213746424149,0.7526153922080994,0.17476923836194547,0.02723077682348396,0.6793845891952515,0.10153843534909757,0.04600002618936394,0.8361855149269104,0.2583393610807565,0.110800899542295,0.8357371091842651,0.25789095533811124,0.11035249379964973,0.6848646062444329,0.10701845239827901,0.0405200091401825
flows_6,corr_source_gaussian_blur_sev5,93,6500,True,False,False,0.36015384615384616,0.36015384615384616,0.7170769230769231,0.27586206896551724,0.8167654006522437,0.08429177718832892,0.09968847757532062,0.34121605175033937,0.72398714354497,0.01893779440350679,0.0069102204680469015,0.6320958286868648,0.6235384345054626,0.2633845883516165,0.09353848857146041,0.5006153583526611,0.14046151219881498,0.21646156472426192,0.7554929256439209,0.39533907949007474,0.03841600256699784,0.7550445199012756,0.3948906737474295,0.03796759682435258,0.5081504997117297,0.1479966535578835,0.2089264233651934
flows_6,corr_source_saturate_sev1,94,6500,True,False,False,0.9138461538461539,0.9138461538461539,0.9206153846153846,0.9014703396991719,0.9040957500663033,0.012375814146981967,0.01651963454908134,0.913751277571786,0.9138556085497032,9.487627436788326e-05,0.006759776065681455,0.9443185643431418,0.9498461484909058,0.0359999946447519,0.02923076387552115,0.942153811454773,0.028307657608619086,0.021538426839388336,0.9641406536102295,0.05029449976407563,0.04352526899484488,0.9636922478675842,0.049846094021430365,0.043076863252199615,0.9497754605106526,0.035929306664498784,0.029160075895268034
flows_6,corr_source_saturate_sev2,95,6500,True,False,False,0.8956923076923077,0.8956923076923077,0.9044615384615384,0.8796966563254051,0.8878068800526858,0.01599565136690262,0.016654658408852607,0.8922036069327874,0.8922340501217012,0.0034887007595202357,0.012227488339837222,0.9306627072358086,0.9367691874504089,0.04107687975810126,0.03230764898887051,0.9236922860145569,0.027999978322249208,0.019230747553018457,0.9543037414550781,0.05861143376277045,0.0498422029935397,0.9538553357124329,0.058163028020125185,0.04939379725089443,0.9381959788799301,0.04250367118762244,0.03373444041839169
flows_6,corr_source_saturate_sev3,96,6500,True,False,False,0.9278461538461539,0.9278461538461539,0.9312307692307692,0.9124979086498244,0.9144709346239884,0.01534824519632949,0.016759834606780766,0.9334292619628137,0.9336492827231514,0.005583108116659852,0.0024185134923822016,0.9552473880484802,0.9615384340286255,0.03369228018247161,0.030307664797856293,0.9546153545379639,0.02676920069180999,0.023384585307194672,0.9715543985366821,0.04370824469052825,0.040323629305912934,0.9711059927940369,0.04325983894788299,0.03987522356326767,0.962857459247795,0.0350113054016411,0.03162669001702578
flows_6,corr_source_saturate_sev4,97,6500,True,False,False,0.8824615384615384,0.8824615384615384,0.8992307692307693,0.8618455611976887,0.8732115350502722,0.020615977263849672,0.02601923418049712,0.8852175233550806,0.8854306923124109,0.0027559848935422293,0.013800076918358384,0.9273035782644775,0.9335384368896484,0.05107689842811003,0.03430766765887916,0.9179999828338623,0.035538444372323896,0.018769213603093027,0.9522345066070557,0.06977296814551726,0.053003737376286386,0.9517861008644104,0.06932456240287199,0.05255533163364112,0.9425589414376686,0.0600974029761302,0.04332817220689933
flows_6,corr_source_saturate_sev5,98,6500,True,False,False,0.8127692307692308,0.8127692307692308,0.8473846153846154,0.8162447641595338,0.8353844106283379,0.0034755333903030428,0.0120002047562775,0.8197835498668713,0.8199617748804197,0.007014319097640498,0.027422840504195745,0.891708884756828,0.8999999761581421,0.08723074538891129,0.05261536077352669,0.8735384345054626,0.06076920373623185,0.026153819120847244,0.9283424615859985,0.11557323081676774,0.08095784620138313,0.9278940558433533,0.11512482507412247,0.08050944045873787,0.896524930970265,0.08375570020103418,0.049140315585649574
flows_6,corr_target_fog_sev1,99,6500,False,True,False,0.686,0.686,0.746,0.7169364390051322,0.7736588048094246,0.0309364390051321,0.02765880480942462,0.7574019405042167,0.7574498085535958,0.07140194050421667,0.011449808553595786,0.8556717112556448,0.8656923174858093,0.17969231748580927,0.11969231748580933,0.8304615020751953,0.14446150207519526,0.08446150207519532,0.9047119617462158,0.21871196174621577,0.15871196174621582,0.9042635560035706,0.2182635560035705,0.15826355600357056,0.8328905634612017,0.14689056346120166,0.08689056346120172
flows_6,corr_target_fog_sev2,100,6500,False,True,False,0.6538461538461539,0.6538461538461539,0.7303076923076923,0.6823434015811879,0.753796162376155,0.028497247735034037,0.023488470068462663,0.7231398143912098,0.7233160496945206,0.06929366054505592,0.006991642613171756,0.8377802769388268,0.845230758190155,0.19138460434400117,0.1149230658824627,0.8059999942779541,0.15215384043180025,0.07569230197026178,0.892879068851471,0.2390329150053171,0.16257137654377862,0.8924306631088257,0.23858450926267183,0.16212297080113336,0.8088233594273877,0.15497720558123385,0.07851566711969538
flows_6,corr_target_fog_sev3,101,6500,False,True,False,0.6115384615384616,0.6115384615384616,0.7093846153846154,0.6376021798365121,0.714735678383699,0.026063718298050542,0.005351062999083611,0.6696411533024051,0.669866321216653,0.05810269176394356,0.039518294167962376,0.8099654528883637,0.8190768957138062,0.20753843417534457,0.10969228032919076,0.7699999809265137,0.15846151938805209,0.06061536554189828,0.8750548362731934,0.2635163747347318,0.16567022088857797,0.8746064305305481,0.2630679689920865,0.1652218151459327,0.78274312879746,0.1712046672589984,0.0733585134128446
flows_6,corr_target_fog_sev4,102,6500,False,True,False,0.5832307692307692,0.5832307692307692,0.7026153846153846,0.5670194003527337,0.7270004000715611,0.016211368878035537,0.02438501545617644,0.6285786164611067,0.6285786164611067,0.04534784723033747,0.07403676815427795,0.7833283929876026,0.7832307815551758,0.20000001232440656,0.08061539693979114,0.7260000109672546,0.14276924173648542,0.023384626351869997,0.8554481267929077,0.2722173575621385,0.15283274217752307,0.8549997210502625,0.27176895181949323,0.1523843364348778,0.7568403847091395,0.17360961547837028,0.05422500009375486
flows_6,corr_target_fog_sev5,103,6500,False,True,False,0.4866153846153846,0.4866153846153846,0.6953846153846154,0.4419942473633749,0.7238160090468815,0.044621137252009724,0.028431393662266102,0.49986491307441056,0.6330173077081781,0.013249528459025939,0.06236730767643728,0.7059793151833612,0.6984615325927734,0.21184614797738882,0.0030769172081580587,0.60707688331604,0.12046149870065542,0.08830773206857534,0.8013178706169128,0.3147024860015282,0.10593325523229746,0.8008694648742676,0.31425408025888296,0.1054848494896522,0.6864917760382472,0.19987639142286256,0.008892839346368198
flows_6,corr_target_frost_sev1,104,6500,False,True,False,0.6952307692307692,0.6952307692307692,0.7533846153846154,0.7252402431849383,0.7755706361428901,0.030009473954169086,0.022186020758274694,0.7604430593233428,0.7604430593233428,0.06521229009257357,0.0070584439387273434,0.8463145492497415,0.8560000061988831,0.16076923696811385,0.10261539081426763,0.8133845925331116,0.11815382330234236,0.05999997714849614,0.8984668850898743,0.20323611585910506,0.14508226970525884,0.898018479347229,0.2027877101164598,0.14463386396261357,0.8484344160762135,0.1532036468454443,0.09504980069159807
flows_6,corr_target_frost_sev2,105,6500,False,True,False,0.6123076923076923,0.6123076923076923,0.711076923076923,0.6295593506219692,0.7155162288204224,0.017251658314276885,0.004439305743499378,0.6729554343757886,0.6737745875667942,0.06064774206809631,0.03730233551012885,0.7900353892317018,0.7973846197128296,0.18507692740513726,0.08630769663590654,0.7364615201950073,0.124153827887315,0.025384597118084273,0.8626577258110046,0.2503500335033123,0.1515808027340816,0.8622093200683594,0.24990162776066704,0.15113239699143632,0.7862632620141956,0.17395556970650328,0.07518633893727256
flows_6,corr_target_frost_sev3,106,6500,False,True,False,0.5358461538461539,0.5358461538461539,0.6961538461538461,0.5507246376811594,0.690846067722164,0.014878483835005563,0.005307778431682175,0.5930381615029165,0.5996274569604764,0.05719200765676269,0.09652638919336975,0.73848483311023,0.7393845915794373,0.2035384377332834,0.04323074542559113,0.6569230556488037,0.12107690180264985,0.03923079050504241,0.8262656331062317,0.29041947926007783,0.13011178695238557,0.8258172273635864,0.28997107351743256,0.1296633812097403,0.7297157639883758,0.19386961014222193,0.033561917834529664
flows_6,corr_target_frost_sev4,107,6500,False,True,False,0.5230769230769231,0.5230769230769231,0.69,0.5432541461228149,0.6622862651490815,0.020177223045891757,0.027713734850918437,0.5790694056916804,0.587614870804537,0.05599248261475731,0.10238512919546294,0.7310594452578071,0.7327691912651062,0.2096922681881831,0.042769191265106254,0.651692271232605,0.12861534815568187,0.038307728767394966,0.8221592307090759,0.2990823076321528,0.13215923070907598,0.8217108249664307,0.29863390188950756,0.13171082496643072,0.7183355756230141,0.19525865254609098,0.028335575623014142
flows_6,corr_target_frost_sev5,108,6500,False,True,False,0.47323076923076923,0.47323076923076923,0.6812307692307692,0.471307619943556,0.6688662242302881,0.0019231492872132105,0.01236454500048112,0.5197384942430038,0.589090541890216,0.046507725012234546,0.09214022734055316,0.6944633772279462,0.6821538209915161,0.20892305176074688,0.000923051760746918,0.5904615521430969,0.11723078291232769,0.09076921708767227,0.7949575185775757,0.32172674934680645,0.11372674934680649,0.7945091128349304,0.3212783436041612,0.11327834360416122,0.6800421309367382,0.20681136170596892,0.0011886382940310414
flows_6,corr_target_motion_blur_sev1,109,6500,False,True,False,0.701076923076923,0.701076923076923,0.7496923076923077,0.7651975683890577,0.8033807588648887,0.06412064531213468,0.05368845117258103,0.7732225392116103,0.77366338422452,0.07214561613468728,0.02397107653221231,0.8608503902447773,0.871999979019165,0.170923055942242,0.12230767132685738,0.8433846235275269,0.1423077004506038,0.0936923158352192,0.9081985950469971,0.20712167197007403,0.1585062873546894,0.9077501893043518,0.20667326622742876,0.15805788161204415,0.8510762959352722,0.1499993728583492,0.10138398824296457
flows_6,corr_target_motion_blur_sev2,110,6500,False,True,False,0.6295384615384615,0.6295384615384615,0.7096923076923077,0.7020766773162938,0.7616510138821976,0.07253821577783226,0.05195870618988985,0.7005691468848283,0.7006292242365741,0.0710306853463668,0.00906308345573359,0.8220140299008071,0.8318461179733276,0.20230765643486615,0.1221538102810199,0.7887692451477051,0.1592307836092436,0.07907693745539734,0.8821092844009399,0.25257082286247845,0.1724169767086322,0.8816608786582947,0.2521224171198332,0.17196857096598694,0.7995404988113199,0.17000203727285845,0.08984819111901221
flows_6,corr_target_motion_blur_sev3,111,6500,False,True,False,0.5136923076923077,0.5136923076923077,0.6721538461538461,0.6520116134384073,0.6928631507929301,0.13831930574609963,0.020709304639084047,0.5853347823526376,0.6602817856899547,0.07164247466032991,0.011872060463891443,0.7511823982398538,0.7561538219451904,0.24246151425288276,0.08399997579134433,0.6836922764778137,0.16999996878550605,0.011538430323967619,0.8348524570465088,0.3211601493542011,0.1626986108926627,0.8344040513038635,0.32071174361155586,0.16225020515001742,0.7034281956186597,0.189735887926352,0.031274349464813556
flows_6,corr_target_motion_blur_sev4,112,6500,False,True,False,0.40107692307692305,0.40107692307692305,0.6755384615384615,0.5064338235294117,0.647056784888831,0.10535690045248863,0.028481676649630527,0.42727982224524674,0.6652053167596733,0.02620289916832369,0.010333144778788217,0.6690239858743466,0.6613845825195312,0.2603076594426082,0.014153879018930282,0.5615384578704834,0.16046153479356035,0.11400000366797813,0.7786188721656799,0.3775419490887569,0.1030804106272184,0.7781704664230347,0.3770935433461116,0.10263200488457314,0.6030396963015039,0.20196277322458084,0.07249876523695764
flows_6,corr_target_motion_blur_sev5,113,6500,False,True,False,0.3526153846153846,0.3526153846153846,0.690923076923077,0.40255591054313095,0.6623328640045064,0.04994052592774634,0.028590212918570557,0.33135596336328227,0.716965908036443,0.02125942125210234,0.026042831113366027,0.6123408451578601,0.5896922945976257,0.23707690998224112,0.10123078232545124,0.4755384624004364,0.12292307778505179,0.21538461452264057,0.7361245155334473,0.38350913091806266,0.04520143861037029,0.735676109790802,0.3830607251754174,0.04475303286772503,0.5680603124327013,0.21544492781731667,0.1228627644903757
flows_6,corr_target_brightness_sev1,114,6500,False,True,False,0.7618461538461538,0.7618461538461538,0.7906153846153846,0.8123515439429929,0.837365467185783,0.050505390096839076,0.046750082570398366,0.8332925984394192,0.8332925984394192,0.07144644459326532,0.042677213824034554,0.8896829575653629,0.898769199848175,0.1369230460020212,0.10815381523279044,0.8775384426116943,0.1156922887655405,0.08692305799630973,0.9272820353507996,0.16543588150464572,0.13666665073541495,0.9268336296081543,0.16498747576200046,0.1362182449927697,0.8985742617258803,0.13672810787972645,0.10795887711049568
flows_6,corr_target_brightness_sev2,115,6500,False,True,False,0.7609230769230769,0.7609230769230769,0.7873846153846153,0.7985212569316081,0.8229826722327527,0.03759818000853121,0.03559805684813733,0.8212602982193883,0.8212602982193883,0.06033722129631136,0.033875682834772936,0.884954877468728,0.8916922807693481,0.13076920384627122,0.1043076653847328,0.8703076839447021,0.10938460702162522,0.0829230685600868,0.9245076179504395,0.16358454102736253,0.1371230025658241,0.9240592122077942,0.16313613528471727,0.13667459682317884,0.9002447446110714,0.13932166768799448,0.11286012922645605
flows_6,corr_target_brightness_sev3,116,6500,False,True,False,0.7443076923076923,0.7443076923076923,0.7766153846153846,0.771962969960325,0.808413298284251,0.027655277652632648,0.03179791366886642,0.8045237591251697,0.8045237591251697,0.060216066817477376,0.027908374509785117,0.8738499260358658,0.8843076825141907,0.13999999020649834,0.10769229789880608,0.8543076515197754,0.10999995921208305,0.0776922669043908,0.9170216917991638,0.17271399949147148,0.14040630718377922,0.9165732860565186,0.17226559374882622,0.13995790144113396,0.892781678578468,0.14847398627077568,0.11616629396308342
flows_6,corr_target_brightness_sev4,117,6500,False,True,False,0.7201538461538461,0.7201538461538461,0.7629230769230769,0.749519045786841,0.7803951428282822,0.029365199632994887,0.017472065905205225,0.7829672795038118,0.7829896617217752,0.0628134333499657,0.020066584798698273,0.8602270683243214,0.8740000128746033,0.15384616672075713,0.11107693595152635,0.8403076529502869,0.12015380679644072,0.07738457602720994,0.9098593592643738,0.18970551311052763,0.14693628234129685,0.9094109535217285,0.18925710736788237,0.1464878765986516,0.8824557034898426,0.16230185733599645,0.11953262656676567
flows_6,corr_target_brightness_sev5,118,6500,False,True,False,0.6883076923076923,0.6883076923076923,0.7463076923076923,0.7095493349215802,0.7638205424421923,0.021241642613887946,0.01751285013449999,0.7476368585516346,0.7476368585516346,0.059329166243942355,0.0013291662439423035,0.8384635739516292,0.8435384631156921,0.15523077080799985,0.0972307708079998,0.8001538515090942,0.11184615920140195,0.0538461592014019,0.8936627507209778,0.2053550584132855,0.14735505841328544,0.8932143449783325,0.20490665267064023,0.14690665267064018,0.8580971951592491,0.1697895028515568,0.11178950285155675
flows_6,corr_target_zoom_blur_sev1,119,6500,False,True,False,0.6610769230769231,0.6610769230769231,0.7324615384615385,0.735900427849086,0.7756102092970193,0.07482350477216293,0.043148670835480796,0.7394727636454939,0.7394727636454939,0.07839584056857074,0.007011225183955361,0.8365700371932694,0.8450769186019897,0.18399999552506663,0.11261538014045125,0.8047692179679871,0.14369229489106394,0.07230767950644856,0.8922116160392761,0.231134692962353,0.15975007757773763,0.8917632102966309,0.23068628721970774,0.15930167183509236,0.8448647173424086,0.18378779426548553,0.11240317888087015
flows_6,corr_target_zoom_blur_sev2,120,6500,False,True,False,0.6196923076923077,0.6196923076923077,0.7001538461538461,0.6963497793822704,0.7528949758624849,0.07665747168996273,0.052741129708638756,0.687649466641644,0.687649466641644,0.0679571589493363,0.01250437951220218,0.8025121726895004,0.8110768795013428,0.19138457180903512,0.11092303334749665,0.754153847694397,0.13446154000208932,0.054000001540550846,0.8696790933609009,0.24998678566859323,0.16952524720705475,0.8692306876182556,0.24953837992594796,0.1690768414644095,0.8217729108647496,0.20208060317244192,0.12161906471090345
flows_6,corr_target_zoom_blur_sev3,121,6500,False,True,False,0.5713846153846154,0.5713846153846154,0.688923076923077,0.638173056777708,0.7048459102614103,0.06678844139309259,0.01592283333833333,0.6308348710538962,0.655841417167685,0.05945025566928086,0.03308165975539201,0.7731341986885157,0.7798461318016052,0.20846151641698984,0.09092305487852825,0.7143076658248901,0.14292305044027476,0.025384588901813165,0.8506947159767151,0.2793101005920997,0.16177163905363812,0.8502463102340698,0.27886169484945444,0.16132323331099285,0.8060991845880937,0.23471456920347833,0.11717610766501674
flows_6,corr_target_zoom_blur_sev4,122,6500,False,True,False,0.5361538461538462,0.5361538461538462,0.6746153846153846,0.5979292493528905,0.6857928851881557,0.06177540319904429,0.011177500572771115,0.5929499258458477,0.6323311235203851,0.05679607969200151,0.0422842610949995,0.7488943091818442,0.7504615187644958,0.21430767261064965,0.07584613414911123,0.6766153573989868,0.1404615112451406,0.0019999727836021997,0.8336954712867737,0.2975416251329275,0.15908008667138906,0.8332470655441284,0.2970932193902822,0.1586316809287438,0.785426541700632,0.24927269554678577,0.11081115708524736
flows_6,corr_target_zoom_blur_sev5,123,6500,False,True,False,0.492,0.492,0.6661538461538462,0.5277463193657984,0.6553342154492736,0.03574631936579842,0.010819630704572591,0.5388832093093239,0.6078050455604451,0.04688320930932388,0.058348800593401084,0.7236582831522926,0.7210769057273865,0.22907690572738648,0.05492305957354027,0.6372307538986206,0.1452307538986206,0.028923092255225602,0.8176829814910889,0.3256829814910889,0.15152913533724266,0.8172345757484436,0.3252345757484436,0.1510807295945974,0.7511838237284949,0.2591838237284949,0.0850299775746487
flows_6,corr_target_snow_sev1,124,6500,False,True,False,0.6775384615384615,0.6775384615384615,0.7392307692307692,0.7403100775193798,0.7708337684680743,0.0627716159809183,0.03160299923730503,0.7527547384150484,0.7527547384150484,0.07521627687658683,0.013523969184279117,0.835004268243082,0.845230758190155,0.1676922966516935,0.10599998895938578,0.8024615049362183,0.12492304339775673,0.06323073570544901,0.8911116123199463,0.21357315078148476,0.15188084308917704,0.890663206577301,0.2131247450388395,0.15143243734653178,0.8500723832812226,0.17253392174276105,0.11084161405045334
flows_6,corr_target_snow_sev2,125,6500,False,True,False,0.5587692307692308,0.5587692307692308,0.7007692307692308,0.6173154647947245,0.682324498954486,0.05854623402549375,0.01844473181474482,0.6337817408680189,0.6354295789326788,0.07501251009878807,0.06533965183655199,0.7627086157689571,0.7616922855377197,0.20292305476848893,0.060923054768488916,0.6955384612083435,0.1367692304391127,0.005230769560887305,0.8415354490280151,0.28276621825878434,0.14076621825878433,0.8410870432853699,0.2823178125161391,0.14031781251613906,0.7677188650689232,0.20894963429969238,0.06694963429969236
flows_6,corr_target_snow_sev3,126,6500,False,True,False,0.5675384615384615,0.5675384615384615,0.716,0.5357062401441766,0.7172251357949638,0.03183222139428499,0.0012251357949638608,0.6020539334171131,0.6114620420465408,0.03451547187865156,0.10453795795345922,0.7537072448676503,0.7561538219451904,0.18861536040672888,0.04015382194519046,0.6789230704307556,0.11138460889229407,0.037076929569244355,0.8362749218940735,0.26873646035561194,0.12027492189407352,0.8358265161514282,0.2682880546129667,0.11982651615142825,0.7754582056271584,0.20791974408869685,0.05945820562715842
flows_6,corr_target_snow_sev4,127,6500,False,True,False,0.49615384615384617,0.49615384615384617,0.6896923076923077,0.4021632251720747,0.7214652468584074,0.09399062098177147,0.03177293916609969,0.49840049325763075,0.6038035282851427,0.0022466471037845825,0.085888779407165,0.6938210675599132,0.6824615001678467,0.1863076540140005,0.007230807524461036,0.5918461680412292,0.09569232188738308,0.09784613965107847,0.7942423820495605,0.2980885358957144,0.10455007435725283,0.7937939763069153,0.2976401301530691,0.10410166861460757,0.7278873998954255,0.23173355374157933,0.038195092203117786
flows_6,corr_target_snow_sev5,128,6500,False,True,False,0.43538461538461537,0.43538461538461537,0.6961538461538461,0.28857293312269616,0.79972845293787,0.1468116822619192,0.10357460678402386,0.40744601178138995,0.6631371651651035,0.02793860360322542,0.033016680988742664,0.6404544315951971,0.6189230680465698,0.18353845266195445,0.0772307781072763,0.5050768852233887,0.0696922698387733,0.19107696093045745,0.7540419697761536,0.3186573543915382,0.05788812362230744,0.7535935640335083,0.31820894864889293,0.05743971787966218,0.6616661249838107,0.22628150959919535,0.0344877211700354
flows_6,corr_target_defocus_blur_sev1,129,6500,False,True,False,0.6744615384615384,0.6744615384615384,0.7267692307692307,0.7403100775193798,0.7948688784155823,0.06584853905784138,0.06809964764635157,0.7457919683207654,0.7457919683207654,0.071330429859227,0.01902273755153472,0.8473436851684103,0.8604615330696106,0.18599999460807215,0.13369230230037987,0.8273845911026001,0.15292305264106165,0.10061536033336937,0.9005314707756042,0.2260699323140658,0.17376224000637353,0.900083065032959,0.22562152657142054,0.17331383426372826,0.8287851227096769,0.1543235842481384,0.10201589194044614
flows_6,corr_target_defocus_blur_sev2,130,6500,False,True,False,0.6312307692307693,0.6312307692307693,0.696923076923077,0.6844768265533294,0.7682164749771816,0.05324605732256016,0.07129339805410462,0.6818555897266987,0.7057327275234285,0.05062482049592942,0.008809650600351548,0.8177068230504633,0.8264614939689636,0.19523072473819436,0.12953841704588664,0.7798461318016052,0.14861536257083596,0.08292305487852825,0.8804805278778076,0.24924975864703836,0.18355745095473064,0.8800321221351624,0.2488013529043931,0.18310904521208538,0.7890623982635259,0.1578316290327566,0.09213932134044889
flows_6,corr_target_defocus_blur_sev3,131,6500,False,True,False,0.5072307692307693,0.5072307692307693,0.6610769230769231,0.5795454545454546,0.7366191487252904,0.07231468531468532,0.07554222564836732,0.5392886932079377,0.6993981173497636,0.032057923977168445,0.03832119427284053,0.7461087411373191,0.744615375995636,0.23738460676486672,0.08353845291871287,0.6752307415008545,0.16799997227008523,0.014153818423931375,0.8319444060325623,0.324713636801793,0.17086748295563914,0.831496000289917,0.32426523105914773,0.17041907721299387,0.6797503418668416,0.17251957263607232,0.01867341878991846
flows_6,corr_target_defocus_blur_sev4,132,6500,False,True,False,0.4103076923076923,0.4103076923076923,0.6572307692307693,0.45825426944971537,0.7305218186467713,0.04794657714202305,0.07329104941600206,0.4188839056074861,0.7187042669202994,0.0085762132997938,0.06147349768953014,0.6879954301783412,0.6835384368896484,0.2732307445819561,0.026307667658879152,0.5878461599349976,0.17753846762730524,0.06938460929577173,0.7928602695465088,0.38255257723881647,0.1356295003157395,0.7924118638038635,0.3821041714961712,0.13518109457309424,0.5849919361247995,0.17468424381710718,0.07223883310596979
flows_6,corr_target_defocus_blur_sev5,133,6500,False,True,False,0.3346153846153846,0.3346153846153846,0.695076923076923,0.3024288325933664,0.7813161302435638,0.0321865520220182,0.0862392071666408,0.3360193896135369,0.7271758840499059,0.0014040049981522973,0.032098960972982815,0.6338705283353897,0.6309230923652649,0.2963077077498803,0.06415383071165814,0.5163077116012573,0.18169232698587273,0.1787692114756657,0.7587379813194275,0.4241225967040429,0.06366105824250445,0.7582895755767822,0.42367419096139763,0.06321265249985919,0.5193492532670502,0.18473386865166558,0.17572766980987287
flows_6,corr_target_glass_blur_sev1,134,6500,False,True,False,0.6656923076923077,0.6656923076923077,0.7318461538461538,0.7682395300360052,0.8003550440125526,0.10254722234369751,0.06850889016639883,0.7529970198026819,0.7530762315148908,0.08730471211037416,0.02123007766873697,0.8455881696924371,0.8515384197235107,0.18584611203120305,0.11969226587735693,0.8209230899810791,0.1552307822887714,0.08907693613492529,0.8968250751495361,0.23113276745722844,0.16497892130338232,0.8963766694068909,0.23068436171458317,0.16453051556073706,0.821915838703697,0.1562235310113893,0.09006968485754319
flows_6,corr_target_glass_blur_sev2,135,6500,False,True,False,0.5856923076923077,0.5856923076923077,0.7044615384615385,0.7417731320170344,0.7807864435797827,0.1560808243247267,0.07632490511824419,0.6963559573539693,0.7261873750266916,0.11066364966166153,0.021725836565153145,0.8085826210648314,0.8138461112976074,0.2281538036052997,0.10938457283606895,0.7647691965103149,0.1790768888180072,0.06030765804877647,0.8725404739379883,0.28684816624568055,0.1680789354764498,0.872092068195343,0.2863997605030353,0.16763052973380455,0.7530534923422394,0.16736118464993166,0.04859195388070092
flows_6,corr_target_glass_blur_sev3,136,6500,False,True,False,0.3913846153846154,0.3913846153846154,0.6761538461538461,0.75287797390637,0.758897035623248,0.3614933585217546,0.08274318946940185,0.6393851493505388,0.6894266264642079,0.24800053396592342,0.013272780310361831,0.7339742609358382,0.7349230647087097,0.34353844932409433,0.05876921855486361,0.6641538143157959,0.2727691989311805,0.012000031838050207,0.8226138949394226,0.4312292795548072,0.1464600487855765,0.8221654891967773,0.43078087381216196,0.14601164304293124,0.5770559889991507,0.18567137361453528,0.09909785715469543
flows_6,corr_target_glass_blur_sev4,137,6500,False,True,False,0.33276923076923076,0.33276923076923076,0.7021538461538461,0.7341772151898733,0.7358891380494317,0.40140798442064257,0.03373529189558555,0.5833676030179418,0.664304669450765,0.250598372248711,0.03784917670308108,0.6981911304022358,0.6981538534164429,0.3653846226472121,0.003999992737403257,0.6116923093795776,0.2789230786103469,0.09046153677426849,0.7993378639221191,0.4665686331528884,0.09718401776827301,0.7988894581794739,0.4661202274102431,0.09673561202562775,0.5315333434239171,0.19876411265468635,0.170620502729929
flows_6,corr_target_glass_blur_sev5,138,6500,False,True,False,0.2893846153846154,0.2893846153846154,0.7295384615384616,0.6438556227832255,0.6685540824647975,0.3544710073986101,0.06098437907366405,0.4701806560583108,0.6460040511824753,0.18079604067369537,0.0835344103559863,0.6334197330179171,0.6176922917366028,0.3283076763519874,0.1118461698018588,0.5075384378433228,0.21815382245870735,0.22200002369513883,0.7542783617973328,0.46489374641271736,0.024739900258871184,0.7538299560546875,0.4644453406700721,0.02429149451622592,0.49268308752998613,0.20329847214537072,0.23685537400847545
flows_6,corr_target_gaussian_noise_sev1,139,6500,False,True,False,0.7018461538461539,0.7018461538461539,0.7392307692307692,0.7855007473841555,0.8035344957488508,0.08365459353800164,0.06430372651808158,0.791795376567761,0.791795376567761,0.0899492227216071,0.05256460733699175,0.8608678065925547,0.8710768818855286,0.16923072803937467,0.13184611265475932,0.8378461599349976,0.13600000608884366,0.09861539070422831,0.9077442288398743,0.20589807499372037,0.16851345960910502,0.907295823097229,0.2054496692510751,0.16806505386645976,0.8663493582884005,0.16450320444224664,0.1271185890576313
flows_6,corr_target_gaussian_noise_sev2,140,6500,False,True,False,0.638,0.638,0.7118461538461538,0.7538343558282209,0.7621061338642202,0.11583435582822088,0.05025998001806642,0.7416900256844244,0.7422341167986609,0.10369002568442443,0.03038796295250712,0.8335824133245294,0.842769205570221,0.20476920557022094,0.13092305172406715,0.8004615306854248,0.1624615306854248,0.08861537683927101,0.8910689949989319,0.2530689949989319,0.1792228411527781,0.8906205892562866,0.2526205892562866,0.17877443541013283,0.827856173038283,0.18985617303828295,0.11601001919212917
flows_6,corr_target_gaussian_noise_sev3,141,6500,False,True,False,0.5390769230769231,0.5390769230769231,0.684,0.6715716329450234,0.7020370807322839,0.1324947098681003,0.018037080732283828,0.6367361127580169,0.6367361127580169,0.09765918968109377,0.04726388724198316,0.7823657796604447,0.7918461561203003,0.2527692330433772,0.10784615612030024,0.7239999771118164,0.18492305403489329,0.039999977111816354,0.8575524687767029,0.31847554569977976,0.17355246877670283,0.8571040630340576,0.3180271399571345,0.17310406303405756,0.7517648874828977,0.2126879644059746,0.06776488748289766
flows_6,corr_target_gaussian_noise_sev4,142,6500,False,True,False,0.38476923076923075,0.38476923076923075,0.692923076923077,0.44609132201769064,0.6895219330594401,0.06132209124845989,0.0034011438636368796,0.4407156185715475,0.6576937277441848,0.055946387802316755,0.0352293491788922,0.7216953429027895,0.7223076820373535,0.33753845126812276,0.02938460511427654,0.6346153616905212,0.2498461309212905,0.058307715232555735,0.8175909519195557,0.4328217211503249,0.12466787499647869,0.8171425461769104,0.43237331540767965,0.12421946925383343,0.6021032408871678,0.21733401011793707,0.09081983603590915
flows_6,corr_target_gaussian_noise_sev5,143,6500,False,True,False,0.20753846153846153,0.20753846153846153,0.8046153846153846,0.030899727355346848,0.9912306755750562,0.17663873418311468,0.18661529095967155,0.15536135249562333,0.8624444697698852,0.052177109042838205,0.05782908515450058,0.7028970799516948,0.7304615378379822,0.5229230762995206,0.07415384677740244,0.6224614977836609,0.41492303624519933,0.18215388683172373,0.8173564076423645,0.6098179461039029,0.01274102302697988,0.8169080018997192,0.6093695403612577,0.012292617284334617,0.3666025140147491,0.15906405247628755,0.43801287060063554
flows_6,corr_target_shot_noise_sev1,144,6500,False,True,False,0.6992307692307692,0.6992307692307692,0.7475384615384615,0.7809452363090773,0.8051316710660542,0.0817144670783081,0.057593209527592726,0.7826880517274133,0.782801931484794,0.08345728249664408,0.03526346994633256,0.859244288699737,0.870769202709198,0.1715384334784288,0.12323074117073651,0.8387691974639893,0.13953842823322005,0.09123073592552777,0.9067749381065369,0.20754416887576765,0.15923647656807538,0.9063265323638916,0.2070957631331224,0.15878807082543012,0.8633125260552466,0.16408175682447734,0.11577406451678507
flows_6,corr_target_shot_noise_sev2,145,6500,False,True,False,0.6223076923076923,0.6223076923076923,0.706,0.7264890282131662,0.7550681515711283,0.10418133590547385,0.049068151571128316,0.7152730341938105,0.7152730341938105,0.09296534188611816,0.009273034193810537,0.821608084952611,0.8270769119262695,0.2047692196185772,0.12107691192626957,0.782153844833374,0.15984615252568168,0.07615384483337406,0.8805276155471802,0.25821992323948784,0.17452761554718021,0.8800792098045349,0.2577715174968426,0.17407920980453495,0.8151831107364871,0.19287541842879474,0.10918311073648712
flows_6,corr_target_shot_noise_sev3,146,6500,False,True,False,0.5146153846153846,0.5146153846153846,0.6816923076923077,0.6370308240721325,0.7061209090573913,0.12241543945674793,0.024428601365083624,0.608331130658655,0.6299933468200393,0.09371574604327038,0.05169896087226844,0.7784244470634105,0.7826153635978699,0.2679999789824853,0.10092305590556216,0.7212307453155518,0.20661536070016717,0.03953843762324405,0.8542754650115967,0.3396600803962121,0.17258315731928897,0.8538270592689514,0.33921167465356683,0.1721347515766437,0.7286013453689618,0.21398596075357723,0.04690903767665411
flows_6,corr_target_shot_noise_sev4,147,6500,False,True,False,0.3326153846153846,0.3326153846153846,0.7167692307692307,0.39862034983986205,0.7081237455014164,0.06600496522447746,0.008645485267814279,0.38350277038120884,0.6947461099172104,0.050887385765824245,0.022023120852020295,0.7288710091370801,0.7452307343482971,0.41261534973291253,0.028461503579066405,0.6581538319587708,0.32553844734338616,0.05861539881045996,0.8268512487411499,0.4942358641257653,0.11008201797191919,0.8264028429985046,0.49378745838312005,0.10963361222927392,0.5361800590096435,0.2035646743942589,0.18058917175958722
flows_6,corr_target_shot_noise_sev5,148,6500,False,True,False,0.2246153846153846,0.2246153846153846,0.790923076923077,0.173644282101714,0.873976516085369,0.050971102513670596,0.08305343916229202,0.2209240239118383,0.8132041928569083,0.003691360703546309,0.022281115933831308,0.7287811774485439,0.7567692399024963,0.5321538552871117,0.03415383702058061,0.6615384221076965,0.4369230374923119,0.12938465481538042,0.8325744867324829,0.6079591021170982,0.04165140980940596,0.8321260809898376,0.607510696374453,0.041203004066760696,0.3946989318289691,0.17008354721358449,0.39622414509410786
flows_6,corr_target_impulse_noise_sev1,149,6500,False,True,False,0.6613846153846153,0.6613846153846153,0.7310769230769231,0.7412858249419054,0.7711104581573748,0.07990120955729008,0.04003353508045171,0.737490355404117,0.7377155169657003,0.07610574001950166,0.006638593888777189,0.8287836202369184,0.8335384726524353,0.17215385726781995,0.10246154957551223,0.7910768985748291,0.12969228319021375,0.05999997549790603,0.8858942985534668,0.22450968316885145,0.15481737547654373,0.8854458928108215,0.22406127742620618,0.15436896973389846,0.8524528510491161,0.1910682356645007,0.12137592797219299
flows_6,corr_target_impulse_noise_sev2,150,6500,False,True,False,0.6003076923076923,0.6003076923076923,0.7013846153846154,0.6953030911280611,0.7302626143725737,0.09499539882036878,0.028877998987958287,0.677627098637635,0.6781355391014884,0.07731940632994272,0.023249076283127,0.8000255634568242,0.8055384755134583,0.20523078320576593,0.10415386012884287,0.7498461604118347,0.1495384681041424,0.04846154502721933,0.8684800863265991,0.2681723940189068,0.16709547094198374,0.8680316805839539,0.26772398827626154,0.16664706519933847,0.8173750290940816,0.21706733678638923,0.11599041370946617
flows_6,corr_target_impulse_noise_sev3,151,6500,False,True,False,0.5543076923076923,0.5543076923076923,0.6832307692307692,0.6333052985702272,0.6964510111894422,0.07899760626253494,0.013220241958672996,0.6168755082073127,0.6198828925184596,0.06256781589962046,0.06334787671230957,0.7726966947943469,0.7746153473854065,0.22030765507771422,0.0913845781546373,0.7087692022323608,0.15446150992466856,0.025538433001591643,0.8499086499214172,0.29560095761372496,0.16667788069064804,0.849460244178772,0.2951525518710797,0.16622947494800278,0.7717498196496263,0.21744212734193402,0.0885190504188571
flows_6,corr_target_impulse_noise_sev4,152,6500,False,True,False,0.39953846153846156,0.39953846153846156,0.6956923076923077,0.3733733733733734,0.729059059059059,0.02616508816508817,0.03336675136675127,0.409899112226184,0.6672235476742376,0.010360650687722461,0.028468760018070083,0.6963594020359883,0.6959999799728394,0.2964615184343778,0.00030767228053163453,0.5950769186019897,0.19553845706352818,0.10061538909031797,0.801081120967865,0.4015426594294034,0.10538881327555727,0.8006327152252197,0.40109425368675816,0.104940407532912,0.6210121400166748,0.22147367847821325,0.0746801676756329
flows_6,corr_target_impulse_noise_sev5,153,6500,False,True,False,0.23276923076923076,0.23276923076923076,0.788,0.0,1.0,0.23276923076923076,0.21199999999999997,0.14597158869586735,0.8639399940844527,0.0867976420733634,0.07593999408445262,0.6618260581428967,0.673230767250061,0.4404615364808303,0.114769232749939,0.5590769052505493,0.3263076744813186,0.22892309474945072,0.7852283716201782,0.5524591408509475,0.002771628379821811,0.784779965877533,0.5520107351083022,0.0032200341224670748,0.41168702750240704,0.1789177967331763,0.376312972497593
flows_6,corr_target_contrast_sev1,154,6500,False,True,False,0.6953846153846154,0.6953846153846154,0.7452307692307693,0.7403100775193798,0.7779193657336854,0.04492546213476445,0.03268859650291611,0.7696656608988425,0.7696656608988425,0.0742810455142271,0.024434891668073222,0.860869770842304,0.870769202709198,0.17538458732458262,0.12553843347842875,0.8387691974639893,0.14338458207937388,0.09353842823322,0.9083012938499451,0.2129166784653297,0.16307052461917582,0.9078528881072998,0.21246827272268443,0.16262211887653055,0.8303101096743266,0.13492549428971123,0.08507934044355736
flows_6,corr_target_contrast_sev2,155,6500,False,True,False,0.6546153846153846,0.6546153846153846,0.7226153846153847,0.7,0.740628013486387,0.04538461538461536,0.0180126288710023,0.7258519228411384,0.7258519228411384,0.07123653822575382,0.00323653822575376,0.8427392218560004,0.8519999980926514,0.19738461347726677,0.1293846134772667,0.8156923055648804,0.16107692094949577,0.09307692094949571,0.8972612619400024,0.24264587732461784,0.17464587732461778,0.8968128561973572,0.24219747158197258,0.17419747158197252,0.7941954070353086,0.13958002241992395,0.0715800224199239
flows_6,corr_target_contrast_sev3,156,6500,False,True,False,0.5673846153846154,0.5673846153846154,0.6783076923076923,0.5619469026548672,0.6887093525370251,0.005437712729748134,0.010401660229332865,0.615249596766798,0.615249596766798,0.04786498138218265,0.06305809554089425,0.8037787209278721,0.811846137046814,0.2444615216621986,0.1335384447391217,0.7603076696395874,0.19292305425497203,0.08199997733189512,0.8707836270332336,0.30339901164861827,0.19247593472554136,0.8703352212905884,0.302950605905973,0.1920275289828961,0.7207518091555456,0.15336719377093022,0.04244411684785332
flows_6,corr_target_contrast_sev4,157,6500,False,True,False,0.3863076923076923,0.3863076923076923,0.6806153846153846,0.08541973490427102,0.9176315471470111,0.3008879574034213,0.2370161625316265,0.29081474127143325,0.7112248778208687,0.09549295103625904,0.030609493205484117,0.6959091959934407,0.6966153979301453,0.31030770562245297,0.01600001331476064,0.6015384793281555,0.21523078702046322,0.0790769052872291,0.8007842302322388,0.4144765379245465,0.12016884561685415,0.8003358244895935,0.4140281321819012,0.11972043987420888,0.5538775200015427,0.16756982769385037,0.12673786461384196
flows_6,corr_target_contrast_sev5,158,6500,False,True,False,0.22046153846153846,0.22046153846153846,0.7836923076923077,0.0,1.0,0.22046153846153846,0.2163076923076923,0.018653291490782542,0.9815005546630636,0.20180824697075592,0.19780824697075594,0.5362420777940626,0.5050768852233887,0.2846153467618502,0.278615422468919,0.381538450717926,0.16107691225638757,0.40215385697438166,0.686823308467865,0.4663617700063265,0.0968689992244427,0.6863749027252197,0.46591336426368124,0.09731740496708796,0.37815120700366356,0.1576896685421251,0.40554110068864413
flows_6,corr_target_elastic_transform_sev1,159,6500,False,True,False,0.7303076923076923,0.7303076923076923,0.7658461538461538,0.7726586102719034,0.8100536599290373,0.04235091796421109,0.044207506082883485,0.7976183675080886,0.7976183675080886,0.06731067520039624,0.03177221366193472,0.8711366423821164,0.8833845853805542,0.15307689307286187,0.11753843153440036,0.8566153645515442,0.12630767224385187,0.09076921070539035,0.9158235788345337,0.18551588652684137,0.14997742498837985,0.9153751730918884,0.1850674807841961,0.14952901924573458,0.8778203159515983,0.14751262364390594,0.11197416210544442
flows_6,corr_target_elastic_transform_sev2,160,6500,False,True,False,0.538923076923077,0.538923076923077,0.6746153846153846,0.7074965201829391,0.7571157844293658,0.16857344325986212,0.08250039981398116,0.7076708708673491,0.7076708708673491,0.1687477939442722,0.03305548625196453,0.804039180444634,0.8039999604225159,0.2650768834994389,0.12938457580713125,0.755384624004364,0.21646154708128706,0.0807692393889794,0.8693387508392334,0.33041567391615645,0.19472336622384878,0.8688903450965881,0.3299672681735112,0.19427496048120352,0.7131231190499414,0.17420004212686446,0.038507734434556795
flows_6,corr_target_elastic_transform_sev3,161,6500,False,True,False,0.6333846153846154,0.6333846153846154,0.7263076923076923,0.6921529175050303,0.7783954968883291,0.05876830212041484,0.052087804580636776,0.7248411674019901,0.7248411674019901,0.09145655201737468,0.0014665249057022045,0.8264916026794099,0.8309230804443359,0.1975384650597205,0.10461538813664362,0.7898461222648621,0.15646150688024663,0.06353842995716974,0.8848637938499451,0.25147917846532963,0.15855610154225275,0.8844153881072998,0.25103077272268437,0.15810769579960748,0.7805519509458564,0.14716733556124095,0.05424425863816407
flows_6,corr_target_elastic_transform_sev4,162,6500,False,True,False,0.558923076923077,0.558923076923077,0.7046153846153846,0.6430062630480167,0.7621081981468465,0.0840831861249397,0.05749281353146185,0.6668256596557076,0.681420453639359,0.10790258273263065,0.02319493097602565,0.7895371245452868,0.790461540222168,0.231538463299091,0.08584615560678333,0.7312307357788086,0.17230765885573163,0.02661535116342395,0.859324038028717,0.3004009611056401,0.1547086534133324,0.8588756322860718,0.2999525553629948,0.15426024767068713,0.7317790803006995,0.17285600337762252,0.027163695685314848
flows_6,corr_target_elastic_transform_sev5,163,6500,False,True,False,0.41446153846153844,0.41446153846153844,0.6933846153846154,0.5613103142983621,0.6990491482822649,0.14684877583682365,0.005664532897649566,0.5586045397915917,0.6358917717971869,0.1441430013300533,0.057492843587428455,0.7015044268794156,0.6923076510429382,0.2778461125813998,0.0010769643416771446,0.6041538119316101,0.18969227347007167,0.08923080345300527,0.7993360757827759,0.38487453732123744,0.1059514603981605,0.7988876700401306,0.3844261315785922,0.10550305465551524,0.6532925775699179,0.23883103910837944,0.0400920378146975
flows_6,corr_target_pixelate_sev1,164,6500,False,True,False,0.7135384615384616,0.7135384615384616,0.7589230769230769,0.7834549878345498,0.8038436053891473,0.06991652629608824,0.04492052846607042,0.7992418440694197,0.7992418440694197,0.0857033825309581,0.04031876714634275,0.872833492265576,0.8859999775886536,0.172461516050192,0.12707690066557664,0.8583076596260071,0.14476919808754551,0.09938458270293016,0.9168748259544373,0.2033363644159757,0.15795174903136033,0.916426420211792,0.20288795867333043,0.15750334328871507,0.8612888292318326,0.14775036769337102,0.10236575230875566
flows_6,corr_target_pixelate_sev2,165,6500,False,True,False,0.7024615384615385,0.7024615384615385,0.7467692307692307,0.7904726460736882,0.8058309742100811,0.0880111076121497,0.059061743440850356,0.7904226938011172,0.7905860709148703,0.08796115533957871,0.04381684014563958,0.8664494186802677,0.8753846287727356,0.17292309031119713,0.12861539800350485,0.849384605884552,0.14692306742301353,0.10261537511532126,0.9112341403961182,0.2087726019345797,0.16446490962688742,0.9107857346534729,0.20832419619193443,0.16401650388424216,0.8525035459569299,0.15004200749539143,0.10573431518769916
flows_6,corr_target_pixelate_sev3,166,6500,False,True,False,0.6278461538461538,0.6278461538461538,0.7203076923076923,0.7471087124132614,0.7676800199811048,0.11926255856710755,0.047372327673412484,0.7385608596208448,0.7388238387744205,0.110714705774691,0.018516146466728167,0.8344631829121317,0.8406153917312622,0.21276923788510838,0.12030769942356989,0.8036922812461853,0.17584612740003147,0.08338458893849299,0.8901526927947998,0.262306538948646,0.1698450004871075,0.8897042870521545,0.2618581332060007,0.16939659474446223,0.7934565708593817,0.16561041701322787,0.07314887855168939
flows_6,corr_target_pixelate_sev4,167,6500,False,True,False,0.5318461538461539,0.5318461538461539,0.7109230769230769,0.7143987341772151,0.7307612840140528,0.18255258033106125,0.019838207090975946,0.6853570196223204,0.6858784815224558,0.15351086577616657,0.025044595400621095,0.7963182384799276,0.8047692179679871,0.2729230641218332,0.09384614104491018,0.7495384216308594,0.21769226778470552,0.038615344707782495,0.8650955557823181,0.33324940193616426,0.15417247885924124,0.8646471500396729,0.332800996193519,0.15372407311659597,0.6951079561208581,0.16326180227470422,0.015815120802218807
flows_6,corr_target_pixelate_sev5,168,6500,False,True,False,0.46876923076923077,0.46876923076923077,0.7135384615384616,0.7046632124352332,0.7075747528253128,0.23589398166600245,0.005963708713148774,0.6727220566998434,0.6727220566998434,0.20395282593061265,0.04081640483861815,0.7706605535041853,0.7807692289352417,0.31199999816601093,0.06723076739678013,0.712461531162262,0.2436923003930312,0.001076930376199603,0.8493223190307617,0.38055308826153095,0.13578385749230015,0.8488739132881165,0.3801046825188857,0.1353354517496549,0.6274236558508313,0.1586544250816005,0.0861148056876303
flows_6,corr_target_jpeg_compression_sev1,169,6500,False,True,False,0.7307692307692307,0.7307692307692307,0.7690769230769231,0.8007380073800738,0.8173388548399847,0.06996877661084311,0.048261931763061594,0.8127490929404477,0.8127490929404477,0.081979862171217,0.043672169863524624,0.8774813000224547,0.8904615044593811,0.15969227369015038,0.121384581382458,0.8641538023948669,0.13338457162563622,0.09507687931794384,0.9194800853729248,0.18871085460369408,0.1504031622960017,0.9190316796302795,0.18826244886104881,0.14995475655335644,0.8705743427093815,0.13980511194015077,0.1014974196324584
flows_6,corr_target_jpeg_compression_sev2,170,6500,False,True,False,0.7121538461538461,0.7121538461538461,0.754,0.7802589604053294,0.8036973402283435,0.06810511425148325,0.04969734022834349,0.799681889053189,0.799681889053189,0.0875280428993429,0.04568188905318904,0.8680294611786334,0.8789230585098267,0.16676921235598052,0.12492305850982666,0.8498461246490479,0.13769227849520171,0.09584612464904785,0.9135163426399231,0.20136249648607696,0.1595163426399231,0.9130679368972778,0.2009140907434317,0.15906793689727783,0.8586414295430389,0.14648758338919277,0.1046414295430389
flows_6,corr_target_jpeg_compression_sev3,171,6500,False,True,False,0.6992307692307692,0.6992307692307692,0.7410769230769231,0.7721949376652815,0.7878449530024265,0.07296416843451226,0.04676802992550344,0.7894898729186433,0.7894898729186433,0.09025910368787404,0.048412949841720176,0.8600462263973991,0.8746153712272644,0.1753846019964952,0.13353844815034133,0.8409230709075928,0.14169230167682356,0.0998461478306697,0.9091612696647644,0.2099305004339952,0.16808434658784133,0.9087128639221191,0.20948209469134993,0.16763594084519606,0.8499410646115956,0.15071029538082636,0.1088641415346725
flows_6,corr_target_jpeg_compression_sev4,172,6500,False,True,False,0.6529230769230769,0.6529230769230769,0.7207692307692307,0.7519201228878648,0.7681743520172386,0.09899704596478787,0.047405121248007887,0.7442478342064167,0.744682057680148,0.09132475728333977,0.02391282691091723,0.8256977838807117,0.8329230546951294,0.17999997777205246,0.11215382392589868,0.7879999876022339,0.13507691067915695,0.06723075683300317,0.8847960829734802,0.23187300605040329,0.1640268522042495,0.884347677230835,0.23142460030775802,0.16357844646160424,0.8073611842084505,0.15443810728537355,0.08659195343921977
flows_6,corr_target_jpeg_compression_sev5,173,6500,False,True,False,0.5512307692307692,0.5512307692307692,0.6906153846153846,0.7161761801303574,0.7335343037682673,0.16494541089958825,0.042918919152882706,0.6752947503691465,0.6752947503691465,0.12406398113837735,0.015320634246238085,0.765613348298275,0.7599999904632568,0.20876922123248765,0.0693846058478722,0.6943076848983765,0.14307691566760727,0.003692300282991834,0.8422439694404602,0.291013200209691,0.15162858482507557,0.8417955636978149,0.29056479446704575,0.1511801790824303,0.7237363090628003,0.1725055398320311,0.033120924447415656
flows_6,corr_target_speckle_noise_sev1,174,6500,False,True,False,0.7164615384615385,0.7164615384615385,0.7516923076923077,0.7886693999254565,0.8098401526135077,0.072207861463918,0.058147844921200065,0.7967129772234417,0.7967166836860802,0.08025143876190322,0.045024375993772514,0.8682485405006762,0.8826153874397278,0.1661538489781893,0.13092307974742012,0.8553845882415771,0.13892304978003867,0.10369228054926949,0.9136338233947754,0.1971722849332369,0.16194151570246773,0.9131854176521301,0.19672387919059164,0.16149310995982247,0.8696789139007324,0.1532173754391939,0.11798660620842472
flows_6,corr_target_speckle_noise_sev2,175,6500,False,True,False,0.682923076923077,0.682923076923077,0.7321538461538462,0.7642585551330798,0.7833952752513776,0.08133547821000287,0.05124142909753149,0.7627219386640101,0.7627242534745496,0.07979886174093309,0.030570407320703485,0.8493218156159749,0.8564615249633789,0.17353844804030194,0.12430767880953275,0.8263076543807983,0.14338457745772137,0.09415380822695218,0.9004069566726685,0.2174838797495915,0.1682531105188223,0.8999585509300232,0.21703547400694623,0.16780470477617704,0.8492583913889211,0.16633531446584415,0.11710454523507496
flows_6,corr_target_speckle_noise_sev3,176,6500,False,True,False,0.5452307692307692,0.5452307692307692,0.680923076923077,0.6658456486042693,0.7084099904934752,0.12061487937350013,0.02748691357039823,0.6391633128831132,0.6391633128831132,0.09393254365234405,0.04175976403996373,0.7979793390179494,0.80353844165802,0.25830767242725083,0.12261536473494306,0.7521538138389587,0.20692304460818955,0.07123073691588178,0.8672317862510681,0.32200101702029893,0.18630870932799115,0.8667833805084229,0.32155261127765367,0.1858603035853459,0.7504191652731741,0.2051883960424049,0.06949608835009713
flows_6,corr_target_speckle_noise_sev4,177,6500,False,True,False,0.458,0.458,0.6661538461538462,0.5927689976185322,0.6657020858636872,0.13476899761853217,0.0004517602901590312,0.5538178702099434,0.6194762541195578,0.09581787020994342,0.04667759203428845,0.7752118511233799,0.7847692370414734,0.32676923704147337,0.11861539088762718,0.7236922979354858,0.2656922979354858,0.05753845178163963,0.8543980717658997,0.39639807176589964,0.18824422561205345,0.8539496660232544,0.3959496660232544,0.1877958198694082,0.6722317151775529,0.21423171517755285,0.006077869023706661
flows_6,corr_target_speckle_noise_sev5,178,6500,False,True,False,0.3575384615384615,0.3575384615384615,0.694,0.5012681577127046,0.6617155252709784,0.14372969617424308,0.03228447472902152,0.44069794804659085,0.6783638930284405,0.08315948650812932,0.015636106971559482,0.7577587064006306,0.7729230523109436,0.4153845907724821,0.07892305231094365,0.6992307305335999,0.3416922689951383,0.005230730533599903,0.8434750437736511,0.4859365822351896,0.14947504377365117,0.8430266380310059,0.48548817649254433,0.1490266380310059,0.5618433492118892,0.20430488767342764,0.13215665078811079
flows_6,corr_target_spatter_sev1,179,6500,False,True,False,0.7558461538461538,0.7558461538461538,0.7838461538461539,0.8002953119232188,0.820515816603427,0.044449158077064954,0.036669662757273125,0.8221773096010504,0.8221773096010504,0.06633115575489656,0.03833115575489654,0.8832378612878419,0.8950769305229187,0.13923077667676487,0.11123077667676484,0.8698461651802063,0.11400001133405246,0.08600001133405244,0.9241011142730713,0.16825496042691745,0.14025496042691743,0.923652708530426,0.1678065546842722,0.13980655468427217,0.8885402997774189,0.13269414593126505,0.10469414593126503
flows_6,corr_target_spatter_sev2,180,6500,False,True,False,0.7081538461538461,0.7081538461538461,0.7656923076923077,0.7637885127424876,0.7849100690495521,0.05563466658864147,0.0192177613572444,0.7757310880518291,0.7757310880518291,0.06757724189798298,0.010038780359521438,0.8446653651601992,0.8516923189163208,0.14353847276247467,0.08600001122401313,0.8186153769493103,0.11046153079546417,0.05292306925700263,0.8977513313293457,0.18959748517549957,0.13205902363703803,0.8973029255867004,0.1891490794328543,0.13161061789439277,0.8648831061242653,0.1567292599704192,0.09919079843195766
flows_6,corr_target_spatter_sev3,181,6500,False,True,False,0.6684615384615384,0.6684615384615384,0.7341538461538462,0.7463837994214081,0.7719685924967006,0.07792226095986965,0.03781474634285442,0.7339935347494739,0.7340104585867091,0.06553199628793549,0.00014338756713705436,0.8187714464146033,0.826769232749939,0.15830769428840052,0.09261538659609281,0.7770769000053406,0.10861536154380214,0.04292305385149442,0.8791812658309937,0.2107197273694552,0.1450274196771475,0.8787328600883484,0.21027132162680995,0.14457901393450223,0.8377843441218504,0.169322805660312,0.10363049796800428
flows_6,corr_target_spatter_sev4,182,6500,False,True,False,0.5401538461538462,0.5401538461538462,0.6786153846153846,0.6578567003923188,0.7200325267686762,0.1177028542384726,0.04141714215329162,0.6421365510821471,0.6597460697060715,0.10198270492830086,0.018869314909313095,0.7928594565713136,0.7955384254455566,0.25538457929171043,0.11692304083017202,0.7463076710700989,0.20615382491625267,0.06769228645471426,0.8619335889816284,0.3217797428277822,0.1833182043662438,0.8614851832389832,0.32133133708513695,0.18286979862359853,0.7445229277073692,0.20436908155352296,0.06590754309198454
flows_6,corr_target_spatter_sev5,183,6500,False,True,False,0.4644615384615385,0.4644615384615385,0.6556923076923077,0.6024510857880025,0.7042717797708758,0.13798954732646407,0.048579472078568164,0.5808313287306848,0.6487549177017463,0.11636979026914629,0.006937389990561371,0.7710070471599683,0.7798461318016052,0.31538459334006674,0.12415382410929754,0.719076931476593,0.25461539301505454,0.06338462378428533,0.848974883556366,0.3845133450948275,0.19328257586405828,0.8485264778137207,0.3840649393521822,0.19283417012141302,0.6789724636705932,0.21451092520905468,0.023280155978285477
flows_6,corr_target_gaussian_blur_sev1,184,6500,False,True,False,0.7270769230769231,0.7270769230769231,0.7636923076923077,0.7864077669902912,0.819105374164641,0.05933084391336818,0.05541306647233335,0.8009213132788615,0.8009379638497499,0.07384439020193845,0.03724565615744224,0.8748232772616533,0.8886153697967529,0.16153844671982986,0.12492306210444526,0.8647692203521729,0.1376922972752498,0.10107691265986518,0.9183135628700256,0.19123663979310257,0.15462125517771796,0.9178651571273804,0.1907882340504573,0.1541728494350727,0.8696134908611338,0.14253656778421075,0.10592118316882615
flows_6,corr_target_gaussian_blur_sev2,185,6500,False,True,False,0.6523076923076923,0.6523076923076923,0.7112307692307692,0.7187068795584468,0.7747748980103283,0.06639918725075455,0.06354412877955906,0.7139288739270105,0.71415870702951,0.06162118161931829,0.0029279377987407873,0.8313266689123919,0.8433846235275269,0.1910769312198346,0.13215385429675763,0.8006153702735901,0.14830767796589783,0.08938460104282087,0.8896863460540771,0.2373786537463849,0.17845557682330793,0.8892379403114319,0.23693024800373963,0.17800717108066266,0.8078864017354593,0.15557870942776708,0.09665563250469011
flows_6,corr_target_gaussian_blur_sev3,186,6500,False,True,False,0.5601538461538461,0.5601538461538461,0.6681538461538462,0.6427229066610983,0.7430079951604956,0.08256906050725221,0.07485414900664944,0.6152377263355271,0.6943772929019869,0.05508388018168098,0.0262234467481407,0.7785430877482704,0.7878461480140686,0.2276923018602225,0.1196923018602224,0.7247692346572876,0.16461538850344148,0.05661538850344139,0.8549765944480896,0.2948227482942435,0.1868227482942434,0.8545281887054443,0.2943743425515982,0.18637434255159813,0.7269242185890131,0.166770372435167,0.05877037243516692
flows_6,corr_target_gaussian_blur_sev4,187,6500,False,True,False,0.44953846153846155,0.44953846153846155,0.6561538461538462,0.546836575005589,0.7170947426502526,0.09729811346712747,0.06094089649640644,0.503140106134149,0.6855988814000139,0.05360164459568739,0.029445035246167706,0.7179611731793186,0.7156922817230225,0.2661538201845609,0.05953843556917626,0.6330769062042236,0.18353844466576208,0.023076939949622566,0.813413679599762,0.3638752180613004,0.15725983344591576,0.8129652738571167,0.36342681231865515,0.1568114277032705,0.6263652602797182,0.17682679874125662,0.029788585874128026
flows_6,corr_target_gaussian_blur_sev5,188,6500,False,True,False,0.2893846153846154,0.2893846153846154,0.7266153846153847,0.2601713062098501,0.8036695982924716,0.029213309174765334,0.07705421367708698,0.3490668374760658,0.6980416326458281,0.05968222209145041,0.028573751969556582,0.6240733089106436,0.6136922836303711,0.3243076682457557,0.11292310098501357,0.4927692115306854,0.20338459614607002,0.23384617308469924,0.7533554434776306,0.4639708280930152,0.026740058862245952,0.7529070377349854,0.46352242235036994,0.02629165311960069,0.4765183349056409,0.18713371952102548,0.2500970497097438
flows_6,corr_target_saturate_sev1,189,6500,False,True,False,0.7352307692307692,0.7352307692307692,0.7758461538461539,0.7742787101640581,0.7972437413681496,0.039047940933288894,0.02139758752199572,0.8027111411080974,0.8027111411080974,0.06748037187732814,0.02686498726194353,0.8733180072037455,0.8812307715415955,0.14600000231082622,0.10538461769544161,0.8558461666107178,0.12061539737994853,0.08000001276456392,0.9169125556945801,0.18168178646381083,0.14106640184842623,0.9164641499519348,0.18123338072116557,0.14061799610578096,0.8734667426027788,0.13823597337200955,0.09762058875662494
flows_6,corr_target_saturate_sev2,190,6500,False,True,False,0.7173846153846154,0.7173846153846154,0.7656923076923077,0.7427466150870404,0.7767341367403175,0.02536199970242503,0.011041829048009877,0.7789235793339234,0.7789235793339234,0.06153896394930802,0.01323127164161575,0.85804242975311,0.868461549282074,0.15107693389745858,0.1027692415897663,0.8313845992088318,0.11399998382421639,0.06569229151652412,0.9067016243934631,0.18931700900884774,0.14100931670115546,0.9062532186508179,0.18886860326620247,0.1405609109585102,0.8722579136835003,0.15487329829888485,0.10656560599119258
flows_6,corr_target_saturate_sev3,191,6500,False,True,False,0.7526153846153846,0.7526153846153846,0.7884615384615384,0.7900223380491436,0.8219743230526927,0.037406953433758994,0.033512784591154254,0.8206010794556333,0.820729646334626,0.06798569484024874,0.03226810787308754,0.8811376854558519,0.891076922416687,0.13846153780130244,0.10261538395514858,0.8700000047683716,0.11738462015298701,0.08153846630683315,0.9222851395606995,0.1696697549453149,0.13382360109916103,0.9218367338180542,0.16922134920266962,0.13337519535651576,0.8952402972275225,0.14262491261213794,0.10677875876598408
flows_6,corr_target_saturate_sev4,192,6500,False,True,False,0.7036923076923077,0.7036923076923077,0.7595384615384615,0.7314597970335674,0.7717896353838872,0.02776748934125972,0.012251173845425734,0.7637426886284073,0.7637426886284073,0.0600503809360996,0.004204227089945833,0.8524407823179537,0.8583076596260071,0.15461535193369935,0.09876919808754558,0.8232307434082031,0.1195384357158954,0.06369228186974163,0.9022179841995239,0.1985256765072162,0.14267952266106243,0.9017695784568787,0.19807727076457093,0.14223111691841717,0.8702404653279323,0.16654815763562458,0.11070200378947082
flows_6,corr_target_saturate_sev5,193,6500,False,True,False,0.6372307692307693,0.6372307692307693,0.7176923076923077,0.6777868185516679,0.758454891433882,0.040556049320898624,0.040762583741574265,0.6965904309540066,0.6965904309540066,0.05935966172323737,0.021101876738301106,0.8217332731366354,0.8270769119262695,0.18984614269550026,0.10938460423396179,0.7895384430885315,0.15230767385776223,0.07184613539622375,0.8808770179748535,0.24364624874408425,0.16318471028254578,0.8804286122322083,0.24319784300143898,0.1627363045399005,0.825077858727221,0.18784708949645168,0.10738555103491321
