config,testset,testset_idx,n_samples,is_source,is_target,is_clean,true_acc,acc_st_true,acc_ta_true,acc_st_tdc,acc_ta_tdc,err_st_tdc,err_ta_tdc,acc_st_mm,acc_ta_mm,err_st_mm,err_ta_mm,mano_fro_norm,est_ATC,err_ATC,err_ta_ATC,est_ATC-NE,err_ATC-NE,err_ta_ATC-NE,est_AC,err_AC,err_ta_AC,est_DOC,err_DOC,err_ta_DOC,est_COT,err_COT,err_ta_COT
flows_6,val_source,0,10000,True,False,True,0.964,0.964,0.9642,0.9969909729187563,0.9969909729187563,0.0329909729187563,0.03279097291875632,0.9913154940262336,0.9913154940262336,0.027315494026233678,0.0271154940262337,0.9783173361354555,0.981499969959259,0.017499969959259065,0.017299969959259087,0.9738999605178833,0.009899960517883333,0.009699960517883355,0.9852292537689209,0.02122925376892093,0.021029253768920952,0.9851664900779724,0.021166490077972444,0.020966490077972466,0.9704303270579628,0.00643032705796287,0.006230327057962892
flows_6,val_target,1,66400,False,True,True,0.6698192771084337,0.6698192771084337,0.725105421686747,0.9732964297311089,0.9732964297311089,0.30347715262267516,0.2481910080443619,0.8823063877673718,0.8895511617868375,0.2124871106589381,0.1644457401000905,0.8610611326180235,0.8532229065895081,0.18340362948107436,0.1281174849027611,0.7965210676193237,0.12670179051089003,0.07141564593257677,0.9003279805183411,0.23050870340990737,0.1752225588315941,0.9002652168273926,0.23044593971895888,0.1751597951406456,0.8553508780648118,0.1855316009563781,0.13024545637806484
flows_6,imagenet_val_source,2,2600,True,False,True,0.9326923076923077,0.9326923076923077,0.9411538461538461,0.9969135802469135,0.9969135802469135,0.06422127255460575,0.05575973409306734,0.9845491449868786,0.9845491449868786,0.05185683729457091,0.0433952988330325,0.9664690066114121,0.9661538600921631,0.03346155239985538,0.025000013938316967,0.9553846120834351,0.02269230439112735,0.01423076592958894,0.9758748412132263,0.04318253352091861,0.0347209950593802,0.9758120775222778,0.04311976982997012,0.03465823136843171,0.9647043488852605,0.032012041192952756,0.023550502731414347
flows_6,imagenet_val_target,3,2600,False,True,True,0.6388461538461538,0.6388461538461538,0.7057692307692308,0.973954222573007,0.973954222573007,0.33510806872685317,0.2681849918037762,0.8769426820319618,0.8852080679942743,0.23809652818580795,0.1794388372250435,0.8529742532149975,0.8376923203468323,0.19884616650067843,0.13192308957760146,0.7869230508804321,0.1480768970342783,0.08115382011120131,0.893774688243866,0.2549285343977121,0.18800545747463515,0.8937119245529175,0.25486577070676364,0.18794269378368667,0.848365893274902,0.20951973942874813,0.14259666250567116
flows_6,corr_source_fog_sev1,4,2600,True,False,False,0.8442307692307692,0.8442307692307692,0.8676923076923077,0.9863547758284601,0.9863547758284601,0.14212400659769087,0.11866246813615244,0.9411995153013598,0.9414499844414538,0.09696874607059058,0.07375767674914613,0.9205700133236929,0.9142307639122009,0.0699999946814317,0.046538456219893276,0.8873077034950256,0.043076934264256406,0.019615395802717983,0.9422116279602051,0.09798085872943585,0.07451932026789743,0.9421488642692566,0.09791809503848736,0.07445655657694894,0.9010821228729884,0.05685135364221916,0.03338981518068074
flows_6,corr_source_fog_sev2,5,2600,True,False,False,0.8088461538461539,0.8088461538461539,0.8492307692307692,0.9823874755381605,0.9824400275502122,0.17354132169200664,0.13320925831944297,0.9190505371350275,0.9207952699987281,0.11020438328887361,0.07156450076795884,0.9018219683241305,0.8884615302085876,0.07961537636243377,0.03923076097781841,0.858846127986908,0.04999997414075408,0.009615358756138725,0.9270696640014648,0.11822351015531096,0.07783889477069561,0.9270069003105164,0.11816074646436248,0.07777613107974712,0.8750560559571434,0.06620990211098954,0.025825286726374186
flows_6,corr_source_fog_sev3,6,2600,True,False,False,0.75,0.75,0.811923076923077,0.9827856025039122,0.9827856025039122,0.23278560250391223,0.17086252558083526,0.8939521057134414,0.8948212975476894,0.14395210571344141,0.08289822062461238,0.8738510361960344,0.8676922917366028,0.11769229173660278,0.055769214813525814,0.813076913356781,0.063076913356781,0.0011538364337040363,0.9090059995651245,0.1590059995651245,0.09708292264204754,0.908943235874176,0.15894323587417603,0.09702015895109906,0.8317281633891073,0.08172816338910727,0.019805086466030297
flows_6,corr_source_fog_sev4,7,2600,True,False,False,0.678076923076923,0.678076923076923,0.7715384615384615,0.9827856025039122,0.9827856025039122,0.3047086794269892,0.21124714096545072,0.8673835498562527,0.8739363200740573,0.18930662677932963,0.1023978585355958,0.8503254755447722,0.8342307806015015,0.15615385752457844,0.06269231906303996,0.7726923227310181,0.09461539965409504,0.00115386119255656,0.8899754285812378,0.21189850550431477,0.11843696704277629,0.8899126648902893,0.21183574181336629,0.1183742033518278,0.7785979344094915,0.10052101133256852,0.007059472871030037
flows_6,corr_source_fog_sev5,8,2600,True,False,False,0.5219230769230769,0.5219230769230769,0.7138461538461538,0.9807918463347707,0.9807918463347707,0.45886876941169374,0.2669456924886169,0.8103514362486384,0.8431899635012895,0.28842835932556143,0.1293438096551357,0.8029547736604352,0.7823076844215393,0.2603846074984624,0.06846153057538551,0.7065384387969971,0.18461536187392014,0.007307715049156727,0.8567463755607605,0.33482329863768356,0.1429002217146067,0.856683611869812,0.3347605349467351,0.14283745802365821,0.6355637916615833,0.11364071473850634,0.07828236218457052
flows_6,corr_source_frost_sev1,9,2600,True,False,False,0.8369230769230769,0.8369230769230769,0.8703846153846154,0.9823874755381605,0.9823874755381605,0.14546439861508365,0.1120028601535451,0.9307139358926826,0.935896233207108,0.0937908589696057,0.0655116178224926,0.9124040500937168,0.9107692241668701,0.07384614724379324,0.040384608782254694,0.8757692575454712,0.03884618062239431,0.005384642160855768,0.9362908601760864,0.09936778325300955,0.065906244791471,0.9362280964851379,0.09930501956206106,0.06584348110052252,0.9020479545093515,0.06512487758627461,0.03166333912473607
flows_6,corr_source_frost_sev2,10,2600,True,False,False,0.7184615384615385,0.7184615384615385,0.7903846153846154,0.9702970297029702,0.9703417609833638,0.2518354912414317,0.17995714559874842,0.8632191297015158,0.8786202635294506,0.14475759123997733,0.0882356481448352,0.8515999822622811,0.8296154141426086,0.11115387568107016,0.03923079875799329,0.7769230604171753,0.05846152195563681,0.01346155496744006,0.8895532488822937,0.17109171042075522,0.09916863349767835,0.8894904851913452,0.17102894672980673,0.09910586980672986,0.8156755228702348,0.09721398440869633,0.025290907485619463
flows_6,corr_source_frost_sev3,11,2600,True,False,False,0.6234615384615385,0.6234615384615385,0.7592307692307693,0.961246504194966,0.9616904330188388,0.33778496573342753,0.20245966378806957,0.8127013205414703,0.8333008379022507,0.18923978207993175,0.07407006867148147,0.8064114368958077,0.7799999713897705,0.156538432928232,0.020769202159001243,0.7092307806015015,0.08576924213996295,0.0499999886292678,0.8591588139533997,0.23569727549186115,0.0999280447226304,0.8590960502624512,0.23563451180091266,0.09986528103168191,0.7434144028790695,0.11995286441753095,0.015816366351699807
flows_6,corr_source_frost_sev4,12,2600,True,False,False,0.6061538461538462,0.6061538461538462,0.7492307692307693,0.9645559538032655,0.9647656380472452,0.3584021076494194,0.215534868816476,0.7976719593221732,0.8251269731208951,0.191518113168327,0.07589620389012586,0.7944821656963086,0.7638461589813232,0.1576923128274771,0.014615389750553986,0.6865384578704834,0.08038461171663724,0.06269231136028586,0.8474661707878113,0.24131232463396513,0.09823540155704202,0.8474034070968628,0.24124956094301664,0.09817263786609354,0.7226609353860756,0.11650708923222941,0.02656983384469369
flows_6,corr_source_frost_sev5,13,2600,True,False,False,0.5326923076923077,0.5326923076923077,0.7384615384615385,0.9570798235058163,0.9570798235058163,0.42438751581350864,0.21861828504427783,0.7688085007560939,0.8163474559710172,0.23611619306378617,0.07788591750947871,0.7650360816164614,0.7265384793281555,0.19384617163584783,0.011923059133382985,0.6376923322677612,0.10500002457545354,0.10076920619377727,0.8271726369857788,0.2944803292934711,0.0887110985242403,0.8271098732948303,0.29441756560252264,0.08864833483329182,0.6651682153076358,0.13247590761532813,0.07329332315390269
flows_6,corr_source_motion_blur_sev1,14,2600,True,False,False,0.8619230769230769,0.8619230769230769,0.8834615384615384,0.9883268482490273,0.9883268482490273,0.12640377132595038,0.10486530978748887,0.9472267915965386,0.9512090970644732,0.08530371467346165,0.0677475586029348,0.9248701124393709,0.9196153879165649,0.05769231099348804,0.03615384945502653,0.8915384411811829,0.02961536425810596,0.008076902719644452,0.9459293484687805,0.08400627154570361,0.06246781000724211,0.945866584777832,0.08394350785475513,0.06240504631629362,0.9265318424172116,0.06460876549413475,0.04307030395567324
flows_6,corr_source_motion_blur_sev2,15,2600,True,False,False,0.7907692307692308,0.7907692307692308,0.8442307692307692,0.984771573604061,0.984771573604061,0.1940023428348302,0.14054080437329175,0.9078767535515543,0.91702056941376,0.1171075227823235,0.07278980018299075,0.884387423712368,0.8746153712272644,0.08384614045803362,0.030384601996495175,0.829230785369873,0.03846155460064227,0.014999983860896182,0.9159390926361084,0.12516986186687762,0.07170832340533917,0.9158763289451599,0.12510709817592913,0.07164555971439068,0.8858406241022222,0.09507139333299142,0.04160985487145297
flows_6,corr_source_motion_blur_sev3,16,2600,True,False,False,0.6580769230769231,0.6580769230769231,0.7580769230769231,0.9690721649484536,0.9690721649484536,0.3109952418715305,0.21099524187153051,0.8295208148636535,0.850761173129093,0.17144389178673036,0.09268425005216996,0.812053606940525,0.7873076796531677,0.1292307565762446,0.029230756576244632,0.7069230675697327,0.04884614449280955,0.05115385550719043,0.8606557846069336,0.20257886153001048,0.1025788615300105,0.8605930209159851,0.202516097839062,0.10251609783906201,0.789617650348363,0.13154072727143984,0.03154072727143986
flows_6,corr_source_motion_blur_sev4,17,2600,True,False,False,0.485,0.485,0.7296153846153847,0.9587505006007209,0.9591982686916607,0.4737505006007209,0.22958288407627603,0.7744570826879666,0.8125408739829044,0.28945708268796666,0.08292548936751976,0.7454734504687899,0.7088461518287659,0.22384615182876588,0.020769232786618796,0.6103846430778503,0.12538464307785036,0.11923074153753432,0.8159139156341553,0.3309139156341553,0.08629853101877061,0.8158511519432068,0.3308511519432068,0.08623576732782212,0.6657166261118053,0.18071662611180528,0.0638987585035794
flows_6,corr_source_motion_blur_sev5,18,2600,True,False,False,0.3719230769230769,0.3719230769230769,0.7315384615384616,0.9413680781758959,0.9413680781758959,0.5694450012528189,0.20982961663743427,0.7483393021992425,0.7937639759803939,0.3764162252761656,0.06222551444193236,0.7094809898990034,0.6665384769439697,0.2946154000208928,0.06499998459449186,0.5488461256027222,0.17692304867964526,0.1826923359357394,0.7892976403236389,0.417374563400562,0.057759178785177334,0.7892348766326904,0.4173117997096135,0.05769641509422885,0.5837792631522781,0.21185618622920122,0.14775919838618345
flows_6,corr_source_brightness_sev1,19,2600,True,False,False,0.9088461538461539,0.9088461538461539,0.9188461538461539,0.9938080495356038,0.9938080495356038,0.0849618956894499,0.07496189568944989,0.9724858090234767,0.9724858090234767,0.06363965517732284,0.05363965517732283,0.9514884574457239,0.9507692456245422,0.04192309177838838,0.03192309177838837,0.930384635925293,0.02153848207913911,0.0115384820791391,0.9639012813568115,0.055055127510657664,0.045055127510657655,0.963838517665863,0.05499236381970918,0.04499236381970917,0.9452253047572203,0.03637915091106647,0.026379150911066462
flows_6,corr_source_brightness_sev2,20,2600,True,False,False,0.9034615384615384,0.9034615384615384,0.92,0.9883268482490273,0.9883777755261067,0.08486530978748885,0.06837777552610669,0.9701399476255533,0.9716011820265393,0.0666784091640149,0.051601182026539294,0.9476172887032477,0.9449999928474426,0.0415384543859042,0.024999992847442587,0.9253846406936646,0.021923102232126124,0.005384640693664511,0.961771547794342,0.058310009332803614,0.041771547794342,0.9617087841033936,0.05824724564185513,0.041708784103393515,0.9408803681348786,0.037418829673340204,0.02088036813487859
flows_6,corr_source_brightness_sev3,21,2600,True,False,False,0.8946153846153846,0.8946153846153846,0.9061538461538462,0.9875389408099688,0.9879424275101845,0.09292355619458426,0.08178858135633826,0.9640567397104244,0.9646377483427364,0.06944135509503979,0.05848390218889021,0.9412347973049136,0.9419230818748474,0.04730769725946282,0.035769235721001214,0.9169231057167053,0.022307721101320732,0.010769259562859124,0.9577770233154297,0.0631616387000451,0.05162317716158349,0.9577142596244812,0.06309887500909661,0.051560413470635,0.9364824014528201,0.041867016837435544,0.030328555298973936
flows_6,corr_source_brightness_sev4,22,2600,True,False,False,0.8796153846153846,0.8796153846153846,0.8911538461538462,0.9867498051441934,0.9871926525541146,0.10713442052880884,0.0960388064002684,0.9569356131682537,0.9571643653606464,0.07732022855286913,0.06601051920680023,0.9316404931402663,0.9296153783798218,0.0499999937644372,0.03846153222597559,0.9007692337036133,0.021153849088228704,0.009615387549767096,0.9512939453125,0.07167856069711542,0.060140099158653815,0.9512311816215515,0.07161579700616694,0.06007733546770533,0.9318658661928483,0.0522504815774637,0.040712020039002095
flows_6,corr_source_brightness_sev5,23,2600,True,False,False,0.8453846153846154,0.8453846153846154,0.8642307692307692,0.9819890368050117,0.9824010601770979,0.1366044214203963,0.1181702909463287,0.9375766018280048,0.9430623380813892,0.09219198644338944,0.07883156885061993,0.9146500482770215,0.9088461399078369,0.06346152452322151,0.04461537067706767,0.873846173286438,0.028461557901822587,0.009615404055668741,0.9376990795135498,0.0923144641289344,0.07346831028278056,0.9376363158226013,0.09225170043798592,0.07340554659183207,0.913803681443303,0.06841906605868764,0.04957291221253379
flows_6,corr_source_zoom_blur_sev1,24,2600,True,False,False,0.81,0.81,0.8603846153846154,0.978790259230165,0.978790259230165,0.168790259230165,0.11840564384554964,0.9190803652448098,0.921200627871584,0.1090803652448098,0.06081601248696855,0.8953686554864374,0.8892307877540588,0.07923078775405878,0.028846172369443424,0.8496153950691223,0.03961539506912226,0.0107692203154931,0.923414945602417,0.11341494560241694,0.06303033021780158,0.9233521819114685,0.11335218191146845,0.06296756652685309,0.8944029814624351,0.08440298146243508,0.03401836607781972
flows_6,corr_source_zoom_blur_sev2,25,2600,True,False,False,0.7465384615384615,0.7465384615384615,0.8242307692307692,0.9694807768529528,0.9694807768529528,0.22294231531449127,0.14525000762218354,0.8823887434673193,0.8851863205682489,0.13585028192885784,0.06095555133747965,0.8597542194720741,0.8461538553237915,0.09961539378533002,0.021923086093022293,0.7996153831481934,0.053076921609731875,0.024615386082575852,0.8984457850456238,0.1519073235071623,0.07421501581485457,0.8983830213546753,0.1518445598162138,0.07415225212390608,0.8589385608619463,0.11240009932348483,0.0347077916311771
flows_6,corr_source_zoom_blur_sev3,26,2600,True,False,False,0.6996153846153846,0.6996153846153846,0.7857692307692308,0.9591673338670936,0.9591673338670936,0.259551949251709,0.17339810309786285,0.8409821052358355,0.8508277217090416,0.14136672062045086,0.06505849093981086,0.8265282620926041,0.8015384674072266,0.10192308279184192,0.015769236637995787,0.7376922965049744,0.038076911889589726,0.04807693426425641,0.8723154664039612,0.17270008178857654,0.0865462356347304,0.8722527027130127,0.17263731809762806,0.08648347194378192,0.8274893166121324,0.1278739319967478,0.041720085842901655
flows_6,corr_source_zoom_blur_sev4,27,2600,True,False,False,0.6365384615384615,0.6365384615384615,0.7703846153846153,0.9490703314470493,0.9491464093535978,0.31253186990858783,0.1787617939689825,0.7977399368491812,0.8298499740000618,0.1612014753107197,0.05946535861544644,0.7931442826316203,0.7688461542129517,0.13230769267449016,0.0015384611716636742,0.6769230961799622,0.04038463464150066,0.09346151920465318,0.8476022481918335,0.211063786653372,0.07721763280721816,0.847539484500885,0.2110010229624235,0.07715486911626968,0.7901532954502033,0.1536148339117418,0.019768680065587962
flows_6,corr_source_zoom_blur_sev5,28,2600,True,False,False,0.5696153846153846,0.5696153846153846,0.7380769230769231,0.9374744585206376,0.9391967925464213,0.36785907390525296,0.20111986946949822,0.7542316075456564,0.8067682597917052,0.1846162229302718,0.06869133671478211,0.7563166688465784,0.7257692217826843,0.1561538371672997,0.012307701294238749,0.6226922869682312,0.05307690235284657,0.11538463610869187,0.8215000629425049,0.25188467832712025,0.08342313986558181,0.8214372992515564,0.25182191463617176,0.08336037617463332,0.7421608155472487,0.17254543093186403,0.00408389247032559
flows_6,corr_source_snow_sev1,29,2600,True,False,False,0.811923076923077,0.811923076923077,0.8515384615384616,0.9807918463347707,0.9820316316376684,0.1688687694116937,0.1304931700992068,0.9229385040902164,0.9236328082988685,0.11101542716713941,0.07209434676040694,0.9008401467929354,0.8999999761581421,0.08807689923506512,0.04846151461968051,0.8542307615280151,0.04230768460493817,0.0026922999895535593,0.9300574660301208,0.11813438910704388,0.07851900449165927,0.9299947023391724,0.1180716254160954,0.07845624080071079,0.8838649600993826,0.07194188317630568,0.03232649856092107
flows_6,corr_source_snow_sev2,30,2600,True,False,False,0.6115384615384616,0.6115384615384616,0.7692307692307693,0.9633173843700159,0.9642521900523705,0.3517789228315543,0.19502142082160123,0.8154492739029441,0.8387053019608574,0.2039108123644825,0.06947453273008808,0.8080979364018094,0.7853845953941345,0.17384613385567294,0.016153826163365248,0.7065384387969971,0.09499997725853548,0.0626923304337722,0.8593167662620544,0.24777830472359286,0.09008599703128517,0.859254002571106,0.24771554103264437,0.09002323334033668,0.7281937368817795,0.11665527534331788,0.04103703234898981
flows_6,corr_source_snow_sev3,31,2600,True,False,False,0.6415384615384615,0.6415384615384615,0.7661538461538462,0.9587505006007209,0.9597061068943482,0.31721203906225937,0.19355226074050202,0.8303194423450666,0.8435158234208885,0.1887809808066051,0.0773619772670423,0.8194490961935565,0.7976922988891602,0.15615383735069865,0.03153845273531397,0.7192307710647583,0.0776923095262968,0.046923075089087884,0.8675564527511597,0.22601799121269817,0.10140260659731348,0.8674936890602112,0.22595522752174968,0.101339842906365,0.7660285509146437,0.12449008937618222,0.00012529523920246088
flows_6,corr_source_snow_sev4,32,2600,True,False,False,0.5434615384615384,0.5434615384615384,0.7384615384615385,0.9554037766171153,0.9554037766171153,0.41194223815557685,0.21694223815557678,0.7889416220559381,0.820747140399761,0.24548008359439966,0.08228560193822254,0.7795508472026584,0.7549999952316284,0.21153845677008998,0.016538456770089915,0.6676923036575317,0.1242307651959933,0.07076923480400676,0.8388268351554871,0.2953652966939486,0.10036529669394856,0.8387640714645386,0.29530253300300013,0.10030253300300007,0.7022525106956226,0.15879097223408412,0.036209027765915947
flows_6,corr_source_snow_sev5,33,2600,True,False,False,0.4807692307692308,0.4807692307692308,0.7446153846153846,0.9435188947582284,0.944073663090427,0.4627496639889976,0.19945827847504238,0.730276803112802,0.7881954659223352,0.24950757234357118,0.04358008130695068,0.7419899849015705,0.7019230723381042,0.22115384156887347,0.04269231227728032,0.5938461422920227,0.11307691152279192,0.15076924232336186,0.810452401638031,0.3296831708688002,0.06583701702264644,0.8103896379470825,0.32962040717785174,0.06577425333169795,0.6336798602863674,0.15291062951713658,0.11093552432901721
flows_6,corr_source_defocus_blur_sev1,34,2600,True,False,False,0.8361538461538461,0.8361538461538461,0.8719230769230769,0.9779874213836479,0.9779874213836479,0.14183357522980178,0.106064344460571,0.9313771181643548,0.9358836641508109,0.09522327201050862,0.06396058722773401,0.904981200126925,0.8865384459495544,0.05038459979570831,0.014615369026477532,0.8592307567596436,0.023076910605797418,0.012692320163433357,0.9279488325119019,0.09179498635805572,0.056025755588824944,0.9278860688209534,0.09173222266710723,0.05596299189787646,0.8985663411244951,0.062412494970648935,0.02664326420141816
flows_6,corr_source_defocus_blur_sev2,35,2600,True,False,False,0.786923076923077,0.786923076923077,0.833076923076923,0.9751675206937328,0.9751675206937328,0.18824444377065586,0.14209059761680976,0.9039392857555176,0.9136769593138283,0.11701620883244068,0.08060003623690526,0.8743166336482212,0.8607692122459412,0.07384613532286421,0.027692289169018114,0.8100000023841858,0.023076925461108844,0.023076920692737257,0.9084352254867554,0.12151214856367842,0.07535830240983232,0.9083724617958069,0.12144938487272994,0.07529553871888384,0.8732751414042932,0.08635206448121624,0.04019821832737014
flows_6,corr_source_defocus_blur_sev3,36,2600,True,False,False,0.675,0.675,0.7796153846153846,0.9686632288774296,0.9687103974961969,0.29366322887742957,0.18909501288081232,0.8340720169718258,0.8570694202299034,0.1590720169718257,0.0774540356145188,0.8001681687212336,0.7761538624763489,0.10115386247634883,0.003461522139035722,0.6896153688430786,0.014615368843078569,0.09000001577230599,0.8543487191200256,0.1793487191200256,0.07473333450464104,0.8542859554290771,0.1792859554290771,0.07467057081369255,0.8084487056036218,0.13344870560362176,0.02883332098823721
flows_6,corr_source_defocus_blur_sev4,37,2600,True,False,False,0.568076923076923,0.568076923076923,0.7484615384615385,0.9608313349320542,0.9608313349320542,0.39275441185513116,0.21236979647051568,0.7697724707085666,0.8080756672798429,0.20169554763164355,0.05961412881830441,0.7295697098728215,0.6888461709022522,0.12076924782532916,0.059615367559286314,0.5865384340286255,0.018461510951702453,0.16192310443291302,0.8035396933555603,0.23546277027863727,0.05507815489402179,0.8034769296646118,0.23540000658768878,0.055015391203073305,0.7335852121329425,0.16550828905601944,0.014876326328596035
flows_6,corr_source_defocus_blur_sev5,38,2600,True,False,False,0.4542307692307692,0.4542307692307692,0.7257692307692307,0.9503431570448123,0.9508774841879453,0.4961123878140431,0.22510825341871454,0.7086528501998197,0.7910113695460513,0.2544220809690505,0.06524213877682061,0.6589692966877121,0.6069231033325195,0.15269233410175032,0.11884612743671119,0.47999998927116394,0.025769220040394725,0.24576924149806678,0.7524961829185486,0.29826541368777937,0.026726952149317862,0.7524334192276001,0.2982026499968309,0.026664188458369376,0.6411767116348728,0.18694594240410356,0.08459251913435795
flows_6,corr_source_glass_blur_sev1,39,2600,True,False,False,0.7957692307692308,0.7957692307692308,0.8438461538461538,0.9735491512041057,0.9735491512041057,0.1777799204348749,0.12970299735795188,0.908817848644435,0.9100723063291338,0.11304861787520426,0.06622615248298003,0.890657866473398,0.8730769157409668,0.07730768497173601,0.029230761894812995,0.8384615182876587,0.04269228751842791,0.00538463555849511,0.9187941551208496,0.12302492435161883,0.07494800127469581,0.9187313914299011,0.12296216066067034,0.07488523758374732,0.8697007152641604,0.07393148449492959,0.025854561418006572
flows_6,corr_source_glass_blur_sev2,40,2600,True,False,False,0.6846153846153846,0.6846153846153846,0.7753846153846153,0.9723320158102767,0.9723320158102767,0.2877166311948921,0.1969474004256614,0.8487069783058447,0.8634694615851196,0.1640915936904601,0.08808484620050427,0.8308414831832486,0.8103846311569214,0.12576924654153676,0.03500001577230605,0.7450000047683716,0.060384620152986956,0.030384610616243757,0.8761983513832092,0.1915829667678246,0.10081373599859389,0.8761355876922607,0.19152020307687612,0.1007509723076454,0.7851987385576885,0.10058335394230389,0.009814123173073175
flows_6,corr_source_glass_blur_sev3,41,2600,True,False,False,0.40192307692307694,0.40192307692307694,0.7330769230769231,0.96,0.96,0.558076923076923,0.2269230769230769,0.7382020513005396,0.8154815227324526,0.3362789743774627,0.08240459965552949,0.6583006343463247,0.6096153855323792,0.2076923086093022,0.12346153754454392,0.4669230878353119,0.06500001091223495,0.2661538352416112,0.7520161271095276,0.35009305018645065,0.018939204032604517,0.7519533634185791,0.35003028649550216,0.01887644034165603,0.5240553494369867,0.12213227251390979,0.20902157363993634
flows_6,corr_source_glass_blur_sev4,42,2600,True,False,False,0.31,0.31,0.7657692307692308,0.9541432019308127,0.9541432019308127,0.6441432019308126,0.18837397116158194,0.7282324676220601,0.8079462939237794,0.41823246762206007,0.04217706315454861,0.6215941894365071,0.5526922941207886,0.24269229412078858,0.21307693664844218,0.4069230854511261,0.0969230854511261,0.35884614531810466,0.7232920527458191,0.4132920527458191,0.042477178023411666,0.7232292890548706,0.4132292890548706,0.04253994171436015,0.4410428633985892,0.13104286339858923,0.32472636737064153
flows_6,corr_source_glass_blur_sev5,43,2600,True,False,False,0.23615384615384616,0.23615384615384616,0.7996153846153846,0.9653800238758456,0.9658690574568344,0.7292261777219995,0.16625367284144976,0.7614864407967428,0.8171141474414058,0.5253325946428966,0.01749876282602114,0.6143127031574768,0.5680769085884094,0.33192306243456327,0.2315384760269752,0.4042307734489441,0.16807692729509793,0.3953846111664405,0.7294188737869263,0.4932650276330801,0.07019651082845835,0.7293561100959778,0.4932022639421316,0.07025927451940683,0.3796859691601172,0.14353212300627105,0.4199294154552674
flows_6,corr_source_gaussian_noise_sev1,44,2600,True,False,False,0.838076923076923,0.838076923076923,0.8607692307692307,0.9811912225705329,0.9816044731130937,0.14311429949360988,0.120835242343863,0.9419007600260791,0.9419007600260791,0.10382383694915609,0.08113152925684841,0.9247055759022,0.9203846454620361,0.08230772238511308,0.0596154146928054,0.8907692432403564,0.05269232016343339,0.030000012471125714,0.9447344541549683,0.10665753107804521,0.08396522338573753,0.9446716904640198,0.10659476738709672,0.08390245969478904,0.9167657154039736,0.0786887923270505,0.05599648463474283
flows_6,corr_source_gaussian_noise_sev2,45,2600,True,False,False,0.7538461538461538,0.7538461538461538,0.8026923076923077,0.9755713159968479,0.9755713159968479,0.22172516215069404,0.17287900830454017,0.9015324285097033,0.9016371416444844,0.14768627466354944,0.09894483395217668,0.8943142443064903,0.8849999904632568,0.131153836617103,0.08230768277094913,0.8446153998374939,0.09076924599134006,0.04192309214518619,0.922519326210022,0.16867317236386814,0.11982701851771427,0.9224565625190735,0.16861040867291965,0.11976425482676578,0.8611700185177614,0.1073238646716076,0.05847771082545372
flows_6,corr_source_gaussian_noise_sev3,46,2600,True,False,False,0.6188461538461538,0.6188461538461538,0.745,0.9604158336665334,0.9608610401993048,0.34156967982037956,0.21586104019930485,0.8150561676085192,0.8256545340938647,0.19621001376236535,0.0806545340938647,0.844814618313374,0.8215384483337402,0.2026922944875864,0.07653844833374024,0.7649999856948853,0.14615383184873143,0.01999998569488526,0.8843250274658203,0.2654788736196665,0.13932502746582032,0.8842622637748718,0.265416109928718,0.13926226377487183,0.7715420877161057,0.15269593386995184,0.026542087716105667
flows_6,corr_source_gaussian_noise_sev4,47,2600,True,False,False,0.4442307692307692,0.4442307692307692,0.7207692307692307,0.9184692179700498,0.9184692179700498,0.47423844873928056,0.19769998720081905,0.6973881165206327,0.7640948228214633,0.2531573472898635,0.04332559205223263,0.7687338727748033,0.732692301273346,0.28846153204257674,0.01192307050411523,0.6465384364128113,0.20230766718204207,0.07423079435641944,0.8285787105560303,0.38434794132526107,0.10780947978679956,0.8285159468650818,0.3842851776343126,0.10774671609585107,0.6504879244227622,0.20625715519199295,0.07028130634646856
flows_6,corr_source_gaussian_noise_sev5,48,2600,True,False,False,0.24384615384615385,0.24384615384615385,0.7961538461538461,0.8764044943820225,0.8767179029261696,0.6325583405358687,0.08056405677232348,0.5837618652012546,0.7189657762142538,0.3399157113551008,0.07718806993959226,0.6716022221618431,0.617307722568512,0.37346156872235814,0.17884612358533414,0.49076923727989197,0.24692308343373812,0.30538460887395413,0.760624349117279,0.5167781952711252,0.03552949703656705,0.7605615854263306,0.5167154315801767,0.035592260727515534,0.4831350485023954,0.23928889465624156,0.3130187976514507
flows_6,corr_source_shot_noise_sev1,49,2600,True,False,False,0.8338461538461538,0.8338461538461538,0.865,0.984375,0.9843985593831724,0.1505288461538462,0.11939855938317245,0.9441471039946646,0.944336865063412,0.11030095014851082,0.07933686506341198,0.9233850026768295,0.9169231057167053,0.08307695187055153,0.05192310571670533,0.8915384411811829,0.05769228733502907,0.02653844118118287,0.9453955292701721,0.11154937542401833,0.08039552927017213,0.9453327655792236,0.11148661173306984,0.08033276557922364,0.9138467577981423,0.08000060395198849,0.04884675779814229
flows_6,corr_source_shot_noise_sev2,50,2600,True,False,False,0.7480769230769231,0.7480769230769231,0.8034615384615384,0.9751675206937328,0.9755900366877901,0.22709059761680972,0.17212849822625165,0.8949212788711522,0.8950742604198845,0.14684435579422916,0.09161272195834602,0.8907046774904775,0.8896153569221497,0.14153843384522657,0.08615381846061121,0.8369230628013611,0.088846139724438,0.033461524339822635,0.9201689958572388,0.17209207278031569,0.11670745739570032,0.9201062321662903,0.1720293090893672,0.11664469370475183,0.8597846858829524,0.11170776280602934,0.05632314742141398
flows_6,corr_source_shot_noise_sev3,51,2600,True,False,False,0.6188461538461538,0.6188461538461538,0.7411538461538462,0.9528795811518325,0.9528795811518325,0.33403342730567864,0.2117257349979863,0.8098900814562424,0.823439697913972,0.1910439276100886,0.08228585176012582,0.8345442997788118,0.8126922845840454,0.1938461307378916,0.07153843843019925,0.75,0.13115384615384618,0.008846153846153837,0.8764107823371887,0.2575646284910349,0.13525693618334256,0.8763480186462402,0.2575018648000864,0.13519417249239407,0.765714776241911,0.14686862239575715,0.024560930088064814
flows_6,corr_source_shot_noise_sev4,52,2600,True,False,False,0.40115384615384614,0.40115384615384614,0.7457692307692307,0.9202657807308972,0.920500252902967,0.519111934577051,0.17473102213373626,0.6683955952766516,0.7579110102799268,0.26724174912280546,0.01214177951069606,0.7483414861037067,0.7123076915740967,0.31115384542025054,0.03346153919513406,0.6115384697914124,0.21038462363756621,0.1342307609778184,0.8138096928596497,0.4126558467058035,0.06804046209041892,0.8137469291687012,0.41259308301485503,0.06797769839947043,0.6171454652022357,0.21599161904838954,0.12862376556699506
flows_6,corr_source_shot_noise_sev5,53,2600,True,False,False,0.28115384615384614,0.28115384615384614,0.7834615384615384,0.886986301369863,0.8877076534975393,0.6058324552160168,0.1042461150360009,0.630291610606628,0.7212035283145802,0.34913776445278183,0.0622580101469582,0.7047834159245829,0.6730769276618958,0.3919230815080496,0.11038461079964268,0.5492307543754578,0.2680769082216116,0.23423078408608067,0.7884699106216431,0.507316064467797,0.005008372160104635,0.7884071469306946,0.5072533007768485,0.004945608469156149,0.5191192093792836,0.23796536322543743,0.26434232908225486
flows_6,corr_source_impulse_noise_sev1,54,2600,True,False,False,0.7565384615384615,0.7565384615384615,0.8173076923076923,0.9698890649762281,0.9699344052515226,0.21335060343776657,0.15262671294383034,0.8955997049289031,0.8968586627001176,0.13906124339044157,0.07955097039242531,0.8865915432521619,0.876153826713562,0.11961536517510052,0.05884613440586972,0.8261538743972778,0.06961541285881634,0.008846182089585541,0.9165369868278503,0.15999852528938885,0.09922929452015805,0.9164742231369019,0.15993576159844036,0.09916653082920956,0.8674052952710375,0.110866833732576,0.0500976029633452
flows_6,corr_source_impulse_noise_sev2,55,2600,True,False,False,0.6996153846153846,0.6996153846153846,0.765,0.9637305699481864,0.9637305699481864,0.26411518533280176,0.1987305699481864,0.851666383786676,0.8634243755976713,0.1520509991712914,0.09842437559767125,0.8608667023710226,0.8507692217826843,0.1511538371672997,0.08576922178268431,0.7961538434028625,0.09653845878747791,0.031153843402862536,0.8989852070808411,0.19936982246545643,0.13398520708084105,0.8989224433898926,0.19930705877450794,0.13392244338989256,0.8297948027414337,0.13017941812604905,0.06479480274143368
flows_6,corr_source_impulse_noise_sev3,56,2600,True,False,False,0.6165384615384616,0.6165384615384616,0.7473076923076923,0.9629038691663343,0.9629038691663343,0.3463654076278727,0.21559617685864196,0.8026509985083969,0.8222994968603521,0.18611253696993535,0.07499180455265975,0.8312280695946784,0.8092307448387146,0.192692283300253,0.06192305253102226,0.7400000095367432,0.12346154799828157,0.007307682770949175,0.8744099140167236,0.25787145247826204,0.1271022217090313,0.8743471503257751,0.25780868878731356,0.1270394580180828,0.7838491879034618,0.16731072636500022,0.03654149559576947
flows_6,corr_source_impulse_noise_sev4,57,2600,True,False,False,0.43846153846153846,0.43846153846153846,0.7219230769230769,0.9273927392739274,0.9273927392739274,0.48893120081238894,0.2054696623508505,0.6899108968338361,0.7727506788717711,0.25144935837229765,0.05082760194869418,0.7555188341558736,0.7223076820373535,0.28384614357581506,0.000384605114276626,0.618461549282074,0.18000001082053552,0.10346152764100291,0.8207002878189087,0.38223874935737023,0.0987772108958318,0.8206375241279602,0.38217598566642175,0.09871444720488332,0.650381769791684,0.2119202313301456,0.07154130713139284
flows_6,corr_source_impulse_noise_sev5,58,2600,True,False,False,0.26615384615384613,0.26615384615384613,0.7730769230769231,0.8893635198633062,0.8896840678632041,0.6232096737094601,0.11660714478628098,0.6084757370158136,0.7389230110337642,0.34232189086196746,0.034153912043158874,0.6699302405855919,0.6280769109725952,0.3619230648187491,0.1450000121043279,0.48500001430511475,0.21884616815126862,0.28807690877180836,0.7634927034378052,0.49733885728395905,0.00958421963911793,0.7634299397468567,0.49727609359301056,0.009646983330066417,0.5009236201321883,0.23476977397834214,0.27215330294473483
flows_6,corr_source_contrast_sev1,59,2600,True,False,False,0.8711538461538462,0.8711538461538462,0.8880769230769231,0.9867498051441934,0.9867498051441934,0.11559595899034725,0.09867288206727032,0.9567110729048103,0.9567110729048103,0.08555722675096411,0.06863414982788718,0.9309956550938538,0.9334615468978882,0.062307700744042016,0.045384623820965087,0.9019230604171753,0.030769214263329125,0.013846137340252196,0.9512603282928467,0.08010648213900051,0.06318340521592358,0.9511975646018982,0.08004371844805203,0.0631206415249751,0.9214332470099185,0.0502794008560723,0.03335632393299537
flows_6,corr_source_contrast_sev2,60,2600,True,False,False,0.8326923076923077,0.8326923076923077,0.8642307692307692,0.981590285938112,0.981590285938112,0.1488979782458043,0.11735951670734279,0.9360270134984706,0.9360270134984706,0.10333470580616289,0.07179624426770137,0.9109364362977977,0.9053846001625061,0.07269229247019837,0.04115383093173686,0.873846173286438,0.04115386559413026,0.009615404055668741,0.935899019241333,0.10320671154902528,0.07166825001056376,0.9358362555503845,0.10314394785807679,0.07160548631961527,0.8962631362849122,0.06357082859260443,0.03203236705414292
flows_6,corr_source_contrast_sev3,61,2600,True,False,False,0.75,0.75,0.805,0.9779874213836479,0.9779874213836479,0.22798742138364791,0.17298742138364787,0.8857740492391041,0.8886032874674822,0.13577404923910408,0.08360328746748213,0.8678732786213181,0.8523076772689819,0.10230767726898193,0.047307677268981885,0.800000011920929,0.050000011920928955,0.004999988079071094,0.9016941785812378,0.1516941785812378,0.09669417858123774,0.9016314148902893,0.1516314148902893,0.09663141489028926,0.8310657727073577,0.08106577270735771,0.02606577270735766
flows_6,corr_source_contrast_sev4,62,2600,True,False,False,0.5211538461538462,0.5211538461538462,0.7253846153846154,0.96,0.96,0.4388461538461538,0.23461538461538456,0.7725858741785883,0.7956061589859887,0.25143202802474207,0.07022154360137334,0.7682386810812024,0.7357692122459412,0.21461536609209497,0.010384596861325757,0.6526923179626465,0.1315384718088003,0.07269229742196892,0.830700695514679,0.30954684936083277,0.10531608013006355,0.8306379318237305,0.3094840856698843,0.10525331643911506,0.6742841666974714,0.1531303205436252,0.05110044868714403
flows_6,corr_source_contrast_sev5,63,2600,True,False,False,0.2903846153846154,0.2903846153846154,0.7711538461538462,0.9352989352989352,0.9353949795531115,0.6449143199143197,0.16424113339926527,0.6176653584239074,0.7557336171546609,0.32728074303929194,0.01542022899918527,0.6187558411066568,0.5507692098617554,0.26038459447713996,0.22038463629209082,0.4092307686805725,0.1188461532959571,0.3619230774732737,0.7177312970161438,0.4273466816315284,0.05342254913770239,0.7176685333251953,0.4272839179405799,0.05348531282865088,0.5027027164533197,0.21231810106870425,0.26845112970052654
flows_6,corr_source_elastic_transform_sev1,64,2600,True,False,False,0.8669230769230769,0.8669230769230769,0.8880769230769231,0.9823874755381605,0.9828992898328857,0.11546439861508362,0.09482236675596256,0.9559851460678208,0.9563306520890635,0.0890620691447439,0.06825372901214044,0.9303342517173416,0.925000011920929,0.05807693499785205,0.03692308884400586,0.8988461494445801,0.03192307252150317,0.010769226367656981,0.9485026597976685,0.08157958287459155,0.06042573672074536,0.94843989610672,0.08151681918364306,0.060362973029796874,0.9215604182286282,0.05463734130555131,0.03348349515170512
flows_6,corr_source_elastic_transform_sev2,65,2600,True,False,False,0.6530769230769231,0.6530769230769231,0.7611538461538462,0.9604158336665334,0.9605340847623767,0.30733891058961027,0.1993802386085305,0.8325644217148271,0.8651752116020449,0.17948749863790403,0.10402136544819873,0.8298044749062717,0.8111538290977478,0.1580769060208247,0.04999998294390162,0.7407692074775696,0.08769228440064647,0.0203846386762766,0.8743419647216797,0.22126504164475658,0.1131881185678335,0.8742792010307312,0.2212022779538081,0.11312535487688502,0.7734295497654794,0.12035262668855629,0.012275703611633215
flows_6,corr_source_elastic_transform_sev3,66,2600,True,False,False,0.7546153846153846,0.7546153846153846,0.8038461538461539,0.9819890368050117,0.9819890368050117,0.22737365218962713,0.17814288295885783,0.9072035802353968,0.9078528395509106,0.15258819562001225,0.10400668570475669,0.8759100695019769,0.870769202709198,0.11615381809381342,0.06692304886304412,0.817307710647583,0.06269232603219843,0.013461556801429131,0.9106556177139282,0.15604023309854365,0.10680946386777435,0.9105928540229797,0.15597746940759516,0.10674670017682586,0.8279317952616028,0.07331641064621819,0.02408564141544889
flows_6,corr_source_elastic_transform_sev4,67,2600,True,False,False,0.6107692307692307,0.6107692307692307,0.7384615384615385,0.9662027833001989,0.96668932856566,0.3554335525309682,0.22822779010412153,0.8354885772523877,0.8477611669301585,0.22471934648315695,0.10929962846861996,0.8082502816005361,0.7892307639122009,0.1784615331429702,0.050769225450662425,0.7103846073150635,0.09961537654583275,0.028076931146475026,0.8603998422622681,0.24963061149303734,0.12193830380072956,0.8603370785713196,0.24956784780208885,0.12187554010978108,0.7091261493542071,0.09835691858497642,0.029335389107331356
flows_6,corr_source_elastic_transform_sev5,68,2600,True,False,False,0.35192307692307695,0.35192307692307695,0.7434615384615385,0.9499192245557351,0.9513014166770224,0.5979961476326581,0.2078398782154839,0.6859608713140193,0.7717765984932865,0.33403779439094233,0.028315060031747996,0.6784007080857167,0.6276922821998596,0.27576920527678267,0.11576925626167889,0.5030769109725952,0.15115383404951827,0.2403846274889433,0.7650689482688904,0.41314587134581343,0.021607409807351874,0.7650061845779419,0.41308310765486494,0.021544646116403388,0.48635259377056317,0.13442951684748622,0.25710894469097534
flows_6,corr_source_pixelate_sev1,69,2600,True,False,False,0.8723076923076923,0.8723076923076923,0.8957692307692308,0.9875389408099688,0.9875389408099688,0.1152312485022765,0.09176971004073808,0.9551316892187441,0.9551316892187441,0.0828239969110518,0.05936245844951338,0.9299558549073095,0.9269230961799622,0.05461540387226982,0.031153865410731396,0.8965384364128113,0.02423074410511894,0.0007692056435805172,0.9498379230499268,0.07753023074223442,0.054068692280695996,0.9497751593589783,0.07746746705128593,0.05400592858974751,0.919226194206066,0.046918501898373655,0.023456963436835232
flows_6,corr_source_pixelate_sev2,70,2600,True,False,False,0.8553846153846154,0.8553846153846154,0.8842307692307693,0.9879330478785519,0.9879330478785519,0.13254843249393644,0.10370227864778259,0.9451174639749993,0.9451174639749993,0.08973284859038388,0.06088669474423003,0.9211283952371688,0.9123076796531677,0.056923064268552315,0.02807691042239846,0.8826923370361328,0.027307721651517403,0.001538432194636452,0.9420856833457947,0.08670106796117927,0.05785491411502541,0.9420229196548462,0.08663830427023078,0.05779215042407693,0.9074732124625374,0.052088597077922016,0.023242443231768162
flows_6,corr_source_pixelate_sev3,71,2600,True,False,False,0.7788461538461539,0.7788461538461539,0.8346153846153846,0.9779874213836479,0.9779874213836479,0.19914126753749406,0.14337203676826327,0.9024750499949341,0.9043568529727073,0.12362889614878025,0.06974146835732264,0.8803884785753582,0.8769230842590332,0.09807693041287935,0.042307699643648555,0.8207692503929138,0.041923096546759964,0.01384613422247083,0.914177417755127,0.1353312639089731,0.0795620331397423,0.9141146540641785,0.1352685002180246,0.07949926944879382,0.8523244457868755,0.07347829194072164,0.017709061171490847
flows_6,corr_source_pixelate_sev4,72,2600,True,False,False,0.6538461538461539,0.6538461538461539,0.7857692307692308,0.9657915672235481,0.9657915672235481,0.31194541337739423,0.1800223364543173,0.8251691888598197,0.8409756381618674,0.17132303501366586,0.0552064073926366,0.8135585392609948,0.7823076844215393,0.12846153057538545,0.0034615463476914687,0.7099999785423279,0.056153824696174026,0.0757692522269029,0.8615999817848206,0.2077538279386667,0.07583075101558978,0.8615372180938721,0.20769106424771822,0.0757679873246413,0.7590098212191155,0.10516366737296168,0.026759409550115243
flows_6,corr_source_pixelate_sev5,73,2600,True,False,False,0.5769230769230769,0.5769230769230769,0.7642307692307693,0.9554037766171153,0.9554037766171153,0.3784806996940384,0.19117300738634602,0.7541872895109716,0.8187637405652098,0.1772642125878947,0.05453297133444057,0.761326378310632,0.7226923108100891,0.14576923388701224,0.04153845842068016,0.6284615397453308,0.05153846282225394,0.13576922948543846,0.8230568170547485,0.24613374013167166,0.058826047823979266,0.8229940533638,0.24607097644072318,0.05876328413303078,0.697649552952964,0.12072647602988718,0.06658121627780522
flows_6,corr_source_jpeg_compression_sev1,74,2600,True,False,False,0.8707692307692307,0.8707692307692307,0.8892307692307693,0.984375,0.984375,0.11360576923076926,0.09514423076923073,0.9572819234992506,0.9591683221262707,0.08651269273001982,0.06993755289550141,0.9349116805167126,0.931538462638855,0.06076923186962424,0.04230769340808571,0.9096153974533081,0.038846166684077366,0.020384628222538836,0.9514044523239136,0.08063522155468283,0.062173683093144305,0.9513416886329651,0.08057245786373435,0.06211091940219582,0.9110150302100283,0.040245799440797536,0.021784260979259007
flows_6,corr_source_jpeg_compression_sev2,75,2600,True,False,False,0.8538461538461538,0.8538461538461538,0.8753846153846154,0.9871445266848461,0.9871445266848461,0.13329837283869228,0.11175991130023066,0.9479822401804697,0.9510796877502594,0.09413608633431592,0.07569507236564399,0.9260519277592427,0.9257692098617554,0.07192305601560156,0.05038459447713994,0.8984615206718445,0.04461536682569067,0.023076905287229055,0.9475264549255371,0.0936803010793833,0.07214183954092168,0.9474636912345886,0.09361753738843481,0.0720790758499732,0.90131833055244,0.04747217670628623,0.02593371516782461
flows_6,corr_source_jpeg_compression_sev3,76,2600,True,False,False,0.8365384615384616,0.8365384615384616,0.8603846153846154,0.9871445266848461,0.9879521141110547,0.15060606514638453,0.12756749872643924,0.9418954626613348,0.9434035131999814,0.10535700112287327,0.08301889781536598,0.9191261307590965,0.9130769371986389,0.07653847566017735,0.0526923218140235,0.8865384459495544,0.04999998441109288,0.02615383056493903,0.9415547847747803,0.10501632323631871,0.08117016939016486,0.9414920210838318,0.10495355954537022,0.08110740569921637,0.8895067863107973,0.052968324772335706,0.029122170926181856
flows_6,corr_source_jpeg_compression_sev4,77,2600,True,False,False,0.7757692307692308,0.7757692307692308,0.8246153846153846,0.9759747932256794,0.9759747932256794,0.2002055624564486,0.15135940861029473,0.9053090456179708,0.9076220110161523,0.12953981484874,0.08300662640076761,0.8893778690004066,0.8811538219451904,0.10538459117595966,0.05653843732980579,0.8334615230560303,0.05769229228679951,0.008846138440645634,0.9196723699569702,0.14390313918773945,0.09505698534158558,0.9196096062660217,0.14384037549679096,0.09499422165063709,0.8541723296522854,0.07840309888305463,0.02955694503690076
flows_6,corr_source_jpeg_compression_sev5,78,2600,True,False,False,0.6873076923076923,0.6873076923076923,0.7857692307692308,0.9731437598736177,0.9736092717648348,0.2858360675659254,0.18784004099560403,0.8469683074769315,0.854889656503867,0.15966061516923924,0.06912042573463617,0.8326699047589255,0.8165384531021118,0.12923076079441953,0.03076922233288104,0.742307722568512,0.05500003026081968,0.04346150820071881,0.8773059844970703,0.18999829218937803,0.09153675372783954,0.8772432208061218,0.18993552849842954,0.09147399003689105,0.7876892064608354,0.10038151415314311,0.0019199756916046251
flows_6,corr_source_speckle_noise_sev1,79,2600,True,False,False,0.8492307692307692,0.8492307692307692,0.8711538461538462,0.9859594383775352,0.9859805958371773,0.13672866914676596,0.11482674968333118,0.950234941798057,0.9503654496619964,0.10100417256728778,0.07921160350815026,0.9269036463045979,0.9284615516662598,0.07923078243549053,0.0573077055124136,0.9011538624763489,0.05192309324557964,0.03000001632250271,0.9468610286712646,0.09763025944049541,0.07570718251741848,0.9467982649803162,0.09756749574954693,0.07564441882647,0.9111004989713956,0.06186972974062632,0.03994665281754939
flows_6,corr_source_speckle_noise_sev2,80,2600,True,False,False,0.8103846153846154,0.8103846153846154,0.8411538461538461,0.981590285938112,0.981590285938112,0.17120567055349667,0.1404364397842659,0.9280487045076901,0.9288766304977716,0.11766408912307469,0.08772278434392544,0.907754403900203,0.9011538624763489,0.09076924709173351,0.060000016322502736,0.8661538362503052,0.055769220865689806,0.024999990096459035,0.932694673538208,0.12231005815359264,0.09154082738436187,0.9326319098472595,0.12224729446264415,0.09147806369341338,0.8833522965613119,0.0729676811766965,0.042198450407465726
flows_6,corr_source_speckle_noise_sev3,81,2600,True,False,False,0.6684615384615384,0.6684615384615384,0.7607692307692308,0.9620758483033933,0.9620758483033933,0.2936143098418549,0.20130661753416257,0.8463144560749493,0.8553330190272435,0.17785291761341082,0.0945637882580127,0.8490866122060737,0.8353846073150635,0.16692306885352504,0.07461537654583272,0.7730769515037537,0.10461541304221522,0.012307720734522909,0.8895836472511292,0.2211221087895907,0.1288144164818984,0.8895208835601807,0.22105934509864222,0.1287516527909499,0.7811027138042872,0.11264117534274876,0.020333483035056443
flows_6,corr_source_speckle_noise_sev4,82,2600,True,False,False,0.5665384615384615,0.5665384615384615,0.7273076923076923,0.9503431570448123,0.9503431570448123,0.38380469550635077,0.22303546473712,0.7872373211197299,0.8167928480079175,0.22069885958126834,0.0894851557002252,0.8073739942509879,0.7788461446762085,0.21230768313774695,0.051538452368516174,0.7034615278244019,0.1369230662859403,0.023846164483290466,0.8568149209022522,0.29027645936379065,0.12950722859455988,0.8567521572113037,0.29021369567284216,0.1294444649036114,0.7161634390561107,0.14962497751764914,0.011144253251581637
flows_6,corr_source_speckle_noise_sev5,83,2600,True,False,False,0.44884615384615384,0.44884615384615384,0.7319230769230769,0.9291598023064249,0.9291598023064249,0.4803136484602711,0.19723672538334802,0.7277812231714336,0.7875510481645283,0.2789350693252797,0.05562797124145136,0.7651420811163696,0.7353846430778503,0.2865384892316965,0.0034615661547734433,0.635769248008728,0.1869230941625742,0.09615382891434887,0.8282983303070068,0.379452176460853,0.09637525338392994,0.8282355666160583,0.3793894127699045,0.09631248969298145,0.643525879843573,0.19467972599741917,0.08839719707950389
flows_6,corr_source_spatter_sev1,84,2600,True,False,False,0.9053846153846153,0.9053846153846153,0.9157692307692308,0.9898989898989898,0.9899287406907937,0.08451437451437449,0.07415950992156295,0.9707121705829025,0.9731077580155929,0.06532755519828715,0.057338527246362125,0.9487620646895255,0.9407692551612854,0.03538463977667006,0.02500002439205462,0.9242307543754578,0.01884613899084242,0.008461523606226984,0.9616134166717529,0.056228801287137586,0.04584418590252215,0.9615506529808044,0.0561660375961891,0.045781422211573664,0.9428257257981857,0.037441110413570344,0.027056495028954908
flows_6,corr_source_spatter_sev2,85,2600,True,False,False,0.8534615384615385,0.8534615384615385,0.8830769230769231,0.9827856025039122,0.9829095999807843,0.12932406404237373,0.09983267690386122,0.9461273266049776,0.9477419389475135,0.09266578814343907,0.06466501587059037,0.9242915357133575,0.9142307639122009,0.060769225450662434,0.031153840835277835,0.8884615302085876,0.03499999174704915,0.005384607131664554,0.9431476593017578,0.08968612084021932,0.06007073622483472,0.9430848956108093,0.08962335714927083,0.060007972533886234,0.9101733440197787,0.05671180555824018,0.02709642094285558
flows_6,corr_source_spatter_sev3,86,2600,True,False,False,0.8026923076923077,0.8026923076923077,0.84,0.9779874213836479,0.9781779420157583,0.1752951136913402,0.13817794201575828,0.9089004780872293,0.913267890127306,0.10620817039492159,0.07326789012730606,0.8936190588242128,0.88692307472229,0.08423076702998233,0.04692307472229007,0.8434615135192871,0.040769205826979404,0.0034615135192871405,0.9228575825691223,0.12016527487681461,0.08285758256912235,0.9227948188781738,0.12010251118586612,0.08279481887817386,0.8752615278696269,0.07256922017731915,0.035261527869626885
flows_6,corr_source_spatter_sev4,87,2600,True,False,False,0.7207692307692307,0.7207692307692307,0.7926923076923077,0.9711119905025722,0.9711555044727611,0.2503427597333415,0.17846319678045341,0.8938524307873496,0.8969566487246252,0.17308320001811883,0.10426434103231752,0.8627870708351184,0.8469230532646179,0.1261538224953872,0.054230745572310224,0.7900000214576721,0.0692307906884414,0.002692286234635577,0.8989554643630981,0.17818623359386743,0.10626315667079045,0.8988927006721497,0.17812346990291894,0.10620039297984196,0.8247570709867094,0.10398784021747864,0.032064763294401666
flows_6,corr_source_spatter_sev5,88,2600,True,False,False,0.6219230769230769,0.6219230769230769,0.7269230769230769,0.9637305699481864,0.9637305699481864,0.3418074930251095,0.2368074930251095,0.8458743319242827,0.8593011070517846,0.22395125500120583,0.13237803012870775,0.8278372023614439,0.8092307448387146,0.1873076679156377,0.0823076679156377,0.7373076677322388,0.11538459080916186,0.010384590809161875,0.8733444213867188,0.25142134446364184,0.14642134446364186,0.8732816576957703,0.25135858077269335,0.14635858077269337,0.7359013975405324,0.1139783206174555,0.008978320617455515
flows_6,corr_source_gaussian_blur_sev1,89,2600,True,False,False,0.8746153846153846,0.8746153846153846,0.8911538461538462,0.991466252909232,0.991466252909232,0.11685086829384739,0.10031240675538577,0.9642983741995153,0.9642983741995153,0.08968298958413068,0.07314452804566907,0.9388646522095129,0.9399999976158142,0.06538461300042964,0.048846151461968024,0.9169231057167053,0.04230772110132075,0.025769259562859137,0.9577822685241699,0.08316688390878535,0.06662842237032374,0.9577195048332214,0.08310412021783686,0.06656565867937525,0.9306622796548838,0.05604689503949922,0.03950843350103761
flows_6,corr_source_gaussian_blur_sev2,90,2600,True,False,False,0.8107692307692308,0.8107692307692308,0.8503846153846154,0.9803921568627451,0.9803921568627451,0.16962292609351426,0.13000754147812965,0.9196656771588895,0.9293155980832326,0.10889644638965867,0.0789309826986172,0.8908700516005188,0.8799999952316284,0.06923076446239762,0.029615379847013013,0.8380769491195679,0.027307718350337074,0.012307666265047534,0.9207651019096375,0.10999587114040665,0.07038048652502205,0.920702338218689,0.10993310744945817,0.07031772283407356,0.8878091330875185,0.07703990231828772,0.037424517702903115
flows_6,corr_source_gaussian_blur_sev3,91,2600,True,False,False,0.7065384615384616,0.7065384615384616,0.785,0.9666136724960255,0.9666136724960255,0.2600752109575639,0.18161367249602545,0.8554466122217991,0.8641070677358341,0.14890815068333751,0.07910706773583409,0.8260694582870314,0.8046153783798218,0.09807691684136022,0.019615378379821746,0.736923098564148,0.03038463702568639,0.04807690143585208,0.8720213770866394,0.16548291554817784,0.08702137708663937,0.8719586133956909,0.16542015185722936,0.08695861339569089,0.8233934488443158,0.1168549873058542,0.038393448844315725
flows_6,corr_source_gaussian_blur_sev4,92,2600,True,False,False,0.6015384615384616,0.6015384615384616,0.7573076923076923,0.9649681528662419,0.9649681528662419,0.36342969132778036,0.2076604605585496,0.7767368961270498,0.827635864659104,0.1751984345885882,0.07032817235141164,0.7517196966802357,0.7126923203468323,0.1111538588083707,0.04461537196086007,0.6188461780548096,0.017307716516347993,0.13846151425288278,0.8159786462783813,0.21444018473991977,0.058670953970689,0.8159158825874329,0.21437742104897128,0.05860819027974051,0.7523582346518636,0.150819773113402,0.004949457655828771
flows_6,corr_source_gaussian_blur_sev5,93,2600,True,False,False,0.37884615384615383,0.37884615384615383,0.7338461538461538,0.9456609894566099,0.9456609894566099,0.5668148356104561,0.2118148356104561,0.6761907038733306,0.7603601629912787,0.29734455002717675,0.026514009145124917,0.611553551995688,0.5526922941207886,0.17384614027463474,0.18115385972536524,0.4092307686805725,0.030384614834418677,0.3246153851655813,0.7175594568252563,0.3387133029791025,0.016286697020897467,0.7174966931343079,0.33865053928815403,0.016349460711845953,0.5710430054353893,0.1921968515892355,0.1628031484107645
flows_6,corr_source_saturate_sev1,94,2600,True,False,False,0.885,0.885,0.8946153846153846,0.9922480620155039,0.9926552994543563,0.10724806201550385,0.09803991483897168,0.961486802319509,0.9628756330510978,0.076486802319509,0.06826024843571321,0.9394936694350435,0.9442307949066162,0.0592307949066162,0.04961541029123162,0.9176923036575317,0.03269230365753173,0.023076919042147148,0.9576581120491028,0.07265811204910277,0.0630427274337182,0.9575953483581543,0.07259534835815429,0.0629799637427697,0.9263582570206977,0.04135825702069773,0.03174287240531315
flows_6,corr_source_saturate_sev2,95,2600,True,False,False,0.8623076923076923,0.8623076923076923,0.8734615384615385,0.9871445266848461,0.9871445266848461,0.12483683437715376,0.11368298822330758,0.9546468983253369,0.9559867384149034,0.09233920601764456,0.08252519995336494,0.9308229289552853,0.927307665348053,0.06499997304036065,0.05384612688651447,0.8999999761581421,0.03769228385044976,0.02653843769660358,0.9501778483390808,0.08787015603138848,0.0767163098775423,0.9501150846481323,0.08780739234044,0.07665354618659381,0.9215027714954577,0.05919507918776534,0.04804123303391916
flows_6,corr_source_saturate_sev3,96,2600,True,False,False,0.9019230769230769,0.9019230769230769,0.9142307692307692,0.9922480620155039,0.9926443053070961,0.09032498509242692,0.07841353607632695,0.9698183712079202,0.9720171869011177,0.06789529428484331,0.05778641767034853,0.9495889352397312,0.9492307901382446,0.04730771321516769,0.03500002090747545,0.9300000071525574,0.028076930229480435,0.015769237921788193,0.96421217918396,0.06228910226088302,0.04998140995319078,0.9641494154930115,0.062226338569934536,0.049918646262242294,0.9458633818204525,0.04394030489737555,0.03163261258968331
flows_6,corr_source_saturate_sev4,97,2600,True,False,False,0.8561538461538462,0.8561538461538462,0.8830769230769231,0.9863547758284601,0.9871647923226872,0.13020092967461394,0.10408786924576408,0.9496356100490225,0.9507389293917591,0.09348176389517637,0.06766200631483599,0.9313303119873303,0.9280769228935242,0.07192307673967802,0.04499999981660108,0.8992307782173157,0.04307693206346952,0.01615385514039258,0.9501977562904358,0.09404391013658964,0.0671208332135127,0.9501349925994873,0.09398114644564115,0.06705806952256421,0.9255482628130031,0.06939441665915691,0.04247133973607997
flows_6,corr_source_saturate_sev5,98,2600,True,False,False,0.8026923076923077,0.8026923076923077,0.833076923076923,0.9775855289028705,0.9776852161001578,0.17489322121056283,0.14460829302323475,0.9199362274521933,0.9231856669529291,0.11724391975988557,0.09010874387600609,0.9050359215544457,0.8980769515037537,0.09538464381144596,0.06500002842683061,0.8623076677322388,0.059615360039931065,0.02923074465531572,0.9313037395477295,0.1286114318554218,0.09822681647080644,0.931240975856781,0.1285486681644733,0.09816405277985796,0.8906022200297535,0.08790991233744583,0.057525296952830485
flows_6,corr_target_fog_sev1,99,2600,False,True,False,0.5538461538461539,0.5538461538461539,0.6884615384615385,0.9702970297029702,0.9702970297029702,0.4164508758568163,0.2818354912414317,0.8300424377774296,0.8446336664614518,0.2761962839312757,0.1561721279999133,0.80876175943328,0.7869230508804321,0.23307689703427825,0.09846151241889367,0.7119230628013611,0.1580769089552072,0.023461524339822626,0.859741747379303,0.3058955935331491,0.17128020891776452,0.8596789836883545,0.3058328298422006,0.17121744522681603,0.7766215526373073,0.22277539879115338,0.0881600141757688
flows_6,corr_target_fog_sev2,100,2600,False,True,False,0.5330769230769231,0.5330769230769231,0.6853846153846154,0.9633173843700159,0.9633173843700159,0.4302404612930928,0.27793276898540054,0.8074883680834652,0.8362504022072498,0.27441144500654213,0.1508657868226344,0.7937142044379747,0.763076901435852,0.22999997835892894,0.07769228605123668,0.6796153783798218,0.14653845530289866,0.005769237004793593,0.8469176292419434,0.31384070616502024,0.161533013857328,0.8468548655509949,0.31377794247407176,0.1614702501663795,0.7549703593273622,0.2218934362504391,0.06958574394274686
flows_6,corr_target_fog_sev3,101,2600,False,True,False,0.4807692307692308,0.4807692307692308,0.6876923076923077,0.9583333333333335,0.9594117374803295,0.4775641025641027,0.27171942978802177,0.7884970158730525,0.8206965273813309,0.30772778510382176,0.1330042196890232,0.7724971807443264,0.7411538362503052,0.2603846054810744,0.05346152855799746,0.6438461542129517,0.16307692344372088,0.043846153479356054,0.83449387550354,0.35372464473430926,0.14680156781123233,0.8344311118125916,0.35366188104336077,0.14673880412028384,0.7222268541742224,0.2414576234049916,0.034534546481914674
flows_6,corr_target_fog_sev4,102,2600,False,True,False,0.41346153846153844,0.41346153846153844,0.7026923076923077,0.962490023942538,0.962490023942538,0.5490284854809996,0.2597977162502303,0.7698153787393243,0.8081558834086872,0.3563538402777858,0.10546357571637943,0.7567286616350715,0.7230769395828247,0.30961540112128627,0.02038463189051698,0.6265384554862976,0.21307691702475917,0.07615385220601012,0.822426974773407,0.40896543631186855,0.11973466708109926,0.8223642110824585,0.40890267262092006,0.11967190339015077,0.6608338493474721,0.2473723108859337,0.04185845834483559
flows_6,corr_target_fog_sev5,103,2600,False,True,False,0.30115384615384616,0.30115384615384616,0.7384615384615385,0.9678443826915443,0.9678443826915443,0.666690536537698,0.22938284423000577,0.7297275727735371,0.8029897174410415,0.4285737266196909,0.06452817897950303,0.7248221607171448,0.6926922798156738,0.39153843366182767,0.045769258645864674,0.5842307806015015,0.2830769344476553,0.15423075786003704,0.8016043901443481,0.500450543990502,0.06314285168280964,0.8015416264533997,0.5003877802995536,0.06308008799186116,0.5329320600439273,0.2317782138900812,0.20552947841761116
flows_6,corr_target_frost_sev1,104,2600,False,True,False,0.5357692307692308,0.5357692307692308,0.681923076923077,0.9608313349320542,0.9612759023550389,0.4250621041628234,0.27935282543196194,0.8002202210314833,0.8238068883126525,0.2644509902622525,0.1418838113895755,0.7974267927170237,0.766153872013092,0.23038464124386127,0.08423079509001508,0.6919230818748474,0.15615385110561664,0.010000004951770447,0.8520908951759338,0.31632166440670306,0.17016781825285687,0.8520281314849854,0.3162589007157546,0.1701050545619084,0.7713568184866508,0.23558758771742006,0.08943374156357387
flows_6,corr_target_frost_sev2,105,2600,False,True,False,0.4369230769230769,0.4369230769230769,0.6946153846153846,0.9499192245557351,0.9505285087941809,0.5129961476326581,0.2559131241787963,0.7429229568117679,0.809362251330018,0.305999879888691,0.11474686671463341,0.7524168364992105,0.7215384840965271,0.2846154071734502,0.026923099481142465,0.6230769157409668,0.18615383881788988,0.07153846887441784,0.8184942007064819,0.381571123783405,0.1238788160910973,0.8184314370155334,0.38150836009245653,0.12381605240014881,0.6898187849422196,0.2528957080191427,0.004796599673165036
flows_6,corr_target_frost_sev3,106,2600,False,True,False,0.3719230769230769,0.3719230769230769,0.7107692307692308,0.9426596177307848,0.942745026445218,0.5707365408077079,0.23197579567598714,0.7049754431272883,0.7810088490134741,0.3330523662042114,0.0702396182442433,0.7160699895416713,0.6700000166893005,0.2980769397662236,0.04076921407993028,0.564230740070343,0.1923076631472661,0.1465384906988878,0.7932984232902527,0.4213753463671758,0.08252919252102187,0.7932356595993042,0.4213125826762273,0.08246642883007338,0.6254255501886563,0.2535024732655794,0.08534368058057451
flows_6,corr_target_frost_sev4,107,2600,False,True,False,0.35423076923076924,0.35423076923076924,0.7196153846153847,0.9541432019308127,0.9545980568104462,0.5999124327000435,0.23498267219506153,0.7134146459068393,0.7841288437582915,0.3591838766760701,0.06451345914290685,0.7126312875911822,0.677307665348053,0.32307689611728374,0.04230771926733168,0.5580769181251526,0.20384614889438335,0.16153846649023207,0.7935068011283875,0.4392760318976182,0.0738914165130028,0.793444037437439,0.4392132682066697,0.07382865282205431,0.6042711935043463,0.2500404242735771,0.11534419111103833
flows_6,corr_target_frost_sev5,108,2600,False,True,False,0.31038461538461537,0.31038461538461537,0.7415384615384616,0.9511899959661154,0.9517217815219333,0.6408053805815,0.21018331998347173,0.7006439697314262,0.7845658810006418,0.3902593543468108,0.04302741946218025,0.6925287941968318,0.6626923084259033,0.35230769304128795,0.07884615311255827,0.5192307829856873,0.20884616760107189,0.22230767855277433,0.779007077217102,0.4686224618324867,0.03746861567864046,0.7789443135261536,0.4685596981415382,0.037405851987691974,0.5582863103277287,0.24790169494311332,0.1832521512107329
flows_6,corr_target_motion_blur_sev1,109,2600,False,True,False,0.5503846153846154,0.5503846153846154,0.6903846153846154,0.9690721649484536,0.9690721649484536,0.41868754956383825,0.27868754956383823,0.8369700874601085,0.846173059573683,0.2865854720754931,0.15578844418906768,0.8084072799818751,0.7857692241668701,0.23538460878225476,0.09538460878225474,0.7157692313194275,0.16538461593481213,0.025384615934812116,0.8625576496124268,0.3121730342278114,0.17217303422781138,0.8624948859214783,0.3121102705368629,0.1721102705368629,0.8010564150377459,0.2506717996531306,0.11067179965313056
flows_6,corr_target_motion_blur_sev2,110,2600,False,True,False,0.4957692307692308,0.4957692307692308,0.6784615384615384,0.9608313349320542,0.9608313349320542,0.4650621041628234,0.28236979647051574,0.7970061069348114,0.821266652663047,0.30123687616558065,0.14280511420150854,0.7720780220546104,0.7342307567596436,0.23846152599041276,0.055769218298105105,0.6446154117584229,0.14884618098919206,0.0338461267031156,0.8312162756919861,0.3354470449227553,0.15275473723044763,0.8311535120010376,0.3353842812318068,0.15269197353949915,0.7611009611273251,0.26533173035809426,0.08263942266578661
flows_6,corr_target_motion_blur_sev3,111,2600,False,True,False,0.3934615384615385,0.3934615384615385,0.7073076923076923,0.9516129032258066,0.9516129032258066,0.5581513647642682,0.2443052109181143,0.7495323269614277,0.8127614629605796,0.3560707884998892,0.1054537706528873,0.7291925228902686,0.6984615325927734,0.30499999413123496,0.008846159714918866,0.5911538600921631,0.1976923216306246,0.11615383221552922,0.8039877414703369,0.41052620300879844,0.09668004916264461,0.8039249777793884,0.41046343931784995,0.09661728547169612,0.69605258209771,0.30259104363617156,0.011255110209982266
flows_6,corr_target_motion_blur_sev4,112,2600,False,True,False,0.3007692307692308,0.3007692307692308,0.7307692307692307,0.943089430894309,0.9435612883051908,0.6423202001250782,0.2127920575359601,0.7310750883422034,0.8001699737136958,0.43030585757297257,0.06940074294446508,0.6883072408036495,0.6565384864807129,0.3557692557114821,0.07423074428851784,0.5207692384719849,0.22000000770275407,0.20999999229724586,0.7771329879760742,0.47636375720684343,0.04636375720684349,0.7770702242851257,0.47630099351589494,0.046300993515895006,0.5815158045647679,0.28074657379553714,0.1492534262044628
flows_6,corr_target_motion_blur_sev5,113,2600,False,True,False,0.24384615384615385,0.24384615384615385,0.7680769230769231,0.9439480097481722,0.9439480097481722,0.7001018559020183,0.17587108667124907,0.7289839354512928,0.8031769103218566,0.485137781605139,0.03509998724493346,0.6752829826718241,0.6399999856948853,0.39615383184873143,0.12807693738203785,0.5084615349769592,0.2646153811308054,0.2596153880999639,0.7689785957336426,0.5251324418874888,0.0009016726567194766,0.7689158320426941,0.5250696781965403,0.0008389089657709903,0.5114940233337708,0.267647869487617,0.2565828997431523
flows_6,corr_target_brightness_sev1,114,2600,False,True,False,0.6057692307692307,0.6057692307692307,0.703076923076923,0.9731437598736177,0.9731437598736177,0.36737452910438695,0.27006683679669463,0.8527372442064829,0.8734676374217093,0.24696801343725217,0.17039071434478625,0.8373430960564575,0.8288461565971375,0.22307692582790672,0.1257692335202144,0.7611538171768188,0.15538458640758812,0.058076894099895804,0.8825967907905579,0.27682756002132713,0.17951986771363482,0.8825340270996094,0.27676479633037865,0.17945710402268633,0.8217388397124936,0.2159696089432629,0.11866191663557057
flows_6,corr_target_brightness_sev2,115,2600,False,True,False,0.6026923076923076,0.6026923076923076,0.6992307692307692,0.9645559538032655,0.9649947921453299,0.3618636461109579,0.2657640229145607,0.8472427251597633,0.865533864070546,0.24455041746745565,0.1663030948397768,0.8323841062828782,0.8149999976158142,0.21230768992350657,0.115769228385045,0.7519230842590332,0.14923077656672556,0.05269231502826399,0.8786869049072266,0.2759945972149189,0.17945613567645735,0.8786241412162781,0.27593183352397044,0.17939337198550886,0.8241784289508212,0.22148612125851352,0.12494765972005195
flows_6,corr_target_brightness_sev3,116,2600,False,True,False,0.5888461538461538,0.5888461538461538,0.6923076923076923,0.9591673338670936,0.9591673338670936,0.37032118002093983,0.26685964155940134,0.8392397279732983,0.8583087080949419,0.25039357412714447,0.16600101578724957,0.8279698180658943,0.8157692551612854,0.2269231013151316,0.12346156285359311,0.75,0.1611538461538462,0.05769230769230771,0.8762339353561401,0.28738778150998634,0.18392624304844785,0.8761711716651917,0.28732501781903785,0.18386347935749936,0.824793664929945,0.2359475110837912,0.1324859726222527
flows_6,corr_target_brightness_sev4,117,2600,False,True,False,0.5734615384615385,0.5734615384615385,0.6853846153846154,0.961246504194966,0.9617480232599932,0.3877849657334276,0.27636340787537783,0.8243455879530148,0.862982744349909,0.25088404949147636,0.1775981289652936,0.8148663627660075,0.8034615516662598,0.2300000132047213,0.1180769362816444,0.7265384793281555,0.15307694086661705,0.04115386394354015,0.865573525428772,0.2921119869672335,0.1801889100441566,0.8655107617378235,0.292049223276285,0.18012614635320812,0.8162394690916356,0.24277793063009712,0.1308548537070202
flows_6,corr_target_brightness_sev5,118,2600,False,True,False,0.551923076923077,0.551923076923077,0.67,0.96,0.9601194801995444,0.408076923076923,0.29011948019954437,0.8083081093356679,0.8479598740639561,0.2563850324125909,0.17795987406395608,0.8002683982747025,0.7819230556488037,0.22999997872572675,0.11192305564880367,0.704230785369873,0.1523077084467961,0.03423078536987301,0.8554783463478088,0.3035552694247319,0.1854783463478088,0.8554155826568604,0.3034925057337834,0.1854155826568603,0.801109151708256,0.24918607478517907,0.131109151708256
flows_6,corr_target_zoom_blur_sev1,119,2600,False,True,False,0.5046153846153846,0.5046153846153846,0.6853846153846154,0.9456609894566099,0.945742037536681,0.44104560484122535,0.2603574221520656,0.786998649645246,0.8288105069196289,0.28238326502986144,0.1434258915350135,0.7731132621221948,0.7346153855323792,0.23000000091699457,0.04923077014776378,0.6449999809265137,0.1403845963111291,0.0403846344581017,0.8317705988883972,0.32715521427301264,0.14638598350378185,0.8317078351974487,0.32709245058206415,0.14632321981283336,0.7627124720807813,0.2580970874653967,0.07732785669616593
flows_6,corr_target_zoom_blur_sev2,120,2600,False,True,False,0.46,0.46,0.7011538461538461,0.9374744585206376,0.9383209065727218,0.4774744585206376,0.2371670604188757,0.7487846374653041,0.8001887317424867,0.2887846374653041,0.0990348855886406,0.7443067114605819,0.6888461709022522,0.22884617090225218,0.01230767525159393,0.5896154046058655,0.12961540460586546,0.11153844154798065,0.8068714141845703,0.3468714141845703,0.10571756803072418,0.8068086504936218,0.3468086504936218,0.1056548043397757,0.7333089825240287,0.27330898252402863,0.032155136370182524
flows_6,corr_target_zoom_blur_sev3,121,2600,False,True,False,0.4276923076923077,0.4276923076923077,0.6988461538461539,0.9387755102040818,0.9387755102040818,0.5110832025117741,0.2399293563579279,0.7236939413652113,0.7872946847425787,0.29600163367290355,0.08844853089642479,0.7220022389904392,0.6846153736114502,0.2569230659191425,0.0142307802347037,0.567307710647583,0.1396154029552753,0.1315384431985709,0.7964872121810913,0.3687949044887836,0.09764105833493741,0.7964244484901428,0.3687321407978351,0.09757829464398893,0.7085275884812177,0.28083528078890996,0.009681434635063768
flows_6,corr_target_zoom_blur_sev4,122,2600,False,True,False,0.38961538461538464,0.38961538461538464,0.7142307692307692,0.9366053169734152,0.9370871480257983,0.5469899323580305,0.22285637879502906,0.7018529234807114,0.7751725534075522,0.31223753886532674,0.060941784176782976,0.6964727387153643,0.6465384364128113,0.25692305179742664,0.06769233281795795,0.5265384912490845,0.13692310663369983,0.18769227798168475,0.7777592539787292,0.3881438693633446,0.06352848474796002,0.7776964902877808,0.3880811056723961,0.06346572105701154,0.6815676365903318,0.2919522519749472,0.03266313264043741
flows_6,corr_target_zoom_blur_sev5,123,2600,False,True,False,0.3457692307692308,0.3457692307692308,0.7342307692307692,0.9175686927560367,0.9191001088836226,0.5717994619868059,0.18486933965285335,0.6824067271558969,0.7559382932080674,0.3366374963866661,0.021707523977298138,0.6691402232416757,0.6165384650230408,0.27076923425381,0.11769230420772847,0.48423075675964355,0.13846152599041278,0.2500000124711257,0.7596949934959412,0.4139257627267104,0.02546422426517192,0.7596322298049927,0.4138629990357619,0.025401460574223433,0.6465536983842046,0.30078446761497385,0.08767707084656462
flows_6,corr_target_snow_sev1,124,2600,False,True,False,0.485,0.485,0.6838461538461539,0.9541432019308127,0.9547336096633904,0.4691432019308127,0.2708874558172365,0.7700061881364314,0.8162839106193295,0.2850061881364314,0.1324377567731756,0.7799951330784808,0.7569230794906616,0.27192307949066163,0.07307692564450774,0.6596153974533081,0.17461539745330812,0.024230756392845776,0.8400134444236755,0.35501344442367555,0.15616729057752166,0.839950680732727,0.35495068073272706,0.15610452688657317,0.7428581736651108,0.25785817366511077,0.05901201981895687
flows_6,corr_target_snow_sev2,125,2600,False,True,False,0.33192307692307693,0.33192307692307693,0.7315384615384616,0.9499192245557351,0.9499192245557351,0.6179961476326581,0.2183807630172735,0.7234057736919057,0.7998743797470631,0.3914826967688288,0.06833591820860152,0.7222832912202222,0.694615364074707,0.3626922871516301,0.03692309746375455,0.5653846263885498,0.23346154946547287,0.16615383514991178,0.7999367117881775,0.46801363486510056,0.06839825024971591,0.799873948097229,0.46795087117415207,0.06833548655876742,0.6043163633869749,0.272393286463898,0.12722209815148666
flows_6,corr_target_snow_sev3,126,2600,False,True,False,0.36230769230769233,0.36230769230769233,0.7115384615384616,0.9374744585206376,0.938434818144667,0.5751667662129453,0.22689635660620544,0.729850225039681,0.7797986927106128,0.36754253273198867,0.06826023117215119,0.730746499755472,0.6919230818748474,0.3296153895671551,0.019615379663614152,0.5838461518287659,0.22153845952107354,0.1276923097096957,0.8059890270233154,0.4436813347156231,0.09445056548485387,0.8059262633323669,0.4436185710246746,0.09438780179390538,0.6499497857298397,0.2876420934221474,0.06158867580862182
flows_6,corr_target_snow_sev4,127,2600,False,True,False,0.2946153846153846,0.2946153846153846,0.7476923076923077,0.9417989417989419,0.9425293134828587,0.6471835571835572,0.19483700579055108,0.6970896614722437,0.7903554263394391,0.4024742768568591,0.04266311864713146,0.6954928715208664,0.6515384912490845,0.35692310663369986,0.09615381644322318,0.5280769467353821,0.23346156211999747,0.21961536095692558,0.7800413370132446,0.48542595239786,0.03234902932093697,0.7799785733222961,0.48536318870691153,0.032286265629988486,0.5811810470172154,0.2865656624018308,0.16651126067509225
flows_6,corr_target_snow_sev5,128,2600,False,True,False,0.2603846153846154,0.2603846153846154,0.7657692307692308,0.9405052974735125,0.9405938276166439,0.6801206820888972,0.17482459684741314,0.6725299338426947,0.7771932297803605,0.4121453184580793,0.011423999011129782,0.6627417248951553,0.6138461828231812,0.35346156743856577,0.1519230479460496,0.4719230830669403,0.21153846768232493,0.29384614770229045,0.7565287351608276,0.49614411977621226,0.009240495608403121,0.7564659714698792,0.49608135608526377,0.009303259299351607,0.5332982763611358,0.2729136609765204,0.23247095440809495
flows_6,corr_target_defocus_blur_sev1,129,2600,False,True,False,0.5223076923076924,0.5223076923076924,0.6876923076923077,0.961246504194966,0.9613622984378271,0.4389388118872737,0.27366999074551934,0.8200568900644188,0.8432169426802347,0.2977491977567265,0.155524634987927,0.7903174741946486,0.766153872013092,0.24384617970539968,0.07846156432078433,0.680384635925293,0.1580769436176006,0.007307671767014745,0.8488876819610596,0.3265799896533672,0.16119537426875186,0.8488249182701111,0.3265172259624187,0.16113261057780337,0.7885723781811242,0.2662646858734319,0.10088007048881653
flows_6,corr_target_defocus_blur_sev2,130,2600,False,True,False,0.4815384615384615,0.4815384615384615,0.6857692307692308,0.9579158316633266,0.9579158316633266,0.4763773701248651,0.2721466008940958,0.788499666055647,0.8288971465706026,0.3069612045171855,0.14312791580137185,0.7621226309192486,0.7373076677322388,0.25576920619377724,0.05153843696300797,0.6407692432403564,0.15923078170189492,0.04499998752887435,0.8295904994010925,0.348052037862631,0.14382126863186173,0.829527735710144,0.3479892741716825,0.14375850494091325,0.7712438197091132,0.28970535817065163,0.08547458893988236
flows_6,corr_target_defocus_blur_sev3,131,2600,False,True,False,0.41615384615384615,0.41615384615384615,0.6992307692307692,0.9537223340040242,0.9556075309780148,0.5375684878501781,0.25637676174724555,0.7343405211693977,0.806213834719197,0.3181866750155516,0.10698306548842784,0.695593752519901,0.6538461446762085,0.23769229852236234,0.045384624554560715,0.5299999713897705,0.11384612523592436,0.1692307978409987,0.7791460156440735,0.36299216949022733,0.07991524641330428,0.779083251953125,0.36292940579927885,0.07985248272235579,0.7112498706047153,0.2950960244508692,0.012019101373946128
flows_6,corr_target_defocus_blur_sev4,132,2600,False,True,False,0.3376923076923077,0.3376923076923077,0.7280769230769231,0.9456609894566099,0.9465961694428847,0.6079686817643022,0.21851924636596165,0.6684663349663544,0.7823983435142507,0.33077402727404676,0.05432142043732768,0.6344675913880419,0.5865384340286255,0.2488461263363178,0.14153848904829758,0.4430769085884094,0.10538460089610174,0.28500001448851364,0.7352874279022217,0.397595120209914,0.007210504825298614,0.7352246642112732,0.3975323565189655,0.007147741134350127,0.6338199617285711,0.29612765403626345,0.09425696134835193
flows_6,corr_target_defocus_blur_sev5,133,2600,False,True,False,0.26576923076923076,0.26576923076923076,0.7542307692307693,0.9366053169734152,0.9366053169734152,0.6708360862041844,0.18237454774264594,0.6324986085116637,0.760962209557038,0.36672937774243297,0.006731440326268712,0.5890187469862365,0.5292307734489441,0.26346154267971333,0.22499999578182517,0.3715384602546692,0.10576922948543843,0.38269230897610007,0.7000974416732788,0.43432821090404805,0.05413332755749045,0.7000346779823303,0.43426544721309956,0.05419609124843894,0.5476282584624659,0.2818590276932351,0.20660251076830338
flows_6,corr_target_glass_blur_sev1,134,2600,False,True,False,0.49846153846153846,0.49846153846153846,0.6692307692307692,0.9620758483033933,0.9625185014586212,0.46361430984185487,0.293287732227852,0.7927422965067521,0.8117801766397019,0.29428075804521364,0.14254940740893274,0.7748140003669901,0.7469230890274048,0.24846155056586633,0.0776923197966356,0.6523076891899109,0.15384615072837243,0.016923080040858296,0.8365225195884705,0.338060981126932,0.16729175035770127,0.836459755897522,0.3379982174359835,0.1672289866667528,0.7699010840353351,0.2714395455737966,0.1006703148045659
flows_6,corr_target_glass_blur_sev2,135,2600,False,True,False,0.4176923076923077,0.4176923076923077,0.6811538461538461,0.948220064724919,0.948220064724919,0.5305277570326113,0.26706621857107293,0.7388192933280432,0.7972665913197947,0.3211269856357355,0.1161127451659486,0.7213294818483531,0.6938461661338806,0.2761538584415729,0.012692319980034505,0.572692334651947,0.15500002695963933,0.10846151150189909,0.8008325099945068,0.38314020230219914,0.11967866384066073,0.8007697463035583,0.38307743861125065,0.11961590014971224,0.6901473594504888,0.2724550517581811,0.008993513296642663
flows_6,corr_target_glass_blur_sev3,136,2600,False,True,False,0.23615384615384616,0.23615384615384616,0.7792307692307693,0.9452332657200812,0.9461697612732097,0.709079419566235,0.16693899204244045,0.6920533190230727,0.7536656154705034,0.4558994728692265,0.025565153760265913,0.5889281029889488,0.5126923322677612,0.27653848611391507,0.26653843696300805,0.36000001430511475,0.12384616815126859,0.41923075492565454,0.700599730014801,0.46444588386095487,0.07863103921596826,0.7005369663238525,0.4643831201700064,0.07869380290691674,0.46877656170334525,0.2326227155494991,0.31045420752742403
flows_6,corr_target_glass_blur_sev4,137,2600,False,True,False,0.18461538461538463,0.18461538461538463,0.821923076923077,0.9604158336665334,0.9608610401993048,0.7758004490511488,0.13893796327622787,0.7093682026946093,0.7840357624556268,0.5247528180792247,0.037887314467450195,0.5826019151002236,0.517307698726654,0.3326923141112694,0.3046153781964229,0.35538461804389954,0.1707692334285149,0.46653845887917744,0.7021836638450623,0.5175682792296776,0.11973941307801472,0.7021209001541138,0.5175055155387291,0.11980217676896321,0.4017619474010541,0.21714656278566946,0.4201611295220229
flows_6,corr_target_glass_blur_sev5,138,2600,False,True,False,0.14923076923076922,0.14923076923076922,0.8515384615384616,0.954983922829582,0.9551181874495195,0.8057531535988127,0.10357972591105791,0.7130516803851645,0.8003685707190761,0.5638209111543953,0.0511698908193855,0.5721856727589396,0.5134615302085876,0.3642307609778184,0.33807693132987393,0.3488461673259735,0.1996153980952043,0.5026922942124881,0.6969651579856873,0.547734388754918,0.15457330355277432,0.6969023942947388,0.5476716250639695,0.1546360672437228,0.35644419385107273,0.2072134246203035,0.49509426768738884
flows_6,corr_target_gaussian_noise_sev1,139,2600,False,True,False,0.5380769230769231,0.5380769230769231,0.6761538461538461,0.9579158316633266,0.9579789311520456,0.4198389085864035,0.28182508499819947,0.8160810517093674,0.8336170298091964,0.2780041286324443,0.15746318365535028,0.8202944864105591,0.7934615612030029,0.2553846381260798,0.11730771504915682,0.7203845977783203,0.1823076747013972,0.04423075162447421,0.8655381202697754,0.32746119719285227,0.18938427411592929,0.8654753565788269,0.3273984335019038,0.1893215104249808,0.8236452715583527,0.28556834848142953,0.14749142540450655
flows_6,corr_target_gaussian_noise_sev2,140,2600,False,True,False,0.48115384615384615,0.48115384615384615,0.6823076923076923,0.9511899959661154,0.9521081701678716,0.47003614981226927,0.26980047786017936,0.7783989180562101,0.8207706234054212,0.29724507190236393,0.1384629310977289,0.8025291935787142,0.7869230508804321,0.305769204726586,0.10461535857273985,0.7007692456245422,0.21961539947069608,0.018461553316849955,0.8567718863487244,0.3756180401948782,0.17446419404103208,0.8567091226577759,0.3755552765039297,0.1744014303500836,0.7911525504762711,0.30999870432242493,0.1088448581685788
flows_6,corr_target_gaussian_noise_sev3,141,2600,False,True,False,0.37846153846153846,0.37846153846153846,0.7069230769230769,0.9374744585206376,0.9374744585206376,0.5590129200590992,0.23055138159756072,0.7026678182513998,0.7870831813538662,0.32420627978986133,0.08016010443078936,0.7630322350563008,0.7415384650230408,0.3630769265615023,0.034615388099963895,0.6461538672447205,0.267692328783182,0.06076920967835642,0.8260385394096375,0.447577000948099,0.11911546248656057,0.825975775718689,0.4475142372571505,0.11905269879561209,0.6982180223626598,0.3197564839011214,0.008705054560417036
flows_6,corr_target_gaussian_noise_sev4,142,2600,False,True,False,0.27884615384615385,0.27884615384615385,0.7657692307692308,0.9015631601182932,0.9029497581366833,0.6227170062721393,0.13718052736745256,0.619585196223593,0.7537455415982676,0.3407390423774391,0.012023689170963192,0.7080445524265867,0.6692307591438293,0.3903846052976755,0.09653847162540141,0.5496153831481934,0.2707692293020395,0.2161538476210374,0.7869853377342224,0.5081391838880686,0.021216106964991654,0.7869225740432739,0.5080764201971201,0.021153343274043168,0.5919109169340641,0.3130647630879102,0.1738583138351667
flows_6,corr_target_gaussian_noise_sev5,143,2600,False,True,False,0.17038461538461538,0.17038461538461538,0.8415384615384616,0.8571428571428573,0.8571428571428573,0.686758241758242,0.015604395604395749,0.5699535118980599,0.7194163688156591,0.3995688965134445,0.1221220927228025,0.6403894177077583,0.5796154141426086,0.4092307987579933,0.2619230473958529,0.4426923096179962,0.27230769423338086,0.39884615192046535,0.7376365065574646,0.5672518911728492,0.10390195498099697,0.7375737428665161,0.5671891274819008,0.10396471867194546,0.4637975317349543,0.29341291635033895,0.37774092980350726
flows_6,corr_target_shot_noise_sev1,144,2600,False,True,False,0.536923076923077,0.536923076923077,0.6834615384615385,0.9499192245557351,0.9499192245557351,0.41299614763265813,0.2664576860941966,0.8069189922929118,0.8279884156592848,0.2699959153698348,0.14452687719774637,0.8104016340495065,0.7919231057167053,0.2550000287936284,0.10846156725516687,0.7142307758331299,0.17730769891005294,0.03076923737159143,0.8620701432228088,0.3251470662997319,0.17860860476127038,0.8620073795318604,0.3250843026087834,0.1785458410703219,0.8217238478365086,0.2848007709134317,0.1382623093749702
flows_6,corr_target_shot_noise_sev2,145,2600,False,True,False,0.4673076923076923,0.4673076923076923,0.6834615384615385,0.9528795811518325,0.9534062925232435,0.48557188884414015,0.26994475406170504,0.7635212926065778,0.8015848867258356,0.29621360029888544,0.11812334826429716,0.7870862111250158,0.7538461685180664,0.2865384762103741,0.07038463005652795,0.6692307591438293,0.20192306683613703,0.014230779317709108,0.8444811105728149,0.37717341826512263,0.1610195721112765,0.8444183468818665,0.37711065457417414,0.160956808420328,0.7800627189282272,0.3127550266205349,0.09660118046668875
flows_6,corr_target_shot_noise_sev3,146,2600,False,True,False,0.3776923076923077,0.3776923076923077,0.7157692307692308,0.937040065412919,0.937040065412919,0.5593477577206112,0.22127083464368813,0.6983485510659122,0.7820420810854039,0.3206562433736045,0.06627285031617303,0.7491506745599854,0.7196153998374939,0.3419230921451862,0.0038461690682630723,0.6138461828231812,0.23615387513087344,0.10192304794604967,0.8158544898033142,0.4381621821110065,0.10008525903408338,0.8157917261123657,0.438099418420058,0.1000224953431349,0.6970819651514524,0.31938965745914466,0.018687265617778448
flows_6,corr_target_shot_noise_sev4,147,2600,False,True,False,0.2519230769230769,0.2519230769230769,0.7834615384615384,0.8987717069038542,0.8993117323168149,0.6468486299807773,0.1158501938552765,0.6099335716568726,0.7393715114959226,0.35801049473379565,0.044090026965615814,0.6934738555853897,0.6553846001625061,0.4034615232394292,0.12807693829903233,0.5292307734489441,0.2773076965258672,0.25423076501259434,0.776634693145752,0.524711616222675,0.006826845315786478,0.7765719294548035,0.5246488525317266,0.006889609006734965,0.5762418404630073,0.3243187635399304,0.20721969799853113
flows_6,corr_target_shot_noise_sev5,148,2600,False,True,False,0.18423076923076923,0.18423076923076923,0.8323076923076923,0.8788270806382061,0.8788270806382061,0.6945963114074369,0.04651938833051383,0.6077553436907329,0.7174013258397731,0.4235245744599637,0.11490636646791919,0.6667295023938958,0.6223077178001404,0.4380769485693712,0.20999997450755192,0.48076921701431274,0.29653844778354355,0.35153847529337956,0.7608631253242493,0.5766323560934801,0.07144456698344304,0.7608003616333008,0.5765695924025316,0.07150733067439152,0.48300710428311144,0.29877633505234225,0.34930058802458086
flows_6,corr_target_impulse_noise_sev1,149,2600,False,True,False,0.4753846153846154,0.4753846153846154,0.6811538461538461,0.9537223340040242,0.9537223340040242,0.47833771861940877,0.27256848785017807,0.7747686176240486,0.8181800846630654,0.2993840022394332,0.13702623850921924,0.7861538063931632,0.7603846192359924,0.285000003851377,0.07923077308214632,0.6696153879165649,0.19423077253194954,0.011538458237281168,0.8437526226043701,0.3683680072197547,0.162598776450524,0.8436898589134216,0.3683052435288062,0.16253601275957552,0.7668364930109177,0.2914518776263023,0.08568264685707161
flows_6,corr_target_impulse_noise_sev2,150,2600,False,True,False,0.43115384615384617,0.43115384615384617,0.6907692307692308,0.9456609894566099,0.9456609894566099,0.5145071433027637,0.2548917586873791,0.7350530569173234,0.8010813115384281,0.3038992107634772,0.1103120807691973,0.7693468830521476,0.7480769157409668,0.31692306958712063,0.057307684971735995,0.6438461542129517,0.2126923080591055,0.04692307655627914,0.8320645093917847,0.4009106632379385,0.14129527862255387,0.8320017457008362,0.40084789954699,0.14123251493160538,0.7454779214184286,0.31432407526458245,0.05470869064919781
flows_6,corr_target_impulse_noise_sev3,151,2600,False,True,False,0.385,0.385,0.7119230769230769,0.9396411092985317,0.9396411092985317,0.5546411092985317,0.22771803237545485,0.701932185325834,0.7843055973627036,0.316932185325834,0.07238252043962667,0.7503993095821697,0.7111538648605347,0.32615386486053466,0.0007692120625422127,0.6126922965049744,0.22769229650497436,0.09923078041810252,0.816765308380127,0.43176530838012694,0.10484223145705007,0.8167025446891785,0.43170254468917846,0.10477946776610159,0.7096184900986204,0.3246184900986204,0.002304586824456445
flows_6,corr_target_impulse_noise_sev4,152,2600,False,True,False,0.2623076923076923,0.2623076923076923,0.7769230769230769,0.9052631578947369,0.9052631578947369,0.6429554655870446,0.12834008097165994,0.6067017666093254,0.7673969931088293,0.3443940743016331,0.009526083814247688,0.6897908615477549,0.6280769109725952,0.3657692186649029,0.14884616595048172,0.5142307877540588,0.25192309544636654,0.2626922891690181,0.7676396369934082,0.5053319446857159,0.009283439929668735,0.7675768733024597,0.5052691809947674,0.009346203620617222,0.5888851256431289,0.3265774333354366,0.18803795127994805
flows_6,corr_target_impulse_noise_sev5,153,2600,False,True,False,0.1773076923076923,0.1773076923076923,0.833076923076923,0.8734835355285961,0.873595660807445,0.6961758432209039,0.04051873773052195,0.5761018331841256,0.7195935049981831,0.3987941408764333,0.11348341807873996,0.6316227286025343,0.569615364074707,0.39230767176701475,0.263461559002216,0.4303846061229706,0.2530769138152783,0.40269231695395247,0.7307078242301941,0.5534001319225018,0.10236909884672896,0.7306450605392456,0.5533373682315533,0.10243186253767744,0.4744858321599893,0.297178139852297,0.35859109091693375
flows_6,corr_target_contrast_sev1,154,2600,False,True,False,0.571923076923077,0.571923076923077,0.6857692307692308,0.9727380482022916,0.9731643011275568,0.4008149712792146,0.287395070358326,0.8392540059573541,0.8550463011355536,0.26733092903427713,0.16927707036632278,0.816758160688864,0.7919231057167053,0.22000002879362834,0.10615387494747452,0.7253845930099487,0.15346151608687175,0.03961536224071793,0.8657048940658569,0.29378181714277996,0.17993566329662614,0.8656421303749084,0.29371905345183147,0.17987289960567765,0.8099263313222963,0.23800325439921932,0.1241571005530655
flows_6,corr_target_contrast_sev2,155,2600,False,True,False,0.5380769230769231,0.5380769230769231,0.6915384615384615,0.9694807768529528,0.9694807768529528,0.43140385377602963,0.2779423153144912,0.8196467200636689,0.8446657135496888,0.2815697969867458,0.15312725201122723,0.8011331457313723,0.7734615206718445,0.23538459759492136,0.08192305913338294,0.6915384531021118,0.1534615300251887,8.436349729912251e-09,0.8538926243782043,0.3158157013012812,0.1623541628397428,0.8538298606872559,0.31575293761033274,0.1622913991487943,0.7872954754924093,0.24921855241548618,0.09575701395394776
flows_6,corr_target_contrast_sev3,156,2600,False,True,False,0.48115384615384615,0.48115384615384615,0.6773076923076923,0.9562424729024488,0.9562424729024488,0.47508862674860264,0.2789347805947565,0.7699042914992439,0.8193849892354046,0.28875044534539773,0.14207729692771232,0.7697342139727954,0.739230751991272,0.2580769058374258,0.061923059683579695,0.6523076891899109,0.17115384303606473,0.02500000311778139,0.8300389051437378,0.34888505898989164,0.15273121283604552,0.8299761414527893,0.34882229529894315,0.15266844914509703,0.7355708252897077,0.2544169791358616,0.058263132982015464
flows_6,corr_target_contrast_sev4,157,2600,False,True,False,0.3353846153846154,0.3353846153846154,0.7265384615384616,0.9344262295081966,0.9344262295081966,0.5990416141235813,0.20788776796973507,0.6724152606864426,0.7720316283381322,0.33703064530182725,0.04549316679967064,0.6843768835783449,0.635769248008728,0.30038463262411264,0.09076921352973355,0.5184615254402161,0.18307691005560067,0.2080769360982455,0.767293393611908,0.43190877822729257,0.04075493207344638,0.7672306299209595,0.4318460145363441,0.040692168382497895,0.6031111283013262,0.2677265129167108,0.1234273332371354
flows_6,corr_target_contrast_sev5,158,2600,False,True,False,0.19076923076923077,0.19076923076923077,0.8196153846153846,0.9233954451345756,0.9233954451345756,0.7326262143653448,0.10378006051919098,0.5895421146222903,0.7283719421824515,0.39877288385305953,0.09124344243293314,0.561415416284512,0.4950000047683716,0.3042307739991408,0.32461537984701305,0.3361538350582123,0.1453846042889815,0.48346154955717235,0.6812278628349304,0.4904586320656996,0.13838752178045421,0.6811650991439819,0.49039586837475113,0.1384502854714027,0.459785823385889,0.2690165926166582,0.3598295612294956
flows_6,corr_target_elastic_transform_sev1,159,2600,False,True,False,0.5676923076923077,0.5676923076923077,0.6857692307692308,0.9674344718030182,0.9679172900624502,0.3997421641107105,0.2821480592932194,0.8326968400010488,0.8462044818015518,0.2650045323087411,0.16043525103232104,0.8172480477542867,0.8084615468978882,0.24076923920558047,0.12269231612865739,0.7261538505554199,0.1584615428631122,0.040384619786189124,0.8690030574798584,0.3013107497875507,0.1832338267106276,0.8689402937889099,0.3012479860966022,0.18317106301967911,0.8040551462770577,0.23636283858474993,0.11828591550782686
flows_6,corr_target_elastic_transform_sev2,160,2600,False,True,False,0.40615384615384614,0.40615384615384614,0.6846153846153846,0.9322381930184804,0.9324446735383563,0.5260843468646343,0.24782928892297162,0.7150143593408762,0.8079312737997469,0.30886051318703006,0.12331588918436232,0.7371074934501372,0.7084615230560303,0.30230767690218413,0.023846138440645648,0.5957692265510559,0.18961538039720977,0.08884615806432872,0.8102203011512756,0.4040664549974295,0.125604916535891,0.8101575374603271,0.404003691306481,0.12554215284494252,0.6948296414128087,0.28867579525896253,0.010214256797424048
flows_6,corr_target_elastic_transform_sev3,161,2600,False,True,False,0.4492307692307692,0.4492307692307692,0.6911538461538461,0.9629038691663343,0.9629038691663343,0.5136730999355651,0.2717500230124882,0.7651921007434583,0.8366776814620637,0.3159613315126891,0.14552383530821755,0.7580586342893186,0.739230751991272,0.28999998276050276,0.048076905837425854,0.6376923322677612,0.18846156303699202,0.05346151388608489,0.8280107975006104,0.37878002826984114,0.13685695134676423,0.8279480338096619,0.37871726457889265,0.13679418765581575,0.7166723105510373,0.2674415413202681,0.025518464397191187
flows_6,corr_target_elastic_transform_sev4,162,2600,False,True,False,0.35115384615384615,0.35115384615384615,0.7119230769230769,0.9374744585206376,0.9374744585206376,0.5863206123667914,0.22555138159756072,0.7114720944872153,0.7943139809151158,0.3603182483333691,0.08239090399203897,0.7002508438055945,0.6603845953941345,0.30923074924028837,0.05153848152894236,0.5392307639122009,0.18807691775835478,0.17269231301087595,0.7811888456344604,0.4300349994806143,0.06926576871138357,0.781126081943512,0.4299722357896658,0.06920300502043508,0.6036112117600463,0.25245736560620013,0.1083118651630306
flows_6,corr_target_elastic_transform_sev5,163,2600,False,True,False,0.19,0.19,0.8238461538461539,0.9486453699959562,0.9491847893269215,0.7586453699959561,0.12533863548076762,0.6622867678610564,0.7633909553102723,0.47228676786105644,0.06045519853588155,0.6323674239478068,0.5819230675697327,0.39192306756973266,0.24192308627642123,0.4307692348957062,0.24076923489570617,0.3930769189504477,0.7372749447822571,0.5472749447822571,0.08657120906389681,0.7372121810913086,0.5472121810913086,0.0866339727548453,0.42697435018812524,0.23697435018812524,0.39687180365802865
flows_6,corr_target_pixelate_sev1,164,2600,False,True,False,0.573076923076923,0.573076923076923,0.6796153846153846,0.9653800238758456,0.9653800238758456,0.3923031007989226,0.28576463926046103,0.8392415117162582,0.8429958213933169,0.2661645886393351,0.16338043677793224,0.8160091844155882,0.7980769276618958,0.2250000045849727,0.11846154304651113,0.7276923060417175,0.1546153829647945,0.04807692142633291,0.8678061366081238,0.29472921353120074,0.18819075199273916,0.8677433729171753,0.29466644984025225,0.18812798830179067,0.8056906504442684,0.2326137273673453,0.12607526582888373
flows_6,corr_target_pixelate_sev2,165,2600,False,True,False,0.565,0.565,0.6811538461538461,0.954563731403297,0.9550179394389287,0.38956373140329703,0.27386409328508254,0.8303537026676435,0.8408190526397442,0.2653537026676436,0.1596652064858981,0.8092775181940273,0.7938461303710938,0.2288461303710938,0.11269228421724764,0.7173076868057251,0.15230768680572515,0.03615384065187899,0.8628649711608887,0.2978649711608887,0.18171112500704256,0.8628022074699402,0.29780220746994024,0.18164836131609408,0.7935431463733026,0.22854314637330264,0.11238930021945648
flows_6,corr_target_pixelate_sev3,166,2600,False,True,False,0.5007692307692307,0.5007692307692307,0.675,0.9562424729024488,0.9562424729024488,0.45547324213321805,0.28124247290244875,0.7985648612173357,0.8291960067519778,0.297795630448105,0.15419600675197775,0.7793941280122761,0.7669230699539185,0.2661538391846877,0.09192306995391841,0.6630769371986389,0.16230770642940817,0.011923062801361128,0.8424654603004456,0.3416962295312148,0.1674654603004455,0.8424026966094971,0.3416334658402663,0.16740269660949703,0.7554658676415522,0.25469663687232147,0.08046586764155217
flows_6,corr_target_pixelate_sev4,167,2600,False,True,False,0.42653846153846153,0.42653846153846153,0.6807692307692308,0.9520354695687223,0.9520354695687223,0.5254970080302608,0.2712662387994915,0.7302656481102152,0.7764206086536372,0.3037271865717537,0.09565137788440636,0.7247289109375944,0.6792307496070862,0.25269228806862465,0.0015384811621446115,0.5734615325927734,0.1469230710543119,0.10730769817645736,0.7982516884803772,0.37171322694191566,0.1174824577111464,0.7981889247894287,0.3716504632509672,0.11741969402019792,0.6880723240211645,0.26153386248270294,0.007303093251933679
flows_6,corr_target_pixelate_sev5,168,2600,False,True,False,0.3607692307692308,0.3607692307692308,0.7107692307692308,0.948220064724919,0.948220064724919,0.5874508339556883,0.23745083395568822,0.6778655410563579,0.7724239939806726,0.3170963102871271,0.06165476321144181,0.6831963711496045,0.6388461589813232,0.27807692821209246,0.07192307178790758,0.5176923274993896,0.15692309673015886,0.19307690326984117,0.7677329182624817,0.4069636874932509,0.05696368749325087,0.7676701545715332,0.4069009238023024,0.05690092380230238,0.6385247773056432,0.2777555465364124,0.07224445346358765
flows_6,corr_target_jpeg_compression_sev1,169,2600,False,True,False,0.5715384615384616,0.5715384615384616,0.6953846153846154,0.9735491512041057,0.9735491512041057,0.4020106896656441,0.2781645358194903,0.8410719998475978,0.8530016251819769,0.2695335383091363,0.15761700979736148,0.8235380338822883,0.8100000023841858,0.23846154084572424,0.11461538699957041,0.7357692122459412,0.1642307507074796,0.04038459686132578,0.872768759727478,0.3012302981890165,0.17738414434286265,0.8727059960365295,0.301167534498068,0.17732138065191416,0.7796247945224778,0.20808633298401624,0.08424017913786241
flows_6,corr_target_jpeg_compression_sev2,170,2600,False,True,False,0.5526923076923077,0.5526923076923077,0.681923076923077,0.96,0.96,0.40730769230769226,0.278076923076923,0.8229558633262186,0.84315686548295,0.2702635556339109,0.16123378855987303,0.8158067709719533,0.7980769276618958,0.24538461996958805,0.11615385073881879,0.7246153950691223,0.1719230873768146,0.04269231814604535,0.8654438853263855,0.3127515776340778,0.18352080840330853,0.865381121635437,0.3126888139431293,0.18345804471236005,0.7668439552479505,0.21415164755564275,0.0849208783248735
flows_6,corr_target_jpeg_compression_sev3,171,2600,False,True,False,0.5453846153846154,0.5453846153846154,0.6703846153846154,0.956661316211878,0.956661316211878,0.41127670082726264,0.28627670082726264,0.8206957338468045,0.8432538382698952,0.27531111846218914,0.17286922288527984,0.8107477377722093,0.7919231057167053,0.24653849033208997,0.12153849033208997,0.7153846025466919,0.16999998716207654,0.04499998716207654,0.8638689517974854,0.31848433641287,0.19348433641287,0.8638061881065369,0.3184215727219215,0.1934215727219215,0.7593909834685659,0.21400636808395057,0.08900636808395057
flows_6,corr_target_jpeg_compression_sev4,172,2600,False,True,False,0.49,0.49,0.675,0.9520354695687223,0.9529510433138003,0.4620354695687223,0.2779510433138003,0.7912711373808996,0.8175917117277938,0.3012711373808996,0.14259171172779372,0.7816035521802481,0.7507692575454712,0.2607692575454712,0.07576925754547115,0.6565384864807129,0.1665384864807129,0.018461513519287154,0.8410285711288452,0.3510285711288452,0.16602857112884517,0.8409658074378967,0.35096580743789674,0.16596580743789668,0.7244879292311569,0.2344879292311569,0.04948792923115686
flows_6,corr_target_jpeg_compression_sev5,173,2600,False,True,False,0.41923076923076924,0.41923076923076924,0.6876923076923077,0.9511899959661154,0.9512629747919401,0.5319592267353461,0.2635706670996324,0.7378377286929023,0.786851098986825,0.3186069594621331,0.09915879129451732,0.7387682143244668,0.7080768942832947,0.28884612505252544,0.020384586590986964,0.6019230484962463,0.1826922792654771,0.08576925919606138,0.8110259771347046,0.39179520790393535,0.12333366944239688,0.8109632134437561,0.39173244421298686,0.12327090575144839,0.6821402656765756,0.26290949644580636,0.005552042015732117
flows_6,corr_target_speckle_noise_sev1,174,2600,False,True,False,0.5457692307692308,0.5457692307692308,0.6757692307692308,0.9641434262948207,0.9641434262948207,0.41837419552558996,0.28837419552558996,0.8239549808883541,0.8478720120074842,0.2781857501191233,0.1721027812382534,0.8151965526041763,0.7973076701164246,0.2515384393471938,0.12153843934719377,0.7226923108100891,0.17692308004085833,0.04692308004085832,0.866203248500824,0.3204340177315932,0.19043401773159319,0.8661404848098755,0.3203712540406447,0.1903712540406447,0.8159512028448449,0.2701819720756141,0.14018197207561411
flows_6,corr_target_speckle_noise_sev2,175,2600,False,True,False,0.5088461538461538,0.5088461538461538,0.6715384615384615,0.9574979951884522,0.9575617104488707,0.4486518413422984,0.2860232489104092,0.8096458362644045,0.8354006085474426,0.3007996824182506,0.16386214700898105,0.8031557911492866,0.7892307639122009,0.2803846100660471,0.1176923023737394,0.704230785369873,0.1953846315237192,0.03269232383141152,0.858587920665741,0.34974176681958713,0.18704945912727944,0.8585251569747925,0.34967900312863864,0.18698669543633095,0.796067759174845,0.2872216053286911,0.12452929763638343
flows_6,corr_target_speckle_noise_sev3,176,2600,False,True,False,0.4026923076923077,0.4026923076923077,0.6984615384615385,0.9405052974735125,0.9405052974735125,0.5378129897812048,0.24204375901197406,0.738276883038852,0.7991525658950952,0.3355845753465443,0.10069102743355673,0.755080876608404,0.7230769395828247,0.320384631890517,0.02461540112128624,0.6203846335411072,0.2176923258487995,0.07807690492043129,0.8190593123435974,0.41636700465128973,0.12059777388205895,0.8189965486526489,0.41630424096034124,0.12053501019111046,0.7116701017499149,0.30897779405760717,0.013208563288376385
flows_6,corr_target_speckle_noise_sev4,177,2600,False,True,False,0.33576923076923076,0.33576923076923076,0.73,0.9300411522633746,0.9300411522633746,0.5942719214941439,0.2000411522633746,0.6805035574224526,0.7801980166922183,0.34473432665322185,0.05019801669221835,0.7247373797299488,0.6742307543754578,0.338461523606227,0.05576924562454222,0.574999988079071,0.23923075730984028,0.15500001192092894,0.7944521903991699,0.45868295962993916,0.06445219039916994,0.7943894267082214,0.45862019593899067,0.06438942670822145,0.6568495201215954,0.3210802893523646,0.07315047987840462
flows_6,corr_target_speckle_noise_sev5,178,2600,False,True,False,0.2773076923076923,0.2773076923076923,0.7592307692307693,0.9048020219039594,0.9061384372995688,0.6274943295962672,0.1469076680687995,0.6424765473278877,0.7544179944173954,0.3651688550201954,0.004812774813373832,0.6987683398253159,0.6523076891899109,0.3749999968822186,0.10692308004085838,0.5311538577079773,0.253846165400285,0.22807691152279197,0.7790906429290771,0.5017829506213849,0.019859873698307884,0.7790278792381287,0.5017201869304364,0.019797110007359398,0.5951032766349073,0.31779558432721494,0.164127492595862
flows_6,corr_target_spatter_sev1,179,2600,False,True,False,0.5965384615384616,0.5965384615384616,0.696923076923077,0.9678443826915443,0.9683259600713322,0.3713059211530827,0.2714028831482552,0.8466418744207077,0.863742990336227,0.25010341288224613,0.16681991341315006,0.832784373051188,0.8176922798156738,0.22115381827721226,0.12076920289259685,0.7484615445137024,0.15192308297524082,0.051538467590625414,0.879669189453125,0.2831307279146634,0.18274611253004802,0.8796064257621765,0.28306796422371494,0.18268334883909954,0.812008244176151,0.21546978263768946,0.11508516725307405
flows_6,corr_target_spatter_sev2,180,2600,False,True,False,0.5342307692307692,0.5342307692307692,0.6842307692307692,0.9574979951884522,0.9574979951884522,0.42326722595768307,0.27326722595768305,0.8081963861805941,0.8404219392732099,0.2739656169498249,0.15619117004244065,0.804476364374657,0.7865384817123413,0.25230771248157213,0.10230771248157211,0.7107692360877991,0.1765384668570299,0.026538466857029874,0.8587584495544434,0.3245276803236742,0.17452768032367416,0.8586956858634949,0.3244649166327257,0.17446491663272568,0.7712788904884198,0.23704812125765062,0.0870481212576506
flows_6,corr_target_spatter_sev3,181,2600,False,True,False,0.48307692307692307,0.48307692307692307,0.6884615384615385,0.9469420818144998,0.9469420818144998,0.4638651587375767,0.25848054335296133,0.7513211535510875,0.8206656126080973,0.26824423047416446,0.13220407414655888,0.7698672949955071,0.7403846383094788,0.2573077152325557,0.0519230998479403,0.6484615206718445,0.1653845975949214,0.040000017789693976,0.8315183520317078,0.3484414289547847,0.1430568135701693,0.8314555883407593,0.3483786652638362,0.14299404987922082,0.7462298674041759,0.2631529443272528,0.05776832894263739
flows_6,corr_target_spatter_sev4,182,2600,False,True,False,0.4153846153846154,0.4153846153846154,0.675,0.9503431570448123,0.9508774841879453,0.534958541660197,0.2758774841879452,0.7703769622914407,0.8056726399475257,0.3549923469068253,0.13067263994752565,0.7613932910765968,0.7346153855323792,0.31923077014776374,0.059615385532379106,0.6376923322677612,0.22230771688314582,0.037307667732238814,0.8265445828437805,0.4111599674591651,0.15154458284378047,0.826481819152832,0.4110972037682166,0.151481819152832,0.7182643493446196,0.30287973396000417,0.043264349344619535
flows_6,corr_target_spatter_sev5,183,2600,False,True,False,0.3261538461538461,0.3261538461538461,0.6988461538461539,0.9616613418530352,0.9616613418530352,0.6355074956991891,0.2628151880068813,0.7589893853402927,0.8216724949199721,0.43283553918644657,0.12282634107381818,0.7457673454825827,0.7115384340286255,0.38538458787477936,0.012692280182471594,0.6053845882415771,0.279230742087731,0.09346156560457675,0.8151075839996338,0.48895373784578766,0.1162614301534799,0.8150448203086853,0.4888909741548392,0.11619866646253141,0.6361685926789578,0.31001474652511163,0.06267756116719614
flows_6,corr_target_gaussian_blur_sev1,184,2600,False,True,False,0.583076923076923,0.583076923076923,0.6834615384615385,0.9723320158102767,0.9723320158102767,0.3892550927333537,0.2888704773487383,0.8468911589670797,0.8567706376876312,0.2638142358901566,0.17330909922609272,0.8213103692384762,0.8026922941207886,0.21961537104386553,0.11923075565925012,0.7311538457870483,0.1480769227101253,0.047692307325509886,0.868850588798523,0.2857736657215999,0.1853890503369845,0.8687878251075745,0.2857109020306514,0.185326286646036,0.8089353083285105,0.2258583852515874,0.125473769866972
flows_6,corr_target_gaussian_blur_sev2,185,2600,False,True,False,0.4973076923076923,0.4973076923076923,0.6907692307692308,0.9645559538032655,0.9645559538032655,0.46724826149557325,0.27378672303403473,0.8017095029533238,0.834029268468961,0.3044018106456315,0.14326003769973017,0.7732670963393574,0.7469230890274048,0.2496153967197125,0.05615385825817398,0.6534615159034729,0.15615382359578062,0.0373077148657579,0.8352451920509338,0.33793749974324155,0.14447596128170304,0.8351824283599854,0.33787473605229307,0.14441319759075455,0.7747021874319698,0.27739449512427755,0.08393295666273903
flows_6,corr_target_gaussian_blur_sev3,186,2600,False,True,False,0.43,0.43,0.7007692307692308,0.9520354695687223,0.9525647165354962,0.5220354695687224,0.2517954857662654,0.7421847250533755,0.8009586329539444,0.3121847250533755,0.10018940218471362,0.7164778875294655,0.6788461804389954,0.24884618043899537,0.02192305033023545,0.5615384578704834,0.1315384578704834,0.1392307728987474,0.7941939830780029,0.36419398307800294,0.09342475230877212,0.7941312193870544,0.36413121938705445,0.09336198861782363,0.7292786195968248,0.29927861959682484,0.028509388827594018
flows_6,corr_target_gaussian_blur_sev4,187,2600,False,True,False,0.3630769230769231,0.3630769230769231,0.7138461538461538,0.9413680781758959,0.9413680781758959,0.5782911550989728,0.22752192432974205,0.6850528201329038,0.7806986885872697,0.32197589705598073,0.06685253474111585,0.6528968933786616,0.5961538553237915,0.23307693224686843,0.11769229852236229,0.4692307710647583,0.10615384798783523,0.2446153827813955,0.747456431388855,0.3843795083119319,0.033610277542701184,0.7473936676979065,0.3843167446209834,0.0335475138517527,0.668812761688189,0.30573583861126596,0.04503339215796476
flows_6,corr_target_gaussian_blur_sev5,188,2600,False,True,False,0.2323076923076923,0.2323076923076923,0.7738461538461539,0.9344262295081966,0.9353959646910467,0.7021185372005043,0.16154981084489284,0.607739611205969,0.7460271901738389,0.37543191889827665,0.027818963672314956,0.5494503155788981,0.4719230830669403,0.239615390759248,0.30192307077921354,0.32346153259277344,0.09115384028508114,0.4503846212533804,0.6703373789787292,0.4380296866710369,0.1035087748674246,0.6702746152877808,0.43796692298008844,0.10357153855837309,0.5011576615719397,0.2688499692642474,0.2726884922742141
flows_6,corr_target_saturate_sev1,189,2600,False,True,False,0.5773076923076923,0.5773076923076923,0.6976923076923077,0.9719256623171213,0.9719256623171213,0.394617970009429,0.2742333546248136,0.8537017629866193,0.8556130695827283,0.27639407067892696,0.1579207618904206,0.8286127948392618,0.8199999928474426,0.24269230053975033,0.1223076851551349,0.7484615445137024,0.1711538522060101,0.05076923682139467,0.8788324594497681,0.30152476714207577,0.18114015175746034,0.8787696957588196,0.3014620034511273,0.18107738806651186,0.786787235663756,0.20947954335606367,0.08909492797144825
flows_6,corr_target_saturate_sev2,190,2600,False,True,False,0.5734615384615385,0.5734615384615385,0.7,0.9727380482022916,0.9727380482022916,0.3992765097407531,0.27273804820229164,0.8496524341855513,0.8602255377127543,0.2761908957240128,0.16022553771275438,0.8239342989135516,0.8038461804389954,0.2303846419774569,0.1038461804389954,0.733846127986908,0.1603845895253695,0.033846127986908,0.8726176619529724,0.29915612349143395,0.17261766195297246,0.8725548982620239,0.29909335980048546,0.17255489826202397,0.8028833666615152,0.2294218281999767,0.10288336666151521
flows_6,corr_target_saturate_sev3,191,2600,False,True,False,0.5957692307692307,0.5957692307692307,0.6992307692307692,0.9657915672235481,0.9657915672235481,0.37002233645431737,0.2665607979927789,0.8421377002056015,0.8614839363921225,0.2463684694363708,0.1622531671613533,0.8323412039391926,0.8192307949066162,0.2234615641373855,0.120000025675847,0.7473077178001404,0.15153848703090966,0.04807694856937117,0.8790544271469116,0.2832851963776809,0.1798236579161424,0.8789916634559631,0.2832224326867324,0.17976089422519392,0.8268748183746307,0.2311055876054,0.12764404914386152
flows_6,corr_target_saturate_sev4,192,2600,False,True,False,0.5788461538461539,0.5788461538461539,0.693076923076923,0.9649681528662419,0.9649681528662419,0.38612199902008804,0.2718912297893189,0.8172250444428381,0.8560383730070044,0.23837889059668416,0.16296144993008133,0.8193457955395635,0.7946153879165649,0.21576923407041104,0.1015384648396419,0.7238461375236511,0.14499998367749722,0.030769214446728088,0.8678777813911438,0.2890316275449899,0.17480085831422076,0.8678150177001953,0.2889688638540414,0.17473809462327228,0.8307968911272685,0.2519507372811146,0.13771996805034548
flows_6,corr_target_saturate_sev5,193,2600,False,True,False,0.545,0.545,0.686923076923077,0.9473684210526315,0.9473684210526315,0.4023684210526315,0.26044534412955456,0.7820268145987811,0.8223903098566414,0.23702681459878105,0.13546723293356444,0.7973364279106928,0.7669230699539185,0.22192306995391842,0.07999999303084149,0.6792307496070862,0.13423074960708614,0.007692327315990788,0.8502680063247681,0.305268006324768,0.1633449294016911,0.8502052426338196,0.30520524263381954,0.1632821657107426,0.8104826347718338,0.26548263477183376,0.12355955784875683
