dataset,corruption,frac_accepted,acc_true,acc_est_mm,acc_est_tdc,fdr_mixmax,fdr_tdc,fdr_true
cifar10c,gaussian_noise,0.000000,0.435980,0.275376,0.446433,0.724624,0.553567,0.564020
cifar10c,gaussian_noise,0.010100,0.442880,0.282982,0.464458,0.723074,0.545009,0.561174
cifar10c,gaussian_noise,0.020200,0.450340,0.290593,0.478534,0.721490,0.538290,0.558012
cifar10c,gaussian_noise,0.030300,0.457400,0.301769,0.492306,0.718034,0.531588,0.554964
cifar10c,gaussian_noise,0.040400,0.464500,0.310474,0.505280,0.715793,0.525160,0.551855
cifar10c,gaussian_noise,0.050500,0.470440,0.321731,0.515568,0.712160,0.520010,0.549279
cifar10c,gaussian_noise,0.060600,0.476420,0.330942,0.525972,0.709539,0.514687,0.546626
cifar10c,gaussian_noise,0.070700,0.482400,0.339710,0.534873,0.707099,0.510058,0.543903
cifar10c,gaussian_noise,0.080800,0.488700,0.350860,0.543118,0.703309,0.505684,0.540970
cifar10c,gaussian_noise,0.090900,0.495120,0.359912,0.550413,0.700590,0.501734,0.537883
cifar10c,gaussian_noise,0.101000,0.500900,0.370369,0.557461,0.697027,0.497834,0.535094
cifar10c,gaussian_noise,0.111100,0.507120,0.380057,0.565096,0.693817,0.493515,0.532002
cifar10c,gaussian_noise,0.121200,0.512300,0.389419,0.571800,0.690717,0.489626,0.529425
cifar10c,gaussian_noise,0.131300,0.518080,0.399813,0.580580,0.686952,0.484452,0.526430
cifar10c,gaussian_noise,0.141400,0.524060,0.410260,0.586793,0.683068,0.480651,0.523269
cifar10c,gaussian_noise,0.151500,0.529520,0.421066,0.591599,0.678879,0.477589,0.520318
cifar10c,gaussian_noise,0.161600,0.534940,0.429876,0.596781,0.675780,0.474228,0.517341
cifar10c,gaussian_noise,0.171700,0.540600,0.442891,0.600972,0.670067,0.471384,0.514137
cifar10c,gaussian_noise,0.181800,0.545620,0.454302,0.606548,0.665193,0.467623,0.511244
cifar10c,gaussian_noise,0.191900,0.550640,0.466050,0.611232,0.659989,0.464321,0.508240
cifar10c,gaussian_noise,0.202000,0.556540,0.476011,0.614808,0.655772,0.461629,0.504687
cifar10c,gaussian_noise,0.212100,0.561000,0.486914,0.619872,0.650850,0.457923,0.501916
cifar10c,gaussian_noise,0.222200,0.566580,0.497217,0.625582,0.646186,0.453706,0.498342
cifar10c,gaussian_noise,0.232300,0.572000,0.507049,0.629629,0.641705,0.450461,0.494803
cifar10c,gaussian_noise,0.242400,0.577180,0.515866,0.633177,0.637776,0.447459,0.491302
cifar10c,gaussian_noise,0.252520,0.581940,0.524863,0.637262,0.633623,0.444015,0.488001
cifar10c,gaussian_noise,0.262620,0.586160,0.534084,0.640935,0.629201,0.440758,0.484987
cifar10c,gaussian_noise,0.272720,0.590980,0.544872,0.644750,0.623578,0.437312,0.481465
cifar10c,gaussian_noise,0.282820,0.595760,0.554239,0.647855,0.618788,0.434265,0.477872
cifar10c,gaussian_noise,0.292920,0.600340,0.564860,0.651570,0.612974,0.430699,0.474317
cifar10c,gaussian_noise,0.303020,0.605280,0.574420,0.654090,0.607753,0.427887,0.470401
cifar10c,gaussian_noise,0.313120,0.610420,0.582537,0.657187,0.603429,0.424572,0.466212
cifar10c,gaussian_noise,0.323220,0.614360,0.590232,0.659703,0.599288,0.421588,0.462809
cifar10c,gaussian_noise,0.333320,0.618580,0.599148,0.664609,0.594105,0.416720,0.459081
cifar10c,gaussian_noise,0.343420,0.622640,0.608408,0.668088,0.588501,0.412790,0.455346
cifar10c,gaussian_noise,0.353520,0.626980,0.617704,0.670013,0.582694,0.409938,0.451306
cifar10c,gaussian_noise,0.363620,0.631760,0.627486,0.672236,0.576320,0.406762,0.446777
cifar10c,gaussian_noise,0.373720,0.636100,0.635958,0.674356,0.570788,0.403566,0.442454
cifar10c,gaussian_noise,0.383820,0.640400,0.643947,0.675683,0.565465,0.400909,0.438021
cifar10c,gaussian_noise,0.393920,0.644140,0.653252,0.678013,0.558880,0.397335,0.433889
cifar10c,gaussian_noise,0.404020,0.648600,0.660047,0.679644,0.554177,0.394227,0.429041
cifar10c,gaussian_noise,0.414120,0.652660,0.668590,0.681014,0.547820,0.391234,0.424353
cifar10c,gaussian_noise,0.424220,0.656760,0.677569,0.682844,0.540862,0.387737,0.419466
cifar10c,gaussian_noise,0.434320,0.660220,0.685380,0.684091,0.534687,0.384630,0.414970
cifar10c,gaussian_noise,0.444420,0.664520,0.692010,0.685372,0.529351,0.381381,0.409510
cifar10c,gaussian_noise,0.454520,0.667620,0.699590,0.687158,0.522947,0.377547,0.405022
cifar10c,gaussian_noise,0.464620,0.670680,0.704950,0.688037,0.518374,0.374416,0.400374
cifar10c,gaussian_noise,0.474720,0.674140,0.710457,0.688452,0.513486,0.371606,0.395150
cifar10c,gaussian_noise,0.484820,0.677080,0.715964,0.688815,0.508404,0.368737,0.390271
cifar10c,gaussian_noise,0.494920,0.680300,0.721579,0.688967,0.503014,0.365962,0.384874
cifar10c,gaussian_noise,0.505040,0.683380,0.729434,0.689636,0.495141,0.362545,0.379425
cifar10c,gaussian_noise,0.515140,0.686200,0.734084,0.690271,0.490244,0.359028,0.374005
cifar10c,gaussian_noise,0.525240,0.689620,0.740997,0.690181,0.482757,0.356123,0.367723
cifar10c,gaussian_noise,0.535340,0.692440,0.744328,0.688744,0.478798,0.354542,0.361813
cifar10c,gaussian_noise,0.545440,0.695340,0.748437,0.687852,0.473806,0.352292,0.355553
cifar10c,gaussian_noise,0.555540,0.698200,0.752811,0.688326,0.468291,0.348401,0.349053
cifar10c,gaussian_noise,0.565640,0.700420,0.755500,0.687752,0.464457,0.345537,0.342972
cifar10c,gaussian_noise,0.575740,0.701880,0.760290,0.686852,0.457967,0.342920,0.337497
cifar10c,gaussian_noise,0.585840,0.704460,0.764226,0.686408,0.452190,0.339626,0.330452
cifar10c,gaussian_noise,0.595940,0.706720,0.767033,0.684776,0.447522,0.337637,0.323417
cifar10c,gaussian_noise,0.606040,0.708020,0.769624,0.682983,0.442888,0.335750,0.317240
cifar10c,gaussian_noise,0.616140,0.709600,0.772752,0.681963,0.437311,0.332756,0.310361
cifar10c,gaussian_noise,0.626240,0.711100,0.776363,0.681025,0.430786,0.329492,0.303243
cifar10c,gaussian_noise,0.636340,0.711400,0.778120,0.680495,0.426447,0.325485,0.297345
cifar10c,gaussian_noise,0.646440,0.712060,0.781057,0.679421,0.420193,0.322019,0.290602
cifar10c,gaussian_noise,0.656540,0.712720,0.782241,0.678033,0.416123,0.318806,0.283526
cifar10c,gaussian_noise,0.666640,0.714380,0.784129,0.676162,0.410750,0.316122,0.274445
cifar10c,gaussian_noise,0.676740,0.714640,0.786728,0.673754,0.403941,0.314102,0.267030
cifar10c,gaussian_noise,0.686840,0.714980,0.788503,0.670755,0.398009,0.312895,0.258890
cifar10c,gaussian_noise,0.696940,0.714720,0.791216,0.669335,0.390134,0.309001,0.251303
cifar10c,gaussian_noise,0.707040,0.714660,0.792286,0.667195,0.384519,0.306070,0.242900
cifar10c,gaussian_noise,0.717140,0.714560,0.793422,0.664815,0.378388,0.303351,0.233897
cifar10c,gaussian_noise,0.727240,0.713340,0.793913,0.661515,0.372985,0.302120,0.226263
cifar10c,gaussian_noise,0.737340,0.712360,0.793669,0.658979,0.368567,0.299337,0.217620
cifar10c,gaussian_noise,0.747440,0.711060,0.795391,0.656892,0.359900,0.295445,0.208884
cifar10c,gaussian_noise,0.757560,0.709780,0.793942,0.653895,0.357041,0.293087,0.199390
cifar10c,gaussian_noise,0.767660,0.708200,0.793490,0.650470,0.351799,0.291464,0.189722
cifar10c,gaussian_noise,0.777760,0.706100,0.792601,0.646414,0.347064,0.291110,0.180346
cifar10c,gaussian_noise,0.787860,0.703680,0.791586,0.643461,0.342174,0.288125,0.170814
cifar10c,gaussian_noise,0.797960,0.700940,0.790516,0.641290,0.336933,0.282907,0.161092
cifar10c,gaussian_noise,0.808060,0.697880,0.788647,0.638671,0.333220,0.278306,0.151250
cifar10c,gaussian_noise,0.818160,0.694460,0.787099,0.634498,0.328214,0.277466,0.141241
cifar10c,gaussian_noise,0.828260,0.690440,0.786166,0.631075,0.320827,0.274345,0.131913
cifar10c,gaussian_noise,0.838360,0.685740,0.786169,0.626517,0.309622,0.274345,0.123454
cifar10c,gaussian_noise,0.848460,0.680480,0.782959,0.621958,0.307525,0.274345,0.115730
cifar10c,gaussian_noise,0.858560,0.674660,0.780187,0.617400,0.303582,0.274345,0.108812
cifar10c,gaussian_noise,0.868660,0.669000,0.776676,0.613146,0.301841,0.273189,0.100320
cifar10c,gaussian_noise,0.878760,0.662780,0.773800,0.608649,0.297196,0.272837,0.092617
cifar10c,gaussian_noise,0.888860,0.655960,0.770791,0.604061,0.292302,0.272837,0.086346
cifar10c,gaussian_noise,0.898960,0.648660,0.766850,0.599472,0.291044,0.272837,0.081108
cifar10c,gaussian_noise,0.909060,0.641880,0.762629,0.594883,0.291044,0.272837,0.071884
cifar10c,gaussian_noise,0.919160,0.634380,0.758408,0.590295,0.291044,0.272837,0.064516
cifar10c,gaussian_noise,0.929260,0.626600,0.754187,0.585706,0.291044,0.272837,0.057497
cifar10c,gaussian_noise,0.939360,0.618420,0.749966,0.581117,0.291044,0.272837,0.050760
cifar10c,gaussian_noise,0.949460,0.610120,0.745745,0.576529,0.291044,0.272837,0.043684
cifar10c,gaussian_noise,0.959560,0.601180,0.741524,0.571940,0.291044,0.272837,0.039474
cifar10c,gaussian_noise,0.969660,0.592200,0.737303,0.567351,0.291044,0.272837,0.034987
cifar10c,gaussian_noise,0.979760,0.582860,0.733082,0.562763,0.291044,0.272837,0.033943
cifar10c,gaussian_noise,0.989860,0.573560,0.728862,0.558174,0.291044,0.272837,0.026398
cifar10c,gaussian_noise,0.999980,0.564040,0.724632,0.553576,0.291044,0.272837,0.000000
cifar10c,shot_noise,0.000000,0.553380,0.334072,0.513497,0.665928,0.486503,0.446620
cifar10c,shot_noise,0.010100,0.559960,0.338449,0.526953,0.665410,0.479568,0.442743
cifar10c,shot_noise,0.020200,0.566260,0.346345,0.539268,0.663086,0.473073,0.438947
cifar10c,shot_noise,0.030300,0.572360,0.354310,0.551497,0.660678,0.466487,0.435162
cifar10c,shot_noise,0.040400,0.577780,0.363377,0.561648,0.657644,0.460845,0.431659
cifar10c,shot_noise,0.050500,0.582640,0.374406,0.570529,0.653513,0.455752,0.428373
cifar10c,shot_noise,0.060600,0.588380,0.385291,0.579256,0.649370,0.450632,0.424548
cifar10c,shot_noise,0.070700,0.593840,0.393399,0.588654,0.646632,0.445039,0.420790
cifar10c,shot_noise,0.080800,0.599380,0.403102,0.596834,0.642965,0.439985,0.416906
cifar10c,shot_noise,0.090900,0.604560,0.413066,0.604180,0.639073,0.435278,0.413134
cifar10c,shot_noise,0.101000,0.610740,0.420483,0.611131,0.636510,0.430685,0.408721
cifar10c,shot_noise,0.111100,0.615760,0.431450,0.617872,0.631892,0.426105,0.404860
cifar10c,shot_noise,0.121200,0.620460,0.443095,0.624527,0.626783,0.421470,0.401092
cifar10c,shot_noise,0.131300,0.625640,0.452860,0.629056,0.622636,0.417950,0.396961
cifar10c,shot_noise,0.141400,0.630180,0.463618,0.634763,0.617814,0.413661,0.393105
cifar10c,shot_noise,0.151500,0.635000,0.473314,0.638647,0.613502,0.410345,0.388974
cifar10c,shot_noise,0.161600,0.639140,0.484607,0.643100,0.608135,0.406610,0.385168
cifar10c,shot_noise,0.171700,0.644240,0.493872,0.647910,0.603861,0.402567,0.380707
cifar10c,shot_noise,0.181800,0.648540,0.504742,0.651217,0.598501,0.399344,0.376607
cifar10c,shot_noise,0.191900,0.652520,0.512051,0.656202,0.595209,0.395001,0.372602
cifar10c,shot_noise,0.202000,0.655580,0.521015,0.659855,0.590797,0.391383,0.369054
cifar10c,shot_noise,0.212100,0.659920,0.530311,0.664335,0.586062,0.387148,0.364640
cifar10c,shot_noise,0.222200,0.663780,0.540274,0.668799,0.580775,0.382813,0.360383
cifar10c,shot_noise,0.232300,0.667520,0.549683,0.671794,0.575710,0.379320,0.356127
cifar10c,shot_noise,0.242400,0.671660,0.560416,0.675016,0.569636,0.375585,0.351478
cifar10c,shot_noise,0.252520,0.675540,0.569291,0.677782,0.564642,0.372050,0.346872
cifar10c,shot_noise,0.262620,0.678760,0.580540,0.680227,0.557899,0.368640,0.342591
cifar10c,shot_noise,0.272720,0.682420,0.589624,0.682270,0.552459,0.365411,0.337870
cifar10c,shot_noise,0.282820,0.685320,0.599073,0.683836,0.546609,0.362424,0.333575
cifar10c,shot_noise,0.292920,0.688620,0.607526,0.686919,0.541298,0.358279,0.328874
cifar10c,shot_noise,0.303020,0.691000,0.620149,0.689266,0.532841,0.354542,0.324669
cifar10c,shot_noise,0.313120,0.693620,0.629468,0.693168,0.526540,0.349562,0.320201
cifar10c,shot_noise,0.323220,0.696720,0.638155,0.695032,0.520519,0.345940,0.315219
cifar10c,shot_noise,0.333320,0.699460,0.646994,0.697890,0.514200,0.341462,0.310355
cifar10c,shot_noise,0.343420,0.702400,0.653934,0.699245,0.509134,0.337992,0.305199
cifar10c,shot_noise,0.353520,0.705140,0.660900,0.700786,0.503889,0.334269,0.300056
cifar10c,shot_noise,0.363620,0.706480,0.668281,0.702106,0.498151,0.330602,0.295820
cifar10c,shot_noise,0.373720,0.708380,0.677218,0.702802,0.490987,0.327314,0.291020
cifar10c,shot_noise,0.383820,0.710400,0.685591,0.705034,0.484045,0.322672,0.285946
cifar10c,shot_noise,0.393920,0.712060,0.695656,0.706373,0.475476,0.318613,0.281019
cifar10c,shot_noise,0.404020,0.713600,0.703939,0.707096,0.468110,0.314932,0.275997
cifar10c,shot_noise,0.414120,0.714780,0.709967,0.707309,0.462416,0.311560,0.271138
cifar10c,shot_noise,0.424220,0.715920,0.715770,0.709620,0.456718,0.306247,0.266116
cifar10c,shot_noise,0.434320,0.716820,0.723595,0.709324,0.449029,0.303050,0.261172
cifar10c,shot_noise,0.444420,0.717720,0.729627,0.708651,0.442673,0.300075,0.256012
cifar10c,shot_noise,0.454520,0.718020,0.735984,0.707844,0.435785,0.297114,0.251201
cifar10c,shot_noise,0.464620,0.719600,0.741314,0.707184,0.429596,0.293902,0.245060
cifar10c,shot_noise,0.474720,0.720740,0.747201,0.707806,0.422638,0.289347,0.239047
cifar10c,shot_noise,0.484820,0.721600,0.752042,0.706677,0.416423,0.286313,0.233077
cifar10c,shot_noise,0.494920,0.722220,0.759621,0.707052,0.407249,0.281669,0.227172
cifar10c,shot_noise,0.505040,0.721820,0.763374,0.705794,0.401562,0.278475,0.221989
cifar10c,shot_noise,0.515140,0.722560,0.767432,0.705411,0.395326,0.274256,0.215426
cifar10c,shot_noise,0.525240,0.723180,0.772323,0.704763,0.387948,0.270136,0.208737
cifar10c,shot_noise,0.535340,0.723240,0.777005,0.703361,0.380475,0.266649,0.202341
cifar10c,shot_noise,0.545440,0.722460,0.782148,0.702360,0.372162,0.262565,0.196586
cifar10c,shot_noise,0.555540,0.722240,0.784546,0.701942,0.366560,0.257639,0.189930
cifar10c,shot_noise,0.565640,0.720860,0.790033,0.700002,0.357140,0.254237,0.184317
cifar10c,shot_noise,0.575740,0.719680,0.791826,0.698195,0.351627,0.250516,0.178193
cifar10c,shot_noise,0.585840,0.718180,0.795507,0.695055,0.343564,0.248222,0.172156
cifar10c,shot_noise,0.595940,0.715960,0.798717,0.693282,0.335681,0.244123,0.166625
cifar10c,shot_noise,0.606040,0.714460,0.800619,0.691229,0.329055,0.240169,0.160043
cifar10c,shot_noise,0.616140,0.712160,0.803583,0.688370,0.320696,0.237056,0.154119
cifar10c,shot_noise,0.626240,0.709740,0.804877,0.685093,0.314121,0.234334,0.148007
cifar10c,shot_noise,0.636340,0.707080,0.805411,0.681836,0.308224,0.231435,0.141860
cifar10c,shot_noise,0.646440,0.704660,0.807189,0.678766,0.300231,0.228103,0.135053
cifar10c,shot_noise,0.656540,0.701400,0.807340,0.674698,0.294136,0.226030,0.129051
cifar10c,shot_noise,0.666640,0.697340,0.807377,0.670522,0.287844,0.223992,0.123920
cifar10c,shot_noise,0.676740,0.693440,0.807300,0.667490,0.281334,0.220059,0.118211
cifar10c,shot_noise,0.686840,0.688780,0.806825,0.663563,0.275040,0.217300,0.113346
cifar10c,shot_noise,0.696940,0.684640,0.804766,0.659527,0.270940,0.214537,0.107291
cifar10c,shot_noise,0.707040,0.679500,0.803806,0.655489,0.264681,0.211588,0.102484
cifar10c,shot_noise,0.717140,0.674440,0.802495,0.650970,0.258596,0.209279,0.097285
cifar10c,shot_noise,0.727240,0.668140,0.800619,0.647025,0.253097,0.205745,0.093922
cifar10c,shot_noise,0.737340,0.662600,0.798221,0.642057,0.248167,0.203887,0.088847
cifar10c,shot_noise,0.747440,0.656700,0.795629,0.636456,0.243228,0.203132,0.083999
cifar10c,shot_noise,0.757560,0.650740,0.792687,0.631166,0.238576,0.201650,0.078945
cifar10c,shot_noise,0.767660,0.644080,0.789923,0.625186,0.233160,0.201551,0.075030
cifar10c,shot_noise,0.777760,0.637780,0.785805,0.619247,0.230299,0.201349,0.069918
cifar10c,shot_noise,0.787860,0.631320,0.780978,0.613307,0.228836,0.201129,0.064589
cifar10c,shot_noise,0.797960,0.623500,0.776401,0.607526,0.226606,0.200496,0.062265
cifar10c,shot_noise,0.808060,0.616120,0.771768,0.601753,0.224290,0.199776,0.058450
cifar10c,shot_noise,0.818160,0.608260,0.767248,0.596473,0.221404,0.197618,0.055489
cifar10c,shot_noise,0.828260,0.600760,0.762123,0.590365,0.219940,0.197618,0.051234
cifar10c,shot_noise,0.838360,0.592460,0.757700,0.584266,0.216122,0.197590,0.048784
cifar10c,shot_noise,0.848460,0.584000,0.752138,0.578157,0.215555,0.197590,0.046646
cifar10c,shot_noise,0.858560,0.575700,0.746739,0.572048,0.214326,0.197590,0.043693
cifar10c,shot_noise,0.868660,0.567120,0.741080,0.565940,0.213902,0.197590,0.041204
cifar10c,shot_noise,0.878760,0.558300,0.735301,0.559831,0.213902,0.197590,0.039235
cifar10c,shot_noise,0.888860,0.549520,0.729522,0.553722,0.213902,0.197590,0.037044
cifar10c,shot_noise,0.898960,0.540500,0.723743,0.547613,0.213902,0.197590,0.035382
cifar10c,shot_noise,0.909060,0.531480,0.717964,0.541505,0.213902,0.197590,0.033421
cifar10c,shot_noise,0.919160,0.522460,0.712184,0.535396,0.213902,0.197590,0.030879
cifar10c,shot_noise,0.929260,0.513160,0.706405,0.529287,0.213902,0.197590,0.028773
cifar10c,shot_noise,0.939360,0.503820,0.700626,0.523179,0.213902,0.197590,0.028183
cifar10c,shot_noise,0.949460,0.494520,0.694847,0.517070,0.213902,0.197590,0.025994
cifar10c,shot_noise,0.959560,0.485060,0.689068,0.510961,0.213902,0.197590,0.024667
cifar10c,shot_noise,0.969660,0.475440,0.683288,0.504853,0.213902,0.197590,0.024008
cifar10c,shot_noise,0.979760,0.466100,0.677509,0.498744,0.213902,0.197590,0.017483
cifar10c,shot_noise,0.989860,0.456320,0.671730,0.492635,0.213902,0.197590,0.016416
cifar10c,shot_noise,0.999980,0.446640,0.665939,0.486515,0.213902,0.197590,0.000000
cifar10c,impulse_noise,0.000000,0.588340,0.111519,0.196443,0.888481,0.803557,0.411660
cifar10c,impulse_noise,0.010100,0.595160,0.119366,0.224559,0.888481,0.792453,0.407314
cifar10c,impulse_noise,0.020200,0.601580,0.127214,0.250875,0.888481,0.782038,0.403082
cifar10c,impulse_noise,0.030300,0.607960,0.135061,0.274784,0.888481,0.772648,0.398783
cifar10c,impulse_noise,0.040400,0.613820,0.142908,0.297691,0.888481,0.763582,0.394664
cifar10c,impulse_noise,0.050500,0.620600,0.150756,0.319189,0.888481,0.755064,0.389974
cifar10c,impulse_noise,0.060600,0.626900,0.158603,0.341660,0.888481,0.745846,0.385438
cifar10c,impulse_noise,0.070700,0.633360,0.166450,0.364067,0.888481,0.736462,0.380717
cifar10c,impulse_noise,0.080800,0.639740,0.174298,0.384545,0.888481,0.727922,0.375936
cifar10c,impulse_noise,0.090900,0.644680,0.182145,0.403220,0.888481,0.720183,0.371832
cifar10c,impulse_noise,0.101000,0.650020,0.189992,0.422331,0.888481,0.712028,0.367430
cifar10c,impulse_noise,0.111100,0.655600,0.197839,0.441687,0.888481,0.703549,0.362785
cifar10c,impulse_noise,0.121200,0.660980,0.205687,0.460905,0.888481,0.694954,0.358139
cifar10c,impulse_noise,0.131300,0.666760,0.213534,0.477992,0.888481,0.687386,0.353163
cifar10c,impulse_noise,0.141400,0.671900,0.221381,0.496923,0.888481,0.678566,0.348451
cifar10c,impulse_noise,0.151500,0.677280,0.230676,0.516049,0.887628,0.669421,0.343476
cifar10c,impulse_noise,0.161600,0.682460,0.240766,0.533921,0.886281,0.660803,0.338502
cifar10c,impulse_noise,0.171700,0.687680,0.249835,0.550376,0.885516,0.652832,0.333382
cifar10c,impulse_noise,0.181800,0.692540,0.259643,0.568127,0.884281,0.643870,0.328355
cifar10c,impulse_noise,0.191900,0.697280,0.270792,0.585650,0.882186,0.634826,0.323269
cifar10c,impulse_noise,0.202000,0.702260,0.281907,0.602382,0.880059,0.626049,0.317912
cifar10c,impulse_noise,0.212100,0.707200,0.292806,0.620794,0.878014,0.615981,0.312451
cifar10c,impulse_noise,0.222200,0.711780,0.303231,0.636242,0.876222,0.607556,0.307063
cifar10c,impulse_noise,0.232300,0.715480,0.315923,0.650823,0.872905,0.599475,0.302115
cifar10c,impulse_noise,0.242400,0.719420,0.328049,0.668412,0.869873,0.589193,0.296854
cifar10c,impulse_noise,0.252520,0.722980,0.344450,0.683953,0.863910,0.580004,0.291754
cifar10c,impulse_noise,0.262620,0.726000,0.356263,0.699769,0.860885,0.570376,0.286853
cifar10c,impulse_noise,0.272720,0.730060,0.368416,0.714590,0.857541,0.561164,0.281091
cifar10c,impulse_noise,0.282820,0.733600,0.383566,0.727700,0.852014,0.552886,0.275551
cifar10c,impulse_noise,0.292920,0.736020,0.398048,0.740793,0.846801,0.544382,0.270588
cifar10c,impulse_noise,0.303020,0.739680,0.416301,0.753520,0.838732,0.535895,0.264685
cifar10c,impulse_noise,0.313120,0.743220,0.430815,0.766077,0.833148,0.527282,0.258648
cifar10c,impulse_noise,0.323220,0.745120,0.448162,0.780682,0.825305,0.516900,0.253642
cifar10c,impulse_noise,0.333320,0.748100,0.464355,0.794790,0.818088,0.506575,0.247675
cifar10c,impulse_noise,0.343420,0.750880,0.479472,0.806313,0.811469,0.497901,0.241669
cifar10c,impulse_noise,0.353520,0.753060,0.499258,0.818588,0.801033,0.488374,0.235955
cifar10c,impulse_noise,0.363620,0.755480,0.517793,0.830384,0.791247,0.478922,0.229863
cifar10c,impulse_noise,0.373720,0.757460,0.537553,0.841099,0.780168,0.470028,0.223918
cifar10c,impulse_noise,0.383820,0.758800,0.559000,0.849857,0.767358,0.462429,0.218313
cifar10c,impulse_noise,0.393920,0.761340,0.575141,0.861321,0.758497,0.452346,0.211523
cifar10c,impulse_noise,0.404020,0.762080,0.593856,0.872769,0.747177,0.441934,0.206000
cifar10c,impulse_noise,0.414120,0.763780,0.611149,0.882440,0.736680,0.432680,0.199474
cifar10c,impulse_noise,0.424220,0.765040,0.629858,0.894239,0.724585,0.421253,0.193129
cifar10c,impulse_noise,0.434320,0.765980,0.651430,0.903183,0.709528,0.411941,0.186819
cifar10c,impulse_noise,0.444420,0.766440,0.672198,0.912384,0.694646,0.402059,0.180699
cifar10c,impulse_noise,0.454520,0.766180,0.692582,0.920672,0.679566,0.392649,0.175038
cifar10c,impulse_noise,0.464620,0.766040,0.712180,0.927860,0.664651,0.383911,0.169014
cifar10c,impulse_noise,0.474720,0.765220,0.730447,0.935928,0.650428,0.373999,0.163437
cifar10c,impulse_noise,0.484820,0.765000,0.746877,0.941870,0.637431,0.365762,0.157065
cifar10c,impulse_noise,0.494920,0.763540,0.768702,0.948311,0.618575,0.356702,0.151617
cifar10c,impulse_noise,0.505040,0.762380,0.790079,0.954403,0.599404,0.347618,0.145691
cifar10c,impulse_noise,0.515140,0.761440,0.810235,0.959589,0.580690,0.339095,0.139298
cifar10c,impulse_noise,0.525240,0.759380,0.828053,0.964984,0.563641,0.329990,0.133794
cifar10c,impulse_noise,0.535340,0.757280,0.847554,0.969822,0.544039,0.321089,0.128088
cifar10c,impulse_noise,0.545440,0.754500,0.864403,0.973665,0.526485,0.312886,0.122888
cifar10c,impulse_noise,0.555540,0.752640,0.881539,0.976615,0.507809,0.305316,0.116406
cifar10c,impulse_noise,0.565640,0.749700,0.896283,0.978791,0.491019,0.298284,0.110871
cifar10c,impulse_noise,0.575740,0.745880,0.911840,0.982000,0.472471,0.289701,0.106084
cifar10c,impulse_noise,0.585840,0.742020,0.926655,0.983040,0.453914,0.283316,0.101144
cifar10c,impulse_noise,0.595940,0.737680,0.939210,0.985092,0.437226,0.275361,0.096570
cifar10c,impulse_noise,0.606040,0.733060,0.950434,0.986221,0.421372,0.268169,0.092072
cifar10c,impulse_noise,0.616140,0.728160,0.962061,0.987205,0.404157,0.260787,0.087740
cifar10c,impulse_noise,0.626240,0.723500,0.972642,0.986838,0.387413,0.254814,0.082834
cifar10c,impulse_noise,0.636340,0.718440,0.982719,0.984936,0.370431,0.250619,0.078205
cifar10c,impulse_noise,0.646440,0.712740,0.990002,0.984404,0.356431,0.244247,0.074185
cifar10c,impulse_noise,0.656540,0.706800,0.998963,0.983813,0.339164,0.237587,0.070298
cifar10c,impulse_noise,0.666640,0.700660,1.000000,0.982236,0.324175,0.232003,0.066531
cifar10c,impulse_noise,0.676740,0.693560,1.000000,0.978391,0.311269,0.229576,0.063898
cifar10c,impulse_noise,0.686840,0.686500,1.000000,0.975405,0.302310,0.225622,0.061171
cifar10c,impulse_noise,0.696940,0.679600,1.000000,0.972108,0.290244,0.221918,0.057912
cifar10c,impulse_noise,0.707040,0.671900,1.000000,0.968222,0.280790,0.218963,0.055840
cifar10c,impulse_noise,0.717140,0.664280,1.000000,0.964358,0.273262,0.215759,0.053431
cifar10c,impulse_noise,0.727240,0.656500,1.000000,0.960631,0.266316,0.212065,0.051177
cifar10c,impulse_noise,0.737340,0.648320,1.000000,0.955088,0.259442,0.211546,0.049490
cifar10c,impulse_noise,0.747440,0.640060,1.000000,0.949965,0.252405,0.210150,0.047830
cifar10c,impulse_noise,0.757560,0.631780,1.000000,0.945175,0.246044,0.207931,0.046032
cifar10c,impulse_noise,0.767660,0.623400,1.000000,0.940466,0.241607,0.205369,0.044328
cifar10c,impulse_noise,0.777760,0.614660,1.000000,0.935086,0.238122,0.204082,0.043221
cifar10c,impulse_noise,0.787860,0.606040,1.000000,0.929795,0.234553,0.202466,0.041812
cifar10c,impulse_noise,0.797960,0.597220,0.997642,0.923784,0.229853,0.202466,0.040677
cifar10c,impulse_noise,0.808060,0.588360,0.993856,0.917774,0.225499,0.202466,0.039502
cifar10c,impulse_noise,0.818160,0.579220,0.988806,0.911764,0.224140,0.202466,0.039175
cifar10c,impulse_noise,0.828260,0.570400,0.983655,0.905754,0.222913,0.202466,0.037751
cifar10c,impulse_noise,0.838360,0.561180,0.978380,0.899744,0.221915,0.202466,0.037370
cifar10c,impulse_noise,0.848460,0.551880,0.973650,0.893733,0.218988,0.202466,0.037251
cifar10c,impulse_noise,0.858560,0.542820,0.968310,0.887723,0.217800,0.202466,0.036192
cifar10c,impulse_noise,0.868660,0.533640,0.962609,0.881713,0.217800,0.202466,0.035127
cifar10c,impulse_noise,0.878760,0.524660,0.956909,0.875703,0.217800,0.202466,0.033793
cifar10c,impulse_noise,0.888860,0.515400,0.951208,0.869693,0.217800,0.202466,0.032778
cifar10c,impulse_noise,0.898960,0.506100,0.945508,0.863682,0.217800,0.202466,0.032271
cifar10c,impulse_noise,0.909060,0.496880,0.939808,0.857672,0.217800,0.202466,0.031449
cifar10c,impulse_noise,0.919160,0.487460,0.934107,0.851662,0.217800,0.202466,0.030702
cifar10c,impulse_noise,0.929260,0.477880,0.928407,0.845652,0.217800,0.202466,0.030411
cifar10c,impulse_noise,0.939360,0.468420,0.922706,0.839642,0.217800,0.202466,0.030411
cifar10c,impulse_noise,0.949460,0.458760,0.917006,0.833631,0.217800,0.202466,0.030411
cifar10c,impulse_noise,0.959560,0.449500,0.911305,0.827621,0.217800,0.202466,0.030411
cifar10c,impulse_noise,0.969660,0.440040,0.905605,0.821611,0.217800,0.202466,0.030234
cifar10c,impulse_noise,0.979760,0.430580,0.899904,0.815601,0.217800,0.202466,0.030234
cifar10c,impulse_noise,0.989860,0.421080,0.894204,0.809591,0.217800,0.202466,0.030234
cifar10c,impulse_noise,0.999980,0.411680,0.888492,0.803569,0.217800,0.202466,0.000000
cifar10c,defocus_blur,0.000000,0.728580,0.508744,0.644546,0.491256,0.355454,0.271420
cifar10c,defocus_blur,0.010100,0.735120,0.513722,0.658410,0.488652,0.346977,0.265784
cifar10c,defocus_blur,0.020200,0.740620,0.520462,0.669461,0.485096,0.339760,0.260563
cifar10c,defocus_blur,0.030300,0.745440,0.527442,0.678919,0.481342,0.333214,0.255584
cifar10c,defocus_blur,0.040400,0.750300,0.534826,0.688480,0.477298,0.326477,0.250474
cifar10c,defocus_blur,0.050500,0.754800,0.544130,0.695379,0.472157,0.320998,0.245456
cifar10c,defocus_blur,0.060600,0.758540,0.554602,0.702920,0.466284,0.315060,0.240728
cifar10c,defocus_blur,0.070700,0.762960,0.564619,0.709562,0.460528,0.309476,0.235532
cifar10c,defocus_blur,0.080800,0.766220,0.572422,0.715618,0.455850,0.304089,0.230853
cifar10c,defocus_blur,0.090900,0.769400,0.580708,0.721432,0.450802,0.298714,0.226109
cifar10c,defocus_blur,0.101000,0.772500,0.590008,0.727766,0.445077,0.292930,0.221313
cifar10c,defocus_blur,0.111100,0.775880,0.599244,0.732282,0.439258,0.288037,0.216245
cifar10c,defocus_blur,0.121200,0.779140,0.607871,0.738376,0.433651,0.282134,0.211124
cifar10c,defocus_blur,0.131300,0.780840,0.616272,0.743265,0.428044,0.276787,0.206792
cifar10c,defocus_blur,0.141400,0.783940,0.628631,0.748168,0.420001,0.271306,0.201537
cifar10c,defocus_blur,0.151500,0.785880,0.639112,0.753857,0.412872,0.265231,0.196837
cifar10c,defocus_blur,0.161600,0.788340,0.649037,0.758277,0.405903,0.259767,0.191722
cifar10c,defocus_blur,0.171700,0.790680,0.658185,0.762166,0.399234,0.254490,0.186546
cifar10c,defocus_blur,0.181800,0.792860,0.668009,0.766490,0.391987,0.248817,0.181345
cifar10c,defocus_blur,0.191900,0.795240,0.677814,0.770074,0.384570,0.243460,0.175890
cifar10c,defocus_blur,0.202000,0.796260,0.687946,0.772378,0.376761,0.238769,0.171144
cifar10c,defocus_blur,0.212100,0.797440,0.697999,0.775028,0.368801,0.233739,0.166189
cifar10c,defocus_blur,0.222200,0.797860,0.707714,0.777951,0.360852,0.228403,0.161584
cifar10c,defocus_blur,0.232300,0.797880,0.718836,0.780465,0.351778,0.223192,0.157115
cifar10c,defocus_blur,0.242400,0.797740,0.728465,0.783739,0.343447,0.217341,0.152632
cifar10c,defocus_blur,0.252520,0.798020,0.739482,0.785340,0.333958,0.212444,0.147746
cifar10c,defocus_blur,0.262620,0.798160,0.748134,0.786170,0.325817,0.207942,0.142830
cifar10c,defocus_blur,0.272720,0.798300,0.755202,0.786575,0.318539,0.203607,0.137774
cifar10c,defocus_blur,0.282820,0.798520,0.762356,0.786367,0.310996,0.199578,0.132512
cifar10c,defocus_blur,0.292920,0.797620,0.770128,0.786967,0.302801,0.194863,0.127899
cifar10c,defocus_blur,0.303020,0.796160,0.778110,0.787011,0.294216,0.190410,0.123544
cifar10c,defocus_blur,0.313120,0.794940,0.785359,0.787611,0.285914,0.185420,0.118915
cifar10c,defocus_blur,0.323220,0.793400,0.791180,0.785815,0.278418,0.182053,0.114362
cifar10c,defocus_blur,0.333320,0.790860,0.796985,0.785143,0.270708,0.177740,0.110428
cifar10c,defocus_blur,0.343420,0.789280,0.802936,0.783604,0.262649,0.173955,0.105635
cifar10c,defocus_blur,0.353520,0.786420,0.808520,0.781385,0.254622,0.170577,0.101689
cifar10c,defocus_blur,0.363620,0.783600,0.813187,0.780951,0.247061,0.165690,0.097583
cifar10c,defocus_blur,0.373720,0.780980,0.819096,0.779463,0.238264,0.161487,0.093185
cifar10c,defocus_blur,0.383820,0.777880,0.822396,0.777500,0.231296,0.157531,0.089015
cifar10c,defocus_blur,0.393920,0.774460,0.825504,0.774970,0.224254,0.153911,0.085002
cifar10c,defocus_blur,0.404020,0.771120,0.826932,0.772272,0.218383,0.150309,0.080775
cifar10c,defocus_blur,0.414120,0.767060,0.830557,0.769197,0.210435,0.146905,0.077010
cifar10c,defocus_blur,0.424220,0.762200,0.832670,0.766014,0.203521,0.143475,0.073813
cifar10c,defocus_blur,0.434320,0.757300,0.834911,0.761897,0.196247,0.140749,0.070532
cifar10c,defocus_blur,0.444420,0.752760,0.835046,0.757648,0.190603,0.138041,0.066801
cifar10c,defocus_blur,0.454520,0.747180,0.835693,0.754303,0.184281,0.134406,0.063900
cifar10c,defocus_blur,0.464620,0.741080,0.834760,0.750054,0.179196,0.131477,0.061368
cifar10c,defocus_blur,0.474720,0.735620,0.832777,0.745443,0.174916,0.128780,0.058140
cifar10c,defocus_blur,0.484820,0.729080,0.831498,0.739625,0.169783,0.127149,0.055823
cifar10c,defocus_blur,0.494920,0.722580,0.830663,0.734939,0.164006,0.124332,0.053373
cifar10c,defocus_blur,0.505040,0.715780,0.829170,0.729619,0.158646,0.122025,0.051107
cifar10c,defocus_blur,0.515140,0.708960,0.826121,0.724639,0.154678,0.119287,0.048790
cifar10c,defocus_blur,0.525240,0.701580,0.822060,0.718545,0.151610,0.117606,0.046928
cifar10c,defocus_blur,0.535340,0.693640,0.818848,0.712966,0.147492,0.115298,0.045644
cifar10c,defocus_blur,0.545440,0.685740,0.815059,0.706844,0.143828,0.113484,0.044253
cifar10c,defocus_blur,0.555540,0.677520,0.809950,0.700034,0.141482,0.112361,0.043119
cifar10c,defocus_blur,0.565640,0.669580,0.805277,0.693630,0.138524,0.110719,0.041663
cifar10c,defocus_blur,0.575740,0.661040,0.800217,0.686637,0.135883,0.109694,0.040812
cifar10c,defocus_blur,0.585840,0.653100,0.794684,0.680266,0.133683,0.107867,0.039201
cifar10c,defocus_blur,0.595940,0.644720,0.788944,0.673019,0.131629,0.107033,0.038047
cifar10c,defocus_blur,0.606040,0.636180,0.783098,0.665481,0.129605,0.106525,0.037046
cifar10c,defocus_blur,0.616140,0.627760,0.777510,0.658001,0.127138,0.105915,0.035830
cifar10c,defocus_blur,0.626240,0.619420,0.771145,0.650857,0.125576,0.104823,0.034459
cifar10c,defocus_blur,0.636340,0.611040,0.764766,0.643509,0.123948,0.103950,0.033053
cifar10c,defocus_blur,0.646440,0.602820,0.758462,0.635911,0.122121,0.103382,0.031338
cifar10c,defocus_blur,0.656540,0.594040,0.751654,0.628407,0.120920,0.102642,0.030329
cifar10c,defocus_blur,0.666640,0.585340,0.744938,0.620555,0.119508,0.102381,0.029128
cifar10c,defocus_blur,0.676740,0.576360,0.737920,0.612834,0.118475,0.101900,0.028324
cifar10c,defocus_blur,0.686840,0.567900,0.730760,0.605143,0.117601,0.101340,0.026561
cifar10c,defocus_blur,0.696940,0.558680,0.723358,0.597872,0.117069,0.100051,0.026037
cifar10c,defocus_blur,0.707040,0.549860,0.716257,0.590170,0.115987,0.099407,0.024770
cifar10c,defocus_blur,0.717140,0.540600,0.709747,0.582341,0.113782,0.098942,0.024149
cifar10c,defocus_blur,0.727240,0.531380,0.702603,0.574481,0.112576,0.098499,0.023450
cifar10c,defocus_blur,0.737340,0.522160,0.695234,0.566834,0.111707,0.097618,0.022686
cifar10c,defocus_blur,0.747440,0.512780,0.687547,0.559263,0.111398,0.096514,0.022106
cifar10c,defocus_blur,0.757560,0.503580,0.680680,0.551109,0.109338,0.096488,0.021189
cifar10c,defocus_blur,0.767660,0.494120,0.673279,0.542958,0.108283,0.096488,0.020734
cifar10c,defocus_blur,0.777760,0.484780,0.665736,0.534807,0.107451,0.096488,0.019975
cifar10c,defocus_blur,0.787860,0.475440,0.658044,0.526656,0.106891,0.096488,0.019095
cifar10c,defocus_blur,0.797960,0.466060,0.650384,0.518505,0.106197,0.096488,0.018207
cifar10c,defocus_blur,0.808060,0.456440,0.642645,0.510354,0.105634,0.096488,0.017934
cifar10c,defocus_blur,0.818160,0.447060,0.634762,0.502204,0.105407,0.096488,0.016994
cifar10c,defocus_blur,0.828260,0.437440,0.626791,0.494053,0.105407,0.096488,0.016541
cifar10c,defocus_blur,0.838360,0.427660,0.618878,0.485902,0.105228,0.096488,0.016541
cifar10c,defocus_blur,0.848460,0.418000,0.610903,0.477751,0.105228,0.096488,0.016363
cifar10c,defocus_blur,0.858560,0.408340,0.602929,0.469600,0.105228,0.096488,0.015743
cifar10c,defocus_blur,0.868660,0.398800,0.594955,0.461449,0.105228,0.096488,0.015001
cifar10c,defocus_blur,0.878760,0.389340,0.586980,0.453298,0.105228,0.096488,0.013685
cifar10c,defocus_blur,0.888860,0.379600,0.579006,0.445147,0.105228,0.096488,0.013131
cifar10c,defocus_blur,0.898960,0.369780,0.571031,0.436996,0.105228,0.096488,0.013131
cifar10c,defocus_blur,0.909060,0.359960,0.563057,0.428845,0.105228,0.096488,0.012984
cifar10c,defocus_blur,0.919160,0.350100,0.555083,0.420694,0.105228,0.096488,0.012984
cifar10c,defocus_blur,0.929260,0.340240,0.547108,0.412543,0.105228,0.096488,0.012984
cifar10c,defocus_blur,0.939360,0.330420,0.539134,0.404392,0.105228,0.096488,0.012984
cifar10c,defocus_blur,0.949460,0.320440,0.531160,0.396241,0.105228,0.096488,0.012984
cifar10c,defocus_blur,0.959560,0.310620,0.523185,0.388090,0.105228,0.096488,0.012984
cifar10c,defocus_blur,0.969660,0.300760,0.515211,0.379939,0.105228,0.096488,0.012984
cifar10c,defocus_blur,0.979760,0.290980,0.507236,0.371789,0.105228,0.096488,0.012984
cifar10c,defocus_blur,0.989860,0.281280,0.499262,0.363638,0.105228,0.096488,0.012915
cifar10c,defocus_blur,0.999980,0.271400,0.491272,0.355470,0.105228,0.096488,0.011601
cifar10c,glass_blur,0.000000,0.312080,0.097829,0.084071,0.902171,0.915929,0.687920
cifar10c,glass_blur,0.010100,0.319660,0.105952,0.110968,0.902171,0.906587,0.686009
cifar10c,glass_blur,0.020200,0.327320,0.114076,0.133783,0.902171,0.899136,0.684017
cifar10c,glass_blur,0.030300,0.334940,0.122200,0.159500,0.902171,0.890032,0.682005
cifar10c,glass_blur,0.040400,0.341880,0.131236,0.181497,0.901696,0.882676,0.680304
cifar10c,glass_blur,0.050500,0.348540,0.141253,0.203532,0.900694,0.875143,0.678707
cifar10c,glass_blur,0.060600,0.355080,0.151275,0.226752,0.899668,0.866818,0.677103
cifar10c,glass_blur,0.070700,0.362140,0.161842,0.248191,0.898326,0.859269,0.675268
cifar10c,glass_blur,0.080800,0.369200,0.171972,0.265047,0.897193,0.854048,0.673368
cifar10c,glass_blur,0.090900,0.376140,0.182265,0.282321,0.895944,0.848481,0.671477
cifar10c,glass_blur,0.101000,0.383080,0.191940,0.300285,0.895012,0.842405,0.669544
cifar10c,glass_blur,0.111100,0.389900,0.201310,0.316090,0.894230,0.837405,0.667634
cifar10c,glass_blur,0.121200,0.396040,0.214582,0.332847,0.891209,0.831749,0.666067
cifar10c,glass_blur,0.131300,0.402140,0.226016,0.351008,0.889177,0.825153,0.664487
cifar10c,glass_blur,0.141400,0.408720,0.236774,0.366894,0.887489,0.819727,0.662590
cifar10c,glass_blur,0.151500,0.415340,0.247487,0.383018,0.885789,0.814031,0.660625
cifar10c,glass_blur,0.161600,0.421600,0.257648,0.396892,0.884377,0.809540,0.658811
cifar10c,glass_blur,0.171700,0.428180,0.267943,0.412441,0.882850,0.803928,0.656753
cifar10c,glass_blur,0.181800,0.434880,0.278906,0.428892,0.880876,0.797627,0.654616
cifar10c,glass_blur,0.191900,0.441460,0.288611,0.446695,0.879631,0.790332,0.652494
cifar10c,glass_blur,0.202000,0.447200,0.299861,0.459444,0.877387,0.786018,0.650827
cifar10c,glass_blur,0.212100,0.453540,0.310189,0.473855,0.875671,0.780540,0.648737
cifar10c,glass_blur,0.222200,0.459760,0.318273,0.488913,0.875352,0.774503,0.646663
cifar10c,glass_blur,0.232300,0.466060,0.327618,0.505092,0.874205,0.767577,0.644497
cifar10c,glass_blur,0.242400,0.472000,0.340000,0.519359,0.871021,0.761728,0.642486
cifar10c,glass_blur,0.252520,0.477600,0.349256,0.535400,0.869853,0.754542,0.640683
cifar10c,glass_blur,0.262620,0.483420,0.359235,0.547903,0.868152,0.749550,0.638649
cifar10c,glass_blur,0.272720,0.489520,0.371915,0.559078,0.864547,0.745332,0.636399
cifar10c,glass_blur,0.282820,0.495780,0.385211,0.570396,0.860412,0.740897,0.633948
cifar10c,glass_blur,0.292920,0.502360,0.399790,0.580135,0.855251,0.737452,0.631216
cifar10c,glass_blur,0.303020,0.507980,0.409695,0.590843,0.853293,0.733211,0.629067
cifar10c,glass_blur,0.313120,0.514200,0.420401,0.602574,0.850694,0.728101,0.626456
cifar10c,glass_blur,0.323220,0.519820,0.430907,0.614101,0.848167,0.722988,0.624191
cifar10c,glass_blur,0.333320,0.525680,0.444068,0.626403,0.843570,0.717141,0.621678
cifar10c,glass_blur,0.343420,0.532060,0.454586,0.639229,0.840846,0.710713,0.618691
cifar10c,glass_blur,0.353520,0.538240,0.466929,0.650292,0.836625,0.705448,0.615720
cifar10c,glass_blur,0.363620,0.543540,0.477184,0.662227,0.833910,0.699332,0.613422
cifar10c,glass_blur,0.373720,0.549440,0.487684,0.673757,0.830912,0.693342,0.610531
cifar10c,glass_blur,0.383820,0.555300,0.497487,0.684317,0.828382,0.687942,0.607613
cifar10c,glass_blur,0.393920,0.560160,0.508508,0.693657,0.824762,0.683369,0.605399
cifar10c,glass_blur,0.404020,0.565740,0.517839,0.704251,0.822437,0.677588,0.602483
cifar10c,glass_blur,0.414120,0.571200,0.526388,0.714446,0.820700,0.671949,0.599590
cifar10c,glass_blur,0.424220,0.576340,0.536012,0.723447,0.817968,0.667149,0.596895
cifar10c,glass_blur,0.434320,0.581840,0.546844,0.731535,0.814071,0.662985,0.593763
cifar10c,glass_blur,0.444420,0.587100,0.559528,0.741492,0.808365,0.656986,0.590734
cifar10c,glass_blur,0.454520,0.592240,0.570961,0.750574,0.803595,0.651568,0.587703
cifar10c,glass_blur,0.464620,0.597260,0.581630,0.759683,0.799359,0.645920,0.584669
cifar10c,glass_blur,0.474720,0.602120,0.592259,0.769168,0.794997,0.639698,0.581671
cifar10c,glass_blur,0.484820,0.607500,0.603757,0.778347,0.789622,0.633528,0.578044
cifar10c,glass_blur,0.494920,0.612040,0.617182,0.787528,0.782123,0.627110,0.575094
cifar10c,glass_blur,0.505040,0.616520,0.628237,0.794914,0.776724,0.622247,0.572115
cifar10c,glass_blur,0.515140,0.621660,0.639647,0.804187,0.770721,0.615231,0.568329
cifar10c,glass_blur,0.525240,0.626600,0.651431,0.810666,0.764071,0.610859,0.564580
cifar10c,glass_blur,0.535340,0.630780,0.663098,0.818569,0.757256,0.604765,0.561456
cifar10c,glass_blur,0.545440,0.635320,0.675055,0.825362,0.749821,0.599621,0.557853
cifar10c,glass_blur,0.555540,0.640100,0.684685,0.832037,0.744664,0.594375,0.553786
cifar10c,glass_blur,0.565640,0.644400,0.696298,0.840333,0.736985,0.587020,0.550097
cifar10c,glass_blur,0.575740,0.649220,0.705435,0.849050,0.731858,0.578818,0.545600
cifar10c,glass_blur,0.585840,0.653200,0.715788,0.857176,0.725014,0.570930,0.541870
cifar10c,glass_blur,0.595940,0.656820,0.727615,0.864487,0.716003,0.563656,0.538389
cifar10c,glass_blur,0.606040,0.660880,0.736299,0.870612,0.710519,0.557514,0.534288
cifar10c,glass_blur,0.616140,0.664660,0.746450,0.876827,0.702836,0.550933,0.530230
cifar10c,glass_blur,0.626240,0.668720,0.756063,0.884672,0.695458,0.541814,0.525685
cifar10c,glass_blur,0.636340,0.672860,0.766006,0.892143,0.687216,0.532704,0.520678
cifar10c,glass_blur,0.646440,0.677160,0.774131,0.898704,0.681073,0.524360,0.515217
cifar10c,glass_blur,0.656540,0.681020,0.783769,0.903145,0.672368,0.518610,0.510042
cifar10c,glass_blur,0.666640,0.684280,0.793630,0.907402,0.662799,0.512790,0.505460
cifar10c,glass_blur,0.676740,0.687980,0.802134,0.911590,0.654731,0.506711,0.499876
cifar10c,glass_blur,0.686840,0.692320,0.810865,0.918383,0.645782,0.496083,0.492975
cifar10c,glass_blur,0.696940,0.696020,0.820392,0.922977,0.634923,0.488372,0.486572
cifar10c,glass_blur,0.707040,0.699640,0.828130,0.927709,0.626367,0.479895,0.479997
cifar10c,glass_blur,0.717140,0.702980,0.837901,0.931473,0.613608,0.472523,0.473379
cifar10c,glass_blur,0.727240,0.706280,0.847329,0.934492,0.600533,0.465973,0.466310
cifar10c,glass_blur,0.737340,0.710220,0.855229,0.937946,0.589360,0.458088,0.457550
cifar10c,glass_blur,0.747440,0.713000,0.862817,0.941014,0.577911,0.450338,0.450348
cifar10c,glass_blur,0.757560,0.715680,0.871291,0.944358,0.563686,0.441369,0.442676
cifar10c,glass_blur,0.767660,0.718460,0.880180,0.946491,0.547325,0.434230,0.434240
cifar10c,glass_blur,0.777760,0.720760,0.888099,0.949044,0.531661,0.425496,0.426116
cifar10c,glass_blur,0.787860,0.724580,0.893962,0.951630,0.519349,0.415855,0.413556
cifar10c,glass_blur,0.797960,0.726320,0.899301,0.952810,0.507104,0.408730,0.404946
cifar10c,glass_blur,0.808060,0.728340,0.904972,0.954731,0.492703,0.398922,0.394688
cifar10c,glass_blur,0.818160,0.730760,0.910532,0.955375,0.477011,0.391537,0.382120
cifar10c,glass_blur,0.828260,0.732060,0.913961,0.954503,0.465677,0.387696,0.371492
cifar10c,glass_blur,0.838360,0.733680,0.918409,0.953720,0.449773,0.383102,0.358407
cifar10c,glass_blur,0.848460,0.735740,0.921681,0.951877,0.435629,0.381390,0.342216
cifar10c,glass_blur,0.858560,0.736360,0.923551,0.952002,0.424423,0.372481,0.328487
cifar10c,glass_blur,0.868660,0.737260,0.924638,0.951437,0.414473,0.364826,0.312034
cifar10c,glass_blur,0.878760,0.736840,0.924788,0.949079,0.406730,0.363289,0.298251
cifar10c,glass_blur,0.888860,0.736380,0.925528,0.946390,0.394923,0.362961,0.281885
cifar10c,glass_blur,0.898960,0.735320,0.925933,0.943622,0.382414,0.362961,0.265334
cifar10c,glass_blur,0.909060,0.733060,0.924154,0.940854,0.379137,0.362961,0.251481
cifar10c,glass_blur,0.919160,0.730000,0.921865,0.938085,0.378192,0.362961,0.239614
cifar10c,glass_blur,0.929260,0.727220,0.919405,0.935317,0.378192,0.362961,0.222222
cifar10c,glass_blur,0.939360,0.722840,0.916944,0.932549,0.378192,0.362961,0.211862
cifar10c,glass_blur,0.949460,0.718820,0.914484,0.929781,0.378192,0.362961,0.194302
cifar10c,glass_blur,0.959560,0.713640,0.912023,0.927013,0.378192,0.362961,0.181018
cifar10c,glass_blur,0.969660,0.708140,0.909563,0.924245,0.378192,0.362961,0.166667
cifar10c,glass_blur,0.979760,0.701520,0.907102,0.921476,0.378192,0.362961,0.157407
cifar10c,glass_blur,0.989860,0.694180,0.904642,0.918708,0.378192,0.362961,0.157407
cifar10c,glass_blur,0.999980,0.687940,0.902176,0.915935,0.378192,0.362961,0.000000
cifar10c,motion_blur,0.000000,0.654320,0.446204,0.551438,0.553796,0.448562,0.345680
cifar10c,motion_blur,0.010100,0.660460,0.450143,0.564898,0.552355,0.441238,0.341004
cifar10c,motion_blur,0.020200,0.665120,0.456759,0.577469,0.549519,0.434217,0.336987
cifar10c,motion_blur,0.030300,0.669900,0.465698,0.588763,0.545425,0.427709,0.332818
cifar10c,motion_blur,0.040400,0.673920,0.473405,0.599156,0.541888,0.421533,0.328964
cifar10c,motion_blur,0.050500,0.677980,0.482914,0.608916,0.537326,0.415558,0.325013
cifar10c,motion_blur,0.060600,0.681400,0.491040,0.616558,0.533402,0.410583,0.321311
cifar10c,motion_blur,0.070700,0.684900,0.501119,0.627009,0.528342,0.403989,0.317479
cifar10c,motion_blur,0.080800,0.688000,0.511376,0.635489,0.523074,0.398321,0.313795
cifar10c,motion_blur,0.090900,0.690740,0.521064,0.644294,0.518002,0.392348,0.310212
cifar10c,motion_blur,0.101000,0.694280,0.531629,0.653388,0.512328,0.386081,0.306118
cifar10c,motion_blur,0.111100,0.696980,0.541170,0.662086,0.507102,0.379894,0.302396
cifar10c,motion_blur,0.121200,0.700120,0.551201,0.668688,0.501476,0.374758,0.298311
cifar10c,motion_blur,0.131300,0.702300,0.562150,0.675602,0.495192,0.369322,0.294732
cifar10c,motion_blur,0.141400,0.703640,0.571287,0.681683,0.489814,0.364243,0.291544
cifar10c,motion_blur,0.151500,0.705420,0.580016,0.687853,0.484549,0.358992,0.288011
cifar10c,motion_blur,0.161600,0.707560,0.589639,0.693092,0.478624,0.354169,0.284184
cifar10c,motion_blur,0.171700,0.708860,0.600074,0.699616,0.472064,0.348452,0.280754
cifar10c,motion_blur,0.181800,0.710880,0.611112,0.703057,0.464974,0.344479,0.276820
cifar10c,motion_blur,0.191900,0.712380,0.620305,0.707298,0.458849,0.339910,0.273110
cifar10c,motion_blur,0.202000,0.713360,0.627901,0.711713,0.453568,0.335118,0.269611
cifar10c,motion_blur,0.212100,0.715420,0.636364,0.716992,0.447602,0.329655,0.265364
cifar10c,motion_blur,0.222200,0.717040,0.644955,0.722059,0.441399,0.324185,0.261275
cifar10c,motion_blur,0.232300,0.718020,0.652649,0.725554,0.435617,0.319596,0.257496
cifar10c,motion_blur,0.242400,0.718360,0.659989,0.728414,0.429915,0.315303,0.254039
cifar10c,motion_blur,0.252520,0.719120,0.668775,0.730008,0.423089,0.311737,0.250201
cifar10c,motion_blur,0.262620,0.719820,0.676099,0.734307,0.417069,0.306242,0.246304
cifar10c,motion_blur,0.272720,0.719960,0.683115,0.737152,0.411094,0.301596,0.242665
cifar10c,motion_blur,0.282820,0.720180,0.691173,0.738781,0.404224,0.297666,0.238888
cifar10c,motion_blur,0.292920,0.720400,0.700299,0.740193,0.396402,0.293778,0.235023
cifar10c,motion_blur,0.303020,0.720780,0.705737,0.742605,0.391000,0.289059,0.230910
cifar10c,motion_blur,0.313120,0.720440,0.713004,0.744341,0.384107,0.284694,0.227181
cifar10c,motion_blur,0.323220,0.719540,0.718833,0.746093,0.378071,0.280186,0.223788
cifar10c,motion_blur,0.333320,0.718640,0.724733,0.746679,0.371800,0.276417,0.220286
cifar10c,motion_blur,0.343420,0.717260,0.729683,0.747576,0.366058,0.272294,0.217034
cifar10c,motion_blur,0.353520,0.716520,0.736313,0.749397,0.358838,0.267328,0.213168
cifar10c,motion_blur,0.363620,0.715220,0.740995,0.750489,0.352919,0.262778,0.209647
cifar10c,motion_blur,0.373720,0.713080,0.747311,0.751844,0.345504,0.257870,0.206681
cifar10c,motion_blur,0.383820,0.711460,0.751597,0.751247,0.339494,0.254386,0.203181
cifar10c,motion_blur,0.393920,0.709920,0.757649,0.749511,0.331826,0.251724,0.199498
cifar10c,motion_blur,0.404020,0.708100,0.760795,0.750665,0.326337,0.246549,0.195933
cifar10c,motion_blur,0.414120,0.706480,0.763517,0.749790,0.321021,0.242927,0.192087
cifar10c,motion_blur,0.424220,0.704780,0.767188,0.748237,0.314693,0.239766,0.188156
cifar10c,motion_blur,0.434320,0.702240,0.771970,0.746378,0.307157,0.236763,0.184826
cifar10c,motion_blur,0.444420,0.700020,0.774427,0.745395,0.301441,0.232862,0.181108
cifar10c,motion_blur,0.454520,0.697680,0.776590,0.743647,0.295781,0.229518,0.177270
cifar10c,motion_blur,0.464620,0.694300,0.778918,0.741494,0.289755,0.226425,0.174412
cifar10c,motion_blur,0.474720,0.691840,0.782040,0.738807,0.282740,0.223723,0.170493
cifar10c,motion_blur,0.484820,0.689100,0.783130,0.736812,0.277423,0.220243,0.166654
cifar10c,motion_blur,0.494920,0.685760,0.783367,0.733372,0.272738,0.218054,0.163328
cifar10c,motion_blur,0.505040,0.682880,0.782720,0.730528,0.268744,0.215163,0.159366
cifar10c,motion_blur,0.515140,0.678820,0.783778,0.727823,0.262836,0.212018,0.156424
cifar10c,motion_blur,0.525240,0.674880,0.782874,0.724725,0.258743,0.209154,0.153279
cifar10c,motion_blur,0.535340,0.670580,0.781595,0.721592,0.254875,0.206204,0.150387
cifar10c,motion_blur,0.545440,0.666520,0.781136,0.718266,0.249933,0.203334,0.147041
cifar10c,motion_blur,0.555540,0.662820,0.778985,0.714383,0.246670,0.200962,0.143217
cifar10c,motion_blur,0.565640,0.657760,0.778284,0.710442,0.241587,0.198544,0.140723
cifar10c,motion_blur,0.575740,0.651940,0.776724,0.704680,0.237274,0.198159,0.139066
cifar10c,motion_blur,0.585840,0.646480,0.774868,0.700949,0.233108,0.195302,0.136740
cifar10c,motion_blur,0.595940,0.640900,0.773146,0.695831,0.228567,0.194019,0.134639
cifar10c,motion_blur,0.606040,0.635480,0.770351,0.690681,0.225155,0.192711,0.132089
cifar10c,motion_blur,0.616140,0.629540,0.767271,0.685961,0.221936,0.190774,0.130241
cifar10c,motion_blur,0.626240,0.624080,0.762617,0.680531,0.220648,0.189681,0.127548
cifar10c,motion_blur,0.636340,0.618540,0.759984,0.675451,0.216510,0.188047,0.124835
cifar10c,motion_blur,0.646440,0.612240,0.755884,0.669682,0.214209,0.187294,0.122932
cifar10c,motion_blur,0.656540,0.605860,0.752152,0.664633,0.211239,0.185449,0.121180
cifar10c,motion_blur,0.666640,0.599560,0.747786,0.659150,0.209038,0.184143,0.119199
cifar10c,motion_blur,0.676740,0.592980,0.743474,0.653387,0.206617,0.183188,0.117404
cifar10c,motion_blur,0.686840,0.586520,0.738056,0.647528,0.205804,0.182324,0.115417
cifar10c,motion_blur,0.696940,0.580140,0.734051,0.642156,0.202609,0.180600,0.113021
cifar10c,motion_blur,0.707040,0.573200,0.729204,0.636745,0.200627,0.178825,0.111646
cifar10c,motion_blur,0.717140,0.565900,0.723988,0.630628,0.199158,0.178168,0.110664
cifar10c,motion_blur,0.727240,0.559560,0.719060,0.624127,0.197052,0.178168,0.107918
cifar10c,motion_blur,0.737340,0.552020,0.714866,0.618839,0.193387,0.175861,0.107127
cifar10c,motion_blur,0.747440,0.545040,0.709464,0.612502,0.191818,0.175442,0.105041
cifar10c,motion_blur,0.757560,0.537360,0.703663,0.606353,0.190920,0.174577,0.104668
cifar10c,motion_blur,0.767660,0.530020,0.698683,0.599779,0.188200,0.174577,0.103096
cifar10c,motion_blur,0.777760,0.522840,0.693046,0.593206,0.186713,0.174577,0.101199
cifar10c,motion_blur,0.787860,0.515300,0.687431,0.586632,0.185030,0.174577,0.100094
cifar10c,motion_blur,0.797960,0.507840,0.681069,0.580058,0.185030,0.174577,0.098645
cifar10c,motion_blur,0.808060,0.500660,0.674965,0.573485,0.184356,0.174577,0.096210
cifar10c,motion_blur,0.818160,0.492880,0.668794,0.566911,0.183792,0.174577,0.095228
cifar10c,motion_blur,0.828260,0.484860,0.662796,0.560338,0.182658,0.174577,0.094514
cifar10c,motion_blur,0.838360,0.477000,0.656386,0.553764,0.182658,0.174577,0.093459
cifar10c,motion_blur,0.848460,0.469700,0.649976,0.547191,0.182658,0.174577,0.090789
cifar10c,motion_blur,0.858560,0.462200,0.643566,0.540617,0.182658,0.174577,0.087895
cifar10c,motion_blur,0.868660,0.454300,0.637155,0.534044,0.182658,0.174577,0.086184
cifar10c,motion_blur,0.878760,0.446440,0.630745,0.527470,0.182658,0.174577,0.084219
cifar10c,motion_blur,0.888860,0.438860,0.624335,0.520897,0.182658,0.174577,0.080605
cifar10c,motion_blur,0.898960,0.430400,0.617924,0.514323,0.182658,0.174577,0.080178
cifar10c,motion_blur,0.909060,0.422140,0.611514,0.507749,0.182658,0.174577,0.079595
cifar10c,motion_blur,0.919160,0.413560,0.605104,0.501176,0.182658,0.174577,0.078160
cifar10c,motion_blur,0.929260,0.405140,0.598693,0.494602,0.182658,0.174577,0.078160
cifar10c,motion_blur,0.939360,0.396840,0.592283,0.488029,0.182658,0.174577,0.077803
cifar10c,motion_blur,0.949460,0.388620,0.585873,0.481455,0.182658,0.174577,0.075010
cifar10c,motion_blur,0.959560,0.380400,0.579462,0.474882,0.182658,0.174577,0.069981
cifar10c,motion_blur,0.969660,0.372060,0.573052,0.468308,0.182658,0.174577,0.064621
cifar10c,motion_blur,0.979760,0.363240,0.566642,0.461735,0.182658,0.174577,0.063274
cifar10c,motion_blur,0.989860,0.354580,0.560231,0.455161,0.182658,0.174577,0.060000
cifar10c,motion_blur,0.999980,0.345700,0.553808,0.448575,0.182658,0.174577,0.000000
cifar10c,zoom_blur,0.000000,0.678100,0.414454,0.525943,0.585546,0.474057,0.321900
cifar10c,zoom_blur,0.010100,0.683640,0.419931,0.539850,0.583652,0.466767,0.317285
cifar10c,zoom_blur,0.020200,0.688740,0.427399,0.550680,0.580703,0.460899,0.312799
cifar10c,zoom_blur,0.030300,0.693040,0.433895,0.563242,0.578195,0.454014,0.308632
cifar10c,zoom_blur,0.040400,0.698100,0.441897,0.573058,0.574848,0.448415,0.303981
cifar10c,zoom_blur,0.050500,0.702800,0.450784,0.583947,0.570965,0.442132,0.299421
cifar10c,zoom_blur,0.060600,0.706620,0.458557,0.592987,0.567591,0.436699,0.295225
cifar10c,zoom_blur,0.070700,0.710240,0.467257,0.601417,0.563644,0.431475,0.291058
cifar10c,zoom_blur,0.080800,0.713980,0.476019,0.609528,0.559577,0.426310,0.286728
cifar10c,zoom_blur,0.090900,0.717600,0.487099,0.616479,0.554145,0.421668,0.282355
cifar10c,zoom_blur,0.101000,0.721980,0.495070,0.623375,0.550320,0.416953,0.277486
cifar10c,zoom_blur,0.111100,0.724760,0.503283,0.632093,0.546272,0.411105,0.273394
cifar10c,zoom_blur,0.121200,0.727620,0.512567,0.638260,0.541522,0.406575,0.269162
cifar10c,zoom_blur,0.131300,0.729920,0.521283,0.646453,0.536988,0.400773,0.265135
cifar10c,zoom_blur,0.141400,0.732340,0.530144,0.651720,0.532263,0.396539,0.260983
cifar10c,zoom_blur,0.151500,0.734760,0.539125,0.658457,0.527355,0.391337,0.256706
cifar10c,zoom_blur,0.161600,0.737020,0.549482,0.664364,0.521507,0.386506,0.252433
cifar10c,zoom_blur,0.171700,0.739000,0.559610,0.669120,0.515656,0.382251,0.248213
cifar10c,zoom_blur,0.181800,0.740740,0.569978,0.674536,0.509513,0.377487,0.244030
cifar10c,zoom_blur,0.191900,0.742240,0.577002,0.679938,0.505286,0.372614,0.239921
cifar10c,zoom_blur,0.202000,0.743700,0.586944,0.683180,0.499124,0.368970,0.235708
cifar10c,zoom_blur,0.212100,0.745440,0.595493,0.688070,0.493687,0.364187,0.231222
cifar10c,zoom_blur,0.222200,0.746860,0.602806,0.692758,0.488904,0.359410,0.226813
cifar10c,zoom_blur,0.232300,0.747400,0.612576,0.697084,0.482395,0.354743,0.222856
cifar10c,zoom_blur,0.242400,0.747780,0.622323,0.700959,0.475728,0.350249,0.218928
cifar10c,zoom_blur,0.252520,0.748140,0.628836,0.705098,0.471042,0.345453,0.214882
cifar10c,zoom_blur,0.262620,0.748760,0.636437,0.708298,0.465492,0.341166,0.210556
cifar10c,zoom_blur,0.272720,0.749460,0.644392,0.712797,0.459544,0.335867,0.206055
cifar10c,zoom_blur,0.282820,0.749160,0.651488,0.717427,0.454027,0.330328,0.202114
cifar10c,zoom_blur,0.292920,0.748660,0.658153,0.721095,0.448657,0.325311,0.198224
cifar10c,zoom_blur,0.303020,0.748840,0.667473,0.724845,0.441227,0.320089,0.193721
cifar10c,zoom_blur,0.313120,0.748700,0.675645,0.728125,0.434414,0.315056,0.189320
cifar10c,zoom_blur,0.323220,0.748200,0.682251,0.729039,0.428555,0.311621,0.185053
cifar10c,zoom_blur,0.333320,0.747860,0.689189,0.731534,0.422269,0.306896,0.180536
cifar10c,zoom_blur,0.343420,0.746800,0.697113,0.734043,0.415039,0.302015,0.176419
cifar10c,zoom_blur,0.353520,0.745620,0.703443,0.735846,0.408816,0.297527,0.172287
cifar10c,zoom_blur,0.363620,0.744480,0.710868,0.736336,0.401535,0.293929,0.167971
cifar10c,zoom_blur,0.373720,0.743420,0.718361,0.737611,0.393965,0.289587,0.163473
cifar10c,zoom_blur,0.383820,0.741400,0.725136,0.738310,0.386730,0.285571,0.159591
cifar10c,zoom_blur,0.393920,0.739060,0.732919,0.738960,0.378421,0.281461,0.155844
cifar10c,zoom_blur,0.404020,0.737440,0.736407,0.739379,0.373434,0.277407,0.151376
cifar10c,zoom_blur,0.414120,0.734380,0.740860,0.740194,0.367452,0.272873,0.147967
cifar10c,zoom_blur,0.424220,0.731640,0.746502,0.741009,0.360227,0.268182,0.144187
cifar10c,zoom_blur,0.434320,0.729580,0.751697,0.741353,0.353140,0.263739,0.139655
cifar10c,zoom_blur,0.444420,0.727040,0.755227,0.740481,0.347294,0.260229,0.135366
cifar10c,zoom_blur,0.454520,0.723260,0.760402,0.740644,0.339722,0.255639,0.132094
cifar10c,zoom_blur,0.464620,0.720080,0.764923,0.739017,0.332477,0.252549,0.128123
cifar10c,zoom_blur,0.474720,0.717020,0.768261,0.738145,0.326079,0.248622,0.123896
cifar10c,zoom_blur,0.484820,0.712400,0.771264,0.736999,0.319754,0.244805,0.120997
cifar10c,zoom_blur,0.494920,0.708820,0.775240,0.735964,0.312214,0.240727,0.116944
cifar10c,zoom_blur,0.505040,0.704180,0.778013,0.734805,0.305573,0.236596,0.113767
cifar10c,zoom_blur,0.515140,0.699680,0.780108,0.731589,0.299362,0.234426,0.110424
cifar10c,zoom_blur,0.525240,0.694940,0.781324,0.729469,0.293814,0.231009,0.107102
cifar10c,zoom_blur,0.535340,0.690480,0.782452,0.727079,0.288118,0.227734,0.103383
cifar10c,zoom_blur,0.545440,0.685820,0.783532,0.724040,0.282222,0.225027,0.099701
cifar10c,zoom_blur,0.555540,0.680480,0.783801,0.720294,0.276971,0.222993,0.096612
cifar10c,zoom_blur,0.565640,0.674940,0.784279,0.715319,0.271234,0.222278,0.093605
cifar10c,zoom_blur,0.575740,0.668520,0.782559,0.711322,0.267815,0.220378,0.091466
cifar10c,zoom_blur,0.585840,0.663100,0.782659,0.707932,0.262032,0.217651,0.088065
cifar10c,zoom_blur,0.595940,0.656640,0.782128,0.703673,0.256741,0.215863,0.085775
cifar10c,zoom_blur,0.606040,0.650980,0.780685,0.698710,0.252336,0.214878,0.082335
cifar10c,zoom_blur,0.616140,0.644280,0.777732,0.693997,0.249666,0.213515,0.080050
cifar10c,zoom_blur,0.626240,0.637300,0.775334,0.689638,0.246109,0.211605,0.078042
cifar10c,zoom_blur,0.636340,0.630720,0.772988,0.685482,0.242283,0.209308,0.075384
cifar10c,zoom_blur,0.646440,0.623380,0.770340,0.680220,0.238667,0.208447,0.073638
cifar10c,zoom_blur,0.656540,0.616120,0.766949,0.675335,0.235918,0.206984,0.071645
cifar10c,zoom_blur,0.666640,0.608580,0.763072,0.669606,0.233731,0.206700,0.069986
cifar10c,zoom_blur,0.676740,0.601520,0.759762,0.663681,0.230533,0.206700,0.067500
cifar10c,zoom_blur,0.686840,0.593620,0.755432,0.657757,0.228755,0.206700,0.066098
cifar10c,zoom_blur,0.696940,0.586280,0.751194,0.652166,0.226708,0.206149,0.063795
cifar10c,zoom_blur,0.707040,0.578980,0.746687,0.646806,0.224977,0.205166,0.061212
cifar10c,zoom_blur,0.717140,0.571840,0.741580,0.641398,0.224185,0.204198,0.058183
cifar10c,zoom_blur,0.727240,0.563740,0.736286,0.635423,0.223675,0.204198,0.056620
cifar10c,zoom_blur,0.737340,0.555680,0.731511,0.629447,0.222141,0.204198,0.054917
cifar10c,zoom_blur,0.747440,0.547340,0.727286,0.623472,0.219394,0.204198,0.053535
cifar10c,zoom_blur,0.757560,0.538620,0.721657,0.617485,0.219289,0.204198,0.052978
cifar10c,zoom_blur,0.767660,0.530320,0.716505,0.611510,0.218172,0.204198,0.051280
cifar10c,zoom_blur,0.777760,0.522100,0.711335,0.605535,0.216996,0.204198,0.049519
cifar10c,zoom_blur,0.787860,0.514040,0.705619,0.599560,0.216996,0.204198,0.047103
cifar10c,zoom_blur,0.797960,0.505540,0.699902,0.593584,0.216996,0.204198,0.045527
cifar10c,zoom_blur,0.808060,0.497000,0.694185,0.587609,0.216996,0.204198,0.043850
cifar10c,zoom_blur,0.818160,0.488420,0.688469,0.581634,0.216996,0.204198,0.042097
cifar10c,zoom_blur,0.828260,0.479560,0.682752,0.575659,0.216996,0.204198,0.040878
cifar10c,zoom_blur,0.838360,0.470540,0.677035,0.569684,0.216996,0.204198,0.039824
cifar10c,zoom_blur,0.848460,0.461640,0.671319,0.563708,0.216996,0.204198,0.038887
cifar10c,zoom_blur,0.858560,0.452660,0.665602,0.557733,0.216996,0.204198,0.037712
cifar10c,zoom_blur,0.868660,0.443520,0.659885,0.551758,0.216996,0.204198,0.036860
cifar10c,zoom_blur,0.878760,0.434300,0.654169,0.545783,0.216996,0.204198,0.036427
cifar10c,zoom_blur,0.888860,0.425320,0.648452,0.539808,0.216996,0.204198,0.034619
cifar10c,zoom_blur,0.898960,0.416340,0.642735,0.533832,0.216996,0.204198,0.032512
cifar10c,zoom_blur,0.909060,0.407360,0.637018,0.527857,0.216996,0.204198,0.029928
cifar10c,zoom_blur,0.919160,0.398020,0.631302,0.521882,0.216996,0.204198,0.028624
cifar10c,zoom_blur,0.929260,0.388840,0.625585,0.515907,0.216996,0.204198,0.026603
cifar10c,zoom_blur,0.939360,0.379260,0.619868,0.509932,0.216996,0.204198,0.026466
cifar10c,zoom_blur,0.949460,0.369760,0.614152,0.503956,0.216996,0.204198,0.025406
cifar10c,zoom_blur,0.959560,0.360140,0.608435,0.497981,0.216996,0.204198,0.025406
cifar10c,zoom_blur,0.969660,0.350480,0.602718,0.492006,0.216996,0.204198,0.025406
cifar10c,zoom_blur,0.979760,0.340900,0.597002,0.486031,0.216996,0.204198,0.025406
cifar10c,zoom_blur,0.989860,0.331360,0.591285,0.480055,0.216996,0.204198,0.025406
cifar10c,zoom_blur,0.999980,0.321920,0.585557,0.474068,0.216996,0.204198,0.000000
cifar10c,snow,0.000000,0.727040,0.503174,0.637639,0.496826,0.362361,0.272960
cifar10c,snow,0.010100,0.732660,0.507947,0.649896,0.494383,0.354765,0.267805
cifar10c,snow,0.020200,0.737520,0.517644,0.660296,0.489376,0.347961,0.262931
cifar10c,snow,0.030300,0.742820,0.527194,0.669027,0.484341,0.341876,0.257729
cifar10c,snow,0.040400,0.746920,0.535993,0.677454,0.479592,0.335820,0.253043
cifar10c,snow,0.050500,0.750260,0.546517,0.684802,0.473833,0.330205,0.248652
cifar10c,snow,0.060600,0.754120,0.556524,0.690531,0.468225,0.325330,0.243900
cifar10c,snow,0.070700,0.757780,0.566412,0.696193,0.462560,0.320385,0.239148
cifar10c,snow,0.080800,0.760920,0.575446,0.702561,0.457234,0.314948,0.234574
cifar10c,snow,0.090900,0.763100,0.585558,0.707992,0.451198,0.309905,0.230416
cifar10c,snow,0.101000,0.765520,0.595419,0.712427,0.445165,0.305302,0.226051
cifar10c,snow,0.111100,0.768140,0.604243,0.718394,0.439579,0.299734,0.221455
cifar10c,snow,0.121200,0.769960,0.614334,0.722903,0.433143,0.294867,0.217228
cifar10c,snow,0.131300,0.771860,0.624018,0.726379,0.426792,0.290481,0.212847
cifar10c,snow,0.141400,0.773840,0.632953,0.730001,0.420727,0.285907,0.208311
cifar10c,snow,0.151500,0.774820,0.641226,0.734381,0.414908,0.280777,0.204266
cifar10c,snow,0.161600,0.776120,0.650663,0.737725,0.408255,0.276142,0.199909
cifar10c,snow,0.171700,0.776940,0.660274,0.740844,0.401335,0.271530,0.195774
cifar10c,snow,0.181800,0.778120,0.669229,0.743407,0.394645,0.267144,0.191298
cifar10c,snow,0.191900,0.779020,0.677978,0.745573,0.387915,0.262893,0.186883
cifar10c,snow,0.202000,0.779440,0.685730,0.747224,0.381639,0.258857,0.182647
cifar10c,snow,0.212100,0.779260,0.695066,0.749437,0.374197,0.254362,0.178685
cifar10c,snow,0.222200,0.779760,0.704198,0.751536,0.366693,0.249823,0.174209
cifar10c,snow,0.232300,0.780420,0.712327,0.753557,0.359645,0.245216,0.169493
cifar10c,snow,0.242400,0.780160,0.719714,0.754947,0.352898,0.240901,0.165228
cifar10c,snow,0.252520,0.779280,0.727170,0.755064,0.345920,0.237315,0.161311
cifar10c,snow,0.262620,0.778300,0.732451,0.756263,0.340228,0.232904,0.157341
cifar10c,snow,0.272720,0.777160,0.739562,0.756480,0.333120,0.229046,0.153362
cifar10c,snow,0.282820,0.776460,0.746385,0.755882,0.326014,0.225647,0.148956
cifar10c,snow,0.292920,0.775800,0.753679,0.756496,0.318371,0.221293,0.144425
cifar10c,snow,0.303020,0.774340,0.760839,0.755300,0.310602,0.218113,0.140320
cifar10c,snow,0.313120,0.772480,0.766404,0.755259,0.303766,0.213998,0.136385
cifar10c,snow,0.323220,0.770700,0.772057,0.754362,0.296661,0.210393,0.132270
cifar10c,snow,0.333320,0.767880,0.778401,0.752682,0.288823,0.207265,0.128814
cifar10c,snow,0.343420,0.765260,0.783286,0.752295,0.281854,0.203056,0.125088
cifar10c,snow,0.353520,0.762640,0.787189,0.751620,0.275428,0.198939,0.121268
cifar10c,snow,0.363620,0.760060,0.791008,0.750431,0.268863,0.195095,0.117288
cifar10c,snow,0.373720,0.757240,0.793483,0.748112,0.263159,0.192030,0.113364
cifar10c,snow,0.383820,0.753380,0.798192,0.746404,0.255456,0.188368,0.110152
cifar10c,snow,0.393920,0.750760,0.800543,0.743967,0.249441,0.185185,0.105828
cifar10c,snow,0.404020,0.747100,0.803295,0.741887,0.242887,0.181595,0.102218
cifar10c,snow,0.414120,0.742480,0.805912,0.738605,0.236220,0.178906,0.099297
cifar10c,snow,0.424220,0.737900,0.806902,0.735616,0.230734,0.175870,0.096245
cifar10c,snow,0.434320,0.733200,0.807732,0.732233,0.225192,0.173073,0.093181
cifar10c,snow,0.444420,0.727540,0.808343,0.729879,0.219646,0.169248,0.090876
cifar10c,snow,0.454520,0.722240,0.808592,0.725998,0.214228,0.166681,0.088179
cifar10c,snow,0.464620,0.716500,0.808243,0.721917,0.209163,0.164205,0.085764
cifar10c,snow,0.474720,0.710600,0.807239,0.717563,0.204526,0.161892,0.083413
cifar10c,snow,0.484820,0.704900,0.806337,0.713403,0.199608,0.159302,0.080775
cifar10c,snow,0.494920,0.699040,0.805605,0.709295,0.194326,0.156555,0.078100
cifar10c,snow,0.505040,0.693320,0.803324,0.705079,0.190380,0.153792,0.075357
cifar10c,snow,0.515140,0.686620,0.800928,0.699661,0.186402,0.152168,0.073405
cifar10c,snow,0.525240,0.679920,0.798140,0.695166,0.182667,0.149502,0.071386
cifar10c,snow,0.535340,0.673140,0.795101,0.689776,0.179039,0.147682,0.069339
cifar10c,snow,0.545440,0.666440,0.791804,0.685097,0.175534,0.145001,0.067186
cifar10c,snow,0.555540,0.659300,0.787849,0.679597,0.172611,0.143121,0.065333
cifar10c,snow,0.565640,0.652440,0.783810,0.673766,0.169647,0.141536,0.063133
cifar10c,snow,0.575740,0.645180,0.779725,0.667310,0.166596,0.140610,0.061310
cifar10c,snow,0.585840,0.637960,0.775854,0.661268,0.163140,0.139141,0.059298
cifar10c,snow,0.595940,0.630140,0.771404,0.655719,0.160226,0.136986,0.058003
cifar10c,snow,0.606040,0.622080,0.766451,0.648832,0.157802,0.136421,0.056883
cifar10c,snow,0.616140,0.614460,0.761121,0.643086,0.155741,0.134339,0.055159
cifar10c,snow,0.626240,0.606920,0.756575,0.636337,0.152519,0.133487,0.053234
cifar10c,snow,0.636340,0.599220,0.750899,0.629358,0.150672,0.132902,0.051420
cifar10c,snow,0.646440,0.590960,0.745007,0.622442,0.149026,0.132196,0.050283
cifar10c,snow,0.656540,0.582340,0.739239,0.615426,0.147101,0.131595,0.049581
cifar10c,snow,0.666640,0.574480,0.733111,0.608388,0.145601,0.130989,0.047710
cifar10c,snow,0.676740,0.566260,0.726897,0.601904,0.144140,0.129489,0.046292
cifar10c,snow,0.686840,0.557560,0.720195,0.594757,0.143362,0.128950,0.045568
cifar10c,snow,0.696940,0.548820,0.713964,0.587262,0.141757,0.128950,0.044832
cifar10c,snow,0.707040,0.540320,0.708348,0.579766,0.138991,0.128950,0.043686
cifar10c,snow,0.717140,0.531860,0.701386,0.572375,0.138407,0.128767,0.042335
cifar10c,snow,0.727240,0.522720,0.694082,0.565066,0.138407,0.128418,0.042121
cifar10c,snow,0.737340,0.514060,0.686778,0.557560,0.138407,0.128418,0.041010
cifar10c,snow,0.747440,0.505240,0.679609,0.550054,0.138140,0.128418,0.040066
cifar10c,snow,0.757560,0.495920,0.672285,0.542533,0.138140,0.128418,0.040000
cifar10c,snow,0.767660,0.487180,0.665215,0.535027,0.137623,0.128418,0.038971
cifar10c,snow,0.777760,0.478040,0.657895,0.527521,0.137623,0.128418,0.038572
cifar10c,snow,0.787860,0.468860,0.650575,0.520016,0.137623,0.128418,0.038145
cifar10c,snow,0.797960,0.459960,0.643255,0.512510,0.137623,0.128418,0.037220
cifar10c,snow,0.808060,0.451140,0.635935,0.505004,0.137623,0.128418,0.035811
cifar10c,snow,0.818160,0.442080,0.628615,0.497498,0.137623,0.128418,0.034907
cifar10c,snow,0.828260,0.433020,0.621295,0.489992,0.137623,0.128418,0.033898
cifar10c,snow,0.838360,0.424280,0.613975,0.482486,0.137623,0.128418,0.031903
cifar10c,snow,0.848460,0.414780,0.606655,0.474980,0.137623,0.128418,0.031866
cifar10c,snow,0.858560,0.405800,0.599335,0.467474,0.137623,0.128418,0.030380
cifar10c,snow,0.868660,0.396460,0.592015,0.459968,0.137623,0.128418,0.029556
cifar10c,snow,0.878760,0.386840,0.584695,0.452462,0.137623,0.128418,0.029556
cifar10c,snow,0.888860,0.377340,0.577375,0.444956,0.137623,0.128418,0.029556
cifar10c,snow,0.898960,0.367920,0.570055,0.437450,0.137623,0.128418,0.029556
cifar10c,snow,0.909060,0.358780,0.562735,0.429944,0.137623,0.128418,0.028027
cifar10c,snow,0.919160,0.349120,0.555415,0.422438,0.137623,0.128418,0.027598
cifar10c,snow,0.929260,0.339660,0.548095,0.414932,0.137623,0.128418,0.027598
cifar10c,snow,0.939360,0.330280,0.540775,0.407426,0.137623,0.128418,0.027080
cifar10c,snow,0.949460,0.320740,0.533455,0.399920,0.137623,0.128418,0.027027
cifar10c,snow,0.959560,0.311400,0.526135,0.392414,0.137623,0.128418,0.023777
cifar10c,snow,0.969660,0.302020,0.518815,0.384908,0.137623,0.128418,0.021094
cifar10c,snow,0.979760,0.292320,0.511495,0.377402,0.137623,0.128418,0.019766
cifar10c,snow,0.989860,0.282620,0.504175,0.369896,0.137623,0.128418,0.018576
cifar10c,snow,0.999980,0.272980,0.496840,0.362376,0.137623,0.128418,0.000000
cifar10c,frost,0.000000,0.680080,0.360511,0.525465,0.639489,0.474535,0.319920
cifar10c,frost,0.010100,0.686740,0.364397,0.541853,0.638950,0.465997,0.314719
cifar10c,frost,0.020200,0.692840,0.371238,0.555944,0.636891,0.458456,0.309696
cifar10c,frost,0.030300,0.697900,0.378949,0.569407,0.634341,0.451082,0.305105
cifar10c,frost,0.040400,0.703560,0.388595,0.580797,0.630728,0.444632,0.300104
cifar10c,frost,0.050500,0.708140,0.396518,0.592636,0.627947,0.437809,0.295562
cifar10c,frost,0.060600,0.713120,0.407566,0.603787,0.623442,0.431205,0.290717
cifar10c,frost,0.070700,0.717620,0.418179,0.615552,0.619074,0.424127,0.286022
cifar10c,frost,0.080800,0.722360,0.428765,0.624482,0.614623,0.418436,0.281092
cifar10c,frost,0.090900,0.726100,0.440450,0.633026,0.609470,0.412831,0.276597
cifar10c,frost,0.101000,0.729600,0.451493,0.642429,0.604558,0.406622,0.272147
cifar10c,frost,0.111100,0.733300,0.461146,0.650948,0.600317,0.400769,0.267477
cifar10c,frost,0.121200,0.737280,0.474786,0.660464,0.593709,0.394214,0.262540
cifar10c,frost,0.131300,0.741180,0.484787,0.668566,0.589042,0.388321,0.257534
cifar10c,frost,0.141400,0.744400,0.496320,0.676620,0.583374,0.382317,0.252807
cifar10c,frost,0.151500,0.747900,0.508884,0.684561,0.576962,0.376237,0.247796
cifar10c,frost,0.161600,0.751040,0.520626,0.691146,0.570887,0.370818,0.242880
cifar10c,frost,0.171700,0.753860,0.531679,0.699487,0.565079,0.364208,0.238054
cifar10c,frost,0.181800,0.755920,0.544539,0.706300,0.558024,0.358369,0.233561
cifar10c,frost,0.191900,0.758420,0.558120,0.711769,0.550346,0.353215,0.228685
cifar10c,frost,0.202000,0.760840,0.569433,0.717261,0.543895,0.347916,0.223729
cifar10c,frost,0.212100,0.763140,0.582123,0.721677,0.536404,0.343164,0.218722
cifar10c,frost,0.222200,0.764560,0.595126,0.728508,0.528518,0.336736,0.214152
cifar10c,frost,0.232300,0.766700,0.609005,0.732459,0.519854,0.332015,0.209014
cifar10c,frost,0.242400,0.768040,0.621012,0.737977,0.512195,0.326133,0.204250
cifar10c,frost,0.252520,0.769560,0.634465,0.742903,0.503361,0.320485,0.199224
cifar10c,frost,0.262620,0.770980,0.646653,0.747048,0.495142,0.315215,0.194136
cifar10c,frost,0.272720,0.771600,0.658084,0.751272,0.487216,0.309745,0.189473
cifar10c,frost,0.282820,0.772220,0.669452,0.754656,0.479111,0.304707,0.184668
cifar10c,frost,0.292920,0.772800,0.679453,0.758505,0.471740,0.299195,0.179753
cifar10c,frost,0.303020,0.773700,0.691186,0.760762,0.462913,0.294666,0.174467
cifar10c,frost,0.313120,0.773720,0.702206,0.763739,0.454347,0.289480,0.169661
cifar10c,frost,0.323220,0.773940,0.715091,0.767334,0.444146,0.283682,0.164569
cifar10c,frost,0.333320,0.773400,0.726135,0.769971,0.435017,0.278428,0.159897
cifar10c,frost,0.343420,0.773420,0.735620,0.772188,0.426794,0.273330,0.154650
cifar10c,frost,0.353520,0.772640,0.745154,0.772949,0.418277,0.269201,0.149848
cifar10c,frost,0.363620,0.772100,0.753797,0.775337,0.410189,0.263662,0.144720
cifar10c,frost,0.373720,0.770320,0.762331,0.778130,0.401928,0.257620,0.140412
cifar10c,frost,0.383820,0.768580,0.771983,0.778790,0.392488,0.253112,0.135921
cifar10c,frost,0.393920,0.766320,0.781958,0.779622,0.382467,0.248311,0.131732
cifar10c,frost,0.404020,0.763980,0.791112,0.780470,0.372795,0.243335,0.127454
cifar10c,frost,0.414120,0.761720,0.799900,0.780839,0.363103,0.238595,0.122944
cifar10c,frost,0.424220,0.759260,0.808441,0.780019,0.353284,0.234721,0.118466
cifar10c,frost,0.434320,0.755960,0.816028,0.780078,0.343958,0.229933,0.114588
cifar10c,frost,0.444420,0.753460,0.824484,0.780360,0.333512,0.224770,0.109831
cifar10c,frost,0.454520,0.749880,0.829750,0.779256,0.325603,0.220686,0.105885
cifar10c,frost,0.464620,0.746100,0.834422,0.778012,0.317949,0.216577,0.101980
cifar10c,frost,0.474720,0.741160,0.840798,0.775620,0.308379,0.213405,0.099025
cifar10c,frost,0.484820,0.737340,0.845478,0.772524,0.300081,0.210791,0.094876
cifar10c,frost,0.494920,0.733240,0.850924,0.770350,0.290692,0.207160,0.090833
cifar10c,frost,0.505040,0.728880,0.855650,0.769077,0.281638,0.202458,0.086872
cifar10c,frost,0.515140,0.723740,0.858605,0.766257,0.274043,0.199169,0.083536
cifar10c,frost,0.525240,0.718840,0.861248,0.764684,0.266451,0.194425,0.079852
cifar10c,frost,0.535340,0.712980,0.863190,0.761821,0.259286,0.190864,0.077036
cifar10c,frost,0.545440,0.707120,0.863937,0.758955,0.253116,0.187148,0.074084
cifar10c,frost,0.555540,0.701020,0.864172,0.755755,0.247240,0.183639,0.071204
cifar10c,frost,0.565640,0.695520,0.864264,0.752991,0.241257,0.179464,0.067612
cifar10c,frost,0.575740,0.689060,0.865504,0.748951,0.233636,0.176595,0.064960
cifar10c,frost,0.585840,0.682520,0.864624,0.744761,0.228203,0.173765,0.062243
cifar10c,frost,0.595940,0.675340,0.863563,0.740576,0.222722,0.170790,0.060168
cifar10c,frost,0.606040,0.668000,0.863397,0.735461,0.215824,0.168842,0.058214
cifar10c,frost,0.616140,0.661300,0.860740,0.729204,0.211808,0.168278,0.055321
cifar10c,frost,0.626240,0.654080,0.859242,0.724159,0.206025,0.166064,0.052967
cifar10c,frost,0.636340,0.646340,0.856619,0.719020,0.201467,0.163855,0.051129
cifar10c,frost,0.646440,0.639560,0.853168,0.713950,0.197818,0.161422,0.047945
cifar10c,frost,0.656540,0.631540,0.849113,0.708366,0.194836,0.159595,0.046319
cifar10c,frost,0.666640,0.623520,0.845702,0.702330,0.190705,0.158334,0.044620
cifar10c,frost,0.676740,0.614940,0.841101,0.696543,0.188158,0.156611,0.043650
cifar10c,frost,0.686840,0.606920,0.837031,0.690083,0.184599,0.155849,0.041768
cifar10c,frost,0.696940,0.598940,0.832686,0.684175,0.181256,0.154127,0.039657
cifar10c,frost,0.707040,0.590480,0.827971,0.677903,0.178315,0.152907,0.038187
cifar10c,frost,0.717140,0.582220,0.822720,0.670980,0.176111,0.152751,0.036218
cifar10c,frost,0.727240,0.573440,0.817484,0.664444,0.173715,0.151875,0.035223
cifar10c,frost,0.737340,0.564780,0.812074,0.657918,0.171468,0.150911,0.033871
cifar10c,frost,0.747440,0.556400,0.805892,0.650867,0.170569,0.150911,0.031806
cifar10c,frost,0.757560,0.547480,0.800188,0.643801,0.168579,0.150911,0.030615
cifar10c,frost,0.767660,0.538380,0.793703,0.636749,0.168130,0.150911,0.029842
cifar10c,frost,0.777760,0.529160,0.787225,0.629698,0.167622,0.150911,0.029096
cifar10c,frost,0.787860,0.519860,0.780728,0.622646,0.167110,0.150911,0.028703
cifar10c,frost,0.797960,0.510920,0.774530,0.615595,0.165806,0.150911,0.027278
cifar10c,frost,0.808060,0.501860,0.767900,0.608543,0.165491,0.150911,0.026044
cifar10c,frost,0.818160,0.492760,0.761588,0.601491,0.164269,0.150911,0.024721
cifar10c,frost,0.828260,0.483340,0.755486,0.594440,0.162291,0.150911,0.024130
cifar10c,frost,0.838360,0.473800,0.748709,0.587388,0.162150,0.150911,0.023946
cifar10c,frost,0.848460,0.464220,0.741885,0.580337,0.162150,0.150911,0.023868
cifar10c,frost,0.858560,0.454880,0.735060,0.573285,0.162150,0.150911,0.022878
cifar10c,frost,0.868660,0.445740,0.728235,0.566233,0.162150,0.150911,0.020969
cifar10c,frost,0.878760,0.436120,0.721411,0.559182,0.162150,0.150911,0.020376
cifar10c,frost,0.888860,0.426620,0.714586,0.552130,0.162150,0.150911,0.019904
cifar10c,frost,0.898960,0.417160,0.707762,0.545079,0.162150,0.150911,0.018525
cifar10c,frost,0.909060,0.407660,0.700937,0.538027,0.162150,0.150911,0.017540
cifar10c,frost,0.919160,0.397960,0.694113,0.530975,0.162150,0.150911,0.017301
cifar10c,frost,0.929260,0.388300,0.687288,0.523924,0.162150,0.150911,0.016393
cifar10c,frost,0.939360,0.378560,0.680464,0.516872,0.162150,0.150911,0.016250
cifar10c,frost,0.949460,0.368940,0.673639,0.509821,0.162150,0.150911,0.014821
cifar10c,frost,0.959560,0.359120,0.666814,0.502769,0.162150,0.150911,0.014821
cifar10c,frost,0.969660,0.349460,0.659990,0.495717,0.162150,0.150911,0.012594
cifar10c,frost,0.979760,0.339520,0.653165,0.488666,0.162150,0.150911,0.012594
cifar10c,frost,0.989860,0.329700,0.646341,0.481614,0.162150,0.150911,0.012594
cifar10c,frost,0.999980,0.319940,0.639503,0.474549,0.162150,0.150911,0.000000
cifar10c,fog,0.000000,0.814340,0.662292,0.764822,0.337708,0.235178,0.185660
cifar10c,fog,0.010100,0.818560,0.667182,0.772224,0.333582,0.228737,0.180318
cifar10c,fog,0.020200,0.821780,0.673730,0.778990,0.328525,0.222488,0.175379
cifar10c,fog,0.030300,0.824080,0.681636,0.784989,0.322663,0.216504,0.170805
cifar10c,fog,0.040400,0.826220,0.691229,0.790415,0.315797,0.210694,0.166232
cifar10c,fog,0.050500,0.828000,0.699976,0.793358,0.309232,0.206066,0.161748
cifar10c,fog,0.060600,0.829900,0.708867,0.796387,0.302449,0.201294,0.157097
cifar10c,fog,0.070700,0.830680,0.718052,0.798465,0.295360,0.196929,0.152951
cifar10c,fog,0.080800,0.831660,0.725410,0.800891,0.289109,0.192280,0.148598
cifar10c,fog,0.090900,0.832040,0.733362,0.802694,0.282392,0.187869,0.144495
cifar10c,fog,0.101000,0.832540,0.739819,0.804623,0.276356,0.183290,0.140216
cifar10c,fog,0.111100,0.833120,0.747360,0.805006,0.269573,0.179476,0.135802
cifar10c,fog,0.121200,0.833460,0.755322,0.804601,0.262395,0.176022,0.131429
cifar10c,fog,0.131300,0.832080,0.763102,0.805123,0.255155,0.171955,0.127938
cifar10c,fog,0.141400,0.830820,0.769894,0.804977,0.248319,0.168181,0.124292
cifar10c,fog,0.151500,0.829520,0.775752,0.805515,0.241871,0.163914,0.120578
cifar10c,fog,0.161600,0.827900,0.781538,0.804830,0.235311,0.160275,0.116985
cifar10c,fog,0.171700,0.826240,0.786094,0.803551,0.229334,0.156904,0.113314
cifar10c,fog,0.181800,0.824380,0.790786,0.802312,0.223125,0.153425,0.109672
cifar10c,fog,0.191900,0.822520,0.796373,0.801071,0.216207,0.149862,0.105950
cifar10c,fog,0.202000,0.819700,0.802399,0.799315,0.208840,0.146531,0.102704
cifar10c,fog,0.212100,0.817040,0.806440,0.797049,0.202543,0.143438,0.099312
cifar10c,fog,0.222200,0.814020,0.809199,0.794269,0.196907,0.140595,0.096063
cifar10c,fog,0.232300,0.811320,0.812132,0.792410,0.191009,0.137077,0.092500
cifar10c,fog,0.242400,0.807980,0.814675,0.788250,0.185212,0.134984,0.089282
cifar10c,fog,0.252520,0.803420,0.816526,0.785177,0.179711,0.132098,0.086762
cifar10c,fog,0.262620,0.799800,0.817701,0.781369,0.174527,0.129641,0.083557
cifar10c,fog,0.272720,0.794940,0.818087,0.777934,0.169743,0.126859,0.081124
cifar10c,fog,0.282820,0.790080,0.818092,0.774967,0.165088,0.123672,0.078609
cifar10c,fog,0.292920,0.785140,0.817616,0.770628,0.160640,0.121365,0.076088
cifar10c,fog,0.303020,0.780080,0.816796,0.766136,0.156311,0.119101,0.073570
cifar10c,fog,0.313120,0.774060,0.815801,0.761125,0.151982,0.117148,0.071682
cifar10c,fog,0.323220,0.768160,0.813994,0.756136,0.148123,0.115120,0.069643
cifar10c,fog,0.333320,0.762980,0.811877,0.750049,0.144380,0.113854,0.067001
cifar10c,fog,0.343420,0.756800,0.808250,0.744374,0.141672,0.112236,0.065060
cifar10c,fog,0.353520,0.749820,0.803751,0.737882,0.139553,0.111199,0.063634
cifar10c,fog,0.363620,0.743240,0.800512,0.731693,0.136377,0.109891,0.061909
cifar10c,fog,0.373720,0.736820,0.795609,0.724589,0.134427,0.109272,0.059971
cifar10c,fog,0.383820,0.729840,0.791576,0.719039,0.131708,0.107370,0.058424
cifar10c,fog,0.393920,0.722740,0.786654,0.712644,0.129631,0.106103,0.056923
cifar10c,fog,0.404020,0.715480,0.781120,0.706437,0.127997,0.104635,0.055500
cifar10c,fog,0.414120,0.708460,0.775538,0.700051,0.126348,0.103269,0.053826
cifar10c,fog,0.424220,0.700640,0.770301,0.693258,0.124341,0.102209,0.052787
cifar10c,fog,0.434320,0.692540,0.765267,0.687141,0.122083,0.100513,0.051973
cifar10c,fog,0.444420,0.684320,0.760158,0.680161,0.119811,0.099533,0.051226
cifar10c,fog,0.454520,0.676020,0.754073,0.672955,0.118349,0.098723,0.050511
cifar10c,fog,0.464620,0.668360,0.747960,0.665880,0.116858,0.097761,0.049182
cifar10c,fog,0.474720,0.660500,0.742084,0.659038,0.115085,0.096539,0.048003
cifar10c,fog,0.484820,0.651880,0.736088,0.651471,0.113358,0.095973,0.047501
cifar10c,fog,0.494920,0.643340,0.729589,0.644488,0.112060,0.094807,0.046878
cifar10c,fog,0.505040,0.635100,0.723208,0.636904,0.110574,0.094183,0.045982
cifar10c,fog,0.515140,0.626560,0.716602,0.629183,0.109274,0.093692,0.045327
cifar10c,fog,0.525240,0.618220,0.709932,0.621974,0.107987,0.092640,0.044436
cifar10c,fog,0.535340,0.609720,0.702694,0.614131,0.107255,0.092225,0.043688
cifar10c,fog,0.545440,0.601020,0.695599,0.606889,0.106332,0.091131,0.043109
cifar10c,fog,0.555540,0.592520,0.688474,0.599580,0.105401,0.090062,0.042214
cifar10c,fog,0.565640,0.583740,0.681721,0.592052,0.104000,0.089195,0.041718
cifar10c,fog,0.575740,0.575200,0.674900,0.584505,0.102611,0.088310,0.040918
cifar10c,fog,0.585840,0.567020,0.667747,0.576832,0.101556,0.087534,0.039568
cifar10c,fog,0.595940,0.558720,0.660368,0.569472,0.100727,0.086331,0.038349
cifar10c,fog,0.606040,0.550180,0.653153,0.561751,0.099648,0.085525,0.037359
cifar10c,fog,0.616140,0.541440,0.645895,0.553789,0.098568,0.084990,0.036568
cifar10c,fog,0.626240,0.532780,0.638449,0.545665,0.097681,0.084643,0.035638
cifar10c,fog,0.636340,0.523880,0.631015,0.537465,0.096728,0.084382,0.034972
cifar10c,fog,0.646440,0.515020,0.623474,0.529530,0.095873,0.083731,0.034218
cifar10c,fog,0.656540,0.506280,0.615793,0.521502,0.095170,0.083176,0.033208
cifar10c,fog,0.666640,0.497620,0.608355,0.513150,0.094061,0.083076,0.032096
cifar10c,fog,0.676740,0.488480,0.600767,0.504728,0.093115,0.083076,0.031574
cifar10c,fog,0.686840,0.479700,0.592729,0.496306,0.092825,0.083076,0.030456
cifar10c,fog,0.696940,0.470400,0.584590,0.487884,0.092684,0.083076,0.030168
cifar10c,fog,0.707040,0.461140,0.576864,0.479462,0.091828,0.083076,0.029827
cifar10c,fog,0.717140,0.451880,0.568798,0.471040,0.091512,0.083076,0.029385
cifar10c,fog,0.727240,0.442940,0.560546,0.462618,0.091512,0.083076,0.028329
cifar10c,fog,0.737340,0.433480,0.552299,0.454197,0.091503,0.083076,0.028039
cifar10c,fog,0.747440,0.424220,0.544047,0.445775,0.091503,0.083076,0.027705
cifar10c,fog,0.757560,0.415100,0.535823,0.437336,0.091414,0.083076,0.026490
cifar10c,fog,0.767660,0.405960,0.527569,0.428914,0.091414,0.083076,0.025827
cifar10c,fog,0.777760,0.396580,0.519341,0.420492,0.091358,0.083076,0.025311
cifar10c,fog,0.787860,0.387080,0.511224,0.412071,0.091034,0.083076,0.025195
cifar10c,fog,0.797960,0.377700,0.502963,0.403649,0.091034,0.083076,0.024512
cifar10c,fog,0.808060,0.368360,0.494701,0.395227,0.091034,0.083076,0.023993
cifar10c,fog,0.818160,0.358660,0.486440,0.386805,0.091034,0.083076,0.023993
cifar10c,fog,0.828260,0.349080,0.478179,0.378383,0.091034,0.083076,0.023920
cifar10c,fog,0.838360,0.339740,0.469918,0.369961,0.091034,0.083076,0.023348
cifar10c,fog,0.848460,0.329960,0.461657,0.361539,0.091034,0.083076,0.023297
cifar10c,fog,0.858560,0.320220,0.453396,0.353117,0.091034,0.083076,0.023297
cifar10c,fog,0.868660,0.310480,0.445135,0.344696,0.091034,0.083076,0.023297
cifar10c,fog,0.878760,0.300900,0.436874,0.336274,0.091034,0.083076,0.023297
cifar10c,fog,0.888860,0.291320,0.428613,0.327852,0.091034,0.083076,0.023297
cifar10c,fog,0.898960,0.281540,0.420351,0.319430,0.091034,0.083076,0.023297
cifar10c,fog,0.909060,0.271800,0.412090,0.311008,0.091034,0.083076,0.023297
cifar10c,fog,0.919160,0.262620,0.403829,0.302586,0.091034,0.083076,0.023297
cifar10c,fog,0.929260,0.252840,0.395568,0.294164,0.091034,0.083076,0.023297
cifar10c,fog,0.939360,0.243260,0.387307,0.285742,0.091034,0.083076,0.023297
cifar10c,fog,0.949460,0.233520,0.379046,0.277321,0.091034,0.083076,0.023297
cifar10c,fog,0.959560,0.223940,0.370785,0.268899,0.091034,0.083076,0.023297
cifar10c,fog,0.969660,0.214400,0.362524,0.260477,0.091034,0.083076,0.023297
cifar10c,fog,0.979760,0.205020,0.354263,0.252055,0.091034,0.083076,0.021297
cifar10c,fog,0.989860,0.195480,0.346001,0.243633,0.091034,0.083076,0.014898
cifar10c,fog,0.999980,0.185640,0.337724,0.235195,0.091034,0.083076,0.012658
cifar10c,brightness,0.000000,0.890860,0.762170,0.839234,0.237830,0.160766,0.109140
cifar10c,brightness,0.010100,0.893000,0.768191,0.844415,0.232114,0.154688,0.104069
cifar10c,brightness,0.020200,0.894620,0.775286,0.848265,0.225732,0.149164,0.099161
cifar10c,brightness,0.030300,0.894800,0.782766,0.850525,0.219019,0.144344,0.094893
cifar10c,brightness,0.040400,0.895340,0.791136,0.852946,0.211700,0.139339,0.090348
cifar10c,brightness,0.050500,0.894720,0.798901,0.854870,0.204544,0.134490,0.086319
cifar10c,brightness,0.060600,0.895140,0.807923,0.855597,0.196566,0.130173,0.081641
cifar10c,brightness,0.070700,0.893760,0.816246,0.855703,0.188790,0.126097,0.077837
cifar10c,brightness,0.080800,0.892220,0.824965,0.855658,0.180627,0.122013,0.074043
cifar10c,brightness,0.090900,0.890520,0.829495,0.855297,0.174588,0.118012,0.070244
cifar10c,brightness,0.101000,0.889020,0.834717,0.853747,0.168028,0.114583,0.066241
cifar10c,brightness,0.111100,0.886200,0.839438,0.851980,0.161600,0.111197,0.062908
cifar10c,brightness,0.121200,0.883460,0.843702,0.849453,0.155284,0.108166,0.059443
cifar10c,brightness,0.131300,0.880040,0.846788,0.846956,0.149501,0.105048,0.056290
cifar10c,brightness,0.141400,0.875900,0.849364,0.844676,0.143878,0.101730,0.053476
cifar10c,brightness,0.151500,0.871920,0.850896,0.842369,0.138736,0.098348,0.050513
cifar10c,brightness,0.161600,0.867380,0.852159,0.838626,0.133631,0.095742,0.047805
cifar10c,brightness,0.171700,0.862640,0.853472,0.833713,0.128370,0.093778,0.045127
cifar10c,brightness,0.181800,0.857300,0.854349,0.829790,0.123247,0.091161,0.042800
cifar10c,brightness,0.191900,0.851640,0.854086,0.825039,0.118701,0.088991,0.040585
cifar10c,brightness,0.202000,0.845500,0.852037,0.819604,0.115159,0.087195,0.038621
cifar10c,brightness,0.212100,0.838800,0.850271,0.814094,0.111346,0.085399,0.036959
cifar10c,brightness,0.222200,0.832420,0.847767,0.808698,0.107909,0.083484,0.035044
cifar10c,brightness,0.232300,0.824640,0.844466,0.802662,0.104901,0.081936,0.033998
cifar10c,brightness,0.242400,0.817180,0.840714,0.796552,0.102110,0.080395,0.032698
cifar10c,brightness,0.252520,0.809220,0.836056,0.790301,0.099839,0.078895,0.031702
cifar10c,brightness,0.262620,0.801600,0.831520,0.783473,0.097433,0.077757,0.030452
cifar10c,brightness,0.272720,0.793300,0.826716,0.776581,0.095145,0.076632,0.029640
cifar10c,brightness,0.282820,0.785000,0.821266,0.770044,0.093243,0.075227,0.028800
cifar10c,brightness,0.292920,0.776540,0.815296,0.762694,0.091655,0.074357,0.028052
cifar10c,brightness,0.303020,0.767720,0.808925,0.755507,0.090308,0.073344,0.027543
cifar10c,brightness,0.313120,0.758900,0.802542,0.748100,0.088930,0.072462,0.027012
cifar10c,brightness,0.323220,0.750080,0.796029,0.740429,0.087607,0.071750,0.026474
cifar10c,brightness,0.333320,0.741340,0.789563,0.733420,0.086209,0.070518,0.025851
cifar10c,brightness,0.343420,0.732280,0.782762,0.725740,0.085023,0.069760,0.025463
cifar10c,brightness,0.353520,0.723100,0.775533,0.718383,0.084131,0.068729,0.025144
cifar10c,brightness,0.363620,0.714280,0.768279,0.710561,0.083230,0.068029,0.024534
cifar10c,brightness,0.373720,0.705180,0.761627,0.703161,0.081819,0.066971,0.024142
cifar10c,brightness,0.383820,0.696440,0.754596,0.695042,0.080670,0.066461,0.023434
cifar10c,brightness,0.393920,0.687140,0.747034,0.686656,0.079921,0.066154,0.023106
cifar10c,brightness,0.404020,0.677680,0.739867,0.678393,0.078814,0.065734,0.023016
cifar10c,brightness,0.414120,0.668620,0.732173,0.670114,0.078120,0.065314,0.022495
cifar10c,brightness,0.424220,0.659360,0.724561,0.662117,0.077329,0.064633,0.022195
cifar10c,brightness,0.434320,0.650220,0.716730,0.653824,0.076705,0.064190,0.021737
cifar10c,brightness,0.444420,0.641120,0.708830,0.645374,0.076119,0.063872,0.021234
cifar10c,brightness,0.454520,0.631860,0.701072,0.637014,0.075382,0.063459,0.020850
cifar10c,brightness,0.464620,0.622440,0.693179,0.628413,0.074742,0.063257,0.020571
cifar10c,brightness,0.474720,0.613740,0.685051,0.619591,0.074303,0.063257,0.019672
cifar10c,brightness,0.484820,0.604480,0.677151,0.610796,0.073624,0.063230,0.019247
cifar10c,brightness,0.494920,0.595060,0.668845,0.602087,0.073320,0.063118,0.018885
cifar10c,brightness,0.505040,0.586100,0.660660,0.593245,0.072865,0.063118,0.018178
cifar10c,brightness,0.515140,0.576480,0.652374,0.584674,0.072512,0.062856,0.018043
cifar10c,brightness,0.525240,0.567180,0.644083,0.576343,0.072150,0.062329,0.017598
cifar10c,brightness,0.535340,0.557600,0.635938,0.567592,0.071614,0.062233,0.017395
cifar10c,brightness,0.545440,0.548300,0.627641,0.559138,0.071223,0.061805,0.016929
cifar10c,brightness,0.555540,0.538680,0.619214,0.550421,0.070958,0.061653,0.016726
cifar10c,brightness,0.565640,0.529460,0.611062,0.542255,0.070366,0.060861,0.016122
cifar10c,brightness,0.575740,0.519800,0.602954,0.533511,0.069693,0.060711,0.015919
cifar10c,brightness,0.585840,0.510020,0.594875,0.524751,0.068953,0.060574,0.015910
cifar10c,brightness,0.595940,0.500640,0.586390,0.515875,0.068678,0.060574,0.015518
cifar10c,brightness,0.606040,0.491060,0.577678,0.507055,0.068678,0.060503,0.015262
cifar10c,brightness,0.616140,0.481400,0.568965,0.498177,0.068678,0.060503,0.015083
cifar10c,brightness,0.626240,0.471780,0.560252,0.489299,0.068678,0.060503,0.014815
cifar10c,brightness,0.636340,0.462160,0.551731,0.480683,0.068415,0.060143,0.014611
cifar10c,brightness,0.646440,0.452220,0.543284,0.471798,0.068032,0.060143,0.014611
cifar10c,brightness,0.656540,0.442400,0.534649,0.462913,0.067900,0.060143,0.014611
cifar10c,brightness,0.666640,0.432740,0.525925,0.454028,0.067893,0.060143,0.014611
cifar10c,brightness,0.676740,0.423000,0.517291,0.445143,0.067747,0.060143,0.014458
cifar10c,brightness,0.686840,0.413300,0.508559,0.436258,0.067747,0.060143,0.014147
cifar10c,brightness,0.696940,0.403600,0.499848,0.427372,0.067713,0.060143,0.014070
cifar10c,brightness,0.707040,0.394020,0.491116,0.418487,0.067713,0.060143,0.013728
cifar10c,brightness,0.717140,0.384360,0.482384,0.409602,0.067713,0.060143,0.013453
cifar10c,brightness,0.727240,0.374660,0.473763,0.400717,0.067509,0.060143,0.013198
cifar10c,brightness,0.737340,0.364800,0.465027,0.391832,0.067509,0.060143,0.013198
cifar10c,brightness,0.747440,0.355180,0.456291,0.382947,0.067509,0.060143,0.012885
cifar10c,brightness,0.757560,0.345420,0.447695,0.374044,0.067182,0.060143,0.012554
cifar10c,brightness,0.767660,0.335560,0.438962,0.365159,0.067160,0.060143,0.012554
cifar10c,brightness,0.777760,0.325780,0.430219,0.356274,0.067160,0.060143,0.012475
cifar10c,brightness,0.787860,0.316040,0.421476,0.347389,0.067160,0.060143,0.012307
cifar10c,brightness,0.797960,0.306220,0.412732,0.338504,0.067160,0.060143,0.012182
cifar10c,brightness,0.808060,0.296240,0.403989,0.329619,0.067160,0.060143,0.012182
cifar10c,brightness,0.818160,0.286420,0.395246,0.320733,0.067160,0.060143,0.012182
cifar10c,brightness,0.828260,0.276640,0.386502,0.311848,0.067160,0.060143,0.012182
cifar10c,brightness,0.838360,0.266620,0.377759,0.302963,0.067160,0.060143,0.012182
cifar10c,brightness,0.848460,0.256760,0.369016,0.294078,0.067160,0.060143,0.012182
cifar10c,brightness,0.858560,0.246820,0.360272,0.285193,0.067160,0.060143,0.012182
cifar10c,brightness,0.868660,0.237000,0.351529,0.276308,0.067160,0.060143,0.012182
cifar10c,brightness,0.878760,0.227340,0.342785,0.267423,0.067160,0.060143,0.012182
cifar10c,brightness,0.888860,0.217560,0.334042,0.258538,0.067160,0.060143,0.012165
cifar10c,brightness,0.898960,0.207780,0.325299,0.249652,0.067160,0.060143,0.011869
cifar10c,brightness,0.909060,0.197840,0.316555,0.240767,0.067160,0.060143,0.011869
cifar10c,brightness,0.919160,0.187900,0.307812,0.231882,0.067160,0.060143,0.011869
cifar10c,brightness,0.929260,0.178040,0.299069,0.222997,0.067160,0.060143,0.011869
cifar10c,brightness,0.939360,0.168020,0.290325,0.214112,0.067160,0.060143,0.011869
cifar10c,brightness,0.949460,0.158120,0.281582,0.205227,0.067160,0.060143,0.011869
cifar10c,brightness,0.959560,0.148300,0.272839,0.196342,0.067160,0.060143,0.011869
cifar10c,brightness,0.969660,0.138280,0.264095,0.187457,0.067160,0.060143,0.011869
cifar10c,brightness,0.979760,0.128580,0.255352,0.178572,0.067160,0.060143,0.011869
cifar10c,brightness,0.989860,0.118800,0.246608,0.169686,0.067160,0.060143,0.011869
cifar10c,brightness,0.999980,0.109160,0.237848,0.160784,0.067160,0.060143,0.000000
cifar10c,contrast,0.000000,0.807680,0.567770,0.698899,0.432230,0.301101,0.192320
cifar10c,contrast,0.010100,0.813500,0.573557,0.711441,0.428616,0.292736,0.186241
cifar10c,contrast,0.020200,0.818040,0.582439,0.721522,0.423347,0.285456,0.180690
cifar10c,contrast,0.030300,0.821460,0.591295,0.730459,0.417983,0.278613,0.175601
cifar10c,contrast,0.040400,0.824280,0.600461,0.739058,0.412343,0.271802,0.170713
cifar10c,contrast,0.050500,0.826660,0.611817,0.747453,0.405431,0.264954,0.165961
cifar10c,contrast,0.060600,0.829000,0.623468,0.755071,0.398212,0.258372,0.161121
cifar10c,contrast,0.070700,0.832060,0.634687,0.761681,0.391070,0.252190,0.155791
cifar10c,contrast,0.080800,0.833360,0.646197,0.767804,0.383613,0.246136,0.151302
cifar10c,contrast,0.090900,0.835100,0.658016,0.773029,0.375819,0.240442,0.146475
cifar10c,contrast,0.101000,0.835520,0.669998,0.777402,0.367760,0.235094,0.142269
cifar10c,contrast,0.111100,0.836180,0.682548,0.781154,0.359198,0.229973,0.137833
cifar10c,contrast,0.121200,0.836760,0.693519,0.784898,0.351338,0.224740,0.133338
cifar10c,contrast,0.131300,0.837020,0.705269,0.787913,0.342847,0.219804,0.128928
cifar10c,contrast,0.141400,0.836480,0.714731,0.790601,0.335487,0.214943,0.124869
cifar10c,contrast,0.151500,0.836020,0.725251,0.794072,0.327330,0.209505,0.120678
cifar10c,contrast,0.161600,0.835800,0.736079,0.796055,0.318792,0.204822,0.116245
cifar10c,contrast,0.171700,0.835220,0.746190,0.797745,0.310479,0.200203,0.111916
cifar10c,contrast,0.181800,0.834120,0.757316,0.800414,0.301341,0.194871,0.107798
cifar10c,contrast,0.191900,0.832620,0.765679,0.802192,0.293683,0.189957,0.103808
cifar10c,contrast,0.202000,0.831400,0.775089,0.803415,0.285176,0.185267,0.099561
cifar10c,contrast,0.212100,0.829460,0.784781,0.803995,0.276272,0.180864,0.095662
cifar10c,contrast,0.222200,0.827600,0.791501,0.804474,0.269047,0.176412,0.091617
cifar10c,contrast,0.232300,0.824740,0.799166,0.803353,0.261016,0.172885,0.088100
cifar10c,contrast,0.242400,0.822200,0.805841,0.803090,0.253425,0.168698,0.084293
cifar10c,contrast,0.252520,0.818480,0.812971,0.802029,0.245317,0.164922,0.081146
cifar10c,contrast,0.262620,0.814940,0.819926,0.801093,0.237112,0.160967,0.077816
cifar10c,contrast,0.272720,0.811560,0.824441,0.800681,0.230358,0.156542,0.074273
cifar10c,contrast,0.282820,0.807420,0.827941,0.798632,0.224120,0.153134,0.071166
cifar10c,contrast,0.292920,0.803280,0.833162,0.796190,0.216487,0.149906,0.067970
cifar10c,contrast,0.303020,0.798340,0.835617,0.793038,0.210618,0.147094,0.065253
cifar10c,contrast,0.313120,0.794640,0.839160,0.789724,0.203784,0.144317,0.061552
cifar10c,contrast,0.323220,0.789340,0.842129,0.785918,0.197169,0.141821,0.058926
cifar10c,contrast,0.333320,0.783920,0.843510,0.782804,0.191546,0.138730,0.056307
cifar10c,contrast,0.343420,0.777580,0.845444,0.779000,0.185328,0.136069,0.054295
cifar10c,contrast,0.353520,0.772680,0.845765,0.775189,0.180164,0.133331,0.051121
cifar10c,contrast,0.363620,0.766060,0.844869,0.770352,0.175792,0.131312,0.049216
cifar10c,contrast,0.373720,0.759120,0.844155,0.765936,0.171134,0.128892,0.047482
cifar10c,contrast,0.383820,0.752300,0.842726,0.760316,0.166903,0.127369,0.045601
cifar10c,contrast,0.393920,0.745200,0.842014,0.755284,0.161939,0.125311,0.043881
cifar10c,contrast,0.404020,0.738020,0.840017,0.749732,0.157885,0.123619,0.042180
cifar10c,contrast,0.414120,0.730800,0.837517,0.743720,0.154122,0.122261,0.040445
cifar10c,contrast,0.424220,0.723300,0.833580,0.738269,0.151473,0.120369,0.038904
cifar10c,contrast,0.434320,0.715520,0.829855,0.732943,0.148542,0.118298,0.037546
cifar10c,contrast,0.444420,0.707740,0.825772,0.727458,0.145827,0.116295,0.036136
cifar10c,contrast,0.454520,0.699760,0.820846,0.721104,0.143786,0.115015,0.034865
cifar10c,contrast,0.464620,0.691700,0.816786,0.714186,0.140857,0.114213,0.033618
cifar10c,contrast,0.474720,0.683640,0.812377,0.707247,0.138148,0.113400,0.032299
cifar10c,contrast,0.484820,0.674740,0.807076,0.700581,0.136199,0.112291,0.031792
cifar10c,contrast,0.494920,0.666000,0.801858,0.693664,0.134090,0.111385,0.031076
cifar10c,contrast,0.505040,0.657080,0.796190,0.686888,0.132334,0.110284,0.030462
cifar10c,contrast,0.515140,0.648260,0.790334,0.679659,0.130714,0.109621,0.029814
cifar10c,contrast,0.525240,0.639440,0.784286,0.672772,0.129227,0.108570,0.029108
cifar10c,contrast,0.535340,0.630460,0.778634,0.665696,0.127250,0.107675,0.028537
cifar10c,contrast,0.545440,0.621520,0.772324,0.658454,0.125909,0.106924,0.027866
cifar10c,contrast,0.555540,0.612740,0.765996,0.650841,0.124527,0.106556,0.026985
cifar10c,contrast,0.565640,0.603560,0.759859,0.643315,0.122861,0.106071,0.026605
cifar10c,contrast,0.575740,0.594620,0.753320,0.636043,0.121589,0.105263,0.025869
cifar10c,contrast,0.585840,0.585640,0.746913,0.628481,0.120095,0.104766,0.025055
cifar10c,contrast,0.595940,0.576940,0.740278,0.621662,0.118809,0.103324,0.024056
cifar10c,contrast,0.606040,0.568080,0.733827,0.614369,0.117225,0.102411,0.023079
cifar10c,contrast,0.616140,0.559220,0.727202,0.607046,0.115782,0.101488,0.022090
cifar10c,contrast,0.626240,0.549880,0.720010,0.599018,0.115021,0.101459,0.021671
cifar10c,contrast,0.636340,0.540620,0.713176,0.591748,0.113724,0.100386,0.021097
cifar10c,contrast,0.646440,0.531480,0.706062,0.583676,0.112750,0.100386,0.020356
cifar10c,contrast,0.656540,0.521900,0.698877,0.575684,0.111823,0.100269,0.020153
cifar10c,contrast,0.666640,0.512520,0.691302,0.567750,0.111423,0.100059,0.019617
cifar10c,contrast,0.676740,0.503060,0.684166,0.559671,0.110320,0.100059,0.019327
cifar10c,contrast,0.686840,0.493520,0.676625,0.551592,0.109792,0.100059,0.019076
cifar10c,contrast,0.696940,0.483980,0.668743,0.543513,0.109792,0.100059,0.018791
cifar10c,contrast,0.707040,0.474640,0.660861,0.535434,0.109792,0.100059,0.018090
cifar10c,contrast,0.717140,0.465260,0.652979,0.527356,0.109792,0.100059,0.017504
cifar10c,contrast,0.727240,0.455600,0.645251,0.519277,0.109508,0.100059,0.017339
cifar10c,contrast,0.737340,0.445980,0.638157,0.511198,0.107998,0.100059,0.017091
cifar10c,contrast,0.747440,0.436560,0.630513,0.503119,0.107455,0.100059,0.016444
cifar10c,contrast,0.757560,0.426760,0.622568,0.495024,0.107455,0.100059,0.016420
cifar10c,contrast,0.767660,0.416940,0.614638,0.486945,0.107455,0.100059,0.016411
cifar10c,contrast,0.777760,0.407440,0.606946,0.478867,0.106920,0.100059,0.015917
cifar10c,contrast,0.787860,0.397820,0.599130,0.470788,0.106627,0.100059,0.015634
cifar10c,contrast,0.797960,0.388000,0.591184,0.462709,0.106627,0.100059,0.015634
cifar10c,contrast,0.808060,0.378700,0.583238,0.454630,0.106627,0.100059,0.014479
cifar10c,contrast,0.818160,0.369040,0.575292,0.446551,0.106627,0.100059,0.013972
cifar10c,contrast,0.828260,0.359260,0.567346,0.438473,0.106627,0.100059,0.013854
cifar10c,contrast,0.838360,0.349480,0.559400,0.430394,0.106627,0.100059,0.013764
cifar10c,contrast,0.848460,0.339500,0.551454,0.422315,0.106627,0.100059,0.013764
cifar10c,contrast,0.858560,0.329800,0.543507,0.414236,0.106627,0.100059,0.013661
cifar10c,contrast,0.868660,0.319940,0.535561,0.406157,0.106627,0.100059,0.013661
cifar10c,contrast,0.878760,0.310160,0.527615,0.398079,0.106627,0.100059,0.013661
cifar10c,contrast,0.888860,0.300340,0.519669,0.390000,0.106627,0.100059,0.013520
cifar10c,contrast,0.898960,0.290480,0.511723,0.381921,0.106627,0.100059,0.013520
cifar10c,contrast,0.909060,0.280540,0.503777,0.373842,0.106627,0.100059,0.013520
cifar10c,contrast,0.919160,0.270680,0.495831,0.365763,0.106627,0.100059,0.013520
cifar10c,contrast,0.929260,0.261060,0.487884,0.357684,0.106627,0.100059,0.013520
cifar10c,contrast,0.939360,0.251240,0.479938,0.349606,0.106627,0.100059,0.013520
cifar10c,contrast,0.949460,0.241380,0.471992,0.341527,0.106627,0.100059,0.013520
cifar10c,contrast,0.959560,0.231520,0.464046,0.333448,0.106627,0.100059,0.013520
cifar10c,contrast,0.969660,0.221660,0.456100,0.325369,0.106627,0.100059,0.013520
cifar10c,contrast,0.979760,0.212080,0.448154,0.317290,0.106627,0.100059,0.011268
cifar10c,contrast,0.989860,0.202260,0.440208,0.309212,0.106627,0.100059,0.008798
cifar10c,contrast,0.999980,0.192300,0.432246,0.301117,0.106627,0.100059,0.008798
cifar10c,elastic_transform,0.000000,0.768020,0.525998,0.651237,0.474002,0.348763,0.231980
cifar10c,elastic_transform,0.010100,0.772880,0.531124,0.661554,0.471148,0.342009,0.226791
cifar10c,elastic_transform,0.020200,0.777620,0.538590,0.672337,0.467040,0.334877,0.221546
cifar10c,elastic_transform,0.030300,0.780280,0.547769,0.682143,0.461964,0.328101,0.217279
cifar10c,elastic_transform,0.040400,0.783460,0.557038,0.690677,0.456734,0.321846,0.212651
cifar10c,elastic_transform,0.050500,0.786600,0.566619,0.698814,0.451229,0.315666,0.207936
cifar10c,elastic_transform,0.060600,0.788940,0.575073,0.706097,0.446205,0.309807,0.203555
cifar10c,elastic_transform,0.070700,0.791320,0.585023,0.711265,0.440266,0.304960,0.199053
cifar10c,elastic_transform,0.080800,0.792660,0.595430,0.717119,0.433949,0.299632,0.195017
cifar10c,elastic_transform,0.090900,0.793960,0.606892,0.721591,0.426911,0.294947,0.190910
cifar10c,elastic_transform,0.101000,0.794420,0.615758,0.726745,0.421159,0.289776,0.187186
cifar10c,elastic_transform,0.111100,0.796120,0.624204,0.734200,0.415513,0.283194,0.182675
cifar10c,elastic_transform,0.121200,0.796940,0.633713,0.737733,0.409131,0.278693,0.178562
cifar10c,elastic_transform,0.131300,0.797800,0.642251,0.740740,0.403160,0.274389,0.174329
cifar10c,elastic_transform,0.141400,0.798220,0.650006,0.744741,0.397505,0.269405,0.170254
cifar10c,elastic_transform,0.151500,0.798600,0.658023,0.748001,0.391561,0.264739,0.166097
cifar10c,elastic_transform,0.161600,0.799340,0.671004,0.751155,0.382513,0.260024,0.161641
cifar10c,elastic_transform,0.171700,0.799280,0.683174,0.754013,0.373734,0.255373,0.157552
cifar10c,elastic_transform,0.181800,0.799020,0.691645,0.756988,0.366999,0.250535,0.153483
cifar10c,elastic_transform,0.191900,0.798440,0.698259,0.760112,0.361244,0.245484,0.149511
cifar10c,elastic_transform,0.202000,0.797740,0.707927,0.762105,0.353431,0.241014,0.145514
cifar10c,elastic_transform,0.212100,0.796760,0.714834,0.763675,0.347169,0.236698,0.141570
cifar10c,elastic_transform,0.222200,0.795140,0.723032,0.765266,0.339914,0.232256,0.137979
cifar10c,elastic_transform,0.232300,0.793880,0.731115,0.766866,0.332544,0.227691,0.134033
cifar10c,elastic_transform,0.242400,0.792540,0.739296,0.767064,0.324912,0.223930,0.130042
cifar10c,elastic_transform,0.252520,0.790860,0.747040,0.767992,0.317361,0.219572,0.126150
cifar10c,elastic_transform,0.262620,0.789240,0.752258,0.768234,0.311322,0.215567,0.122135
cifar10c,elastic_transform,0.272720,0.787260,0.758900,0.768667,0.304135,0.211319,0.118249
cifar10c,elastic_transform,0.282820,0.783880,0.765869,0.768806,0.296518,0.207157,0.115219
cifar10c,elastic_transform,0.292920,0.781100,0.771665,0.768062,0.289513,0.203499,0.111686
cifar10c,elastic_transform,0.303020,0.777800,0.776428,0.767834,0.283046,0.199367,0.108436
cifar10c,elastic_transform,0.313120,0.774900,0.781262,0.768421,0.276337,0.194519,0.104787
cifar10c,elastic_transform,0.323220,0.771520,0.784920,0.766297,0.270296,0.191529,0.101389
cifar10c,elastic_transform,0.333320,0.767900,0.789463,0.764247,0.263409,0.188393,0.098053
cifar10c,elastic_transform,0.343420,0.764200,0.792949,0.763038,0.257115,0.184521,0.094703
cifar10c,elastic_transform,0.353520,0.760140,0.796092,0.761662,0.250890,0.180656,0.091511
cifar10c,elastic_transform,0.363620,0.756000,0.797830,0.758504,0.245570,0.178069,0.088278
cifar10c,elastic_transform,0.373720,0.751540,0.800805,0.756537,0.239092,0.174448,0.085193
cifar10c,elastic_transform,0.383820,0.746760,0.802699,0.753606,0.233279,0.171489,0.082268
cifar10c,elastic_transform,0.393920,0.741900,0.803271,0.749331,0.228362,0.169542,0.079329
cifar10c,elastic_transform,0.404020,0.736360,0.804118,0.746246,0.223048,0.166530,0.076843
cifar10c,elastic_transform,0.414120,0.731140,0.804635,0.741671,0.217832,0.164686,0.074008
cifar10c,elastic_transform,0.424220,0.724800,0.804591,0.737382,0.212921,0.162529,0.072026
cifar10c,elastic_transform,0.434320,0.717940,0.804125,0.733708,0.208207,0.159751,0.070456
cifar10c,elastic_transform,0.444420,0.711440,0.802523,0.730299,0.204345,0.156633,0.068505
cifar10c,elastic_transform,0.454520,0.705180,0.801599,0.726279,0.199717,0.153960,0.066254
cifar10c,elastic_transform,0.464620,0.698720,0.799196,0.721176,0.196296,0.152197,0.064085
cifar10c,elastic_transform,0.474720,0.691820,0.797012,0.715683,0.192536,0.150739,0.062291
cifar10c,elastic_transform,0.484820,0.684920,0.795492,0.710264,0.187983,0.149151,0.060404
cifar10c,elastic_transform,0.494920,0.678100,0.793453,0.704273,0.183762,0.148066,0.058367
cifar10c,elastic_transform,0.505040,0.670700,0.789949,0.698532,0.180836,0.146669,0.056785
cifar10c,elastic_transform,0.515140,0.663480,0.786449,0.693387,0.177797,0.144615,0.055024
cifar10c,elastic_transform,0.525240,0.655420,0.782769,0.686904,0.174818,0.143883,0.054019
cifar10c,elastic_transform,0.535340,0.648160,0.778112,0.681087,0.172761,0.142401,0.052167
cifar10c,elastic_transform,0.545440,0.639740,0.773576,0.674994,0.170480,0.141158,0.051396
cifar10c,elastic_transform,0.555540,0.632320,0.769514,0.669048,0.167561,0.139692,0.049611
cifar10c,elastic_transform,0.565640,0.624300,0.764315,0.662270,0.165816,0.139116,0.048369
cifar10c,elastic_transform,0.575740,0.616080,0.759710,0.655345,0.163287,0.138686,0.047316
cifar10c,elastic_transform,0.585840,0.608180,0.754754,0.648575,0.161059,0.138048,0.045783
cifar10c,elastic_transform,0.595940,0.599920,0.749851,0.641264,0.158653,0.138048,0.044685
cifar10c,elastic_transform,0.606040,0.591940,0.744128,0.634352,0.157166,0.137541,0.043125
cifar10c,elastic_transform,0.616140,0.583520,0.737912,0.627197,0.156242,0.137323,0.042055
cifar10c,elastic_transform,0.626240,0.575220,0.731319,0.619871,0.155773,0.137323,0.040809
cifar10c,elastic_transform,0.636340,0.566200,0.725435,0.612569,0.154303,0.137290,0.040330
cifar10c,elastic_transform,0.646440,0.557780,0.719084,0.605462,0.153408,0.136979,0.039240
cifar10c,elastic_transform,0.656540,0.548800,0.712505,0.598581,0.152794,0.136322,0.038685
cifar10c,elastic_transform,0.666640,0.539820,0.706177,0.592047,0.151766,0.135104,0.038249
cifar10c,elastic_transform,0.676740,0.531320,0.699685,0.584814,0.150926,0.134890,0.036928
cifar10c,elastic_transform,0.686840,0.522420,0.693256,0.577439,0.149934,0.134890,0.036248
cifar10c,elastic_transform,0.696940,0.513440,0.686490,0.570334,0.149430,0.134443,0.035618
cifar10c,elastic_transform,0.707040,0.504820,0.679934,0.562953,0.148532,0.134438,0.034288
cifar10c,elastic_transform,0.717140,0.495840,0.673507,0.555569,0.147344,0.134438,0.033586
cifar10c,elastic_transform,0.727240,0.487060,0.666787,0.548964,0.146603,0.133009,0.032333
cifar10c,elastic_transform,0.737340,0.478080,0.659719,0.541819,0.146469,0.132499,0.031456
cifar10c,elastic_transform,0.747440,0.469060,0.653339,0.534466,0.144961,0.132358,0.030588
cifar10c,elastic_transform,0.757560,0.460100,0.646926,0.527025,0.143367,0.132358,0.029509
cifar10c,elastic_transform,0.767660,0.450800,0.639848,0.519599,0.143097,0.132358,0.028973
cifar10c,elastic_transform,0.777760,0.441540,0.632687,0.512173,0.142989,0.132358,0.028143
cifar10c,elastic_transform,0.787860,0.432120,0.625475,0.504746,0.142989,0.132358,0.028143
cifar10c,elastic_transform,0.797960,0.422860,0.618263,0.497320,0.142989,0.132358,0.027572
cifar10c,elastic_transform,0.808060,0.414040,0.611052,0.489894,0.142989,0.132358,0.025737
cifar10c,elastic_transform,0.818160,0.404380,0.603840,0.482467,0.142989,0.132358,0.025722
cifar10c,elastic_transform,0.828260,0.394800,0.596628,0.475041,0.142989,0.132358,0.025632
cifar10c,elastic_transform,0.838360,0.385260,0.589417,0.467614,0.142989,0.132358,0.025595
cifar10c,elastic_transform,0.848460,0.375640,0.582205,0.460188,0.142989,0.132358,0.025451
cifar10c,elastic_transform,0.858560,0.366100,0.574994,0.452762,0.142989,0.132358,0.025451
cifar10c,elastic_transform,0.868660,0.356440,0.567782,0.445335,0.142989,0.132358,0.025451
cifar10c,elastic_transform,0.878760,0.346860,0.560570,0.437909,0.142989,0.132358,0.025451
cifar10c,elastic_transform,0.888860,0.337280,0.553359,0.430483,0.142989,0.132358,0.025451
cifar10c,elastic_transform,0.898960,0.327660,0.546147,0.423056,0.142989,0.132358,0.025451
cifar10c,elastic_transform,0.909060,0.318000,0.538935,0.415630,0.142989,0.132358,0.025451
cifar10c,elastic_transform,0.919160,0.308180,0.531724,0.408204,0.142989,0.132358,0.025451
cifar10c,elastic_transform,0.929260,0.298720,0.524512,0.400777,0.142989,0.132358,0.025451
cifar10c,elastic_transform,0.939360,0.289300,0.517301,0.393351,0.142989,0.132358,0.025451
cifar10c,elastic_transform,0.949460,0.279600,0.510089,0.385924,0.142989,0.132358,0.025451
cifar10c,elastic_transform,0.959560,0.270140,0.502877,0.378498,0.142989,0.132358,0.025451
cifar10c,elastic_transform,0.969660,0.260760,0.495666,0.371072,0.142989,0.132358,0.024221
cifar10c,elastic_transform,0.979760,0.251380,0.488454,0.363645,0.142989,0.132358,0.020751
cifar10c,elastic_transform,0.989860,0.241640,0.481242,0.356219,0.142989,0.132358,0.019340
cifar10c,elastic_transform,0.999980,0.232000,0.474017,0.348778,0.142989,0.132358,0.000000
cifar10c,pixelate,0.000000,0.603640,0.358646,0.577808,0.641354,0.422192,0.396360
cifar10c,pixelate,0.010100,0.610860,0.363295,0.592332,0.640448,0.414062,0.391656
cifar10c,pixelate,0.020200,0.617240,0.372083,0.606296,0.637411,0.406050,0.387283
cifar10c,pixelate,0.030300,0.623340,0.380380,0.619331,0.634564,0.398350,0.382964
cifar10c,pixelate,0.040400,0.629480,0.391536,0.631991,0.630167,0.390684,0.378522
cifar10c,pixelate,0.050500,0.635340,0.400879,0.644222,0.626633,0.383080,0.374155
cifar10c,pixelate,0.060600,0.639920,0.413543,0.657042,0.621254,0.375000,0.370348
cifar10c,pixelate,0.070700,0.644740,0.425935,0.668756,0.615904,0.367339,0.366338
cifar10c,pixelate,0.080800,0.649640,0.440873,0.679061,0.609052,0.360276,0.362228
cifar10c,pixelate,0.090900,0.654500,0.457121,0.689122,0.601327,0.353190,0.358017
cifar10c,pixelate,0.101000,0.658920,0.472265,0.698238,0.594043,0.346471,0.353963
cifar10c,pixelate,0.111100,0.663060,0.489271,0.707241,0.585546,0.339662,0.349975
cifar10c,pixelate,0.121200,0.668040,0.505622,0.715836,0.577226,0.332929,0.345426
cifar10c,pixelate,0.131300,0.671980,0.521272,0.722500,0.569116,0.327151,0.341361
cifar10c,pixelate,0.141400,0.676240,0.539583,0.729667,0.559266,0.320944,0.337006
cifar10c,pixelate,0.151500,0.679700,0.554467,0.736665,0.551200,0.314689,0.333027
cifar10c,pixelate,0.161600,0.684160,0.573336,0.743458,0.540564,0.308405,0.328364
cifar10c,pixelate,0.171700,0.687580,0.589626,0.748263,0.531226,0.303169,0.324206
cifar10c,pixelate,0.181800,0.691120,0.607261,0.753707,0.520834,0.297412,0.319865
cifar10c,pixelate,0.191900,0.694380,0.622405,0.758495,0.511724,0.291917,0.315597
cifar10c,pixelate,0.202000,0.697880,0.641289,0.762449,0.500041,0.286806,0.311078
cifar10c,pixelate,0.212100,0.701620,0.659163,0.767868,0.488699,0.280634,0.306283
cifar10c,pixelate,0.222200,0.704600,0.674555,0.771777,0.478657,0.275273,0.301844
cifar10c,pixelate,0.232300,0.707020,0.690268,0.775243,0.468142,0.270059,0.297661
cifar10c,pixelate,0.242400,0.709600,0.703521,0.778797,0.458971,0.264648,0.293268
cifar10c,pixelate,0.252520,0.711840,0.719424,0.780366,0.447778,0.260412,0.288971
cifar10c,pixelate,0.262620,0.714500,0.733611,0.783120,0.437443,0.255263,0.284277
cifar10c,pixelate,0.272720,0.716520,0.747905,0.786157,0.426747,0.249777,0.279892
cifar10c,pixelate,0.282820,0.718860,0.761289,0.788300,0.416384,0.244758,0.275161
cifar10c,pixelate,0.292920,0.721000,0.773502,0.789903,0.406554,0.239979,0.270429
cifar10c,pixelate,0.303020,0.722940,0.785902,0.792334,0.396304,0.234467,0.265718
cifar10c,pixelate,0.313120,0.725040,0.799680,0.793635,0.384750,0.229616,0.260714
cifar10c,pixelate,0.323220,0.726820,0.812587,0.794320,0.373494,0.225074,0.255859
cifar10c,pixelate,0.333320,0.729240,0.823032,0.794604,0.363744,0.220696,0.250337
cifar10c,pixelate,0.343420,0.730700,0.836032,0.796575,0.351749,0.214899,0.245393
cifar10c,pixelate,0.353520,0.733480,0.846103,0.796748,0.341643,0.210312,0.239265
cifar10c,pixelate,0.363620,0.734260,0.855926,0.796147,0.331412,0.206186,0.234514
cifar10c,pixelate,0.373720,0.735200,0.865064,0.795248,0.321398,0.202165,0.229475
cifar10c,pixelate,0.383820,0.735260,0.874152,0.793990,0.311096,0.198304,0.224966
cifar10c,pixelate,0.393920,0.735560,0.881593,0.792309,0.301810,0.194663,0.220151
cifar10c,pixelate,0.404020,0.736100,0.890375,0.791463,0.291082,0.190199,0.214966
cifar10c,pixelate,0.414120,0.736560,0.897349,0.790087,0.281529,0.186032,0.209659
cifar10c,pixelate,0.424220,0.737140,0.903787,0.788563,0.272106,0.181848,0.204064
cifar10c,pixelate,0.434320,0.736640,0.908924,0.787154,0.263497,0.177413,0.199229
cifar10c,pixelate,0.444420,0.736340,0.913598,0.783757,0.254991,0.174606,0.194017
cifar10c,pixelate,0.454520,0.735600,0.917853,0.780668,0.246555,0.171413,0.189038
cifar10c,pixelate,0.464620,0.734580,0.922022,0.776533,0.237879,0.169076,0.184117
cifar10c,pixelate,0.474720,0.734080,0.924724,0.773280,0.230267,0.165809,0.178533
cifar10c,pixelate,0.484820,0.732180,0.928632,0.770401,0.221186,0.162051,0.174014
cifar10c,pixelate,0.494920,0.730960,0.930255,0.765999,0.214004,0.159651,0.168759
cifar10c,pixelate,0.505040,0.729200,0.931229,0.762190,0.207174,0.156540,0.163764
cifar10c,pixelate,0.515140,0.727060,0.930896,0.758471,0.201416,0.153220,0.158961
cifar10c,pixelate,0.525240,0.724040,0.930828,0.754008,0.195136,0.150543,0.154893
cifar10c,pixelate,0.535340,0.721300,0.929237,0.749796,0.190222,0.147480,0.150334
cifar10c,pixelate,0.545440,0.716800,0.927864,0.744004,0.184849,0.146018,0.147527
cifar10c,pixelate,0.555540,0.712140,0.926098,0.738985,0.179674,0.143621,0.144734
cifar10c,pixelate,0.565640,0.708360,0.924112,0.733232,0.174512,0.141956,0.140818
cifar10c,pixelate,0.575740,0.703620,0.921722,0.727474,0.169579,0.140218,0.137887
cifar10c,pixelate,0.585840,0.699000,0.917890,0.722433,0.166148,0.137530,0.134595
cifar10c,pixelate,0.595940,0.694860,0.913240,0.716033,0.163558,0.136389,0.130618
cifar10c,pixelate,0.606040,0.689480,0.909077,0.709418,0.160215,0.135463,0.127983
cifar10c,pixelate,0.616140,0.683900,0.904644,0.702681,0.157050,0.134646,0.125397
cifar10c,pixelate,0.626240,0.678280,0.899529,0.696536,0.154624,0.132994,0.122827
cifar10c,pixelate,0.636340,0.672580,0.894120,0.690067,0.152470,0.131695,0.120183
cifar10c,pixelate,0.646440,0.666080,0.888113,0.682961,0.151037,0.131224,0.118552
cifar10c,pixelate,0.656540,0.659340,0.882353,0.676369,0.149160,0.129975,0.117100
cifar10c,pixelate,0.666640,0.653520,0.876899,0.669211,0.146711,0.129501,0.114263
cifar10c,pixelate,0.676740,0.647780,0.870782,0.661867,0.145134,0.129284,0.111070
cifar10c,pixelate,0.686840,0.641200,0.864942,0.654379,0.143014,0.129283,0.109033
cifar10c,pixelate,0.696940,0.634500,0.858256,0.647388,0.142146,0.128463,0.107030
cifar10c,pixelate,0.707040,0.627520,0.851282,0.640301,0.141712,0.127750,0.105443
cifar10c,pixelate,0.717140,0.620220,0.844553,0.632874,0.140813,0.127586,0.104252
cifar10c,pixelate,0.727240,0.613320,0.837887,0.625433,0.139733,0.127436,0.102235
cifar10c,pixelate,0.737340,0.606340,0.830843,0.617907,0.139289,0.127436,0.100205
cifar10c,pixelate,0.747440,0.598920,0.823790,0.610381,0.138827,0.127436,0.098979
cifar10c,pixelate,0.757560,0.591560,0.816479,0.602841,0.138827,0.127436,0.097426
cifar10c,pixelate,0.767660,0.583940,0.809184,0.595315,0.138827,0.127436,0.095922
cifar10c,pixelate,0.777760,0.576400,0.801888,0.587789,0.138827,0.127436,0.094851
cifar10c,pixelate,0.787860,0.568700,0.794592,0.580263,0.138827,0.127436,0.093806
cifar10c,pixelate,0.797960,0.561680,0.787297,0.572738,0.138827,0.127436,0.090846
cifar10c,pixelate,0.808060,0.554140,0.780001,0.565212,0.138827,0.127436,0.088986
cifar10c,pixelate,0.818160,0.546160,0.772705,0.557686,0.138827,0.127436,0.087912
cifar10c,pixelate,0.828260,0.538500,0.765410,0.550160,0.138827,0.127436,0.085861
cifar10c,pixelate,0.838360,0.530920,0.758114,0.542634,0.138827,0.127436,0.083725
cifar10c,pixelate,0.848460,0.522700,0.750818,0.535109,0.138827,0.127436,0.082906
cifar10c,pixelate,0.858560,0.515040,0.743523,0.527583,0.138827,0.127436,0.079939
cifar10c,pixelate,0.868660,0.507220,0.736227,0.520057,0.138827,0.127436,0.077871
cifar10c,pixelate,0.878760,0.499160,0.728931,0.512531,0.138827,0.127436,0.075922
cifar10c,pixelate,0.888860,0.491180,0.721635,0.505005,0.138827,0.127436,0.073368
cifar10c,pixelate,0.898960,0.482800,0.714340,0.497480,0.138827,0.127436,0.071334
cifar10c,pixelate,0.909060,0.474020,0.707044,0.489954,0.138827,0.127436,0.071334
cifar10c,pixelate,0.919160,0.465400,0.699748,0.482428,0.138827,0.127436,0.071334
cifar10c,pixelate,0.929260,0.456980,0.692453,0.474902,0.138827,0.127436,0.070423
cifar10c,pixelate,0.939360,0.448680,0.685157,0.467376,0.138827,0.127436,0.066919
cifar10c,pixelate,0.949460,0.440220,0.677861,0.459851,0.138827,0.127436,0.065826
cifar10c,pixelate,0.959560,0.431280,0.670566,0.452325,0.138827,0.127436,0.064573
cifar10c,pixelate,0.969660,0.422780,0.663270,0.444799,0.138827,0.127436,0.063372
cifar10c,pixelate,0.979760,0.413840,0.655974,0.437273,0.138827,0.127436,0.063372
cifar10c,pixelate,0.989860,0.405140,0.648679,0.429747,0.138827,0.127436,0.063372
cifar10c,pixelate,0.999980,0.396380,0.641368,0.422207,0.138827,0.127436,0.000000
cifar10c,jpeg_compression,0.000000,0.757460,0.478961,0.615840,0.521039,0.384160,0.242540
cifar10c,jpeg_compression,0.010100,0.762440,0.483791,0.628145,0.518814,0.376763,0.237398
cifar10c,jpeg_compression,0.020200,0.766220,0.491374,0.639294,0.515138,0.369803,0.232762
cifar10c,jpeg_compression,0.030300,0.770120,0.501049,0.647904,0.510308,0.364007,0.227963
cifar10c,jpeg_compression,0.040400,0.773940,0.511081,0.657470,0.505189,0.357592,0.223114
cifar10c,jpeg_compression,0.050500,0.777000,0.521520,0.664802,0.499747,0.352216,0.218557
cifar10c,jpeg_compression,0.060600,0.779580,0.530338,0.672771,0.495051,0.346385,0.214158
cifar10c,jpeg_compression,0.070700,0.781800,0.540299,0.680146,0.489638,0.340748,0.209852
cifar10c,jpeg_compression,0.080800,0.784140,0.549758,0.686714,0.484379,0.335425,0.205396
cifar10c,jpeg_compression,0.090900,0.785400,0.560603,0.692656,0.478240,0.330329,0.201421
cifar10c,jpeg_compression,0.101000,0.786380,0.569747,0.697384,0.472910,0.325793,0.197531
cifar10c,jpeg_compression,0.111100,0.788080,0.581510,0.703156,0.465985,0.320567,0.193138
cifar10c,jpeg_compression,0.121200,0.789060,0.590279,0.709492,0.460606,0.314900,0.189053
cifar10c,jpeg_compression,0.131300,0.789920,0.602463,0.714507,0.453135,0.309861,0.184943
cifar10c,jpeg_compression,0.141400,0.790820,0.613180,0.719060,0.446343,0.304973,0.180713
cifar10c,jpeg_compression,0.151500,0.791560,0.623562,0.723144,0.439586,0.300245,0.176472
cifar10c,jpeg_compression,0.161600,0.792500,0.633591,0.726935,0.432877,0.295577,0.172014
cifar10c,jpeg_compression,0.171700,0.791800,0.643285,0.730537,0.426207,0.290911,0.168437
cifar10c,jpeg_compression,0.181800,0.791340,0.652542,0.734677,0.419639,0.285800,0.164630
cifar10c,jpeg_compression,0.191900,0.791000,0.663464,0.737579,0.411877,0.281327,0.160640
cifar10c,jpeg_compression,0.202000,0.790820,0.673438,0.741081,0.404512,0.276365,0.156466
cifar10c,jpeg_compression,0.212100,0.789520,0.682324,0.744159,0.397649,0.271545,0.152887
cifar10c,jpeg_compression,0.222200,0.788300,0.691806,0.747184,0.390225,0.266634,0.149164
cifar10c,jpeg_compression,0.232300,0.787040,0.701547,0.749752,0.382436,0.261891,0.145369
cifar10c,jpeg_compression,0.242400,0.785860,0.709914,0.750411,0.375346,0.258282,0.141420
cifar10c,jpeg_compression,0.252520,0.784180,0.719494,0.752761,0.367251,0.253438,0.137686
cifar10c,jpeg_compression,0.262620,0.781920,0.726943,0.754660,0.360382,0.248772,0.134259
cifar10c,jpeg_compression,0.272720,0.779620,0.734996,0.756037,0.352906,0.244337,0.130761
cifar10c,jpeg_compression,0.282820,0.777400,0.742980,0.756736,0.345269,0.240249,0.127105
cifar10c,jpeg_compression,0.292920,0.775580,0.750105,0.758575,0.338020,0.235239,0.123070
cifar10c,jpeg_compression,0.303020,0.773120,0.758256,0.758877,0.329826,0.231185,0.119365
cifar10c,jpeg_compression,0.313120,0.771220,0.763911,0.759183,0.323207,0.227010,0.115152
cifar10c,jpeg_compression,0.323220,0.767800,0.770744,0.759209,0.315520,0.222917,0.111942
cifar10c,jpeg_compression,0.333320,0.765100,0.776822,0.759584,0.308167,0.218437,0.108088
cifar10c,jpeg_compression,0.343420,0.761920,0.782430,0.758203,0.300945,0.215158,0.104478
cifar10c,jpeg_compression,0.353520,0.758460,0.786344,0.757367,0.294808,0.211355,0.100978
cifar10c,jpeg_compression,0.363620,0.754360,0.792522,0.757019,0.286698,0.207047,0.097863
cifar10c,jpeg_compression,0.373720,0.750620,0.796957,0.756869,0.279717,0.202442,0.094367
cifar10c,jpeg_compression,0.383820,0.746720,0.800743,0.754587,0.273034,0.199416,0.090877
cifar10c,jpeg_compression,0.393920,0.741860,0.805319,0.752497,0.265477,0.196132,0.088074
cifar10c,jpeg_compression,0.404020,0.737360,0.807508,0.750856,0.259666,0.192358,0.084854
cifar10c,jpeg_compression,0.414120,0.732460,0.809932,0.749000,0.253454,0.188639,0.081886
cifar10c,jpeg_compression,0.424220,0.727400,0.812760,0.746788,0.246674,0.185098,0.078937
cifar10c,jpeg_compression,0.434320,0.721660,0.816294,0.744215,0.239027,0.181750,0.076504
cifar10c,jpeg_compression,0.444420,0.715640,0.816781,0.740720,0.233844,0.179110,0.074223
cifar10c,jpeg_compression,0.454520,0.709860,0.818187,0.736901,0.227628,0.176669,0.071643
cifar10c,jpeg_compression,0.464620,0.704440,0.818610,0.733647,0.222094,0.173608,0.068614
cifar10c,jpeg_compression,0.474720,0.698260,0.819422,0.729626,0.215977,0.171160,0.066212
cifar10c,jpeg_compression,0.484820,0.691200,0.818973,0.725026,0.210845,0.169177,0.064515
cifar10c,jpeg_compression,0.494920,0.684860,0.817459,0.720142,0.206561,0.167397,0.062124
cifar10c,jpeg_compression,0.505040,0.678180,0.815598,0.715601,0.202442,0.165184,0.059917
cifar10c,jpeg_compression,0.515140,0.671840,0.813769,0.710655,0.198130,0.163309,0.057281
cifar10c,jpeg_compression,0.525240,0.664260,0.811623,0.705179,0.193968,0.161914,0.055857
cifar10c,jpeg_compression,0.535340,0.656560,0.808138,0.699889,0.191066,0.160258,0.054435
cifar10c,jpeg_compression,0.545440,0.648940,0.804723,0.694767,0.187958,0.158343,0.052939
cifar10c,jpeg_compression,0.555540,0.641840,0.800903,0.689303,0.185164,0.156726,0.050799
cifar10c,jpeg_compression,0.565640,0.634220,0.797228,0.683484,0.182073,0.155442,0.049118
cifar10c,jpeg_compression,0.575740,0.626520,0.791834,0.677221,0.180862,0.154621,0.047460
cifar10c,jpeg_compression,0.585840,0.619100,0.788709,0.670790,0.176852,0.153961,0.045378
cifar10c,jpeg_compression,0.595940,0.610920,0.784290,0.664420,0.174243,0.153195,0.044079
cifar10c,jpeg_compression,0.606040,0.602740,0.779474,0.657869,0.172003,0.152618,0.042823
cifar10c,jpeg_compression,0.616140,0.594200,0.774192,0.650930,0.170254,0.152516,0.041936
cifar10c,jpeg_compression,0.626240,0.585700,0.768772,0.644296,0.168594,0.152001,0.040911
cifar10c,jpeg_compression,0.636340,0.577160,0.763261,0.638091,0.166967,0.150867,0.039894
cifar10c,jpeg_compression,0.646440,0.568420,0.756867,0.631257,0.166495,0.150558,0.039127
cifar10c,jpeg_compression,0.656540,0.560120,0.751214,0.624701,0.164917,0.149826,0.037649
cifar10c,jpeg_compression,0.666640,0.551620,0.745418,0.617700,0.163458,0.149718,0.036347
cifar10c,jpeg_compression,0.676740,0.542760,0.739154,0.610674,0.162632,0.149641,0.035624
cifar10c,jpeg_compression,0.686840,0.534180,0.733079,0.603596,0.161452,0.149641,0.034355
cifar10c,jpeg_compression,0.696940,0.525440,0.726464,0.596627,0.161083,0.149463,0.033223
cifar10c,jpeg_compression,0.707040,0.516820,0.719827,0.589595,0.160725,0.149380,0.031879
cifar10c,jpeg_compression,0.717140,0.507960,0.713397,0.582558,0.159978,0.149299,0.030762
cifar10c,jpeg_compression,0.727240,0.498540,0.706815,0.575853,0.159453,0.148604,0.030633
cifar10c,jpeg_compression,0.737340,0.489240,0.700074,0.568755,0.159188,0.148604,0.030323
cifar10c,jpeg_compression,0.747440,0.480420,0.693324,0.561657,0.158922,0.148604,0.028975
cifar10c,jpeg_compression,0.757560,0.471420,0.686935,0.554544,0.157863,0.148604,0.027961
cifar10c,jpeg_compression,0.767660,0.462280,0.680115,0.547446,0.157666,0.148604,0.027094
cifar10c,jpeg_compression,0.777760,0.453260,0.673344,0.540348,0.157343,0.148604,0.025806
cifar10c,jpeg_compression,0.787860,0.444080,0.666422,0.533250,0.157343,0.148604,0.024911
cifar10c,jpeg_compression,0.797960,0.434620,0.659500,0.526152,0.157343,0.148604,0.024636
cifar10c,jpeg_compression,0.808060,0.425320,0.652579,0.519053,0.157343,0.148604,0.023832
cifar10c,jpeg_compression,0.818160,0.416020,0.645657,0.511955,0.157343,0.148604,0.022977
cifar10c,jpeg_compression,0.828260,0.406440,0.638735,0.504857,0.157343,0.148604,0.022807
cifar10c,jpeg_compression,0.838360,0.397180,0.631814,0.497759,0.157343,0.148604,0.021560
cifar10c,jpeg_compression,0.848460,0.387840,0.624892,0.490661,0.157343,0.148604,0.020419
cifar10c,jpeg_compression,0.858560,0.378140,0.617970,0.483562,0.157343,0.148604,0.020187
cifar10c,jpeg_compression,0.868660,0.368800,0.611049,0.476464,0.157343,0.148604,0.019152
cifar10c,jpeg_compression,0.878760,0.359260,0.604127,0.469366,0.157343,0.148604,0.018627
cifar10c,jpeg_compression,0.888860,0.349760,0.597205,0.462268,0.157343,0.148604,0.017544
cifar10c,jpeg_compression,0.898960,0.340020,0.590283,0.455170,0.157343,0.148604,0.017216
cifar10c,jpeg_compression,0.909060,0.330720,0.583362,0.448071,0.157343,0.148604,0.014890
cifar10c,jpeg_compression,0.919160,0.320980,0.576440,0.440973,0.157343,0.148604,0.014735
cifar10c,jpeg_compression,0.929260,0.311120,0.569518,0.433875,0.157343,0.148604,0.014639
cifar10c,jpeg_compression,0.939360,0.301380,0.562597,0.426777,0.157343,0.148604,0.014603
cifar10c,jpeg_compression,0.949460,0.291400,0.555675,0.419679,0.157343,0.148604,0.014603
cifar10c,jpeg_compression,0.959560,0.281540,0.548753,0.412581,0.157343,0.148604,0.014603
cifar10c,jpeg_compression,0.969660,0.271720,0.541832,0.405482,0.157343,0.148604,0.014603
cifar10c,jpeg_compression,0.979760,0.261980,0.534910,0.398384,0.157343,0.148604,0.014603
cifar10c,jpeg_compression,0.989860,0.252360,0.527988,0.391286,0.157343,0.148604,0.014603
cifar10c,jpeg_compression,0.999980,0.242560,0.521053,0.384174,0.157343,0.148604,0.000000
cifar10c,speckle_noise,0.000000,0.589180,0.351897,0.516276,0.648103,0.483724,0.410820
cifar10c,speckle_noise,0.010100,0.595040,0.356502,0.531222,0.647288,0.476009,0.406942
cifar10c,speckle_noise,0.020200,0.601260,0.364046,0.547384,0.644957,0.467513,0.402804
cifar10c,speckle_noise,0.030300,0.607400,0.372363,0.560396,0.642178,0.460466,0.398639
cifar10c,speckle_noise,0.040400,0.613060,0.382498,0.570008,0.638393,0.455042,0.394623
cifar10c,speckle_noise,0.050500,0.618680,0.391557,0.580575,0.635095,0.448999,0.390539
cifar10c,speckle_noise,0.060600,0.624100,0.401262,0.590558,0.631382,0.443137,0.386481
cifar10c,speckle_noise,0.070700,0.629200,0.410008,0.598318,0.628104,0.438343,0.382503
cifar10c,speckle_noise,0.080800,0.634140,0.421482,0.606767,0.623271,0.433070,0.378517
cifar10c,speckle_noise,0.090900,0.638840,0.431797,0.616025,0.618968,0.427235,0.374590
cifar10c,speckle_noise,0.101000,0.643140,0.443422,0.623764,0.613839,0.422113,0.370782
cifar10c,speckle_noise,0.111100,0.647880,0.452816,0.629628,0.609848,0.417929,0.366655
cifar10c,speckle_noise,0.121200,0.652420,0.464203,0.634240,0.604631,0.414363,0.362532
cifar10c,speckle_noise,0.131300,0.656960,0.473613,0.641064,0.600432,0.409439,0.358329
cifar10c,speckle_noise,0.141400,0.661340,0.485169,0.645468,0.594884,0.405809,0.354111
cifar10c,speckle_noise,0.151500,0.665160,0.497544,0.652303,0.588721,0.400660,0.350124
cifar10c,speckle_noise,0.161600,0.669060,0.507972,0.658082,0.583571,0.396017,0.345992
cifar10c,speckle_noise,0.171700,0.673640,0.517854,0.663554,0.578625,0.391446,0.341333
cifar10c,speckle_noise,0.181800,0.677580,0.526396,0.668215,0.574375,0.387258,0.336967
cifar10c,speckle_noise,0.191900,0.680720,0.536805,0.674006,0.568864,0.382265,0.332987
cifar10c,speckle_noise,0.202000,0.684660,0.545868,0.677987,0.564057,0.378281,0.328405
cifar10c,speckle_noise,0.212100,0.687720,0.557020,0.682059,0.557801,0.374137,0.324280
cifar10c,speckle_noise,0.222200,0.690780,0.566493,0.685136,0.552462,0.370524,0.320031
cifar10c,speckle_noise,0.232300,0.693480,0.575843,0.688026,0.547063,0.366938,0.315888
cifar10c,speckle_noise,0.242400,0.696100,0.586415,0.691412,0.540713,0.362930,0.311705
cifar10c,speckle_noise,0.252520,0.698660,0.595811,0.695706,0.534979,0.358202,0.307452
cifar10c,speckle_noise,0.262620,0.701040,0.606548,0.698034,0.528178,0.354681,0.303192
cifar10c,speckle_noise,0.272720,0.703220,0.615045,0.704017,0.522727,0.348550,0.298961
cifar10c,speckle_noise,0.282820,0.705920,0.624324,0.706920,0.516579,0.344393,0.294255
cifar10c,speckle_noise,0.292920,0.708700,0.632471,0.709660,0.511054,0.340233,0.289359
cifar10c,speckle_noise,0.303020,0.710840,0.640421,0.711381,0.505511,0.336683,0.284771
cifar10c,speckle_noise,0.313120,0.712980,0.648530,0.713625,0.499689,0.332648,0.280049
cifar10c,speckle_noise,0.323220,0.715600,0.657052,0.714864,0.493389,0.329235,0.274823
cifar10c,speckle_noise,0.333320,0.717460,0.666765,0.717115,0.486004,0.324960,0.270025
cifar10c,speckle_noise,0.343420,0.718720,0.676243,0.718175,0.478571,0.321460,0.265519
cifar10c,speckle_noise,0.353520,0.720740,0.684370,0.720636,0.471951,0.316767,0.260302
cifar10c,speckle_noise,0.363620,0.722280,0.693666,0.722241,0.464202,0.312598,0.255280
cifar10c,speckle_noise,0.373720,0.723100,0.700513,0.723711,0.458158,0.308403,0.250687
cifar10c,speckle_noise,0.383820,0.724720,0.708693,0.723968,0.450834,0.305053,0.245262
cifar10c,speckle_noise,0.393920,0.726140,0.715472,0.725677,0.444422,0.300395,0.239869
cifar10c,speckle_noise,0.404020,0.727280,0.723298,0.726997,0.436915,0.295905,0.234473
cifar10c,speckle_noise,0.414120,0.727820,0.730810,0.727707,0.429416,0.291781,0.229459
cifar10c,speckle_noise,0.424220,0.727720,0.736574,0.728022,0.423173,0.287854,0.224808
cifar10c,speckle_noise,0.434320,0.727300,0.743434,0.728210,0.415738,0.283900,0.220259
cifar10c,speckle_noise,0.444420,0.727360,0.750690,0.728512,0.407676,0.279700,0.215119
cifar10c,speckle_noise,0.454520,0.727620,0.755927,0.729685,0.401166,0.274546,0.209606
cifar10c,speckle_noise,0.464620,0.727640,0.763188,0.728248,0.392520,0.271635,0.204117
cifar10c,speckle_noise,0.474720,0.727100,0.768377,0.728476,0.385515,0.267027,0.198919
cifar10c,speckle_noise,0.484820,0.725960,0.774556,0.727301,0.377274,0.263599,0.194138
cifar10c,speckle_noise,0.494920,0.724940,0.781036,0.726108,0.368404,0.260054,0.189032
cifar10c,speckle_noise,0.505040,0.724620,0.786104,0.723759,0.360594,0.257520,0.183005
cifar10c,speckle_noise,0.515140,0.723080,0.790663,0.722876,0.352989,0.253379,0.177990
cifar10c,speckle_noise,0.525240,0.721220,0.794947,0.720879,0.345349,0.250237,0.173074
cifar10c,speckle_noise,0.535340,0.718880,0.797876,0.719567,0.338836,0.246219,0.168503
cifar10c,speckle_noise,0.545440,0.717140,0.801091,0.717243,0.331719,0.243137,0.163059
cifar10c,speckle_noise,0.555540,0.715200,0.803461,0.715434,0.325228,0.239335,0.157570
cifar10c,speckle_noise,0.565640,0.713020,0.804729,0.713307,0.319705,0.235722,0.152104
cifar10c,speckle_noise,0.575740,0.711760,0.806510,0.710510,0.313314,0.232727,0.145335
cifar10c,speckle_noise,0.585840,0.709700,0.808360,0.709120,0.306528,0.227887,0.139148
cifar10c,speckle_noise,0.595940,0.706400,0.808736,0.705752,0.301226,0.225253,0.134224
cifar10c,speckle_noise,0.606040,0.701900,0.809875,0.702135,0.294685,0.222800,0.130552
cifar10c,speckle_noise,0.616140,0.698640,0.810868,0.698749,0.287990,0.219916,0.125098
cifar10c,speckle_noise,0.626240,0.694380,0.811348,0.696123,0.281618,0.215861,0.120646
cifar10c,speckle_noise,0.636340,0.690280,0.811848,0.691751,0.274866,0.213981,0.115761
cifar10c,speckle_noise,0.646440,0.686340,0.811255,0.688032,0.269273,0.211069,0.110363
cifar10c,speckle_noise,0.656540,0.681920,0.810108,0.684029,0.264157,0.208401,0.105328
cifar10c,speckle_noise,0.666640,0.677980,0.808947,0.680278,0.258754,0.205191,0.099250
cifar10c,speckle_noise,0.676740,0.672960,0.807563,0.675996,0.253358,0.202604,0.094502
cifar10c,speckle_noise,0.686840,0.667180,0.805060,0.671015,0.249399,0.200965,0.090607
cifar10c,speckle_noise,0.696940,0.661480,0.803050,0.665617,0.244362,0.199906,0.086452
cifar10c,speckle_noise,0.707040,0.655620,0.801219,0.659989,0.238675,0.199165,0.082173
cifar10c,speckle_noise,0.717140,0.648480,0.799218,0.654300,0.232881,0.198478,0.079808
cifar10c,speckle_noise,0.727240,0.641700,0.795629,0.648539,0.229569,0.197874,0.076670
cifar10c,speckle_noise,0.737340,0.634920,0.791253,0.642436,0.227499,0.197874,0.073336
cifar10c,speckle_noise,0.747440,0.628140,0.787502,0.636772,0.224028,0.197005,0.069766
cifar10c,speckle_noise,0.757560,0.620340,0.783160,0.630640,0.221463,0.197005,0.067876
cifar10c,speckle_noise,0.767660,0.613000,0.778221,0.624716,0.219985,0.196581,0.064899
cifar10c,speckle_noise,0.777760,0.605340,0.774217,0.619011,0.216267,0.195627,0.062354
cifar10c,speckle_noise,0.787860,0.597440,0.768745,0.612863,0.215655,0.195627,0.060149
cifar10c,speckle_noise,0.797960,0.589900,0.763944,0.606715,0.213322,0.195627,0.056770
cifar10c,speckle_noise,0.808060,0.581840,0.758399,0.600566,0.212682,0.195627,0.054402
cifar10c,speckle_noise,0.818160,0.573820,0.752595,0.594418,0.212682,0.195627,0.051798
cifar10c,speckle_noise,0.828260,0.565760,0.746791,0.588270,0.212682,0.195627,0.048837
cifar10c,speckle_noise,0.838360,0.557540,0.740987,0.582121,0.212682,0.195627,0.046152
cifar10c,speckle_noise,0.848460,0.549000,0.735183,0.575973,0.212682,0.195627,0.044052
cifar10c,speckle_noise,0.858560,0.540380,0.729380,0.569825,0.212682,0.195627,0.041973
cifar10c,speckle_noise,0.868660,0.531720,0.723576,0.563676,0.212682,0.195627,0.039726
cifar10c,speckle_noise,0.878760,0.522700,0.717772,0.557528,0.212682,0.195627,0.038582
cifar10c,speckle_noise,0.888860,0.513720,0.711968,0.551380,0.212682,0.195627,0.036931
cifar10c,speckle_noise,0.898960,0.504540,0.706164,0.545231,0.212682,0.195627,0.036159
cifar10c,speckle_noise,0.909060,0.495720,0.700361,0.539083,0.212682,0.195627,0.033187
cifar10c,speckle_noise,0.919160,0.487060,0.694557,0.532935,0.212682,0.195627,0.028166
cifar10c,speckle_noise,0.929260,0.477560,0.688753,0.526786,0.212682,0.195627,0.028153
cifar10c,speckle_noise,0.939360,0.468100,0.682949,0.520638,0.212682,0.195627,0.027077
cifar10c,speckle_noise,0.949460,0.458560,0.677145,0.514490,0.212682,0.195627,0.026334
cifar10c,speckle_noise,0.959560,0.449020,0.671341,0.508341,0.212682,0.195627,0.026334
cifar10c,speckle_noise,0.969660,0.439560,0.665538,0.502193,0.212682,0.195627,0.024823
cifar10c,speckle_noise,0.979760,0.430180,0.659734,0.496045,0.212682,0.195627,0.020211
cifar10c,speckle_noise,0.989860,0.420400,0.653930,0.489896,0.212682,0.195627,0.020211
cifar10c,speckle_noise,0.999980,0.410840,0.648115,0.483736,0.212682,0.195627,0.000000
cifar10c,gaussian_blur,0.000000,0.622000,0.407337,0.552906,0.592663,0.447094,0.378000
cifar10c,gaussian_blur,0.010100,0.628700,0.411485,0.567082,0.591514,0.439394,0.373371
cifar10c,gaussian_blur,0.020200,0.634600,0.417549,0.578880,0.589362,0.432749,0.369055
cifar10c,gaussian_blur,0.030300,0.639900,0.423618,0.589495,0.587164,0.426575,0.364956
cifar10c,gaussian_blur,0.040400,0.645320,0.432652,0.600168,0.583374,0.420241,0.360713
cifar10c,gaussian_blur,0.050500,0.650940,0.440212,0.610971,0.580280,0.413704,0.356264
cifar10c,gaussian_blur,0.060600,0.656240,0.451007,0.619689,0.575397,0.408136,0.351905
cifar10c,gaussian_blur,0.070700,0.661660,0.459580,0.628455,0.571604,0.402421,0.347365
cifar10c,gaussian_blur,0.080800,0.666200,0.469689,0.635976,0.566892,0.397258,0.343233
cifar10c,gaussian_blur,0.090900,0.670820,0.479097,0.645061,0.562461,0.391119,0.338943
cifar10c,gaussian_blur,0.101000,0.676200,0.486628,0.652283,0.558974,0.385879,0.334149
cifar10c,gaussian_blur,0.111100,0.680740,0.494811,0.659373,0.555041,0.380594,0.329711
cifar10c,gaussian_blur,0.121200,0.685200,0.504630,0.666787,0.550087,0.375004,0.325209
cifar10c,gaussian_blur,0.131300,0.689580,0.515373,0.674449,0.544486,0.369141,0.320663
cifar10c,gaussian_blur,0.141400,0.693440,0.524512,0.679735,0.539688,0.364523,0.316306
cifar10c,gaussian_blur,0.151500,0.697740,0.534469,0.686961,0.534292,0.358652,0.311563
cifar10c,gaussian_blur,0.161600,0.701240,0.543800,0.693437,0.529141,0.353087,0.307228
cifar10c,gaussian_blur,0.171700,0.705540,0.552711,0.699406,0.524117,0.347693,0.302282
cifar10c,gaussian_blur,0.181800,0.708840,0.563143,0.705710,0.518040,0.341960,0.297824
cifar10c,gaussian_blur,0.191900,0.712220,0.573730,0.711989,0.511714,0.336100,0.293206
cifar10c,gaussian_blur,0.202000,0.715480,0.586881,0.717140,0.503623,0.330798,0.288546
cifar10c,gaussian_blur,0.212100,0.718980,0.596422,0.723519,0.497615,0.324581,0.283607
cifar10c,gaussian_blur,0.222200,0.721480,0.605053,0.727529,0.492035,0.319726,0.279173
cifar10c,gaussian_blur,0.232300,0.724060,0.617739,0.731478,0.483668,0.314782,0.274598
cifar10c,gaussian_blur,0.242400,0.726800,0.627154,0.736146,0.477237,0.309232,0.269785
cifar10c,gaussian_blur,0.252520,0.729600,0.636574,0.739779,0.470627,0.304219,0.264810
cifar10c,gaussian_blur,0.262620,0.731860,0.647495,0.742940,0.462820,0.299394,0.260056
cifar10c,gaussian_blur,0.272720,0.734400,0.656914,0.746078,0.455828,0.294451,0.254956
cifar10c,gaussian_blur,0.282820,0.736820,0.668052,0.750924,0.447441,0.288178,0.249840
cifar10c,gaussian_blur,0.292920,0.738400,0.678599,0.754540,0.439232,0.282595,0.245128
cifar10c,gaussian_blur,0.303020,0.740380,0.688648,0.756752,0.431142,0.277857,0.240022
cifar10c,gaussian_blur,0.313120,0.742240,0.699108,0.759632,0.422516,0.272495,0.234859
cifar10c,gaussian_blur,0.323220,0.743260,0.707585,0.762026,0.415097,0.267331,0.230149
cifar10c,gaussian_blur,0.333320,0.745080,0.716395,0.764471,0.407203,0.261972,0.224692
cifar10c,gaussian_blur,0.343420,0.746340,0.723801,0.766590,0.400136,0.256697,0.219494
cifar10c,gaussian_blur,0.353520,0.747280,0.732344,0.767530,0.391968,0.252169,0.214392
cifar10c,gaussian_blur,0.363620,0.748420,0.742838,0.768839,0.382009,0.247207,0.208957
cifar10c,gaussian_blur,0.373720,0.749440,0.749516,0.770182,0.374775,0.242058,0.203455
cifar10c,gaussian_blur,0.383820,0.749540,0.756917,0.770089,0.366717,0.237906,0.198513
cifar10c,gaussian_blur,0.393920,0.749440,0.764277,0.770797,0.358423,0.232954,0.193572
cifar10c,gaussian_blur,0.404020,0.749180,0.771966,0.771621,0.349574,0.227737,0.188597
cifar10c,gaussian_blur,0.414120,0.749080,0.778988,0.771670,0.340987,0.223001,0.183308
cifar10c,gaussian_blur,0.424220,0.749060,0.785747,0.771590,0.332329,0.218212,0.177776
cifar10c,gaussian_blur,0.434320,0.749000,0.789974,0.770724,0.325598,0.213946,0.172076
cifar10c,gaussian_blur,0.444420,0.748420,0.796357,0.769477,0.316684,0.209868,0.166631
cifar10c,gaussian_blur,0.454520,0.747200,0.802034,0.768868,0.308086,0.205055,0.161577
cifar10c,gaussian_blur,0.464620,0.746100,0.806791,0.768092,0.300022,0.200215,0.156214
cifar10c,gaussian_blur,0.474720,0.744640,0.810393,0.766232,0.292749,0.196221,0.151005
cifar10c,gaussian_blur,0.484820,0.742780,0.814767,0.763712,0.284441,0.192712,0.145957
cifar10c,gaussian_blur,0.494920,0.740040,0.818419,0.761741,0.276515,0.188518,0.141590
cifar10c,gaussian_blur,0.505040,0.738080,0.821619,0.759187,0.268713,0.184730,0.136253
cifar10c,gaussian_blur,0.515140,0.735260,0.825845,0.757044,0.259537,0.180372,0.131579
cifar10c,gaussian_blur,0.525240,0.733160,0.827526,0.753178,0.252652,0.177643,0.125948
cifar10c,gaussian_blur,0.535340,0.730020,0.829113,0.750162,0.245568,0.173882,0.121202
cifar10c,gaussian_blur,0.545440,0.727280,0.830108,0.746905,0.238819,0.170218,0.115804
cifar10c,gaussian_blur,0.555540,0.724260,0.830610,0.744682,0.232320,0.165226,0.110461
cifar10c,gaussian_blur,0.565640,0.720080,0.831181,0.741266,0.225438,0.161373,0.106191
cifar10c,gaussian_blur,0.575740,0.716660,0.830279,0.737414,0.219965,0.157852,0.100882
cifar10c,gaussian_blur,0.585840,0.712240,0.830970,0.733298,0.212301,0.154477,0.096480
cifar10c,gaussian_blur,0.595940,0.706700,0.830350,0.728171,0.205877,0.152184,0.093240
cifar10c,gaussian_blur,0.606040,0.702400,0.829353,0.722307,0.199601,0.150710,0.088279
cifar10c,gaussian_blur,0.616140,0.697700,0.827972,0.718050,0.193497,0.147064,0.083568
cifar10c,gaussian_blur,0.626240,0.691800,0.826050,0.711506,0.187785,0.146282,0.080203
cifar10c,gaussian_blur,0.636340,0.686260,0.822094,0.706022,0.184553,0.143997,0.076166
cifar10c,gaussian_blur,0.646440,0.680800,0.819775,0.700283,0.178822,0.141944,0.071780
cifar10c,gaussian_blur,0.656540,0.674020,0.814908,0.694746,0.176462,0.139475,0.069048
cifar10c,gaussian_blur,0.666640,0.667120,0.811317,0.688466,0.172046,0.137971,0.066355
cifar10c,gaussian_blur,0.676740,0.660380,0.806820,0.682234,0.168755,0.136300,0.063200
cifar10c,gaussian_blur,0.686840,0.653360,0.802497,0.676306,0.164974,0.134033,0.060180
cifar10c,gaussian_blur,0.696940,0.646180,0.797106,0.669323,0.162702,0.133358,0.057546
cifar10c,gaussian_blur,0.707040,0.638760,0.791879,0.662478,0.159995,0.132400,0.054945
cifar10c,gaussian_blur,0.717140,0.631020,0.786691,0.656549,0.157025,0.129755,0.052739
cifar10c,gaussian_blur,0.727240,0.623680,0.780434,0.650362,0.155794,0.127387,0.049630
cifar10c,gaussian_blur,0.737340,0.615340,0.775127,0.643286,0.152663,0.126529,0.048188
cifar10c,gaussian_blur,0.747440,0.607240,0.769204,0.636251,0.150497,0.125522,0.046083
cifar10c,gaussian_blur,0.757560,0.599240,0.763446,0.628974,0.147784,0.124898,0.043693
cifar10c,gaussian_blur,0.767660,0.591500,0.757230,0.621945,0.145850,0.123718,0.040534
cifar10c,gaussian_blur,0.777760,0.583680,0.750557,0.615492,0.144768,0.121136,0.037257
cifar10c,gaussian_blur,0.787860,0.575300,0.744260,0.608036,0.142696,0.120670,0.034960
cifar10c,gaussian_blur,0.797960,0.566720,0.738787,0.600374,0.138379,0.120670,0.032850
cifar10c,gaussian_blur,0.808060,0.558020,0.731486,0.592711,0.138369,0.120670,0.031022
cifar10c,gaussian_blur,0.818160,0.549160,0.724393,0.585049,0.137787,0.120670,0.029347
cifar10c,gaussian_blur,0.828260,0.539860,0.717222,0.577826,0.137363,0.119390,0.028539
cifar10c,gaussian_blur,0.838360,0.530720,0.710821,0.570138,0.134503,0.119390,0.027575
cifar10c,gaussian_blur,0.848460,0.521780,0.703581,0.562450,0.134031,0.119390,0.025246
cifar10c,gaussian_blur,0.858560,0.512680,0.696407,0.554761,0.133258,0.119390,0.023863
cifar10c,gaussian_blur,0.868660,0.503740,0.689306,0.547113,0.132089,0.119239,0.021119
cifar10c,gaussian_blur,0.878760,0.494080,0.682553,0.539593,0.129289,0.118532,0.021049
cifar10c,gaussian_blur,0.888860,0.484580,0.675500,0.531918,0.127333,0.118392,0.020285
cifar10c,gaussian_blur,0.898960,0.475080,0.668116,0.524209,0.126620,0.118392,0.019561
cifar10c,gaussian_blur,0.909060,0.465700,0.660574,0.516501,0.126620,0.118392,0.017728
cifar10c,gaussian_blur,0.919160,0.456400,0.653031,0.508793,0.126620,0.118392,0.015077
cifar10c,gaussian_blur,0.929260,0.446460,0.645489,0.501084,0.126620,0.118392,0.015077
cifar10c,gaussian_blur,0.939360,0.436880,0.637947,0.493376,0.126620,0.118392,0.014498
cifar10c,gaussian_blur,0.949460,0.427140,0.630405,0.485667,0.126620,0.118392,0.013801
cifar10c,gaussian_blur,0.959560,0.417360,0.622862,0.477959,0.126620,0.118392,0.012764
cifar10c,gaussian_blur,0.969660,0.407420,0.615320,0.470250,0.126620,0.118392,0.012289
cifar10c,gaussian_blur,0.979760,0.397680,0.607778,0.462542,0.126620,0.118392,0.012289
cifar10c,gaussian_blur,0.989860,0.387820,0.600235,0.454833,0.126620,0.118392,0.012289
cifar10c,gaussian_blur,0.999980,0.377980,0.592678,0.447109,0.126620,0.118392,0.010453
cifar10c,spatter,0.000000,0.797960,0.584904,0.719951,0.415096,0.280049,0.202040
cifar10c,spatter,0.010100,0.803300,0.589343,0.730281,0.411987,0.272587,0.196303
cifar10c,spatter,0.020200,0.807600,0.598339,0.738424,0.406490,0.266088,0.190978
cifar10c,spatter,0.030300,0.811180,0.606443,0.744415,0.401337,0.260562,0.185913
cifar10c,spatter,0.040400,0.814200,0.617034,0.751319,0.394780,0.254445,0.181034
cifar10c,spatter,0.050500,0.817420,0.626568,0.757795,0.388640,0.248422,0.175945
cifar10c,spatter,0.060600,0.819640,0.637102,0.762566,0.381836,0.243178,0.171276
cifar10c,spatter,0.070700,0.822180,0.648449,0.768527,0.374447,0.237180,0.166340
cifar10c,spatter,0.080800,0.823840,0.659668,0.772011,0.366965,0.232397,0.161771
cifar10c,spatter,0.090900,0.825380,0.670744,0.773628,0.359395,0.228534,0.157160
cifar10c,spatter,0.101000,0.826160,0.680993,0.776796,0.352115,0.223723,0.152874
cifar10c,spatter,0.111100,0.826420,0.694421,0.779123,0.342881,0.219275,0.148791
cifar10c,spatter,0.121200,0.826880,0.705070,0.781978,0.335017,0.214424,0.144492
cifar10c,spatter,0.131300,0.827060,0.714277,0.784030,0.327799,0.209922,0.140252
cifar10c,spatter,0.141400,0.826880,0.724598,0.785749,0.319763,0.205509,0.136129
cifar10c,spatter,0.151500,0.826820,0.733535,0.787122,0.312352,0.201195,0.131826
cifar10c,spatter,0.161600,0.826040,0.742050,0.788069,0.305013,0.197030,0.127860
cifar10c,spatter,0.171700,0.824820,0.751586,0.788140,0.296879,0.193293,0.124058
cifar10c,spatter,0.181800,0.823920,0.759783,0.789332,0.289362,0.188778,0.119962
cifar10c,spatter,0.191900,0.823020,0.768288,0.789746,0.281467,0.184633,0.115766
cifar10c,spatter,0.202000,0.820800,0.775608,0.789644,0.274115,0.180705,0.112306
cifar10c,spatter,0.212100,0.818580,0.781874,0.789438,0.267243,0.176743,0.108745
cifar10c,spatter,0.222200,0.816560,0.788134,0.789979,0.260196,0.172198,0.104963
cifar10c,spatter,0.232300,0.813500,0.795766,0.788951,0.252071,0.168554,0.101758
cifar10c,spatter,0.242400,0.809960,0.801945,0.787376,0.244688,0.165175,0.098783
cifar10c,spatter,0.252520,0.807280,0.807380,0.785633,0.237596,0.161808,0.095146
cifar10c,spatter,0.262620,0.803820,0.811972,0.783868,0.230888,0.158373,0.091945
cifar10c,spatter,0.272720,0.799280,0.815869,0.781735,0.224471,0.155095,0.089394
cifar10c,spatter,0.282820,0.795020,0.820195,0.779269,0.217575,0.151956,0.086589
cifar10c,spatter,0.292920,0.790840,0.823067,0.777563,0.211510,0.148191,0.083640
cifar10c,spatter,0.303020,0.785820,0.825380,0.774699,0.205670,0.145148,0.081207
cifar10c,spatter,0.313120,0.780800,0.828082,0.771904,0.199375,0.141964,0.078704
cifar10c,spatter,0.323220,0.775980,0.829739,0.768604,0.193664,0.139059,0.075977
cifar10c,spatter,0.333320,0.771040,0.830455,0.764969,0.188487,0.136317,0.073252
cifar10c,spatter,0.343420,0.765500,0.831419,0.761194,0.182961,0.133598,0.070909
cifar10c,spatter,0.353520,0.759600,0.832658,0.757361,0.177049,0.130838,0.068772
cifar10c,spatter,0.363620,0.752900,0.832812,0.752000,0.171803,0.129191,0.067174
cifar10c,spatter,0.373720,0.746840,0.832060,0.747850,0.167110,0.126524,0.065047
cifar10c,spatter,0.383820,0.740940,0.831051,0.742724,0.162473,0.124562,0.062703
cifar10c,spatter,0.393920,0.734120,0.829646,0.737371,0.158007,0.122722,0.061016
cifar10c,spatter,0.404020,0.727300,0.827244,0.732020,0.154226,0.120817,0.059303
cifar10c,spatter,0.414120,0.720040,0.824464,0.726205,0.150638,0.119243,0.057871
cifar10c,spatter,0.424220,0.712580,0.820379,0.721326,0.148057,0.116800,0.056616
cifar10c,spatter,0.434320,0.705480,0.816456,0.716090,0.145241,0.114587,0.054988
cifar10c,spatter,0.444420,0.698020,0.812393,0.710084,0.142448,0.112985,0.053632
cifar10c,spatter,0.454520,0.690240,0.808277,0.704198,0.139601,0.111215,0.052491
cifar10c,spatter,0.464620,0.682780,0.804516,0.697364,0.136314,0.110263,0.051027
cifar10c,spatter,0.474720,0.674600,0.799514,0.690229,0.134083,0.109561,0.050160
cifar10c,spatter,0.484820,0.666660,0.794438,0.683333,0.131836,0.108599,0.049066
cifar10c,spatter,0.494920,0.658520,0.788850,0.676499,0.130005,0.107537,0.048054
cifar10c,spatter,0.505040,0.650560,0.783028,0.669485,0.128321,0.106599,0.046913
cifar10c,spatter,0.515140,0.642020,0.776350,0.662647,0.127465,0.105455,0.046278
cifar10c,spatter,0.525240,0.633480,0.770500,0.655116,0.125700,0.104994,0.045600
cifar10c,spatter,0.535340,0.624940,0.764600,0.648250,0.123914,0.103795,0.044936
cifar10c,spatter,0.545440,0.616600,0.758461,0.640879,0.122310,0.103100,0.043991
cifar10c,spatter,0.555540,0.607860,0.751944,0.633077,0.121059,0.102857,0.043406
cifar10c,spatter,0.565640,0.598920,0.745307,0.625055,0.119888,0.102857,0.043087
cifar10c,spatter,0.575740,0.590700,0.738879,0.617679,0.118414,0.102096,0.041932
cifar10c,spatter,0.585840,0.582120,0.731430,0.610276,0.118101,0.101329,0.041138
cifar10c,spatter,0.595940,0.573940,0.724246,0.602425,0.117445,0.101079,0.039792
cifar10c,spatter,0.606040,0.565240,0.717618,0.594968,0.116049,0.100317,0.038994
cifar10c,spatter,0.616140,0.556740,0.710417,0.586894,0.115326,0.100317,0.037943
cifar10c,spatter,0.626240,0.547720,0.703341,0.579536,0.114398,0.099359,0.037480
cifar10c,spatter,0.636340,0.539140,0.695961,0.571854,0.113836,0.098794,0.036488
cifar10c,spatter,0.646440,0.530720,0.688503,0.563750,0.113351,0.098794,0.035181
cifar10c,spatter,0.656540,0.521740,0.681296,0.556219,0.112473,0.097959,0.034541
cifar10c,spatter,0.666640,0.512480,0.673590,0.548098,0.112289,0.097959,0.034322
cifar10c,spatter,0.676740,0.503380,0.666575,0.540023,0.111027,0.097887,0.033898
cifar10c,spatter,0.686840,0.494640,0.658927,0.531900,0.110692,0.097887,0.032766
cifar10c,spatter,0.696940,0.485500,0.651735,0.523778,0.109583,0.097887,0.032337
cifar10c,spatter,0.707040,0.476280,0.644037,0.515655,0.109262,0.097887,0.031767
cifar10c,spatter,0.717140,0.467140,0.636144,0.507532,0.109262,0.097887,0.031239
cifar10c,spatter,0.727240,0.458400,0.628251,0.499410,0.109262,0.097887,0.030048
cifar10c,spatter,0.737340,0.449020,0.620688,0.491287,0.108634,0.097887,0.029557
cifar10c,spatter,0.747440,0.440000,0.612841,0.483164,0.108517,0.097887,0.028790
cifar10c,spatter,0.757560,0.430640,0.604944,0.475026,0.108464,0.097887,0.028431
cifar10c,spatter,0.767660,0.421300,0.597394,0.466903,0.107690,0.097887,0.028023
cifar10c,spatter,0.777760,0.411720,0.589507,0.458780,0.107605,0.097887,0.028023
cifar10c,spatter,0.787860,0.402420,0.581581,0.450658,0.107605,0.097887,0.027651
cifar10c,spatter,0.797960,0.392880,0.573654,0.442535,0.107605,0.097887,0.027315
cifar10c,spatter,0.808060,0.383380,0.565817,0.434412,0.107373,0.097887,0.027315
cifar10c,spatter,0.818160,0.373840,0.557886,0.426290,0.107373,0.097887,0.027315
cifar10c,spatter,0.828260,0.364300,0.549955,0.418167,0.107373,0.097887,0.027315
cifar10c,spatter,0.838360,0.354680,0.542024,0.410044,0.107373,0.097887,0.027315
cifar10c,spatter,0.848460,0.345140,0.534093,0.401922,0.107373,0.097887,0.027315
cifar10c,spatter,0.858560,0.335520,0.526162,0.393799,0.107373,0.097887,0.027315
cifar10c,spatter,0.868660,0.326100,0.518231,0.385676,0.107373,0.097887,0.027315
cifar10c,spatter,0.878760,0.316640,0.510300,0.377553,0.107373,0.097887,0.027315
cifar10c,spatter,0.888860,0.307140,0.502369,0.369431,0.107373,0.097887,0.026957
cifar10c,spatter,0.898960,0.297320,0.494438,0.361308,0.107373,0.097887,0.026957
cifar10c,spatter,0.909060,0.287660,0.486507,0.353185,0.107373,0.097887,0.026957
cifar10c,spatter,0.919160,0.278200,0.478575,0.345063,0.107373,0.097887,0.026957
cifar10c,spatter,0.929260,0.268780,0.470644,0.336940,0.107373,0.097887,0.026957
cifar10c,spatter,0.939360,0.259480,0.462713,0.328817,0.107373,0.097887,0.026273
cifar10c,spatter,0.949460,0.249820,0.454782,0.320695,0.107373,0.097887,0.025811
cifar10c,spatter,0.959560,0.240080,0.446851,0.312572,0.107373,0.097887,0.025811
cifar10c,spatter,0.969660,0.230540,0.438920,0.304449,0.107373,0.097887,0.025811
cifar10c,spatter,0.979760,0.220920,0.430989,0.296327,0.107373,0.097887,0.025811
cifar10c,spatter,0.989860,0.211620,0.423058,0.288204,0.107373,0.097887,0.025811
cifar10c,spatter,0.999980,0.202060,0.415111,0.280065,0.107373,0.097887,0.000000
cifar10c,saturate,0.000000,0.879200,0.742510,0.828464,0.257490,0.171536,0.120800
cifar10c,saturate,0.010100,0.883260,0.747537,0.834018,0.252477,0.165380,0.114880
cifar10c,saturate,0.020200,0.886240,0.753941,0.837498,0.246657,0.160154,0.109387
cifar10c,saturate,0.030300,0.888140,0.760941,0.840344,0.240409,0.155147,0.104342
cifar10c,saturate,0.040400,0.889080,0.769559,0.843026,0.233186,0.150120,0.099681
cifar10c,saturate,0.050500,0.889820,0.778869,0.845117,0.225446,0.145297,0.095039
cifar10c,saturate,0.060600,0.889480,0.786727,0.846942,0.218311,0.140512,0.090867
cifar10c,saturate,0.070700,0.889300,0.796101,0.847490,0.210206,0.136310,0.086515
cifar10c,saturate,0.080800,0.888040,0.804671,0.847262,0.202361,0.132438,0.082659
cifar10c,saturate,0.090900,0.886340,0.812109,0.846838,0.194963,0.128588,0.078952
cifar10c,saturate,0.101000,0.883960,0.818398,0.846011,0.188038,0.124875,0.075551
cifar10c,saturate,0.111100,0.881620,0.824436,0.844754,0.181097,0.121320,0.072041
cifar10c,saturate,0.121200,0.879560,0.829001,0.843228,0.174835,0.117836,0.068296
cifar10c,saturate,0.131300,0.877180,0.832868,0.841074,0.168828,0.114633,0.064645
cifar10c,saturate,0.141400,0.873360,0.836471,0.839257,0.162834,0.111157,0.061744
cifar10c,saturate,0.151500,0.870380,0.840586,0.836332,0.156396,0.108252,0.058279
cifar10c,saturate,0.161600,0.866320,0.844264,0.834378,0.150063,0.104699,0.055391
cifar10c,saturate,0.171700,0.861780,0.846094,0.831466,0.144692,0.101636,0.052708
cifar10c,saturate,0.181800,0.856880,0.847960,0.828614,0.139165,0.098461,0.050182
cifar10c,saturate,0.191900,0.851460,0.849516,0.824508,0.133693,0.095983,0.047907
cifar10c,saturate,0.202000,0.845760,0.850233,0.820103,0.128607,0.093630,0.045763
cifar10c,saturate,0.212100,0.839700,0.850122,0.815793,0.123917,0.091156,0.043787
cifar10c,saturate,0.222200,0.833760,0.848358,0.810520,0.120167,0.089237,0.041680
cifar10c,saturate,0.232300,0.826700,0.846560,0.804674,0.116342,0.087640,0.040235
cifar10c,saturate,0.242400,0.819960,0.844468,0.799055,0.112607,0.085851,0.038561
cifar10c,saturate,0.252520,0.813440,0.841694,0.792694,0.109218,0.084499,0.036680
cifar10c,saturate,0.262620,0.805700,0.838012,0.786604,0.106362,0.082937,0.035584
cifar10c,saturate,0.272720,0.798240,0.833722,0.779967,0.103845,0.081708,0.034247
cifar10c,saturate,0.282820,0.790300,0.828994,0.773439,0.101562,0.080369,0.033237
cifar10c,saturate,0.292920,0.782400,0.824242,0.766523,0.099231,0.079265,0.032159
cifar10c,saturate,0.303020,0.774460,0.818861,0.759600,0.097283,0.078134,0.031073
cifar10c,saturate,0.313120,0.766240,0.813105,0.752223,0.095552,0.077301,0.030157
cifar10c,saturate,0.323220,0.757940,0.806929,0.745034,0.094079,0.076304,0.029283
cifar10c,saturate,0.333320,0.749360,0.800863,0.737906,0.092479,0.075231,0.028583
cifar10c,saturate,0.343420,0.740300,0.794671,0.730150,0.090925,0.074603,0.028227
cifar10c,saturate,0.353520,0.731280,0.788044,0.722760,0.089660,0.073673,0.027826
cifar10c,saturate,0.363620,0.722100,0.781061,0.715251,0.088633,0.072807,0.027549
cifar10c,saturate,0.373720,0.713360,0.774424,0.707475,0.087299,0.072125,0.026920
cifar10c,saturate,0.383820,0.704340,0.767448,0.699223,0.086194,0.071808,0.026479
cifar10c,saturate,0.393920,0.695280,0.760365,0.691299,0.085141,0.071210,0.026057
cifar10c,saturate,0.404020,0.686220,0.752753,0.682822,0.084497,0.071055,0.025627
cifar10c,saturate,0.414120,0.676960,0.745565,0.674960,0.083469,0.070370,0.025348
cifar10c,saturate,0.424220,0.668220,0.737939,0.666460,0.082785,0.070215,0.024618
cifar10c,saturate,0.434320,0.659200,0.730351,0.659096,0.082043,0.069050,0.024106
cifar10c,saturate,0.444420,0.650580,0.722325,0.651376,0.081668,0.068163,0.023217
cifar10c,saturate,0.454520,0.641080,0.714807,0.643235,0.080813,0.067629,0.023096
cifar10c,saturate,0.464620,0.631740,0.707606,0.635493,0.079629,0.066704,0.022788
cifar10c,saturate,0.474720,0.622440,0.699834,0.627646,0.078945,0.065842,0.022484
cifar10c,saturate,0.484820,0.613460,0.692362,0.619360,0.077942,0.065372,0.021854
cifar10c,saturate,0.494920,0.604320,0.684538,0.611261,0.077247,0.064698,0.021313
cifar10c,saturate,0.505040,0.594960,0.676450,0.602939,0.076774,0.064204,0.021001
cifar10c,saturate,0.515140,0.585900,0.668445,0.594811,0.076213,0.063508,0.020347
cifar10c,saturate,0.525240,0.576640,0.660602,0.585994,0.075457,0.063508,0.019917
cifar10c,saturate,0.535340,0.567220,0.652739,0.577758,0.074690,0.062883,0.019598
cifar10c,saturate,0.545440,0.557920,0.644500,0.569491,0.074303,0.062264,0.019177
cifar10c,saturate,0.555540,0.548420,0.636331,0.560904,0.073819,0.061977,0.018861
cifar10c,saturate,0.565640,0.539280,0.628645,0.552359,0.072757,0.061628,0.018272
cifar10c,saturate,0.575740,0.529540,0.620626,0.543504,0.072037,0.061628,0.018171
cifar10c,saturate,0.585840,0.519880,0.612242,0.534649,0.071721,0.061628,0.018171
cifar10c,saturate,0.595940,0.510220,0.603871,0.525794,0.071374,0.061628,0.018019
cifar10c,saturate,0.606040,0.500800,0.595276,0.517282,0.071295,0.061192,0.017704
cifar10c,saturate,0.616140,0.491180,0.587256,0.508627,0.070461,0.060920,0.017509
cifar10c,saturate,0.626240,0.481840,0.578882,0.499758,0.070057,0.060920,0.016980
cifar10c,saturate,0.636340,0.472140,0.570236,0.490888,0.070003,0.060920,0.016774
cifar10c,saturate,0.646440,0.462760,0.561782,0.482089,0.069674,0.060820,0.016380
cifar10c,saturate,0.656540,0.453260,0.553436,0.473574,0.069171,0.060301,0.015968
cifar10c,saturate,0.666640,0.443720,0.545123,0.464744,0.068586,0.060223,0.015595
cifar10c,saturate,0.676740,0.434220,0.536726,0.455861,0.068095,0.060223,0.015200
cifar10c,saturate,0.686840,0.424400,0.528080,0.447005,0.067970,0.060179,0.015092
cifar10c,saturate,0.696940,0.414660,0.519588,0.438121,0.067582,0.060179,0.015092
cifar10c,saturate,0.707040,0.404960,0.511188,0.429236,0.067010,0.060179,0.014979
cifar10c,saturate,0.717140,0.395220,0.502469,0.420352,0.066961,0.060179,0.014896
cifar10c,saturate,0.727240,0.385720,0.493722,0.411468,0.066961,0.060179,0.014370
cifar10c,saturate,0.737340,0.375940,0.484974,0.402583,0.066961,0.060179,0.014152
cifar10c,saturate,0.747440,0.366320,0.476227,0.393699,0.066961,0.060179,0.013907
cifar10c,saturate,0.757560,0.356600,0.467462,0.384797,0.066961,0.060179,0.013636
cifar10c,saturate,0.767660,0.346660,0.458715,0.375913,0.066961,0.060179,0.013611
cifar10c,saturate,0.777760,0.336880,0.449968,0.367028,0.066961,0.060179,0.013611
cifar10c,saturate,0.787860,0.327180,0.441220,0.358144,0.066961,0.060179,0.013520
cifar10c,saturate,0.797960,0.317440,0.432473,0.349259,0.066961,0.060179,0.013246
cifar10c,saturate,0.808060,0.307740,0.423725,0.340375,0.066961,0.060179,0.012955
cifar10c,saturate,0.818160,0.298200,0.414978,0.331491,0.066961,0.060179,0.012146
cifar10c,saturate,0.828260,0.288380,0.406231,0.322606,0.066961,0.060179,0.012079
cifar10c,saturate,0.838360,0.278440,0.397483,0.313722,0.066961,0.060179,0.011918
cifar10c,saturate,0.848460,0.268620,0.388736,0.304837,0.066961,0.060179,0.011918
cifar10c,saturate,0.858560,0.258880,0.379988,0.295953,0.066961,0.060179,0.011869
cifar10c,saturate,0.868660,0.248980,0.371241,0.287069,0.066961,0.060179,0.011498
cifar10c,saturate,0.878760,0.239120,0.362494,0.278184,0.066961,0.060179,0.011498
cifar10c,saturate,0.888860,0.229260,0.353746,0.269300,0.066961,0.060179,0.011498
cifar10c,saturate,0.898960,0.219320,0.344999,0.260415,0.066961,0.060179,0.011498
cifar10c,saturate,0.909060,0.209460,0.336252,0.251531,0.066961,0.060179,0.011498
cifar10c,saturate,0.919160,0.199480,0.327504,0.242647,0.066961,0.060179,0.011498
cifar10c,saturate,0.929260,0.189500,0.318757,0.233762,0.066961,0.060179,0.011498
cifar10c,saturate,0.939360,0.179720,0.310009,0.224878,0.066961,0.060179,0.011498
cifar10c,saturate,0.949460,0.169700,0.301262,0.215993,0.066961,0.060179,0.011498
cifar10c,saturate,0.959560,0.159760,0.292515,0.207109,0.066961,0.060179,0.011498
cifar10c,saturate,0.969660,0.150140,0.283767,0.198225,0.066961,0.060179,0.011498
cifar10c,saturate,0.979760,0.140320,0.275020,0.189340,0.066961,0.060179,0.011498
cifar10c,saturate,0.989860,0.130540,0.266272,0.180456,0.066961,0.060179,0.011498
cifar10c,saturate,0.999980,0.120780,0.257508,0.171554,0.066961,0.060179,0.011498
