dataset,tile,frac_accepted,acc_true,acc_est_mm,acc_est_tdc,fdr_mixmax,fdr_tdc,fdr_true
bcss,TCGA-E2-A14N-DX1_xmin21383_ymin66838_MPP-0.2500.png.tensor,0.000000,0.561618,0.809290,0.837016,0.190710,0.162984,0.438382
bcss,TCGA-E2-A14N-DX1_xmin21383_ymin66838_MPP-0.2500.png.tensor,0.010100,0.565155,0.803043,0.835793,0.190710,0.160163,0.435966
bcss,TCGA-E2-A14N-DX1_xmin21383_ymin66838_MPP-0.2500.png.tensor,0.020201,0.568813,0.796794,0.834382,0.190710,0.157379,0.433438
bcss,TCGA-E2-A14N-DX1_xmin21383_ymin66838_MPP-0.2500.png.tensor,0.030303,0.572219,0.790546,0.832582,0.190710,0.154738,0.430990
bcss,TCGA-E2-A14N-DX1_xmin21383_ymin66838_MPP-0.2500.png.tensor,0.040404,0.575362,0.784297,0.830674,0.190710,0.152098,0.428626
bcss,TCGA-E2-A14N-DX1_xmin21383_ymin66838_MPP-0.2500.png.tensor,0.050504,0.578363,0.778050,0.828955,0.190710,0.149303,0.426286
bcss,TCGA-E2-A14N-DX1_xmin21383_ymin66838_MPP-0.2500.png.tensor,0.060605,0.581115,0.771911,0.826848,0.190652,0.146653,0.424029
bcss,TCGA-E2-A14N-DX1_xmin21383_ymin66838_MPP-0.2500.png.tensor,0.070706,0.583530,0.766089,0.825056,0.190421,0.143776,0.421902
bcss,TCGA-E2-A14N-DX1_xmin21383_ymin66838_MPP-0.2500.png.tensor,0.080808,0.585904,0.760480,0.822900,0.190070,0.141035,0.419752
bcss,TCGA-E2-A14N-DX1_xmin21383_ymin66838_MPP-0.2500.png.tensor,0.090908,0.588316,0.754982,0.820662,0.189651,0.138278,0.417536
bcss,TCGA-E2-A14N-DX1_xmin21383_ymin66838_MPP-0.2500.png.tensor,0.101009,0.590475,0.749678,0.818458,0.189114,0.135439,0.415407
bcss,TCGA-E2-A14N-DX1_xmin21383_ymin66838_MPP-0.2500.png.tensor,0.111110,0.592727,0.744539,0.816299,0.188472,0.132510,0.413181
bcss,TCGA-E2-A14N-DX1_xmin21383_ymin66838_MPP-0.2500.png.tensor,0.121212,0.594664,0.739508,0.813910,0.187753,0.129646,0.411077
bcss,TCGA-E2-A14N-DX1_xmin21383_ymin66838_MPP-0.2500.png.tensor,0.131312,0.596826,0.734698,0.811321,0.186891,0.126829,0.408801
bcss,TCGA-E2-A14N-DX1_xmin21383_ymin66838_MPP-0.2500.png.tensor,0.141413,0.598619,0.730019,0.808837,0.185933,0.123886,0.406686
bcss,TCGA-E2-A14N-DX1_xmin21383_ymin66838_MPP-0.2500.png.tensor,0.151514,0.600570,0.725384,0.806232,0.184925,0.120943,0.404425
bcss,TCGA-E2-A14N-DX1_xmin21383_ymin66838_MPP-0.2500.png.tensor,0.161616,0.602302,0.720789,0.803721,0.183869,0.117874,0.402237
bcss,TCGA-E2-A14N-DX1_xmin21383_ymin66838_MPP-0.2500.png.tensor,0.171717,0.604022,0.716356,0.800826,0.182690,0.114961,0.400009
bcss,TCGA-E2-A14N-DX1_xmin21383_ymin66838_MPP-0.2500.png.tensor,0.181817,0.605338,0.712093,0.797772,0.181378,0.112075,0.397971
bcss,TCGA-E2-A14N-DX1_xmin21383_ymin66838_MPP-0.2500.png.tensor,0.191918,0.606781,0.707977,0.794782,0.179942,0.109075,0.395801
bcss,TCGA-E2-A14N-DX1_xmin21383_ymin66838_MPP-0.2500.png.tensor,0.202019,0.608382,0.703852,0.791404,0.178475,0.106244,0.393479
bcss,TCGA-E2-A14N-DX1_xmin21383_ymin66838_MPP-0.2500.png.tensor,0.212121,0.609819,0.699804,0.787748,0.176922,0.103515,0.391202
bcss,TCGA-E2-A14N-DX1_xmin21383_ymin66838_MPP-0.2500.png.tensor,0.222221,0.611449,0.695573,0.784076,0.175446,0.100727,0.388741
bcss,TCGA-E2-A14N-DX1_xmin21383_ymin66838_MPP-0.2500.png.tensor,0.232322,0.612723,0.691385,0.780234,0.173903,0.097976,0.386449
bcss,TCGA-E2-A14N-DX1_xmin21383_ymin66838_MPP-0.2500.png.tensor,0.242423,0.614076,0.687245,0.776241,0.172288,0.095251,0.384040
bcss,TCGA-E2-A14N-DX1_xmin21383_ymin66838_MPP-0.2500.png.tensor,0.252525,0.615358,0.683194,0.772014,0.170569,0.092608,0.381617
bcss,TCGA-E2-A14N-DX1_xmin21383_ymin66838_MPP-0.2500.png.tensor,0.262625,0.616574,0.679076,0.767540,0.168849,0.090062,0.379170
bcss,TCGA-E2-A14N-DX1_xmin21383_ymin66838_MPP-0.2500.png.tensor,0.272726,0.617419,0.675000,0.762899,0.167051,0.087559,0.376910
bcss,TCGA-E2-A14N-DX1_xmin21383_ymin66838_MPP-0.2500.png.tensor,0.282827,0.617950,0.670727,0.757845,0.165341,0.085273,0.374802
bcss,TCGA-E2-A14N-DX1_xmin21383_ymin66838_MPP-0.2500.png.tensor,0.292929,0.618600,0.666443,0.752684,0.163589,0.082998,0.372558
bcss,TCGA-E2-A14N-DX1_xmin21383_ymin66838_MPP-0.2500.png.tensor,0.303030,0.619103,0.661939,0.747214,0.161945,0.080878,0.370352
bcss,TCGA-E2-A14N-DX1_xmin21383_ymin66838_MPP-0.2500.png.tensor,0.313130,0.619697,0.657297,0.741490,0.160353,0.078882,0.368007
bcss,TCGA-E2-A14N-DX1_xmin21383_ymin66838_MPP-0.2500.png.tensor,0.323231,0.619919,0.652624,0.735820,0.158736,0.076786,0.365878
bcss,TCGA-E2-A14N-DX1_xmin21383_ymin66838_MPP-0.2500.png.tensor,0.333332,0.619983,0.647878,0.729747,0.157125,0.074928,0.363799
bcss,TCGA-E2-A14N-DX1_xmin21383_ymin66838_MPP-0.2500.png.tensor,0.343434,0.619727,0.642966,0.723621,0.155590,0.073054,0.361898
bcss,TCGA-E2-A14N-DX1_xmin21383_ymin66838_MPP-0.2500.png.tensor,0.353534,0.619606,0.637792,0.717204,0.154211,0.071346,0.359834
bcss,TCGA-E2-A14N-DX1_xmin21383_ymin66838_MPP-0.2500.png.tensor,0.363635,0.618931,0.632635,0.710735,0.152774,0.069624,0.358138
bcss,TCGA-E2-A14N-DX1_xmin21383_ymin66838_MPP-0.2500.png.tensor,0.373736,0.618400,0.627265,0.704194,0.151461,0.067905,0.356271
bcss,TCGA-E2-A14N-DX1_xmin21383_ymin66838_MPP-0.2500.png.tensor,0.383838,0.617624,0.621891,0.697635,0.150108,0.066144,0.354545
bcss,TCGA-E2-A14N-DX1_xmin21383_ymin66838_MPP-0.2500.png.tensor,0.393938,0.616817,0.616557,0.690918,0.148677,0.064455,0.352790
bcss,TCGA-E2-A14N-DX1_xmin21383_ymin66838_MPP-0.2500.png.tensor,0.404039,0.615408,0.611029,0.683805,0.147361,0.063040,0.351476
bcss,TCGA-E2-A14N-DX1_xmin21383_ymin66838_MPP-0.2500.png.tensor,0.414140,0.613859,0.605256,0.676577,0.146207,0.061676,0.350239
bcss,TCGA-E2-A14N-DX1_xmin21383_ymin66838_MPP-0.2500.png.tensor,0.424241,0.612217,0.599485,0.669239,0.145012,0.060358,0.349035
bcss,TCGA-E2-A14N-DX1_xmin21383_ymin66838_MPP-0.2500.png.tensor,0.434343,0.610479,0.593572,0.661891,0.143900,0.059002,0.347876
bcss,TCGA-E2-A14N-DX1_xmin21383_ymin66838_MPP-0.2500.png.tensor,0.444443,0.608574,0.587670,0.654641,0.142738,0.057509,0.346827
bcss,TCGA-E2-A14N-DX1_xmin21383_ymin66838_MPP-0.2500.png.tensor,0.454544,0.606489,0.581768,0.647096,0.141531,0.056232,0.345891
bcss,TCGA-E2-A14N-DX1_xmin21383_ymin66838_MPP-0.2500.png.tensor,0.464645,0.604154,0.575735,0.639413,0.140403,0.055034,0.345171
bcss,TCGA-E2-A14N-DX1_xmin21383_ymin66838_MPP-0.2500.png.tensor,0.474747,0.601689,0.569626,0.631585,0.139302,0.053928,0.344545
bcss,TCGA-E2-A14N-DX1_xmin21383_ymin66838_MPP-0.2500.png.tensor,0.484847,0.599127,0.563252,0.623757,0.138416,0.052780,0.343983
bcss,TCGA-E2-A14N-DX1_xmin21383_ymin66838_MPP-0.2500.png.tensor,0.494948,0.596317,0.556902,0.615979,0.137471,0.051536,0.343632
bcss,TCGA-E2-A14N-DX1_xmin21383_ymin66838_MPP-0.2500.png.tensor,0.505049,0.593532,0.550751,0.608098,0.136286,0.050344,0.343259
bcss,TCGA-E2-A14N-DX1_xmin21383_ymin66838_MPP-0.2500.png.tensor,0.515151,0.590769,0.544322,0.599992,0.135339,0.049336,0.342830
bcss,TCGA-E2-A14N-DX1_xmin21383_ymin66838_MPP-0.2500.png.tensor,0.525251,0.587751,0.537792,0.591959,0.134458,0.048209,0.342679
bcss,TCGA-E2-A14N-DX1_xmin21383_ymin66838_MPP-0.2500.png.tensor,0.535352,0.584580,0.531267,0.583762,0.133533,0.047208,0.342589
bcss,TCGA-E2-A14N-DX1_xmin21383_ymin66838_MPP-0.2500.png.tensor,0.545453,0.581558,0.524642,0.575542,0.132676,0.046187,0.342412
bcss,TCGA-E2-A14N-DX1_xmin21383_ymin66838_MPP-0.2500.png.tensor,0.555554,0.578490,0.517912,0.567185,0.131900,0.045274,0.342332
bcss,TCGA-E2-A14N-DX1_xmin21383_ymin66838_MPP-0.2500.png.tensor,0.565654,0.575358,0.511091,0.558818,0.131192,0.044333,0.342282
bcss,TCGA-E2-A14N-DX1_xmin21383_ymin66838_MPP-0.2500.png.tensor,0.575756,0.572045,0.504196,0.550151,0.130537,0.043698,0.342250
bcss,TCGA-E2-A14N-DX1_xmin21383_ymin66838_MPP-0.2500.png.tensor,0.585857,0.568840,0.497244,0.541524,0.129918,0.042984,0.342250
bcss,TCGA-E2-A14N-DX1_xmin21383_ymin66838_MPP-0.2500.png.tensor,0.595958,0.565699,0.490197,0.532784,0.129387,0.042374,0.342250
bcss,TCGA-E2-A14N-DX1_xmin21383_ymin66838_MPP-0.2500.png.tensor,0.606060,0.562188,0.482978,0.524191,0.129046,0.041545,0.342250
bcss,TCGA-E2-A14N-DX1_xmin21383_ymin66838_MPP-0.2500.png.tensor,0.616160,0.558957,0.475836,0.515411,0.128589,0.040919,0.342250
bcss,TCGA-E2-A14N-DX1_xmin21383_ymin66838_MPP-0.2500.png.tensor,0.626261,0.555379,0.468657,0.506570,0.128155,0.040339,0.342250
bcss,TCGA-E2-A14N-DX1_xmin21383_ymin66838_MPP-0.2500.png.tensor,0.636362,0.551899,0.461458,0.497700,0.127724,0.039767,0.342250
bcss,TCGA-E2-A14N-DX1_xmin21383_ymin66838_MPP-0.2500.png.tensor,0.646464,0.548358,0.454190,0.488797,0.127366,0.039208,0.342250
bcss,TCGA-E2-A14N-DX1_xmin21383_ymin66838_MPP-0.2500.png.tensor,0.656563,0.544701,0.446911,0.479842,0.127004,0.038694,0.342250
bcss,TCGA-E2-A14N-DX1_xmin21383_ymin66838_MPP-0.2500.png.tensor,0.666665,0.541040,0.439468,0.470917,0.126865,0.038102,0.342250
bcss,TCGA-E2-A14N-DX1_xmin21383_ymin66838_MPP-0.2500.png.tensor,0.676766,0.537288,0.432089,0.461891,0.126619,0.037630,0.342250
bcss,TCGA-E2-A14N-DX1_xmin21383_ymin66838_MPP-0.2500.png.tensor,0.686867,0.533508,0.424736,0.452806,0.126315,0.037221,0.342250
bcss,TCGA-E2-A14N-DX1_xmin21383_ymin66838_MPP-0.2500.png.tensor,0.696967,0.529520,0.417301,0.443726,0.126129,0.036779,0.342250
bcss,TCGA-E2-A14N-DX1_xmin21383_ymin66838_MPP-0.2500.png.tensor,0.707069,0.525823,0.409808,0.434606,0.126026,0.036371,0.342250
bcss,TCGA-E2-A14N-DX1_xmin21383_ymin66838_MPP-0.2500.png.tensor,0.717170,0.522146,0.402344,0.425428,0.125864,0.036039,0.342250
bcss,TCGA-E2-A14N-DX1_xmin21383_ymin66838_MPP-0.2500.png.tensor,0.727271,0.518549,0.394901,0.416178,0.125653,0.035812,0.342250
bcss,TCGA-E2-A14N-DX1_xmin21383_ymin66838_MPP-0.2500.png.tensor,0.737373,0.515032,0.387352,0.406990,0.125626,0.035452,0.342250
bcss,TCGA-E2-A14N-DX1_xmin21383_ymin66838_MPP-0.2500.png.tensor,0.747473,0.511420,0.379904,0.397749,0.125400,0.035168,0.342250
bcss,TCGA-E2-A14N-DX1_xmin21383_ymin66838_MPP-0.2500.png.tensor,0.757574,0.508037,0.372345,0.388509,0.125382,0.034858,0.342250
bcss,TCGA-E2-A14N-DX1_xmin21383_ymin66838_MPP-0.2500.png.tensor,0.767675,0.504782,0.364890,0.379237,0.125138,0.034587,0.342250
bcss,TCGA-E2-A14N-DX1_xmin21383_ymin66838_MPP-0.2500.png.tensor,0.777777,0.501591,0.357397,0.369920,0.124957,0.034396,0.342250
bcss,TCGA-E2-A14N-DX1_xmin21383_ymin66838_MPP-0.2500.png.tensor,0.787876,0.498644,0.349821,0.360626,0.124957,0.034134,0.342250
bcss,TCGA-E2-A14N-DX1_xmin21383_ymin66838_MPP-0.2500.png.tensor,0.797978,0.495769,0.342324,0.351304,0.124761,0.033912,0.342250
bcss,TCGA-E2-A14N-DX1_xmin21383_ymin66838_MPP-0.2500.png.tensor,0.808079,0.492631,0.334866,0.342007,0.124441,0.033601,0.342250
bcss,TCGA-E2-A14N-DX1_xmin21383_ymin66838_MPP-0.2500.png.tensor,0.818180,0.489993,0.327306,0.332615,0.124365,0.033518,0.342250
bcss,TCGA-E2-A14N-DX1_xmin21383_ymin66838_MPP-0.2500.png.tensor,0.828280,0.487318,0.319939,0.323273,0.123724,0.033280,0.342250
bcss,TCGA-E2-A14N-DX1_xmin21383_ymin66838_MPP-0.2500.png.tensor,0.838382,0.484791,0.312372,0.313844,0.123614,0.033280,0.342250
bcss,TCGA-E2-A14N-DX1_xmin21383_ymin66838_MPP-0.2500.png.tensor,0.848483,0.482217,0.304785,0.304415,0.123557,0.033280,0.342250
bcss,TCGA-E2-A14N-DX1_xmin21383_ymin66838_MPP-0.2500.png.tensor,0.858584,0.479554,0.297380,0.294986,0.122852,0.033280,0.342250
bcss,TCGA-E2-A14N-DX1_xmin21383_ymin66838_MPP-0.2500.png.tensor,0.868686,0.476936,0.289922,0.285557,0.122235,0.033280,0.342250
bcss,TCGA-E2-A14N-DX1_xmin21383_ymin66838_MPP-0.2500.png.tensor,0.878786,0.474280,0.282318,0.276130,0.122124,0.033280,0.342250
bcss,TCGA-E2-A14N-DX1_xmin21383_ymin66838_MPP-0.2500.png.tensor,0.888887,0.471247,0.274972,0.266721,0.120828,0.033191,0.342250
bcss,TCGA-E2-A14N-DX1_xmin21383_ymin66838_MPP-0.2500.png.tensor,0.898988,0.468320,0.267718,0.257423,0.118818,0.032534,0.342250
bcss,TCGA-E2-A14N-DX1_xmin21383_ymin66838_MPP-0.2500.png.tensor,0.909090,0.465254,0.260346,0.248004,0.117008,0.032392,0.342250
bcss,TCGA-E2-A14N-DX1_xmin21383_ymin66838_MPP-0.2500.png.tensor,0.919189,0.462181,0.253037,0.238609,0.114365,0.032084,0.342250
bcss,TCGA-E2-A14N-DX1_xmin21383_ymin66838_MPP-0.2500.png.tensor,0.929291,0.459365,0.245708,0.229264,0.111102,0.031320,0.342250
bcss,TCGA-E2-A14N-DX1_xmin21383_ymin66838_MPP-0.2500.png.tensor,0.939392,0.456374,0.238396,0.219913,0.106610,0.030344,0.342250
bcss,TCGA-E2-A14N-DX1_xmin21383_ymin66838_MPP-0.2500.png.tensor,0.949493,0.453108,0.230948,0.210561,0.101657,0.028997,0.342250
bcss,TCGA-E2-A14N-DX1_xmin21383_ymin66838_MPP-0.2500.png.tensor,0.959593,0.449810,0.223232,0.201104,0.097575,0.028287,0.342250
bcss,TCGA-E2-A14N-DX1_xmin21383_ymin66838_MPP-0.2500.png.tensor,0.969695,0.446994,0.215398,0.191623,0.092679,0.027488,0.342250
bcss,TCGA-E2-A14N-DX1_xmin21383_ymin66838_MPP-0.2500.png.tensor,0.979796,0.443887,0.207323,0.182090,0.088868,0.027169,0.342250
bcss,TCGA-E2-A14N-DX1_xmin21383_ymin66838_MPP-0.2500.png.tensor,0.989897,0.440943,0.199018,0.172537,0.088822,0.027169,0.342250
bcss,TCGA-E2-A14N-DX1_xmin21383_ymin66838_MPP-0.2500.png.tensor,0.999999,0.438380,0.190712,0.162985,0.088822,0.027169,0.342250
bcss,TCGA-E2-A14R-DX1_xmin7751_ymin59308_MPP-0.2500.png.tensor,0.000000,0.720054,0.552985,0.666299,0.447015,0.333701,0.279946
bcss,TCGA-E2-A14R-DX1_xmin7751_ymin59308_MPP-0.2500.png.tensor,0.010099,0.723715,0.551915,0.669335,0.447015,0.330471,0.275852
bcss,TCGA-E2-A14R-DX1_xmin7751_ymin59308_MPP-0.2500.png.tensor,0.020197,0.727573,0.550845,0.674328,0.447015,0.326176,0.271573
bcss,TCGA-E2-A14R-DX1_xmin7751_ymin59308_MPP-0.2500.png.tensor,0.030296,0.731676,0.549775,0.676989,0.447015,0.322993,0.267078
bcss,TCGA-E2-A14R-DX1_xmin7751_ymin59308_MPP-0.2500.png.tensor,0.040403,0.735378,0.548703,0.680015,0.447015,0.319552,0.262694
bcss,TCGA-E2-A14R-DX1_xmin7751_ymin59308_MPP-0.2500.png.tensor,0.050502,0.738531,0.547633,0.683175,0.447015,0.315969,0.258512
bcss,TCGA-E2-A14R-DX1_xmin7751_ymin59308_MPP-0.2500.png.tensor,0.060600,0.741750,0.546563,0.687387,0.447015,0.311749,0.254202
bcss,TCGA-E2-A14R-DX1_xmin7751_ymin59308_MPP-0.2500.png.tensor,0.070699,0.744707,0.545493,0.690441,0.447015,0.308060,0.249941
bcss,TCGA-E2-A14R-DX1_xmin7751_ymin59308_MPP-0.2500.png.tensor,0.080806,0.747295,0.544422,0.693894,0.447015,0.304071,0.245783
bcss,TCGA-E2-A14R-DX1_xmin7751_ymin59308_MPP-0.2500.png.tensor,0.090905,0.750219,0.543352,0.696589,0.447015,0.300412,0.241351
bcss,TCGA-E2-A14R-DX1_xmin7751_ymin59308_MPP-0.2500.png.tensor,0.101003,0.752521,0.542282,0.700363,0.447015,0.296072,0.237162
bcss,TCGA-E2-A14R-DX1_xmin7751_ymin59308_MPP-0.2500.png.tensor,0.111110,0.754748,0.541211,0.703567,0.447015,0.291950,0.232924
bcss,TCGA-E2-A14R-DX1_xmin7751_ymin59308_MPP-0.2500.png.tensor,0.121209,0.757328,0.540140,0.706668,0.447015,0.287796,0.228387
bcss,TCGA-E2-A14R-DX1_xmin7751_ymin59308_MPP-0.2500.png.tensor,0.131308,0.759384,0.539070,0.709830,0.447015,0.283508,0.224044
bcss,TCGA-E2-A14R-DX1_xmin7751_ymin59308_MPP-0.2500.png.tensor,0.141406,0.761391,0.538000,0.711557,0.447015,0.279957,0.219630
bcss,TCGA-E2-A14R-DX1_xmin7751_ymin59308_MPP-0.2500.png.tensor,0.151513,0.763274,0.536929,0.713604,0.447015,0.276129,0.215180
bcss,TCGA-E2-A14R-DX1_xmin7751_ymin59308_MPP-0.2500.png.tensor,0.161612,0.764954,0.535859,0.715942,0.447015,0.272038,0.210750
bcss,TCGA-E2-A14R-DX1_xmin7751_ymin59308_MPP-0.2500.png.tensor,0.171711,0.766485,0.534789,0.718172,0.447015,0.267913,0.206299
bcss,TCGA-E2-A14R-DX1_xmin7751_ymin59308_MPP-0.2500.png.tensor,0.181809,0.768213,0.533719,0.719719,0.447015,0.264103,0.201618
bcss,TCGA-E2-A14R-DX1_xmin7751_ymin59308_MPP-0.2500.png.tensor,0.191916,0.769393,0.532648,0.721370,0.447015,0.260131,0.197150
bcss,TCGA-E2-A14R-DX1_xmin7751_ymin59308_MPP-0.2500.png.tensor,0.202015,0.770548,0.531577,0.723643,0.447015,0.255671,0.192598
bcss,TCGA-E2-A14R-DX1_xmin7751_ymin59308_MPP-0.2500.png.tensor,0.212114,0.772194,0.530507,0.725194,0.447015,0.251555,0.187615
bcss,TCGA-E2-A14R-DX1_xmin7751_ymin59308_MPP-0.2500.png.tensor,0.222220,0.773455,0.529436,0.727885,0.447015,0.246597,0.182745
bcss,TCGA-E2-A14R-DX1_xmin7751_ymin59308_MPP-0.2500.png.tensor,0.232319,0.774512,0.528366,0.729698,0.447015,0.242082,0.177883
bcss,TCGA-E2-A14R-DX1_xmin7751_ymin59308_MPP-0.2500.png.tensor,0.242418,0.774979,0.527296,0.731255,0.447015,0.237617,0.173278
bcss,TCGA-E2-A14R-DX1_xmin7751_ymin59308_MPP-0.2500.png.tensor,0.252516,0.775626,0.526226,0.731933,0.447015,0.233618,0.168434
bcss,TCGA-E2-A14R-DX1_xmin7751_ymin59308_MPP-0.2500.png.tensor,0.262623,0.775609,0.525155,0.732915,0.447015,0.229301,0.163897
bcss,TCGA-E2-A14R-DX1_xmin7751_ymin59308_MPP-0.2500.png.tensor,0.272722,0.775601,0.524085,0.734191,0.447015,0.224665,0.159240
bcss,TCGA-E2-A14R-DX1_xmin7751_ymin59308_MPP-0.2500.png.tensor,0.282821,0.775396,0.523014,0.734405,0.447015,0.220639,0.154582
bcss,TCGA-E2-A14R-DX1_xmin7751_ymin59308_MPP-0.2500.png.tensor,0.292919,0.774798,0.521944,0.735833,0.447015,0.215639,0.150074
bcss,TCGA-E2-A14R-DX1_xmin7751_ymin59308_MPP-0.2500.png.tensor,0.303026,0.773766,0.520873,0.736533,0.447015,0.211014,0.145740
bcss,TCGA-E2-A14R-DX1_xmin7751_ymin59308_MPP-0.2500.png.tensor,0.313125,0.772480,0.519803,0.736798,0.447015,0.206572,0.141467
bcss,TCGA-E2-A14R-DX1_xmin7751_ymin59308_MPP-0.2500.png.tensor,0.323224,0.771326,0.518733,0.736766,0.447015,0.202217,0.136964
bcss,TCGA-E2-A14R-DX1_xmin7751_ymin59308_MPP-0.2500.png.tensor,0.333331,0.769737,0.517662,0.736798,0.447015,0.197678,0.132658
bcss,TCGA-E2-A14R-DX1_xmin7751_ymin59308_MPP-0.2500.png.tensor,0.343429,0.767959,0.516918,0.736898,0.446766,0.192952,0.128357
bcss,TCGA-E2-A14R-DX1_xmin7751_ymin59308_MPP-0.2500.png.tensor,0.353528,0.766231,0.518361,0.736520,0.444819,0.188449,0.123893
bcss,TCGA-E2-A14R-DX1_xmin7751_ymin59308_MPP-0.2500.png.tensor,0.363627,0.763831,0.519614,0.735790,0.442959,0.184078,0.119807
bcss,TCGA-E2-A14R-DX1_xmin7751_ymin59308_MPP-0.2500.png.tensor,0.373734,0.761260,0.521450,0.734968,0.440572,0.179636,0.115726
bcss,TCGA-E2-A14R-DX1_xmin7751_ymin59308_MPP-0.2500.png.tensor,0.383832,0.758696,0.523047,0.733954,0.438303,0.175208,0.111479
bcss,TCGA-E2-A14R-DX1_xmin7751_ymin59308_MPP-0.2500.png.tensor,0.393931,0.756198,0.524672,0.732379,0.435934,0.171095,0.107096
bcss,TCGA-E2-A14R-DX1_xmin7751_ymin59308_MPP-0.2500.png.tensor,0.404030,0.753766,0.526045,0.730330,0.433696,0.167241,0.102478
bcss,TCGA-E2-A14R-DX1_xmin7751_ymin59308_MPP-0.2500.png.tensor,0.414137,0.750833,0.528222,0.729161,0.430695,0.162498,0.098125
bcss,TCGA-E2-A14R-DX1_xmin7751_ymin59308_MPP-0.2500.png.tensor,0.424235,0.747828,0.530097,0.727525,0.427851,0.158000,0.093680
bcss,TCGA-E2-A14R-DX1_xmin7751_ymin59308_MPP-0.2500.png.tensor,0.434334,0.744707,0.531428,0.725549,0.425386,0.153641,0.089190
bcss,TCGA-E2-A14R-DX1_xmin7751_ymin59308_MPP-0.2500.png.tensor,0.444441,0.741349,0.533797,0.723129,0.421896,0.149517,0.084739
bcss,TCGA-E2-A14R-DX1_xmin7751_ymin59308_MPP-0.2500.png.tensor,0.454539,0.737655,0.536233,0.720501,0.418218,0.145437,0.080435
bcss,TCGA-E2-A14R-DX1_xmin7751_ymin59308_MPP-0.2500.png.tensor,0.464638,0.733568,0.538954,0.717548,0.414133,0.141507,0.076331
bcss,TCGA-E2-A14R-DX1_xmin7751_ymin59308_MPP-0.2500.png.tensor,0.474737,0.729170,0.541512,0.714670,0.410048,0.137354,0.072381
bcss,TCGA-E2-A14R-DX1_xmin7751_ymin59308_MPP-0.2500.png.tensor,0.484844,0.724600,0.544164,0.711061,0.405709,0.133742,0.068427
bcss,TCGA-E2-A14R-DX1_xmin7751_ymin59308_MPP-0.2500.png.tensor,0.494942,0.719759,0.546101,0.707495,0.401906,0.129950,0.064586
bcss,TCGA-E2-A14R-DX1_xmin7751_ymin59308_MPP-0.2500.png.tensor,0.505041,0.714788,0.548507,0.703181,0.397475,0.126757,0.060717
bcss,TCGA-E2-A14R-DX1_xmin7751_ymin59308_MPP-0.2500.png.tensor,0.515140,0.709357,0.550124,0.699057,0.393671,0.123235,0.057179
bcss,TCGA-E2-A14R-DX1_xmin7751_ymin59308_MPP-0.2500.png.tensor,0.525247,0.703772,0.552257,0.694463,0.389161,0.120053,0.053632
bcss,TCGA-E2-A14R-DX1_xmin7751_ymin59308_MPP-0.2500.png.tensor,0.535345,0.698112,0.554087,0.689802,0.384783,0.116811,0.050020
bcss,TCGA-E2-A14R-DX1_xmin7751_ymin59308_MPP-0.2500.png.tensor,0.545444,0.692223,0.556436,0.684827,0.379640,0.113771,0.046505
bcss,TCGA-E2-A14R-DX1_xmin7751_ymin59308_MPP-0.2500.png.tensor,0.555551,0.685868,0.558053,0.679705,0.375084,0.110750,0.043335
bcss,TCGA-E2-A14R-DX1_xmin7751_ymin59308_MPP-0.2500.png.tensor,0.565650,0.679586,0.559572,0.674576,0.370431,0.107604,0.039956
bcss,TCGA-E2-A14R-DX1_xmin7751_ymin59308_MPP-0.2500.png.tensor,0.575748,0.673025,0.560529,0.669420,0.366218,0.104340,0.036737
bcss,TCGA-E2-A14R-DX1_xmin7751_ymin59308_MPP-0.2500.png.tensor,0.585847,0.666252,0.562609,0.664150,0.360446,0.101054,0.033609
bcss,TCGA-E2-A14R-DX1_xmin7751_ymin59308_MPP-0.2500.png.tensor,0.595954,0.659192,0.563776,0.658831,0.355510,0.097658,0.030683
bcss,TCGA-E2-A14R-DX1_xmin7751_ymin59308_MPP-0.2500.png.tensor,0.606053,0.651550,0.565291,0.652800,0.349883,0.094999,0.028357
bcss,TCGA-E2-A14R-DX1_xmin7751_ymin59308_MPP-0.2500.png.tensor,0.616151,0.644121,0.566225,0.646523,0.344718,0.092520,0.025624
bcss,TCGA-E2-A14R-DX1_xmin7751_ymin59308_MPP-0.2500.png.tensor,0.626250,0.636119,0.566717,0.640176,0.339863,0.090000,0.023511
bcss,TCGA-E2-A14R-DX1_xmin7751_ymin59308_MPP-0.2500.png.tensor,0.636357,0.627651,0.566396,0.633581,0.335855,0.087673,0.021907
bcss,TCGA-E2-A14R-DX1_xmin7751_ymin59308_MPP-0.2500.png.tensor,0.646456,0.619649,0.566440,0.627455,0.331103,0.084558,0.019575
bcss,TCGA-E2-A14R-DX1_xmin7751_ymin59308_MPP-0.2500.png.tensor,0.656554,0.611188,0.566017,0.620600,0.326753,0.082323,0.017765
bcss,TCGA-E2-A14R-DX1_xmin7751_ymin59308_MPP-0.2500.png.tensor,0.666661,0.602424,0.565440,0.614025,0.322365,0.079520,0.016279
bcss,TCGA-E2-A14R-DX1_xmin7751_ymin59308_MPP-0.2500.png.tensor,0.676760,0.593685,0.565980,0.607009,0.315980,0.077238,0.014692
bcss,TCGA-E2-A14R-DX1_xmin7751_ymin59308_MPP-0.2500.png.tensor,0.686859,0.584815,0.564831,0.599595,0.311880,0.075441,0.013194
bcss,TCGA-E2-A14R-DX1_xmin7751_ymin59308_MPP-0.2500.png.tensor,0.696957,0.575879,0.564307,0.592614,0.306477,0.072812,0.011712
bcss,TCGA-E2-A14R-DX1_xmin7751_ymin59308_MPP-0.2500.png.tensor,0.707064,0.566821,0.563203,0.585569,0.301684,0.070097,0.010343
bcss,TCGA-E2-A14R-DX1_xmin7751_ymin59308_MPP-0.2500.png.tensor,0.717163,0.557738,0.562029,0.577983,0.296677,0.068157,0.008916
bcss,TCGA-E2-A14R-DX1_xmin7751_ymin59308_MPP-0.2500.png.tensor,0.727262,0.548376,0.560663,0.570466,0.291654,0.065948,0.007890
bcss,TCGA-E2-A14R-DX1_xmin7751_ymin59308_MPP-0.2500.png.tensor,0.737360,0.538998,0.559233,0.562967,0.286364,0.063536,0.006826
bcss,TCGA-E2-A14R-DX1_xmin7751_ymin59308_MPP-0.2500.png.tensor,0.747467,0.529743,0.556681,0.555031,0.282868,0.061780,0.005416
bcss,TCGA-E2-A14R-DX1_xmin7751_ymin59308_MPP-0.2500.png.tensor,0.757566,0.519989,0.553761,0.547107,0.279846,0.059868,0.004930
bcss,TCGA-E2-A14R-DX1_xmin7751_ymin59308_MPP-0.2500.png.tensor,0.767665,0.510332,0.551199,0.538933,0.275790,0.058328,0.004192
bcss,TCGA-E2-A14R-DX1_xmin7751_ymin59308_MPP-0.2500.png.tensor,0.777771,0.500668,0.548377,0.531095,0.271943,0.055875,0.003390
bcss,TCGA-E2-A14R-DX1_xmin7751_ymin59308_MPP-0.2500.png.tensor,0.787870,0.490913,0.545692,0.523252,0.267414,0.053220,0.002728
bcss,TCGA-E2-A14R-DX1_xmin7751_ymin59308_MPP-0.2500.png.tensor,0.797969,0.481011,0.542156,0.515094,0.264539,0.051078,0.002383
bcss,TCGA-E2-A14R-DX1_xmin7751_ymin59308_MPP-0.2500.png.tensor,0.808067,0.470994,0.538430,0.506989,0.261857,0.048570,0.002285
bcss,TCGA-E2-A14R-DX1_xmin7751_ymin59308_MPP-0.2500.png.tensor,0.818174,0.460985,0.535180,0.498519,0.257557,0.046770,0.002150
bcss,TCGA-E2-A14R-DX1_xmin7751_ymin59308_MPP-0.2500.png.tensor,0.828273,0.451050,0.532090,0.489965,0.252296,0.045024,0.001802
bcss,TCGA-E2-A14R-DX1_xmin7751_ymin59308_MPP-0.2500.png.tensor,0.838372,0.441099,0.528739,0.481392,0.247184,0.043115,0.001454
bcss,TCGA-E2-A14R-DX1_xmin7751_ymin59308_MPP-0.2500.png.tensor,0.848470,0.431131,0.524770,0.472731,0.243433,0.041245,0.001120
bcss,TCGA-E2-A14R-DX1_xmin7751_ymin59308_MPP-0.2500.png.tensor,0.858577,0.421074,0.521819,0.464150,0.235531,0.038799,0.001038
bcss,TCGA-E2-A14R-DX1_xmin7751_ymin59308_MPP-0.2500.png.tensor,0.868676,0.410991,0.518293,0.455479,0.228619,0.036346,0.001038
bcss,TCGA-E2-A14R-DX1_xmin7751_ymin59308_MPP-0.2500.png.tensor,0.878775,0.400926,0.514100,0.446416,0.223305,0.035102,0.001007
bcss,TCGA-E2-A14R-DX1_xmin7751_ymin59308_MPP-0.2500.png.tensor,0.888882,0.390868,0.510016,0.437390,0.216515,0.033432,0.000879
bcss,TCGA-E2-A14R-DX1_xmin7751_ymin59308_MPP-0.2500.png.tensor,0.898980,0.380802,0.505309,0.428190,0.211472,0.032325,0.000748
bcss,TCGA-E2-A14R-DX1_xmin7751_ymin59308_MPP-0.2500.png.tensor,0.909079,0.370720,0.500736,0.419080,0.204576,0.030480,0.000748
bcss,TCGA-E2-A14R-DX1_xmin7751_ymin59308_MPP-0.2500.png.tensor,0.919178,0.360654,0.495407,0.409909,0.200630,0.028545,0.000703
bcss,TCGA-E2-A14R-DX1_xmin7751_ymin59308_MPP-0.2500.png.tensor,0.929285,0.350579,0.489630,0.400509,0.198687,0.027631,0.000571
bcss,TCGA-E2-A14R-DX1_xmin7751_ymin59308_MPP-0.2500.png.tensor,0.939383,0.340546,0.483553,0.391074,0.198611,0.026759,0.000129
bcss,TCGA-E2-A14R-DX1_xmin7751_ymin59308_MPP-0.2500.png.tensor,0.949482,0.330448,0.477466,0.381516,0.198611,0.026759,0.000129
bcss,TCGA-E2-A14R-DX1_xmin7751_ymin59308_MPP-0.2500.png.tensor,0.959581,0.320365,0.471451,0.371975,0.197724,0.026542,0.000000
bcss,TCGA-E2-A14R-DX1_xmin7751_ymin59308_MPP-0.2500.png.tensor,0.969688,0.310258,0.465808,0.362404,0.190011,0.026542,0.000000
bcss,TCGA-E2-A14R-DX1_xmin7751_ymin59308_MPP-0.2500.png.tensor,0.979786,0.300160,0.459723,0.352842,0.185672,0.026542,0.000000
bcss,TCGA-E2-A14R-DX1_xmin7751_ymin59308_MPP-0.2500.png.tensor,0.989885,0.290061,0.453804,0.343279,0.164435,0.026542,0.000000
bcss,TCGA-E2-A14R-DX1_xmin7751_ymin59308_MPP-0.2500.png.tensor,0.999992,0.279954,0.447021,0.333709,0.122976,0.026542,0.000000
bcss,TCGA-E2-A14X-DX1_xmin88836_ymin66393_MPP-0.2500.png.tensor,0.000000,0.897677,0.741106,0.866539,0.258894,0.133461,0.102323
bcss,TCGA-E2-A14X-DX1_xmin88836_ymin66393_MPP-0.2500.png.tensor,0.010099,0.897654,0.736236,0.861569,0.258894,0.132232,0.098278
bcss,TCGA-E2-A14X-DX1_xmin88836_ymin66393_MPP-0.2500.png.tensor,0.020200,0.896646,0.731365,0.856940,0.258894,0.130802,0.094650
bcss,TCGA-E2-A14X-DX1_xmin88836_ymin66393_MPP-0.2500.png.tensor,0.030301,0.894943,0.726494,0.852603,0.258894,0.129193,0.091306
bcss,TCGA-E2-A14X-DX1_xmin88836_ymin66393_MPP-0.2500.png.tensor,0.040402,0.893029,0.721623,0.848732,0.258894,0.127307,0.088001
bcss,TCGA-E2-A14X-DX1_xmin88836_ymin66393_MPP-0.2500.png.tensor,0.050503,0.890853,0.716752,0.845369,0.258894,0.125113,0.084764
bcss,TCGA-E2-A14X-DX1_xmin88836_ymin66393_MPP-0.2500.png.tensor,0.060604,0.888680,0.711882,0.842002,0.258894,0.122874,0.081455
bcss,TCGA-E2-A14X-DX1_xmin88836_ymin66393_MPP-0.2500.png.tensor,0.070705,0.886376,0.707011,0.838585,0.258894,0.120613,0.078146
bcss,TCGA-E2-A14X-DX1_xmin88836_ymin66393_MPP-0.2500.png.tensor,0.080807,0.883718,0.702140,0.835216,0.258894,0.118277,0.074956
bcss,TCGA-E2-A14X-DX1_xmin88836_ymin66393_MPP-0.2500.png.tensor,0.090908,0.880851,0.697269,0.832121,0.258894,0.115738,0.071810
bcss,TCGA-E2-A14X-DX1_xmin88836_ymin66393_MPP-0.2500.png.tensor,0.101009,0.877538,0.692398,0.828706,0.258894,0.113320,0.068841
bcss,TCGA-E2-A14X-DX1_xmin88836_ymin66393_MPP-0.2500.png.tensor,0.111110,0.874045,0.687527,0.825384,0.258894,0.110794,0.065907
bcss,TCGA-E2-A14X-DX1_xmin88836_ymin66393_MPP-0.2500.png.tensor,0.121211,0.870198,0.682873,0.821935,0.258771,0.108283,0.063106
bcss,TCGA-E2-A14X-DX1_xmin88836_ymin66393_MPP-0.2500.png.tensor,0.131312,0.866265,0.679354,0.818468,0.257991,0.105723,0.060290
bcss,TCGA-E2-A14X-DX1_xmin88836_ymin66393_MPP-0.2500.png.tensor,0.141413,0.861829,0.676178,0.814742,0.256994,0.103254,0.057700
bcss,TCGA-E2-A14X-DX1_xmin88836_ymin66393_MPP-0.2500.png.tensor,0.151514,0.857336,0.672990,0.811031,0.255980,0.100718,0.055082
bcss,TCGA-E2-A14X-DX1_xmin88836_ymin66393_MPP-0.2500.png.tensor,0.161615,0.852695,0.669914,0.807231,0.254874,0.098174,0.052490
bcss,TCGA-E2-A14X-DX1_xmin88836_ymin66393_MPP-0.2500.png.tensor,0.171716,0.847494,0.666947,0.803386,0.253676,0.095595,0.050172
bcss,TCGA-E2-A14X-DX1_xmin88836_ymin66393_MPP-0.2500.png.tensor,0.181817,0.842322,0.663647,0.799325,0.252651,0.093084,0.047779
bcss,TCGA-E2-A14X-DX1_xmin88836_ymin66393_MPP-0.2500.png.tensor,0.191918,0.836879,0.660795,0.795085,0.251324,0.090621,0.045494
bcss,TCGA-E2-A14X-DX1_xmin88836_ymin66393_MPP-0.2500.png.tensor,0.202019,0.831316,0.657899,0.790882,0.249991,0.088072,0.043226
bcss,TCGA-E2-A14X-DX1_xmin88836_ymin66393_MPP-0.2500.png.tensor,0.212120,0.825782,0.655009,0.786380,0.248620,0.085648,0.040882
bcss,TCGA-E2-A14X-DX1_xmin88836_ymin66393_MPP-0.2500.png.tensor,0.222222,0.820001,0.651974,0.781548,0.247306,0.083373,0.038636
bcss,TCGA-E2-A14X-DX1_xmin88836_ymin66393_MPP-0.2500.png.tensor,0.232323,0.814015,0.648898,0.776713,0.245984,0.081040,0.036464
bcss,TCGA-E2-A14X-DX1_xmin88836_ymin66393_MPP-0.2500.png.tensor,0.242424,0.807637,0.645783,0.771961,0.244654,0.078590,0.034493
bcss,TCGA-E2-A14X-DX1_xmin88836_ymin66393_MPP-0.2500.png.tensor,0.252523,0.801143,0.642815,0.766944,0.243189,0.076253,0.032548
bcss,TCGA-E2-A14X-DX1_xmin88836_ymin66393_MPP-0.2500.png.tensor,0.262624,0.794494,0.639982,0.761811,0.241592,0.073928,0.030653
bcss,TCGA-E2-A14X-DX1_xmin88836_ymin66393_MPP-0.2500.png.tensor,0.272725,0.787474,0.637131,0.756581,0.239963,0.071607,0.028959
bcss,TCGA-E2-A14X-DX1_xmin88836_ymin66393_MPP-0.2500.png.tensor,0.282826,0.780253,0.634294,0.751319,0.238279,0.069241,0.027360
bcss,TCGA-E2-A14X-DX1_xmin88836_ymin66393_MPP-0.2500.png.tensor,0.292927,0.773012,0.631454,0.745777,0.236548,0.067006,0.025728
bcss,TCGA-E2-A14X-DX1_xmin88836_ymin66393_MPP-0.2500.png.tensor,0.303028,0.765429,0.628273,0.739881,0.235012,0.064961,0.024295
bcss,TCGA-E2-A14X-DX1_xmin88836_ymin66393_MPP-0.2500.png.tensor,0.313129,0.757796,0.625063,0.733926,0.233451,0.062898,0.022856
bcss,TCGA-E2-A14X-DX1_xmin88836_ymin66393_MPP-0.2500.png.tensor,0.323230,0.750127,0.621687,0.727716,0.231968,0.060962,0.021399
bcss,TCGA-E2-A14X-DX1_xmin88836_ymin66393_MPP-0.2500.png.tensor,0.333331,0.742268,0.618143,0.721045,0.230564,0.059313,0.020042
bcss,TCGA-E2-A14X-DX1_xmin88836_ymin66393_MPP-0.2500.png.tensor,0.343432,0.734340,0.614372,0.714172,0.229291,0.057767,0.018696
bcss,TCGA-E2-A14X-DX1_xmin88836_ymin66393_MPP-0.2500.png.tensor,0.353533,0.726312,0.610211,0.707209,0.228279,0.056243,0.017384
bcss,TCGA-E2-A14X-DX1_xmin88836_ymin66393_MPP-0.2500.png.tensor,0.363634,0.717968,0.605757,0.700109,0.227466,0.054778,0.016280
bcss,TCGA-E2-A14X-DX1_xmin88836_ymin66393_MPP-0.2500.png.tensor,0.373736,0.709538,0.601455,0.692850,0.226505,0.053392,0.015208
bcss,TCGA-E2-A14X-DX1_xmin88836_ymin66393_MPP-0.2500.png.tensor,0.383837,0.701049,0.596783,0.685311,0.225813,0.052188,0.014150
bcss,TCGA-E2-A14X-DX1_xmin88836_ymin66393_MPP-0.2500.png.tensor,0.393938,0.692425,0.591939,0.677710,0.225239,0.050996,0.013166
bcss,TCGA-E2-A14X-DX1_xmin88836_ymin66393_MPP-0.2500.png.tensor,0.404039,0.683707,0.586675,0.669962,0.224999,0.049886,0.012230
bcss,TCGA-E2-A14X-DX1_xmin88836_ymin66393_MPP-0.2500.png.tensor,0.414140,0.674898,0.581314,0.661950,0.224832,0.048963,0.011338
bcss,TCGA-E2-A14X-DX1_xmin88836_ymin66393_MPP-0.2500.png.tensor,0.424241,0.665825,0.575826,0.653851,0.224771,0.048083,0.010643
bcss,TCGA-E2-A14X-DX1_xmin88836_ymin66393_MPP-0.2500.png.tensor,0.434342,0.656736,0.570265,0.645595,0.224771,0.047311,0.009938
bcss,TCGA-E2-A14X-DX1_xmin88836_ymin66393_MPP-0.2500.png.tensor,0.444443,0.647569,0.564705,0.637250,0.224771,0.046591,0.009279
bcss,TCGA-E2-A14X-DX1_xmin88836_ymin66393_MPP-0.2500.png.tensor,0.454544,0.638147,0.559145,0.629056,0.224771,0.045706,0.008828
bcss,TCGA-E2-A14X-DX1_xmin88836_ymin66393_MPP-0.2500.png.tensor,0.464645,0.628754,0.553585,0.620652,0.224771,0.044983,0.008335
bcss,TCGA-E2-A14X-DX1_xmin88836_ymin66393_MPP-0.2500.png.tensor,0.474746,0.619323,0.548024,0.612070,0.224771,0.044402,0.007856
bcss,TCGA-E2-A14X-DX1_xmin88836_ymin66393_MPP-0.2500.png.tensor,0.484847,0.609852,0.542464,0.603632,0.224771,0.043659,0.007400
bcss,TCGA-E2-A14X-DX1_xmin88836_ymin66393_MPP-0.2500.png.tensor,0.494948,0.600265,0.536904,0.594994,0.224771,0.043083,0.007037
bcss,TCGA-E2-A14X-DX1_xmin88836_ymin66393_MPP-0.2500.png.tensor,0.505047,0.590672,0.531345,0.586275,0.224771,0.042568,0.006671
bcss,TCGA-E2-A14X-DX1_xmin88836_ymin66393_MPP-0.2500.png.tensor,0.515149,0.581052,0.525785,0.577616,0.224771,0.041968,0.006313
bcss,TCGA-E2-A14X-DX1_xmin88836_ymin66393_MPP-0.2500.png.tensor,0.525250,0.571305,0.520225,0.568746,0.224771,0.041565,0.006075
bcss,TCGA-E2-A14X-DX1_xmin88836_ymin66393_MPP-0.2500.png.tensor,0.535351,0.561525,0.514664,0.559929,0.224771,0.041086,0.005862
bcss,TCGA-E2-A14X-DX1_xmin88836_ymin66393_MPP-0.2500.png.tensor,0.545452,0.551782,0.509104,0.551018,0.224771,0.040690,0.005598
bcss,TCGA-E2-A14X-DX1_xmin88836_ymin66393_MPP-0.2500.png.tensor,0.555553,0.542063,0.503544,0.542174,0.224771,0.040201,0.005291
bcss,TCGA-E2-A14X-DX1_xmin88836_ymin66393_MPP-0.2500.png.tensor,0.565654,0.532279,0.497984,0.533401,0.224771,0.039606,0.005053
bcss,TCGA-E2-A14X-DX1_xmin88836_ymin66393_MPP-0.2500.png.tensor,0.575755,0.522499,0.492423,0.524577,0.224771,0.039045,0.004796
bcss,TCGA-E2-A14X-DX1_xmin88836_ymin66393_MPP-0.2500.png.tensor,0.585856,0.512752,0.486863,0.515612,0.224771,0.038625,0.004483
bcss,TCGA-E2-A14X-DX1_xmin88836_ymin66393_MPP-0.2500.png.tensor,0.595957,0.503025,0.481303,0.506595,0.224771,0.038249,0.004134
bcss,TCGA-E2-A14X-DX1_xmin88836_ymin66393_MPP-0.2500.png.tensor,0.606058,0.493146,0.475743,0.497513,0.224771,0.037936,0.003953
bcss,TCGA-E2-A14X-DX1_xmin88836_ymin66393_MPP-0.2500.png.tensor,0.616159,0.483325,0.470183,0.488525,0.224771,0.037485,0.003697
bcss,TCGA-E2-A14X-DX1_xmin88836_ymin66393_MPP-0.2500.png.tensor,0.626260,0.473491,0.464622,0.479425,0.224771,0.037160,0.003439
bcss,TCGA-E2-A14X-DX1_xmin88836_ymin66393_MPP-0.2500.png.tensor,0.636361,0.463678,0.459062,0.470273,0.224771,0.036886,0.003139
bcss,TCGA-E2-A14X-DX1_xmin88836_ymin66393_MPP-0.2500.png.tensor,0.646462,0.453828,0.453502,0.461167,0.224771,0.036533,0.002874
bcss,TCGA-E2-A14X-DX1_xmin88836_ymin66393_MPP-0.2500.png.tensor,0.656564,0.443908,0.447942,0.452032,0.224771,0.036201,0.002694
bcss,TCGA-E2-A14X-DX1_xmin88836_ymin66393_MPP-0.2500.png.tensor,0.666665,0.434009,0.442381,0.442923,0.224771,0.035809,0.002475
bcss,TCGA-E2-A14X-DX1_xmin88836_ymin66393_MPP-0.2500.png.tensor,0.676766,0.424048,0.436821,0.433639,0.224771,0.035665,0.002336
bcss,TCGA-E2-A14X-DX1_xmin88836_ymin66393_MPP-0.2500.png.tensor,0.686867,0.414086,0.431261,0.424470,0.224771,0.035327,0.002186
bcss,TCGA-E2-A14X-DX1_xmin88836_ymin66393_MPP-0.2500.png.tensor,0.696968,0.404109,0.425701,0.415231,0.224771,0.035082,0.002054
bcss,TCGA-E2-A14X-DX1_xmin88836_ymin66393_MPP-0.2500.png.tensor,0.707069,0.394139,0.420141,0.406167,0.224771,0.034521,0.001900
bcss,TCGA-E2-A14X-DX1_xmin88836_ymin66393_MPP-0.2500.png.tensor,0.717170,0.384219,0.414580,0.396960,0.224771,0.034174,0.001647
bcss,TCGA-E2-A14X-DX1_xmin88836_ymin66393_MPP-0.2500.png.tensor,0.727271,0.374229,0.409020,0.387646,0.224771,0.033996,0.001507
bcss,TCGA-E2-A14X-DX1_xmin88836_ymin66393_MPP-0.2500.png.tensor,0.737372,0.364243,0.403460,0.378304,0.224771,0.033859,0.001347
bcss,TCGA-E2-A14X-DX1_xmin88836_ymin66393_MPP-0.2500.png.tensor,0.747473,0.354233,0.397900,0.368952,0.224771,0.033731,0.001219
bcss,TCGA-E2-A14X-DX1_xmin88836_ymin66393_MPP-0.2500.png.tensor,0.757572,0.344204,0.392341,0.359820,0.224771,0.033142,0.001126
bcss,TCGA-E2-A14X-DX1_xmin88836_ymin66393_MPP-0.2500.png.tensor,0.767673,0.334164,0.386780,0.350463,0.224771,0.032981,0.001035
bcss,TCGA-E2-A14X-DX1_xmin88836_ymin66393_MPP-0.2500.png.tensor,0.777774,0.324088,0.381220,0.341116,0.224771,0.032784,0.001023
bcss,TCGA-E2-A14X-DX1_xmin88836_ymin66393_MPP-0.2500.png.tensor,0.787875,0.314003,0.375660,0.331884,0.224771,0.032297,0.001021
bcss,TCGA-E2-A14X-DX1_xmin88836_ymin66393_MPP-0.2500.png.tensor,0.797976,0.303931,0.370991,0.322554,0.222565,0.032002,0.001021
bcss,TCGA-E2-A14X-DX1_xmin88836_ymin66393_MPP-0.2500.png.tensor,0.808078,0.293859,0.367589,0.313116,0.216827,0.031959,0.001006
bcss,TCGA-E2-A14X-DX1_xmin88836_ymin66393_MPP-0.2500.png.tensor,0.818179,0.283799,0.364359,0.303661,0.209978,0.031959,0.000945
bcss,TCGA-E2-A14X-DX1_xmin88836_ymin66393_MPP-0.2500.png.tensor,0.828280,0.273731,0.360886,0.294205,0.203030,0.031959,0.000908
bcss,TCGA-E2-A14X-DX1_xmin88836_ymin66393_MPP-0.2500.png.tensor,0.838381,0.263642,0.356984,0.284750,0.196540,0.031959,0.000906
bcss,TCGA-E2-A14X-DX1_xmin88836_ymin66393_MPP-0.2500.png.tensor,0.848482,0.253553,0.352422,0.275294,0.191366,0.031959,0.000906
bcss,TCGA-E2-A14X-DX1_xmin88836_ymin66393_MPP-0.2500.png.tensor,0.858583,0.243469,0.347206,0.265839,0.187762,0.031959,0.000906
bcss,TCGA-E2-A14X-DX1_xmin88836_ymin66393_MPP-0.2500.png.tensor,0.868684,0.233384,0.341649,0.256383,0.184903,0.031959,0.000906
bcss,TCGA-E2-A14X-DX1_xmin88836_ymin66393_MPP-0.2500.png.tensor,0.878785,0.223295,0.335916,0.246928,0.182293,0.031959,0.000906
bcss,TCGA-E2-A14X-DX1_xmin88836_ymin66393_MPP-0.2500.png.tensor,0.888886,0.213211,0.329966,0.237473,0.180187,0.031959,0.000906
bcss,TCGA-E2-A14X-DX1_xmin88836_ymin66393_MPP-0.2500.png.tensor,0.898987,0.203122,0.323968,0.228017,0.177895,0.031959,0.000906
bcss,TCGA-E2-A14X-DX1_xmin88836_ymin66393_MPP-0.2500.png.tensor,0.909088,0.193037,0.318274,0.218562,0.173422,0.031959,0.000906
bcss,TCGA-E2-A14X-DX1_xmin88836_ymin66393_MPP-0.2500.png.tensor,0.919189,0.182953,0.312243,0.209106,0.169919,0.031959,0.000906
bcss,TCGA-E2-A14X-DX1_xmin88836_ymin66393_MPP-0.2500.png.tensor,0.929290,0.172868,0.306039,0.199651,0.166629,0.031959,0.000906
bcss,TCGA-E2-A14X-DX1_xmin88836_ymin66393_MPP-0.2500.png.tensor,0.939392,0.162784,0.299489,0.190195,0.165109,0.031959,0.000906
bcss,TCGA-E2-A14X-DX1_xmin88836_ymin66393_MPP-0.2500.png.tensor,0.949493,0.152707,0.292931,0.180740,0.163056,0.031959,0.000906
bcss,TCGA-E2-A14X-DX1_xmin88836_ymin66393_MPP-0.2500.png.tensor,0.959594,0.142631,0.286156,0.171285,0.162656,0.031959,0.000906
bcss,TCGA-E2-A14X-DX1_xmin88836_ymin66393_MPP-0.2500.png.tensor,0.969695,0.132554,0.279341,0.161829,0.162656,0.031959,0.000906
bcss,TCGA-E2-A14X-DX1_xmin88836_ymin66393_MPP-0.2500.png.tensor,0.979796,0.122490,0.272526,0.152374,0.162656,0.031959,0.000896
bcss,TCGA-E2-A14X-DX1_xmin88836_ymin66393_MPP-0.2500.png.tensor,0.989897,0.112426,0.265711,0.142918,0.162656,0.031959,0.000000
bcss,TCGA-E2-A14X-DX1_xmin88836_ymin66393_MPP-0.2500.png.tensor,0.999998,0.102325,0.258896,0.133463,0.162656,0.031959,0.000000
bcss,TCGA-E2-A150-DX1_xmin42083_ymin62113_MPP-0.2500.png.tensor,0.000000,0.713221,0.619532,0.730165,0.380468,0.269835,0.286779
bcss,TCGA-E2-A150-DX1_xmin42083_ymin62113_MPP-0.2500.png.tensor,0.010099,0.715728,0.617118,0.726938,0.380468,0.269117,0.283338
bcss,TCGA-E2-A150-DX1_xmin42083_ymin62113_MPP-0.2500.png.tensor,0.020199,0.718078,0.614704,0.723774,0.380468,0.268352,0.279905
bcss,TCGA-E2-A150-DX1_xmin42083_ymin62113_MPP-0.2500.png.tensor,0.030302,0.720738,0.612289,0.720618,0.380468,0.267565,0.276240
bcss,TCGA-E2-A150-DX1_xmin42083_ymin62113_MPP-0.2500.png.tensor,0.040401,0.723733,0.609874,0.717665,0.380468,0.266658,0.272324
bcss,TCGA-E2-A150-DX1_xmin42083_ymin62113_MPP-0.2500.png.tensor,0.050504,0.726556,0.607459,0.714269,0.380468,0.265963,0.268415
bcss,TCGA-E2-A150-DX1_xmin42083_ymin62113_MPP-0.2500.png.tensor,0.060603,0.729120,0.605045,0.711078,0.380468,0.265146,0.264559
bcss,TCGA-E2-A150-DX1_xmin42083_ymin62113_MPP-0.2500.png.tensor,0.070706,0.731886,0.602629,0.707796,0.380468,0.264358,0.260513
bcss,TCGA-E2-A150-DX1_xmin42083_ymin62113_MPP-0.2500.png.tensor,0.080805,0.734537,0.600215,0.704783,0.380468,0.263408,0.256439
bcss,TCGA-E2-A150-DX1_xmin42083_ymin62113_MPP-0.2500.png.tensor,0.090908,0.736753,0.597800,0.701340,0.380468,0.262673,0.252514
bcss,TCGA-E2-A150-DX1_xmin42083_ymin62113_MPP-0.2500.png.tensor,0.101007,0.739097,0.595385,0.698329,0.380468,0.261681,0.248431
bcss,TCGA-E2-A150-DX1_xmin42083_ymin62113_MPP-0.2500.png.tensor,0.111110,0.741432,0.592970,0.694839,0.380468,0.260936,0.244258
bcss,TCGA-E2-A150-DX1_xmin42083_ymin62113_MPP-0.2500.png.tensor,0.121210,0.743838,0.590556,0.691508,0.380468,0.260083,0.239948
bcss,TCGA-E2-A150-DX1_xmin42083_ymin62113_MPP-0.2500.png.tensor,0.131312,0.746255,0.588141,0.688387,0.380468,0.259089,0.235535
bcss,TCGA-E2-A150-DX1_xmin42083_ymin62113_MPP-0.2500.png.tensor,0.141412,0.748311,0.585726,0.685751,0.380468,0.257791,0.231227
bcss,TCGA-E2-A150-DX1_xmin42083_ymin62113_MPP-0.2500.png.tensor,0.151514,0.749807,0.583311,0.682952,0.380468,0.256557,0.227143
bcss,TCGA-E2-A150-DX1_xmin42083_ymin62113_MPP-0.2500.png.tensor,0.161614,0.751763,0.580897,0.680252,0.380468,0.255234,0.222691
bcss,TCGA-E2-A150-DX1_xmin42083_ymin62113_MPP-0.2500.png.tensor,0.171716,0.753202,0.578481,0.677378,0.380468,0.253983,0.218440
bcss,TCGA-E2-A150-DX1_xmin42083_ymin62113_MPP-0.2500.png.tensor,0.181816,0.754332,0.576067,0.674281,0.380468,0.252839,0.214274
bcss,TCGA-E2-A150-DX1_xmin42083_ymin62113_MPP-0.2500.png.tensor,0.191919,0.755159,0.573652,0.671195,0.380468,0.251659,0.210190
bcss,TCGA-E2-A150-DX1_xmin42083_ymin62113_MPP-0.2500.png.tensor,0.202018,0.755681,0.571237,0.668030,0.380468,0.250499,0.206194
bcss,TCGA-E2-A150-DX1_xmin42083_ymin62113_MPP-0.2500.png.tensor,0.212118,0.756291,0.568823,0.664721,0.380468,0.249401,0.202040
bcss,TCGA-E2-A150-DX1_xmin42083_ymin62113_MPP-0.2500.png.tensor,0.222220,0.756504,0.566408,0.661145,0.380468,0.248444,0.198032
bcss,TCGA-E2-A150-DX1_xmin42083_ymin62113_MPP-0.2500.png.tensor,0.232320,0.756651,0.563993,0.658179,0.380468,0.247067,0.193965
bcss,TCGA-E2-A150-DX1_xmin42083_ymin62113_MPP-0.2500.png.tensor,0.242422,0.756482,0.561578,0.654289,0.380468,0.246261,0.189994
bcss,TCGA-E2-A150-DX1_xmin42083_ymin62113_MPP-0.2500.png.tensor,0.252522,0.755935,0.559164,0.651071,0.380468,0.244985,0.186175
bcss,TCGA-E2-A150-DX1_xmin42083_ymin62113_MPP-0.2500.png.tensor,0.262624,0.755184,0.556748,0.647340,0.380468,0.244021,0.182384
bcss,TCGA-E2-A150-DX1_xmin42083_ymin62113_MPP-0.2500.png.tensor,0.272724,0.754235,0.554334,0.644107,0.380468,0.242689,0.178622
bcss,TCGA-E2-A150-DX1_xmin42083_ymin62113_MPP-0.2500.png.tensor,0.282826,0.752264,0.551919,0.640834,0.380468,0.241347,0.175473
bcss,TCGA-E2-A150-DX1_xmin42083_ymin62113_MPP-0.2500.png.tensor,0.292926,0.750577,0.549504,0.636990,0.380468,0.240370,0.172024
bcss,TCGA-E2-A150-DX1_xmin42083_ymin62113_MPP-0.2500.png.tensor,0.303029,0.748943,0.547089,0.633201,0.380468,0.239325,0.168448
bcss,TCGA-E2-A150-DX1_xmin42083_ymin62113_MPP-0.2500.png.tensor,0.313128,0.747106,0.544907,0.629465,0.380299,0.238212,0.164911
bcss,TCGA-E2-A150-DX1_xmin42083_ymin62113_MPP-0.2500.png.tensor,0.323231,0.744802,0.544003,0.625905,0.379179,0.236934,0.161611
bcss,TCGA-E2-A150-DX1_xmin42083_ymin62113_MPP-0.2500.png.tensor,0.333330,0.742389,0.543043,0.621992,0.378069,0.235884,0.158291
bcss,TCGA-E2-A150-DX1_xmin42083_ymin62113_MPP-0.2500.png.tensor,0.343433,0.739873,0.541436,0.618113,0.377417,0.234773,0.154952
bcss,TCGA-E2-A150-DX1_xmin42083_ymin62113_MPP-0.2500.png.tensor,0.353532,0.737141,0.540254,0.614193,0.376416,0.233662,0.151672
bcss,TCGA-E2-A150-DX1_xmin42083_ymin62113_MPP-0.2500.png.tensor,0.363635,0.733811,0.539042,0.610130,0.375406,0.232626,0.148759
bcss,TCGA-E2-A150-DX1_xmin42083_ymin62113_MPP-0.2500.png.tensor,0.373734,0.730634,0.537930,0.605787,0.374285,0.231781,0.145632
bcss,TCGA-E2-A150-DX1_xmin42083_ymin62113_MPP-0.2500.png.tensor,0.383837,0.727429,0.536613,0.601695,0.373292,0.230704,0.142423
bcss,TCGA-E2-A150-DX1_xmin42083_ymin62113_MPP-0.2500.png.tensor,0.393937,0.723965,0.535134,0.597594,0.372401,0.229600,0.139324
bcss,TCGA-E2-A150-DX1_xmin42083_ymin62113_MPP-0.2500.png.tensor,0.404036,0.720507,0.533866,0.593134,0.371303,0.228759,0.136106
bcss,TCGA-E2-A150-DX1_xmin42083_ymin62113_MPP-0.2500.png.tensor,0.414139,0.716613,0.532316,0.589235,0.370406,0.227410,0.133160
bcss,TCGA-E2-A150-DX1_xmin42083_ymin62113_MPP-0.2500.png.tensor,0.424238,0.712698,0.530683,0.584850,0.369551,0.226436,0.130123
bcss,TCGA-E2-A150-DX1_xmin42083_ymin62113_MPP-0.2500.png.tensor,0.434341,0.708867,0.529179,0.580572,0.368551,0.225332,0.126905
bcss,TCGA-E2-A150-DX1_xmin42083_ymin62113_MPP-0.2500.png.tensor,0.444440,0.704695,0.527435,0.576071,0.367731,0.224389,0.123878
bcss,TCGA-E2-A150-DX1_xmin42083_ymin62113_MPP-0.2500.png.tensor,0.454543,0.700395,0.525523,0.571629,0.367034,0.223357,0.120852
bcss,TCGA-E2-A150-DX1_xmin42083_ymin62113_MPP-0.2500.png.tensor,0.464642,0.696067,0.524077,0.567663,0.365876,0.221842,0.117743
bcss,TCGA-E2-A150-DX1_xmin42083_ymin62113_MPP-0.2500.png.tensor,0.474745,0.691416,0.522436,0.562983,0.364858,0.220947,0.114818
bcss,TCGA-E2-A150-DX1_xmin42083_ymin62113_MPP-0.2500.png.tensor,0.484845,0.686606,0.520541,0.558224,0.364047,0.220095,0.111934
bcss,TCGA-E2-A150-DX1_xmin42083_ymin62113_MPP-0.2500.png.tensor,0.494947,0.681379,0.519219,0.553816,0.362637,0.218861,0.109335
bcss,TCGA-E2-A150-DX1_xmin42083_ymin62113_MPP-0.2500.png.tensor,0.505047,0.676375,0.517381,0.548828,0.361691,0.218163,0.106431
bcss,TCGA-E2-A150-DX1_xmin42083_ymin62113_MPP-0.2500.png.tensor,0.515149,0.671148,0.515778,0.543979,0.360462,0.217291,0.103619
bcss,TCGA-E2-A150-DX1_xmin42083_ymin62113_MPP-0.2500.png.tensor,0.525249,0.665712,0.514004,0.539702,0.359361,0.215781,0.100912
bcss,TCGA-E2-A150-DX1_xmin42083_ymin62113_MPP-0.2500.png.tensor,0.535351,0.660179,0.511996,0.535091,0.358465,0.214563,0.098190
bcss,TCGA-E2-A150-DX1_xmin42083_ymin62113_MPP-0.2500.png.tensor,0.545451,0.654311,0.510051,0.530457,0.357460,0.213318,0.095713
bcss,TCGA-E2-A150-DX1_xmin42083_ymin62113_MPP-0.2500.png.tensor,0.555553,0.648552,0.508104,0.526205,0.356410,0.211586,0.093006
bcss,TCGA-E2-A150-DX1_xmin42083_ymin62113_MPP-0.2500.png.tensor,0.565653,0.642972,0.505637,0.521660,0.355911,0.210111,0.089968
bcss,TCGA-E2-A150-DX1_xmin42083_ymin62113_MPP-0.2500.png.tensor,0.575756,0.637094,0.503612,0.517009,0.354867,0.208689,0.087125
bcss,TCGA-E2-A150-DX1_xmin42083_ymin62113_MPP-0.2500.png.tensor,0.585855,0.631038,0.502111,0.511966,0.353139,0.207673,0.084374
bcss,TCGA-E2-A150-DX1_xmin42083_ymin62113_MPP-0.2500.png.tensor,0.595958,0.625054,0.500180,0.507353,0.351857,0.206073,0.081383
bcss,TCGA-E2-A150-DX1_xmin42083_ymin62113_MPP-0.2500.png.tensor,0.606057,0.618535,0.498292,0.502605,0.350455,0.204563,0.078927
bcss,TCGA-E2-A150-DX1_xmin42083_ymin62113_MPP-0.2500.png.tensor,0.616157,0.611935,0.496066,0.497816,0.349420,0.203029,0.076444
bcss,TCGA-E2-A150-DX1_xmin42083_ymin62113_MPP-0.2500.png.tensor,0.626259,0.605494,0.494153,0.493029,0.347909,0.201406,0.073615
bcss,TCGA-E2-A150-DX1_xmin42083_ymin62113_MPP-0.2500.png.tensor,0.636359,0.598843,0.492169,0.488047,0.346413,0.199963,0.070915
bcss,TCGA-E2-A150-DX1_xmin42083_ymin62113_MPP-0.2500.png.tensor,0.646461,0.591920,0.489930,0.482946,0.345190,0.198603,0.068442
bcss,TCGA-E2-A150-DX1_xmin42083_ymin62113_MPP-0.2500.png.tensor,0.656561,0.585170,0.487783,0.478174,0.343763,0.196687,0.065583
bcss,TCGA-E2-A150-DX1_xmin42083_ymin62113_MPP-0.2500.png.tensor,0.666664,0.578097,0.485491,0.473087,0.342467,0.195126,0.063026
bcss,TCGA-E2-A150-DX1_xmin42083_ymin62113_MPP-0.2500.png.tensor,0.676763,0.570939,0.483192,0.467549,0.341100,0.194166,0.060443
bcss,TCGA-E2-A150-DX1_xmin42083_ymin62113_MPP-0.2500.png.tensor,0.686866,0.563672,0.480848,0.461966,0.339718,0.193213,0.057869
bcss,TCGA-E2-A150-DX1_xmin42083_ymin62113_MPP-0.2500.png.tensor,0.696965,0.556064,0.478884,0.456448,0.337616,0.192094,0.055688
bcss,TCGA-E2-A150-DX1_xmin42083_ymin62113_MPP-0.2500.png.tensor,0.707068,0.548521,0.476458,0.450834,0.336156,0.191057,0.053237
bcss,TCGA-E2-A150-DX1_xmin42083_ymin62113_MPP-0.2500.png.tensor,0.717167,0.540888,0.473469,0.445052,0.335590,0.190246,0.050780
bcss,TCGA-E2-A150-DX1_xmin42083_ymin62113_MPP-0.2500.png.tensor,0.727270,0.533070,0.470911,0.439085,0.334188,0.189712,0.048465
bcss,TCGA-E2-A150-DX1_xmin42083_ymin62113_MPP-0.2500.png.tensor,0.737369,0.525117,0.467792,0.432905,0.333751,0.189546,0.046242
bcss,TCGA-E2-A150-DX1_xmin42083_ymin62113_MPP-0.2500.png.tensor,0.747472,0.516936,0.464734,0.426632,0.333154,0.189546,0.044292
bcss,TCGA-E2-A150-DX1_xmin42083_ymin62113_MPP-0.2500.png.tensor,0.757571,0.508589,0.461576,0.420361,0.332718,0.189546,0.042514
bcss,TCGA-E2-A150-DX1_xmin42083_ymin62113_MPP-0.2500.png.tensor,0.767674,0.500233,0.458196,0.414088,0.332718,0.189546,0.040612
bcss,TCGA-E2-A150-DX1_xmin42083_ymin62113_MPP-0.2500.png.tensor,0.777774,0.491830,0.454817,0.407817,0.332718,0.189546,0.038641
bcss,TCGA-E2-A150-DX1_xmin42083_ymin62113_MPP-0.2500.png.tensor,0.787876,0.483374,0.451437,0.401545,0.332718,0.189546,0.036593
bcss,TCGA-E2-A150-DX1_xmin42083_ymin62113_MPP-0.2500.png.tensor,0.797976,0.474845,0.448058,0.395274,0.332718,0.189546,0.034546
bcss,TCGA-E2-A150-DX1_xmin42083_ymin62113_MPP-0.2500.png.tensor,0.808075,0.465973,0.444679,0.389003,0.332718,0.189546,0.033165
bcss,TCGA-E2-A150-DX1_xmin42083_ymin62113_MPP-0.2500.png.tensor,0.818178,0.457028,0.441299,0.382730,0.332718,0.189546,0.031821
bcss,TCGA-E2-A150-DX1_xmin42083_ymin62113_MPP-0.2500.png.tensor,0.828277,0.448011,0.437920,0.376459,0.332718,0.189546,0.030530
bcss,TCGA-E2-A150-DX1_xmin42083_ymin62113_MPP-0.2500.png.tensor,0.838380,0.438991,0.434540,0.370186,0.332718,0.189546,0.029099
bcss,TCGA-E2-A150-DX1_xmin42083_ymin62113_MPP-0.2500.png.tensor,0.848479,0.429987,0.431161,0.363915,0.332718,0.189546,0.027414
bcss,TCGA-E2-A150-DX1_xmin42083_ymin62113_MPP-0.2500.png.tensor,0.858582,0.420924,0.427781,0.357643,0.332718,0.189546,0.025710
bcss,TCGA-E2-A150-DX1_xmin42083_ymin62113_MPP-0.2500.png.tensor,0.868682,0.411826,0.424402,0.351372,0.332718,0.189546,0.023869
bcss,TCGA-E2-A150-DX1_xmin42083_ymin62113_MPP-0.2500.png.tensor,0.878784,0.402681,0.421022,0.345099,0.332718,0.189546,0.021918
bcss,TCGA-E2-A150-DX1_xmin42083_ymin62113_MPP-0.2500.png.tensor,0.888884,0.393614,0.417643,0.338828,0.332718,0.189546,0.019262
bcss,TCGA-E2-A150-DX1_xmin42083_ymin62113_MPP-0.2500.png.tensor,0.898986,0.384363,0.414263,0.332555,0.332718,0.189546,0.016974
bcss,TCGA-E2-A150-DX1_xmin42083_ymin62113_MPP-0.2500.png.tensor,0.909086,0.375040,0.410884,0.326285,0.332718,0.189546,0.014593
bcss,TCGA-E2-A150-DX1_xmin42083_ymin62113_MPP-0.2500.png.tensor,0.919188,0.365519,0.407504,0.320012,0.332718,0.189546,0.012674
bcss,TCGA-E2-A150-DX1_xmin42083_ymin62113_MPP-0.2500.png.tensor,0.929288,0.355914,0.404125,0.313741,0.332718,0.189546,0.011148
bcss,TCGA-E2-A150-DX1_xmin42083_ymin62113_MPP-0.2500.png.tensor,0.939391,0.346212,0.400745,0.307468,0.332718,0.189546,0.009708
bcss,TCGA-E2-A150-DX1_xmin42083_ymin62113_MPP-0.2500.png.tensor,0.949490,0.336463,0.397367,0.301197,0.332718,0.189546,0.008097
bcss,TCGA-E2-A150-DX1_xmin42083_ymin62113_MPP-0.2500.png.tensor,0.959593,0.326617,0.393987,0.294924,0.332718,0.189546,0.006962
bcss,TCGA-E2-A150-DX1_xmin42083_ymin62113_MPP-0.2500.png.tensor,0.969692,0.316755,0.390608,0.288654,0.332718,0.189546,0.005318
bcss,TCGA-E2-A150-DX1_xmin42083_ymin62113_MPP-0.2500.png.tensor,0.979795,0.306866,0.387228,0.282381,0.332718,0.189546,0.002815
bcss,TCGA-E2-A150-DX1_xmin42083_ymin62113_MPP-0.2500.png.tensor,0.989894,0.296866,0.383849,0.276110,0.332718,0.189546,0.000757
bcss,TCGA-E2-A150-DX1_xmin42083_ymin62113_MPP-0.2500.png.tensor,0.999997,0.286782,0.380469,0.269837,0.332718,0.189546,0.000000
bcss,TCGA-E2-A158-DX1_xmin56083_ymin25872_MPP-0.2500.png.tensor,0.000000,0.819173,0.598763,0.591386,0.401237,0.408614,0.180827
bcss,TCGA-E2-A158-DX1_xmin56083_ymin25872_MPP-0.2500.png.tensor,0.010100,0.820093,0.596768,0.592594,0.401237,0.407071,0.177106
bcss,TCGA-E2-A158-DX1_xmin56083_ymin25872_MPP-0.2500.png.tensor,0.020200,0.819758,0.594773,0.592577,0.401237,0.406122,0.173947
bcss,TCGA-E2-A158-DX1_xmin56083_ymin25872_MPP-0.2500.png.tensor,0.030300,0.818302,0.592778,0.592145,0.401237,0.405367,0.171300
bcss,TCGA-E2-A158-DX1_xmin56083_ymin25872_MPP-0.2500.png.tensor,0.040400,0.816415,0.590783,0.592056,0.401237,0.404417,0.168822
bcss,TCGA-E2-A158-DX1_xmin56083_ymin25872_MPP-0.2500.png.tensor,0.050500,0.814231,0.588788,0.592154,0.401237,0.403349,0.166452
bcss,TCGA-E2-A158-DX1_xmin56083_ymin25872_MPP-0.2500.png.tensor,0.060600,0.812141,0.586793,0.592251,0.401237,0.402258,0.163979
bcss,TCGA-E2-A158-DX1_xmin56083_ymin25872_MPP-0.2500.png.tensor,0.070706,0.809449,0.584797,0.592137,0.401237,0.401256,0.161769
bcss,TCGA-E2-A158-DX1_xmin56083_ymin25872_MPP-0.2500.png.tensor,0.080806,0.806310,0.582802,0.591874,0.401237,0.400315,0.159764
bcss,TCGA-E2-A158-DX1_xmin56083_ymin25872_MPP-0.2500.png.tensor,0.090906,0.802871,0.580807,0.590523,0.401237,0.399950,0.157872
bcss,TCGA-E2-A158-DX1_xmin56083_ymin25872_MPP-0.2500.png.tensor,0.101006,0.798526,0.578812,0.588964,0.401237,0.399693,0.156448
bcss,TCGA-E2-A158-DX1_xmin56083_ymin25872_MPP-0.2500.png.tensor,0.111106,0.794550,0.576817,0.588451,0.401237,0.398842,0.154781
bcss,TCGA-E2-A158-DX1_xmin56083_ymin25872_MPP-0.2500.png.tensor,0.121206,0.790085,0.574822,0.587197,0.401237,0.398393,0.153356
bcss,TCGA-E2-A158-DX1_xmin56083_ymin25872_MPP-0.2500.png.tensor,0.131312,0.785614,0.572825,0.585786,0.401237,0.398023,0.151894
bcss,TCGA-E2-A158-DX1_xmin56083_ymin25872_MPP-0.2500.png.tensor,0.141412,0.780731,0.570830,0.584951,0.401237,0.397310,0.150633
bcss,TCGA-E2-A158-DX1_xmin56083_ymin25872_MPP-0.2500.png.tensor,0.151512,0.775825,0.568835,0.583284,0.401237,0.397070,0.149377
bcss,TCGA-E2-A158-DX1_xmin56083_ymin25872_MPP-0.2500.png.tensor,0.161612,0.770416,0.566840,0.582815,0.401237,0.396109,0.148379
bcss,TCGA-E2-A158-DX1_xmin56083_ymin25872_MPP-0.2500.png.tensor,0.171712,0.764937,0.564845,0.581895,0.401237,0.395398,0.147398
bcss,TCGA-E2-A158-DX1_xmin56083_ymin25872_MPP-0.2500.png.tensor,0.181812,0.758884,0.562850,0.579884,0.401237,0.395336,0.146733
bcss,TCGA-E2-A158-DX1_xmin56083_ymin25872_MPP-0.2500.png.tensor,0.191918,0.753350,0.560854,0.578244,0.401237,0.395041,0.145751
bcss,TCGA-E2-A158-DX1_xmin56083_ymin25872_MPP-0.2500.png.tensor,0.202018,0.747047,0.558859,0.577538,0.401237,0.394155,0.145218
bcss,TCGA-E2-A158-DX1_xmin56083_ymin25872_MPP-0.2500.png.tensor,0.212118,0.740779,0.556864,0.576135,0.401237,0.393689,0.144647
bcss,TCGA-E2-A158-DX1_xmin56083_ymin25872_MPP-0.2500.png.tensor,0.222218,0.734452,0.554869,0.574827,0.401237,0.393149,0.144083
bcss,TCGA-E2-A158-DX1_xmin56083_ymin25872_MPP-0.2500.png.tensor,0.232318,0.728136,0.552874,0.573201,0.401237,0.392802,0.143516
bcss,TCGA-E2-A158-DX1_xmin56083_ymin25872_MPP-0.2500.png.tensor,0.242418,0.721785,0.550879,0.572390,0.401237,0.391908,0.142970
bcss,TCGA-E2-A158-DX1_xmin56083_ymin25872_MPP-0.2500.png.tensor,0.252524,0.715404,0.548883,0.570916,0.401237,0.391433,0.142412
bcss,TCGA-E2-A158-DX1_xmin56083_ymin25872_MPP-0.2500.png.tensor,0.262623,0.708849,0.546888,0.568775,0.401237,0.391398,0.141951
bcss,TCGA-E2-A158-DX1_xmin56083_ymin25872_MPP-0.2500.png.tensor,0.272723,0.701818,0.544893,0.567290,0.401237,0.390910,0.141804
bcss,TCGA-E2-A158-DX1_xmin56083_ymin25872_MPP-0.2500.png.tensor,0.282823,0.695228,0.542898,0.566405,0.401237,0.389991,0.141345
bcss,TCGA-E2-A158-DX1_xmin56083_ymin25872_MPP-0.2500.png.tensor,0.292923,0.688733,0.540903,0.565009,0.401237,0.389407,0.140811
bcss,TCGA-E2-A158-DX1_xmin56083_ymin25872_MPP-0.2500.png.tensor,0.303023,0.681821,0.538908,0.563496,0.401237,0.388890,0.140585
bcss,TCGA-E2-A158-DX1_xmin56083_ymin25872_MPP-0.2500.png.tensor,0.313129,0.675225,0.536912,0.562145,0.401237,0.388238,0.140102
bcss,TCGA-E2-A158-DX1_xmin56083_ymin25872_MPP-0.2500.png.tensor,0.323229,0.668503,0.534917,0.560857,0.401237,0.387522,0.139659
bcss,TCGA-E2-A158-DX1_xmin56083_ymin25872_MPP-0.2500.png.tensor,0.333329,0.661830,0.532922,0.559361,0.401237,0.386940,0.139245
bcss,TCGA-E2-A158-DX1_xmin56083_ymin25872_MPP-0.2500.png.tensor,0.343429,0.655180,0.530927,0.558690,0.401237,0.385712,0.138717
bcss,TCGA-E2-A158-DX1_xmin56083_ymin25872_MPP-0.2500.png.tensor,0.353529,0.647993,0.528932,0.557835,0.401237,0.384588,0.138648
bcss,TCGA-E2-A158-DX1_xmin56083_ymin25872_MPP-0.2500.png.tensor,0.363629,0.641116,0.526937,0.557249,0.401237,0.383216,0.138340
bcss,TCGA-E2-A158-DX1_xmin56083_ymin25872_MPP-0.2500.png.tensor,0.373729,0.634025,0.524942,0.556421,0.401237,0.381994,0.138108
bcss,TCGA-E2-A158-DX1_xmin56083_ymin25872_MPP-0.2500.png.tensor,0.383835,0.627262,0.522946,0.554822,0.401237,0.381356,0.137692
bcss,TCGA-E2-A158-DX1_xmin56083_ymin25872_MPP-0.2500.png.tensor,0.393935,0.620134,0.520951,0.553141,0.401237,0.380765,0.137538
bcss,TCGA-E2-A158-DX1_xmin56083_ymin25872_MPP-0.2500.png.tensor,0.404035,0.612888,0.518956,0.551252,0.401237,0.380330,0.137448
bcss,TCGA-E2-A158-DX1_xmin56083_ymin25872_MPP-0.2500.png.tensor,0.414135,0.605796,0.516961,0.549997,0.401237,0.379337,0.137247
bcss,TCGA-E2-A158-DX1_xmin56083_ymin25872_MPP-0.2500.png.tensor,0.424235,0.598633,0.514966,0.548005,0.401237,0.378951,0.137163
bcss,TCGA-E2-A158-DX1_xmin56083_ymin25872_MPP-0.2500.png.tensor,0.434335,0.591673,0.512970,0.546412,0.401237,0.378198,0.136801
bcss,TCGA-E2-A158-DX1_xmin56083_ymin25872_MPP-0.2500.png.tensor,0.444441,0.584516,0.510974,0.545170,0.401237,0.377100,0.136591
bcss,TCGA-E2-A158-DX1_xmin56083_ymin25872_MPP-0.2500.png.tensor,0.454541,0.577305,0.508979,0.543733,0.401237,0.376142,0.136495
bcss,TCGA-E2-A158-DX1_xmin56083_ymin25872_MPP-0.2500.png.tensor,0.464641,0.570464,0.506984,0.542500,0.401237,0.374956,0.136092
bcss,TCGA-E2-A158-DX1_xmin56083_ymin25872_MPP-0.2500.png.tensor,0.474741,0.562991,0.504989,0.541477,0.401237,0.373526,0.136044
bcss,TCGA-E2-A158-DX1_xmin56083_ymin25872_MPP-0.2500.png.tensor,0.484841,0.555911,0.502994,0.540052,0.401237,0.372429,0.135894
bcss,TCGA-E2-A158-DX1_xmin56083_ymin25872_MPP-0.2500.png.tensor,0.494941,0.548927,0.500999,0.538832,0.401237,0.371086,0.135572
bcss,TCGA-E2-A158-DX1_xmin56083_ymin25872_MPP-0.2500.png.tensor,0.505047,0.542128,0.499003,0.537630,0.401237,0.369668,0.134994
bcss,TCGA-E2-A158-DX1_xmin56083_ymin25872_MPP-0.2500.png.tensor,0.515147,0.535049,0.497008,0.536700,0.401237,0.367912,0.134660
bcss,TCGA-E2-A158-DX1_xmin56083_ymin25872_MPP-0.2500.png.tensor,0.525247,0.527969,0.495013,0.534356,0.401237,0.367571,0.134372
bcss,TCGA-E2-A158-DX1_xmin56083_ymin25872_MPP-0.2500.png.tensor,0.535347,0.520985,0.493018,0.533523,0.401237,0.365588,0.133959
bcss,TCGA-E2-A158-DX1_xmin56083_ymin25872_MPP-0.2500.png.tensor,0.545447,0.513834,0.491023,0.531232,0.401237,0.365122,0.133629
bcss,TCGA-E2-A158-DX1_xmin56083_ymin25872_MPP-0.2500.png.tensor,0.555547,0.506432,0.489028,0.529164,0.401237,0.364383,0.133510
bcss,TCGA-E2-A158-DX1_xmin56083_ymin25872_MPP-0.2500.png.tensor,0.565653,0.499155,0.487032,0.527260,0.401237,0.363420,0.133489
bcss,TCGA-E2-A158-DX1_xmin56083_ymin25872_MPP-0.2500.png.tensor,0.575753,0.491646,0.485037,0.525513,0.401237,0.362227,0.133394
bcss,TCGA-E2-A158-DX1_xmin56083_ymin25872_MPP-0.2500.png.tensor,0.585853,0.484447,0.483042,0.523539,0.401237,0.361251,0.133305
bcss,TCGA-E2-A158-DX1_xmin56083_ymin25872_MPP-0.2500.png.tensor,0.595953,0.476938,0.481047,0.521683,0.401237,0.360079,0.133305
bcss,TCGA-E2-A158-DX1_xmin56083_ymin25872_MPP-0.2500.png.tensor,0.606053,0.469739,0.479052,0.519829,0.401237,0.358845,0.133271
bcss,TCGA-E2-A158-DX1_xmin56083_ymin25872_MPP-0.2500.png.tensor,0.616153,0.462492,0.477057,0.517547,0.401237,0.358103,0.133075
bcss,TCGA-E2-A158-DX1_xmin56083_ymin25872_MPP-0.2500.png.tensor,0.626259,0.455192,0.475061,0.515224,0.401237,0.357374,0.132866
bcss,TCGA-E2-A158-DX1_xmin56083_ymin25872_MPP-0.2500.png.tensor,0.636359,0.448148,0.473066,0.513120,0.401237,0.356305,0.132426
bcss,TCGA-E2-A158-DX1_xmin56083_ymin25872_MPP-0.2500.png.tensor,0.646459,0.440806,0.471071,0.510446,0.401237,0.355982,0.132280
bcss,TCGA-E2-A158-DX1_xmin56083_ymin25872_MPP-0.2500.png.tensor,0.656559,0.433774,0.469076,0.507861,0.401237,0.355511,0.131610
bcss,TCGA-E2-A158-DX1_xmin56083_ymin25872_MPP-0.2500.png.tensor,0.666659,0.426277,0.467081,0.505708,0.401237,0.354362,0.131610
bcss,TCGA-E2-A158-DX1_xmin56083_ymin25872_MPP-0.2500.png.tensor,0.676759,0.419137,0.465086,0.502891,0.401237,0.354169,0.131348
bcss,TCGA-E2-A158-DX1_xmin56083_ymin25872_MPP-0.2500.png.tensor,0.686859,0.412130,0.463091,0.500127,0.401237,0.353878,0.130631
bcss,TCGA-E2-A158-DX1_xmin56083_ymin25872_MPP-0.2500.png.tensor,0.696965,0.404913,0.461094,0.497791,0.401237,0.352860,0.130231
bcss,TCGA-E2-A158-DX1_xmin56083_ymin25872_MPP-0.2500.png.tensor,0.707065,0.397403,0.459099,0.495286,0.401237,0.352063,0.130231
bcss,TCGA-E2-A158-DX1_xmin56083_ymin25872_MPP-0.2500.png.tensor,0.717165,0.390360,0.457104,0.492471,0.401237,0.351755,0.129564
bcss,TCGA-E2-A158-DX1_xmin56083_ymin25872_MPP-0.2500.png.tensor,0.727265,0.382922,0.455109,0.490081,0.401237,0.350648,0.129147
bcss,TCGA-E2-A158-DX1_xmin56083_ymin25872_MPP-0.2500.png.tensor,0.737365,0.375783,0.453114,0.487773,0.401237,0.349298,0.128823
bcss,TCGA-E2-A158-DX1_xmin56083_ymin25872_MPP-0.2500.png.tensor,0.747465,0.368560,0.451119,0.485007,0.401237,0.348746,0.128300
bcss,TCGA-E2-A158-DX1_xmin56083_ymin25872_MPP-0.2500.png.tensor,0.757571,0.361331,0.449123,0.482196,0.401237,0.348239,0.127696
bcss,TCGA-E2-A158-DX1_xmin56083_ymin25872_MPP-0.2500.png.tensor,0.767670,0.354037,0.447128,0.479578,0.401237,0.347277,0.127199
bcss,TCGA-E2-A158-DX1_xmin56083_ymin25872_MPP-0.2500.png.tensor,0.777770,0.346706,0.445133,0.476961,0.401237,0.346223,0.126713
bcss,TCGA-E2-A158-DX1_xmin56083_ymin25872_MPP-0.2500.png.tensor,0.787870,0.339448,0.443138,0.473968,0.401237,0.345956,0.125969
bcss,TCGA-E2-A158-DX1_xmin56083_ymin25872_MPP-0.2500.png.tensor,0.797970,0.332058,0.441143,0.470949,0.401237,0.345728,0.125582
bcss,TCGA-E2-A158-DX1_xmin56083_ymin25872_MPP-0.2500.png.tensor,0.808070,0.324465,0.439148,0.467832,0.401237,0.345728,0.125525
bcss,TCGA-E2-A158-DX1_xmin56083_ymin25872_MPP-0.2500.png.tensor,0.818176,0.317093,0.437152,0.464714,0.401237,0.345728,0.125115
bcss,TCGA-E2-A158-DX1_xmin56083_ymin25872_MPP-0.2500.png.tensor,0.828276,0.309488,0.435157,0.461598,0.401237,0.345728,0.125115
bcss,TCGA-E2-A158-DX1_xmin56083_ymin25872_MPP-0.2500.png.tensor,0.838376,0.301812,0.433162,0.458482,0.401237,0.345728,0.125115
bcss,TCGA-E2-A158-DX1_xmin56083_ymin25872_MPP-0.2500.png.tensor,0.848476,0.294326,0.431167,0.455365,0.401237,0.345728,0.125115
bcss,TCGA-E2-A158-DX1_xmin56083_ymin25872_MPP-0.2500.png.tensor,0.858576,0.286674,0.429172,0.452249,0.401237,0.345728,0.124975
bcss,TCGA-E2-A158-DX1_xmin56083_ymin25872_MPP-0.2500.png.tensor,0.868676,0.279128,0.427177,0.449133,0.401237,0.345728,0.124975
bcss,TCGA-E2-A158-DX1_xmin56083_ymin25872_MPP-0.2500.png.tensor,0.878782,0.271673,0.425181,0.446015,0.401237,0.345728,0.124975
bcss,TCGA-E2-A158-DX1_xmin56083_ymin25872_MPP-0.2500.png.tensor,0.888882,0.264092,0.423186,0.442898,0.401237,0.345728,0.124975
bcss,TCGA-E2-A158-DX1_xmin56083_ymin25872_MPP-0.2500.png.tensor,0.898982,0.256905,0.421191,0.439782,0.401237,0.345728,0.123233
bcss,TCGA-E2-A158-DX1_xmin56083_ymin25872_MPP-0.2500.png.tensor,0.909082,0.249563,0.419196,0.436666,0.401237,0.345728,0.121951
bcss,TCGA-E2-A158-DX1_xmin56083_ymin25872_MPP-0.2500.png.tensor,0.919182,0.242292,0.417201,0.433549,0.401237,0.345728,0.119405
bcss,TCGA-E2-A158-DX1_xmin56083_ymin25872_MPP-0.2500.png.tensor,0.929282,0.235392,0.415206,0.430433,0.401237,0.345728,0.113971
bcss,TCGA-E2-A158-DX1_xmin56083_ymin25872_MPP-0.2500.png.tensor,0.939388,0.227996,0.413210,0.427315,0.401237,0.345728,0.110512
bcss,TCGA-E2-A158-DX1_xmin56083_ymin25872_MPP-0.2500.png.tensor,0.949488,0.220618,0.411215,0.424199,0.401237,0.345728,0.105984
bcss,TCGA-E2-A158-DX1_xmin56083_ymin25872_MPP-0.2500.png.tensor,0.959588,0.213204,0.409219,0.421082,0.401237,0.345728,0.099394
bcss,TCGA-E2-A158-DX1_xmin56083_ymin25872_MPP-0.2500.png.tensor,0.969688,0.205528,0.407224,0.417966,0.401237,0.345728,0.092157
bcss,TCGA-E2-A158-DX1_xmin56083_ymin25872_MPP-0.2500.png.tensor,0.979788,0.197576,0.405229,0.414850,0.401237,0.345728,0.085125
bcss,TCGA-E2-A158-DX1_xmin56083_ymin25872_MPP-0.2500.png.tensor,0.989888,0.189446,0.403234,0.411734,0.401237,0.345728,0.073410
bcss,TCGA-E2-A158-DX1_xmin56083_ymin25872_MPP-0.2500.png.tensor,0.999994,0.180833,0.401243,0.408620,0.000000,0.000000,0.000000
bcss,TCGA-E2-A159-DX1_xmin38620_ymin28700_MPP-0.2500.png.tensor,0.000000,0.734090,0.736599,0.791948,0.263401,0.208052,0.265910
bcss,TCGA-E2-A159-DX1_xmin38620_ymin28700_MPP-0.2500.png.tensor,0.010100,0.735922,0.731819,0.788872,0.263401,0.206627,0.262597
bcss,TCGA-E2-A159-DX1_xmin38620_ymin28700_MPP-0.2500.png.tensor,0.020201,0.736669,0.727040,0.785954,0.263401,0.205092,0.259768
bcss,TCGA-E2-A159-DX1_xmin38620_ymin28700_MPP-0.2500.png.tensor,0.030302,0.736946,0.722260,0.782652,0.263401,0.203722,0.257123
bcss,TCGA-E2-A159-DX1_xmin38620_ymin28700_MPP-0.2500.png.tensor,0.040404,0.736879,0.717480,0.779510,0.263401,0.202240,0.254600
bcss,TCGA-E2-A159-DX1_xmin38620_ymin28700_MPP-0.2500.png.tensor,0.050503,0.737028,0.712701,0.776453,0.263401,0.200683,0.251912
bcss,TCGA-E2-A159-DX1_xmin38620_ymin28700_MPP-0.2500.png.tensor,0.060605,0.736618,0.707921,0.773323,0.263401,0.199130,0.249463
bcss,TCGA-E2-A159-DX1_xmin38620_ymin28700_MPP-0.2500.png.tensor,0.070706,0.736463,0.703141,0.770097,0.263401,0.197596,0.246820
bcss,TCGA-E2-A159-DX1_xmin38620_ymin28700_MPP-0.2500.png.tensor,0.080807,0.735973,0.698361,0.766545,0.263401,0.196205,0.244306
bcss,TCGA-E2-A159-DX1_xmin38620_ymin28700_MPP-0.2500.png.tensor,0.090909,0.735576,0.693581,0.763310,0.263401,0.194608,0.241683
bcss,TCGA-E2-A159-DX1_xmin38620_ymin28700_MPP-0.2500.png.tensor,0.101008,0.734908,0.688802,0.760291,0.263401,0.192856,0.239153
bcss,TCGA-E2-A159-DX1_xmin38620_ymin28700_MPP-0.2500.png.tensor,0.111110,0.734551,0.684022,0.757354,0.263401,0.191018,0.236390
bcss,TCGA-E2-A159-DX1_xmin38620_ymin28700_MPP-0.2500.png.tensor,0.121211,0.734042,0.679242,0.754099,0.263401,0.189319,0.233649
bcss,TCGA-E2-A159-DX1_xmin38620_ymin28700_MPP-0.2500.png.tensor,0.131312,0.733446,0.675104,0.750711,0.263032,0.187656,0.230895
bcss,TCGA-E2-A159-DX1_xmin38620_ymin28700_MPP-0.2500.png.tensor,0.141414,0.732714,0.670896,0.747643,0.262694,0.185768,0.228156
bcss,TCGA-E2-A159-DX1_xmin38620_ymin28700_MPP-0.2500.png.tensor,0.151513,0.732182,0.667068,0.744448,0.262126,0.183910,0.225233
bcss,TCGA-E2-A159-DX1_xmin38620_ymin28700_MPP-0.2500.png.tensor,0.161615,0.731145,0.662969,0.741189,0.261704,0.182045,0.222541
bcss,TCGA-E2-A159-DX1_xmin38620_ymin28700_MPP-0.2500.png.tensor,0.171716,0.730173,0.658827,0.737977,0.261298,0.180106,0.219744
bcss,TCGA-E2-A159-DX1_xmin38620_ymin28700_MPP-0.2500.png.tensor,0.181818,0.729363,0.654953,0.734617,0.260719,0.178210,0.216778
bcss,TCGA-E2-A159-DX1_xmin38620_ymin28700_MPP-0.2500.png.tensor,0.191917,0.728822,0.651338,0.731560,0.259965,0.176080,0.213574
bcss,TCGA-E2-A159-DX1_xmin38620_ymin28700_MPP-0.2500.png.tensor,0.202019,0.728096,0.647770,0.728167,0.259162,0.174106,0.210401
bcss,TCGA-E2-A159-DX1_xmin38620_ymin28700_MPP-0.2500.png.tensor,0.212120,0.727307,0.644049,0.724987,0.258435,0.171946,0.207190
bcss,TCGA-E2-A159-DX1_xmin38620_ymin28700_MPP-0.2500.png.tensor,0.222221,0.726480,0.640425,0.721592,0.257628,0.169867,0.203919
bcss,TCGA-E2-A159-DX1_xmin38620_ymin28700_MPP-0.2500.png.tensor,0.232323,0.725933,0.636910,0.718321,0.256728,0.167654,0.200380
bcss,TCGA-E2-A159-DX1_xmin38620_ymin28700_MPP-0.2500.png.tensor,0.242422,0.725289,0.633444,0.715205,0.255772,0.165280,0.196809
bcss,TCGA-E2-A159-DX1_xmin38620_ymin28700_MPP-0.2500.png.tensor,0.252524,0.724528,0.630208,0.711606,0.254637,0.163164,0.193222
bcss,TCGA-E2-A159-DX1_xmin38620_ymin28700_MPP-0.2500.png.tensor,0.262625,0.723873,0.626993,0.708190,0.253455,0.160866,0.189463
bcss,TCGA-E2-A159-DX1_xmin38620_ymin28700_MPP-0.2500.png.tensor,0.272726,0.723157,0.623776,0.704510,0.252243,0.158686,0.185642
bcss,TCGA-E2-A159-DX1_xmin38620_ymin28700_MPP-0.2500.png.tensor,0.282828,0.722537,0.620647,0.701002,0.250934,0.156324,0.181648
bcss,TCGA-E2-A159-DX1_xmin38620_ymin28700_MPP-0.2500.png.tensor,0.292927,0.721978,0.617403,0.697307,0.249671,0.154028,0.177496
bcss,TCGA-E2-A159-DX1_xmin38620_ymin28700_MPP-0.2500.png.tensor,0.303029,0.721269,0.614094,0.693607,0.248417,0.151668,0.173330
bcss,TCGA-E2-A159-DX1_xmin38620_ymin28700_MPP-0.2500.png.tensor,0.313130,0.720323,0.610941,0.690004,0.247012,0.149168,0.169215
bcss,TCGA-E2-A159-DX1_xmin38620_ymin28700_MPP-0.2500.png.tensor,0.323231,0.719681,0.607671,0.686290,0.245652,0.146676,0.164752
bcss,TCGA-E2-A159-DX1_xmin38620_ymin28700_MPP-0.2500.png.tensor,0.333333,0.718591,0.604550,0.682649,0.244139,0.144052,0.160489
bcss,TCGA-E2-A159-DX1_xmin38620_ymin28700_MPP-0.2500.png.tensor,0.343432,0.717547,0.601592,0.679040,0.242456,0.141326,0.156062
bcss,TCGA-E2-A159-DX1_xmin38620_ymin28700_MPP-0.2500.png.tensor,0.353534,0.716541,0.598726,0.675435,0.240648,0.138510,0.151466
bcss,TCGA-E2-A159-DX1_xmin38620_ymin28700_MPP-0.2500.png.tensor,0.363635,0.715735,0.595591,0.671405,0.238995,0.135937,0.146567
bcss,TCGA-E2-A159-DX1_xmin38620_ymin28700_MPP-0.2500.png.tensor,0.373736,0.714809,0.592831,0.667572,0.236988,0.133126,0.141605
bcss,TCGA-E2-A159-DX1_xmin38620_ymin28700_MPP-0.2500.png.tensor,0.383836,0.713826,0.590221,0.663394,0.234795,0.130503,0.136529
bcss,TCGA-E2-A159-DX1_xmin38620_ymin28700_MPP-0.2500.png.tensor,0.393937,0.712528,0.587565,0.659232,0.232566,0.127778,0.131541
bcss,TCGA-E2-A159-DX1_xmin38620_ymin28700_MPP-0.2500.png.tensor,0.404039,0.711252,0.584843,0.654931,0.230317,0.125077,0.126366
bcss,TCGA-E2-A159-DX1_xmin38620_ymin28700_MPP-0.2500.png.tensor,0.414140,0.709832,0.582340,0.650593,0.227803,0.122315,0.121136
bcss,TCGA-E2-A159-DX1_xmin38620_ymin28700_MPP-0.2500.png.tensor,0.424242,0.708384,0.579655,0.645974,0.225359,0.119700,0.115746
bcss,TCGA-E2-A159-DX1_xmin38620_ymin28700_MPP-0.2500.png.tensor,0.434341,0.706801,0.577078,0.641396,0.222733,0.116956,0.110286
bcss,TCGA-E2-A159-DX1_xmin38620_ymin28700_MPP-0.2500.png.tensor,0.444442,0.704960,0.574529,0.636769,0.219986,0.114156,0.104855
bcss,TCGA-E2-A159-DX1_xmin38620_ymin28700_MPP-0.2500.png.tensor,0.454544,0.703193,0.571920,0.631769,0.217192,0.111594,0.099158
bcss,TCGA-E2-A159-DX1_xmin38620_ymin28700_MPP-0.2500.png.tensor,0.464645,0.701047,0.569363,0.626603,0.214244,0.109090,0.093599
bcss,TCGA-E2-A159-DX1_xmin38620_ymin28700_MPP-0.2500.png.tensor,0.474747,0.698800,0.566982,0.621181,0.211015,0.106734,0.087923
bcss,TCGA-E2-A159-DX1_xmin38620_ymin28700_MPP-0.2500.png.tensor,0.484846,0.696232,0.564276,0.615544,0.207976,0.104494,0.082337
bcss,TCGA-E2-A159-DX1_xmin38620_ymin28700_MPP-0.2500.png.tensor,0.494948,0.693570,0.561677,0.609685,0.204708,0.102384,0.076618
bcss,TCGA-E2-A159-DX1_xmin38620_ymin28700_MPP-0.2500.png.tensor,0.505049,0.690530,0.558776,0.603576,0.201612,0.100441,0.071048
bcss,TCGA-E2-A159-DX1_xmin38620_ymin28700_MPP-0.2500.png.tensor,0.515150,0.687147,0.555905,0.597328,0.198357,0.098561,0.065601
bcss,TCGA-E2-A159-DX1_xmin38620_ymin28700_MPP-0.2500.png.tensor,0.525250,0.683162,0.552564,0.590828,0.195458,0.096866,0.060556
bcss,TCGA-E2-A159-DX1_xmin38620_ymin28700_MPP-0.2500.png.tensor,0.535351,0.678941,0.549146,0.584329,0.192516,0.095095,0.055545
bcss,TCGA-E2-A159-DX1_xmin38620_ymin28700_MPP-0.2500.png.tensor,0.545453,0.674365,0.545672,0.577622,0.189503,0.093474,0.050702
bcss,TCGA-E2-A159-DX1_xmin38620_ymin28700_MPP-0.2500.png.tensor,0.555554,0.669421,0.542347,0.570789,0.186187,0.091923,0.046050
bcss,TCGA-E2-A159-DX1_xmin38620_ymin28700_MPP-0.2500.png.tensor,0.565655,0.664057,0.538505,0.563770,0.183312,0.090511,0.041668
bcss,TCGA-E2-A159-DX1_xmin38620_ymin28700_MPP-0.2500.png.tensor,0.575755,0.658344,0.534376,0.556535,0.180639,0.089291,0.037492
bcss,TCGA-E2-A159-DX1_xmin38620_ymin28700_MPP-0.2500.png.tensor,0.585856,0.652190,0.530305,0.549095,0.177765,0.088255,0.033640
bcss,TCGA-E2-A159-DX1_xmin38620_ymin28700_MPP-0.2500.png.tensor,0.595958,0.645627,0.526147,0.541582,0.174854,0.087258,0.030102
bcss,TCGA-E2-A159-DX1_xmin38620_ymin28700_MPP-0.2500.png.tensor,0.606059,0.638747,0.521765,0.533996,0.172079,0.086304,0.026786
bcss,TCGA-E2-A159-DX1_xmin38620_ymin28700_MPP-0.2500.png.tensor,0.616160,0.631497,0.516966,0.526309,0.169699,0.085430,0.023776
bcss,TCGA-E2-A159-DX1_xmin38620_ymin28700_MPP-0.2500.png.tensor,0.626260,0.623844,0.512455,0.518588,0.166809,0.084556,0.021145
bcss,TCGA-E2-A159-DX1_xmin38620_ymin28700_MPP-0.2500.png.tensor,0.636361,0.615920,0.507454,0.510650,0.164429,0.083930,0.018739
bcss,TCGA-E2-A159-DX1_xmin38620_ymin28700_MPP-0.2500.png.tensor,0.646463,0.607628,0.502508,0.502576,0.161837,0.083461,0.016715
bcss,TCGA-E2-A159-DX1_xmin38620_ymin28700_MPP-0.2500.png.tensor,0.656564,0.599038,0.497346,0.494450,0.159406,0.083039,0.015005
bcss,TCGA-E2-A159-DX1_xmin38620_ymin28700_MPP-0.2500.png.tensor,0.666665,0.590350,0.491721,0.486175,0.157522,0.082816,0.013342
bcss,TCGA-E2-A159-DX1_xmin38620_ymin28700_MPP-0.2500.png.tensor,0.676765,0.581467,0.486020,0.478047,0.155639,0.082355,0.011877
bcss,TCGA-E2-A159-DX1_xmin38620_ymin28700_MPP-0.2500.png.tensor,0.686866,0.572350,0.480138,0.469609,0.153923,0.082355,0.010686
bcss,TCGA-E2-A159-DX1_xmin38620_ymin28700_MPP-0.2500.png.tensor,0.696968,0.563171,0.474172,0.461193,0.152231,0.082320,0.009521
bcss,TCGA-E2-A159-DX1_xmin38620_ymin28700_MPP-0.2500.png.tensor,0.707069,0.553848,0.468083,0.452754,0.150632,0.082320,0.008521
bcss,TCGA-E2-A159-DX1_xmin38620_ymin28700_MPP-0.2500.png.tensor,0.717169,0.544443,0.461708,0.444318,0.149426,0.082320,0.007598
bcss,TCGA-E2-A159-DX1_xmin38620_ymin28700_MPP-0.2500.png.tensor,0.727270,0.534741,0.455209,0.435879,0.148356,0.082320,0.007146
bcss,TCGA-E2-A159-DX1_xmin38620_ymin28700_MPP-0.2500.png.tensor,0.737372,0.525075,0.448607,0.427441,0.147400,0.082320,0.006595
bcss,TCGA-E2-A159-DX1_xmin38620_ymin28700_MPP-0.2500.png.tensor,0.747473,0.515345,0.441948,0.419003,0.146480,0.082320,0.006114
bcss,TCGA-E2-A159-DX1_xmin38620_ymin28700_MPP-0.2500.png.tensor,0.757574,0.505563,0.435291,0.410565,0.145480,0.082320,0.005719
bcss,TCGA-E2-A159-DX1_xmin38620_ymin28700_MPP-0.2500.png.tensor,0.767674,0.495786,0.428536,0.402128,0.144606,0.082320,0.005273
bcss,TCGA-E2-A159-DX1_xmin38620_ymin28700_MPP-0.2500.png.tensor,0.777775,0.485979,0.421581,0.393689,0.144099,0.082320,0.004841
bcss,TCGA-E2-A159-DX1_xmin38620_ymin28700_MPP-0.2500.png.tensor,0.787877,0.476130,0.414657,0.385251,0.143472,0.082320,0.004487
bcss,TCGA-E2-A159-DX1_xmin38620_ymin28700_MPP-0.2500.png.tensor,0.797978,0.466228,0.407583,0.376813,0.143154,0.082320,0.004204
bcss,TCGA-E2-A159-DX1_xmin38620_ymin28700_MPP-0.2500.png.tensor,0.808079,0.456351,0.400493,0.368375,0.142843,0.082320,0.003854
bcss,TCGA-E2-A159-DX1_xmin38620_ymin28700_MPP-0.2500.png.tensor,0.818179,0.446392,0.393313,0.359938,0.142750,0.082320,0.003683
bcss,TCGA-E2-A159-DX1_xmin38620_ymin28700_MPP-0.2500.png.tensor,0.828280,0.436476,0.386095,0.351500,0.142750,0.082320,0.003354
bcss,TCGA-E2-A159-DX1_xmin38620_ymin28700_MPP-0.2500.png.tensor,0.838382,0.426508,0.378878,0.343061,0.142750,0.082320,0.003156
bcss,TCGA-E2-A159-DX1_xmin38620_ymin28700_MPP-0.2500.png.tensor,0.848483,0.416558,0.371660,0.334623,0.142750,0.082320,0.002869
bcss,TCGA-E2-A159-DX1_xmin38620_ymin28700_MPP-0.2500.png.tensor,0.858583,0.406609,0.364444,0.326186,0.142750,0.082320,0.002537
bcss,TCGA-E2-A159-DX1_xmin38620_ymin28700_MPP-0.2500.png.tensor,0.868684,0.396616,0.357227,0.317748,0.142750,0.082320,0.002321
bcss,TCGA-E2-A159-DX1_xmin38620_ymin28700_MPP-0.2500.png.tensor,0.878785,0.386602,0.350009,0.309310,0.142750,0.082320,0.002147
bcss,TCGA-E2-A159-DX1_xmin38620_ymin28700_MPP-0.2500.png.tensor,0.888887,0.376596,0.342792,0.300871,0.142750,0.082320,0.001922
bcss,TCGA-E2-A159-DX1_xmin38620_ymin28700_MPP-0.2500.png.tensor,0.898988,0.366575,0.335575,0.292433,0.142750,0.082320,0.001709
bcss,TCGA-E2-A159-DX1_xmin38620_ymin28700_MPP-0.2500.png.tensor,0.909088,0.356602,0.328358,0.283996,0.142750,0.082320,0.001212
bcss,TCGA-E2-A159-DX1_xmin38620_ymin28700_MPP-0.2500.png.tensor,0.919189,0.346602,0.321141,0.275558,0.142750,0.082320,0.000733
bcss,TCGA-E2-A159-DX1_xmin38620_ymin28700_MPP-0.2500.png.tensor,0.929290,0.336553,0.313923,0.267120,0.142750,0.082320,0.000457
bcss,TCGA-E2-A159-DX1_xmin38620_ymin28700_MPP-0.2500.png.tensor,0.939392,0.326476,0.306706,0.258682,0.142750,0.082320,0.000332
bcss,TCGA-E2-A159-DX1_xmin38620_ymin28700_MPP-0.2500.png.tensor,0.949493,0.316393,0.299489,0.250243,0.142750,0.082320,0.000240
bcss,TCGA-E2-A159-DX1_xmin38620_ymin28700_MPP-0.2500.png.tensor,0.959593,0.306303,0.292272,0.241807,0.142750,0.082320,0.000167
bcss,TCGA-E2-A159-DX1_xmin38620_ymin28700_MPP-0.2500.png.tensor,0.969694,0.296209,0.285055,0.233368,0.142750,0.082320,0.000089
bcss,TCGA-E2-A159-DX1_xmin38620_ymin28700_MPP-0.2500.png.tensor,0.979796,0.286115,0.277838,0.224930,0.142750,0.082320,0.000000
bcss,TCGA-E2-A159-DX1_xmin38620_ymin28700_MPP-0.2500.png.tensor,0.989897,0.276013,0.270620,0.216492,0.142750,0.082320,0.000000
bcss,TCGA-E2-A159-DX1_xmin38620_ymin28700_MPP-0.2500.png.tensor,0.999998,0.265912,0.263403,0.208053,0.142750,0.082320,0.000000
bcss,TCGA-E2-A1L7-DX1_xmin51554_ymin15424_MPP-0.2500.png.tensor,0.000000,0.531572,0.809059,0.770677,0.190941,0.229323,0.468428
bcss,TCGA-E2-A1L7-DX1_xmin51554_ymin15424_MPP-0.2500.png.tensor,0.010100,0.536160,0.802816,0.772576,0.190941,0.225602,0.465789
bcss,TCGA-E2-A1L7-DX1_xmin51554_ymin15424_MPP-0.2500.png.tensor,0.020201,0.539588,0.796573,0.773976,0.190941,0.222058,0.463684
bcss,TCGA-E2-A1L7-DX1_xmin51554_ymin15424_MPP-0.2500.png.tensor,0.030303,0.542609,0.790689,0.775101,0.190755,0.218583,0.461751
bcss,TCGA-E2-A1L7-DX1_xmin51554_ymin15424_MPP-0.2500.png.tensor,0.040404,0.545770,0.785038,0.775745,0.190444,0.215285,0.459701
bcss,TCGA-E2-A1L7-DX1_xmin51554_ymin15424_MPP-0.2500.png.tensor,0.050504,0.548492,0.779489,0.776438,0.190073,0.211892,0.457839
bcss,TCGA-E2-A1L7-DX1_xmin51554_ymin15424_MPP-0.2500.png.tensor,0.060605,0.551014,0.774126,0.776931,0.189595,0.208532,0.456041
bcss,TCGA-E2-A1L7-DX1_xmin51554_ymin15424_MPP-0.2500.png.tensor,0.070706,0.553215,0.768891,0.777477,0.189038,0.205069,0.454381
bcss,TCGA-E2-A1L7-DX1_xmin51554_ymin15424_MPP-0.2500.png.tensor,0.080808,0.555406,0.763862,0.777702,0.188356,0.201706,0.452687
bcss,TCGA-E2-A1L7-DX1_xmin51554_ymin15424_MPP-0.2500.png.tensor,0.090908,0.557272,0.758872,0.777405,0.187638,0.198555,0.451135
bcss,TCGA-E2-A1L7-DX1_xmin51554_ymin15424_MPP-0.2500.png.tensor,0.101009,0.559067,0.753950,0.777265,0.186866,0.195246,0.449588
bcss,TCGA-E2-A1L7-DX1_xmin51554_ymin15424_MPP-0.2500.png.tensor,0.111110,0.560628,0.749224,0.776669,0.185966,0.192118,0.448135
bcss,TCGA-E2-A1L7-DX1_xmin51554_ymin15424_MPP-0.2500.png.tensor,0.121212,0.561949,0.744786,0.775965,0.184882,0.188979,0.446790
bcss,TCGA-E2-A1L7-DX1_xmin51554_ymin15424_MPP-0.2500.png.tensor,0.131312,0.563035,0.740363,0.774950,0.183763,0.185948,0.445546
bcss,TCGA-E2-A1L7-DX1_xmin51554_ymin15424_MPP-0.2500.png.tensor,0.141413,0.564018,0.735856,0.773697,0.182667,0.182983,0.444332
bcss,TCGA-E2-A1L7-DX1_xmin51554_ymin15424_MPP-0.2500.png.tensor,0.151514,0.564842,0.731509,0.772539,0.181451,0.179891,0.443182
bcss,TCGA-E2-A1L7-DX1_xmin51554_ymin15424_MPP-0.2500.png.tensor,0.161616,0.565556,0.727266,0.771035,0.180143,0.176931,0.442074
bcss,TCGA-E2-A1L7-DX1_xmin51554_ymin15424_MPP-0.2500.png.tensor,0.171717,0.565984,0.722891,0.769380,0.178884,0.173990,0.441103
bcss,TCGA-E2-A1L7-DX1_xmin51554_ymin15424_MPP-0.2500.png.tensor,0.181817,0.566385,0.718606,0.767237,0.177538,0.171275,0.440137
bcss,TCGA-E2-A1L7-DX1_xmin51554_ymin15424_MPP-0.2500.png.tensor,0.191918,0.566580,0.714256,0.764998,0.176199,0.168551,0.439266
bcss,TCGA-E2-A1L7-DX1_xmin51554_ymin15424_MPP-0.2500.png.tensor,0.202019,0.566526,0.710055,0.762744,0.174732,0.165768,0.438534
bcss,TCGA-E2-A1L7-DX1_xmin51554_ymin15424_MPP-0.2500.png.tensor,0.212121,0.566760,0.705601,0.760136,0.173389,0.163138,0.437596
bcss,TCGA-E2-A1L7-DX1_xmin51554_ymin15424_MPP-0.2500.png.tensor,0.222221,0.566561,0.701281,0.757628,0.171925,0.160376,0.436909
bcss,TCGA-E2-A1L7-DX1_xmin51554_ymin15424_MPP-0.2500.png.tensor,0.232322,0.566444,0.697005,0.754838,0.170393,0.157724,0.436160
bcss,TCGA-E2-A1L7-DX1_xmin51554_ymin15424_MPP-0.2500.png.tensor,0.242423,0.566084,0.692743,0.751921,0.168811,0.155086,0.435544
bcss,TCGA-E2-A1L7-DX1_xmin51554_ymin15424_MPP-0.2500.png.tensor,0.252525,0.565920,0.688337,0.748791,0.167282,0.152518,0.434786
bcss,TCGA-E2-A1L7-DX1_xmin51554_ymin15424_MPP-0.2500.png.tensor,0.262625,0.565670,0.683953,0.745503,0.165698,0.149988,0.434059
bcss,TCGA-E2-A1L7-DX1_xmin51554_ymin15424_MPP-0.2500.png.tensor,0.272726,0.565079,0.679502,0.742055,0.164115,0.147497,0.433550
bcss,TCGA-E2-A1L7-DX1_xmin51554_ymin15424_MPP-0.2500.png.tensor,0.282827,0.564533,0.675086,0.738735,0.162463,0.144847,0.432995
bcss,TCGA-E2-A1L7-DX1_xmin51554_ymin15424_MPP-0.2500.png.tensor,0.292929,0.563881,0.670537,0.735062,0.160857,0.142371,0.432484
bcss,TCGA-E2-A1L7-DX1_xmin51554_ymin15424_MPP-0.2500.png.tensor,0.303030,0.563012,0.666027,0.730906,0.159177,0.140169,0.432141
bcss,TCGA-E2-A1L7-DX1_xmin51554_ymin15424_MPP-0.2500.png.tensor,0.313130,0.562241,0.661633,0.726942,0.157364,0.137763,0.431704
bcss,TCGA-E2-A1L7-DX1_xmin51554_ymin15424_MPP-0.2500.png.tensor,0.323231,0.561521,0.656972,0.723130,0.155694,0.135173,0.431210
bcss,TCGA-E2-A1L7-DX1_xmin51554_ymin15424_MPP-0.2500.png.tensor,0.333332,0.560787,0.652531,0.718899,0.153807,0.132819,0.430731
bcss,TCGA-E2-A1L7-DX1_xmin51554_ymin15424_MPP-0.2500.png.tensor,0.343434,0.560045,0.647906,0.714532,0.152003,0.130495,0.430228
bcss,TCGA-E2-A1L7-DX1_xmin51554_ymin15424_MPP-0.2500.png.tensor,0.353534,0.559023,0.643245,0.709826,0.150172,0.128362,0.429929
bcss,TCGA-E2-A1L7-DX1_xmin51554_ymin15424_MPP-0.2500.png.tensor,0.363635,0.558225,0.638494,0.704936,0.148352,0.126305,0.429434
bcss,TCGA-E2-A1L7-DX1_xmin51554_ymin15424_MPP-0.2500.png.tensor,0.373736,0.557328,0.633578,0.699824,0.146604,0.124359,0.429018
bcss,TCGA-E2-A1L7-DX1_xmin51554_ymin15424_MPP-0.2500.png.tensor,0.383838,0.556474,0.628486,0.694341,0.144943,0.122650,0.428550
bcss,TCGA-E2-A1L7-DX1_xmin51554_ymin15424_MPP-0.2500.png.tensor,0.393938,0.555320,0.623424,0.688917,0.143202,0.120836,0.428294
bcss,TCGA-E2-A1L7-DX1_xmin51554_ymin15424_MPP-0.2500.png.tensor,0.404039,0.554457,0.618418,0.683146,0.141354,0.119251,0.427819
bcss,TCGA-E2-A1L7-DX1_xmin51554_ymin15424_MPP-0.2500.png.tensor,0.414140,0.553614,0.613061,0.677138,0.139743,0.117814,0.427261
bcss,TCGA-E2-A1L7-DX1_xmin51554_ymin15424_MPP-0.2500.png.tensor,0.424241,0.552793,0.607574,0.670850,0.138188,0.116569,0.426734
bcss,TCGA-E2-A1L7-DX1_xmin51554_ymin15424_MPP-0.2500.png.tensor,0.434343,0.551804,0.601768,0.664627,0.136858,0.115222,0.426299
bcss,TCGA-E2-A1L7-DX1_xmin51554_ymin15424_MPP-0.2500.png.tensor,0.444443,0.550704,0.595820,0.657993,0.135609,0.114198,0.425944
bcss,TCGA-E2-A1L7-DX1_xmin51554_ymin15424_MPP-0.2500.png.tensor,0.454544,0.549611,0.589735,0.651327,0.134440,0.113164,0.425581
bcss,TCGA-E2-A1L7-DX1_xmin51554_ymin15424_MPP-0.2500.png.tensor,0.464645,0.548397,0.583514,0.644451,0.133352,0.112286,0.425303
bcss,TCGA-E2-A1L7-DX1_xmin51554_ymin15424_MPP-0.2500.png.tensor,0.474747,0.546925,0.576985,0.637483,0.132516,0.111463,0.425216
bcss,TCGA-E2-A1L7-DX1_xmin51554_ymin15424_MPP-0.2500.png.tensor,0.484847,0.545985,0.570302,0.630192,0.131798,0.110922,0.424720
bcss,TCGA-E2-A1L7-DX1_xmin51554_ymin15424_MPP-0.2500.png.tensor,0.494948,0.544948,0.563539,0.622834,0.131128,0.110425,0.424242
bcss,TCGA-E2-A1L7-DX1_xmin51554_ymin15424_MPP-0.2500.png.tensor,0.505049,0.544152,0.556598,0.615390,0.130612,0.109995,0.423502
bcss,TCGA-E2-A1L7-DX1_xmin51554_ymin15424_MPP-0.2500.png.tensor,0.515151,0.543048,0.549543,0.607804,0.130192,0.109692,0.423043
bcss,TCGA-E2-A1L7-DX1_xmin51554_ymin15424_MPP-0.2500.png.tensor,0.525250,0.541923,0.542386,0.600150,0.129862,0.109450,0.422590
bcss,TCGA-E2-A1L7-DX1_xmin51554_ymin15424_MPP-0.2500.png.tensor,0.535352,0.540762,0.535161,0.592397,0.129590,0.109302,0.422151
bcss,TCGA-E2-A1L7-DX1_xmin51554_ymin15424_MPP-0.2500.png.tensor,0.545453,0.539529,0.527811,0.584538,0.129444,0.109265,0.421724
bcss,TCGA-E2-A1L7-DX1_xmin51554_ymin15424_MPP-0.2500.png.tensor,0.555554,0.538399,0.520388,0.576644,0.129372,0.109265,0.421264
bcss,TCGA-E2-A1L7-DX1_xmin51554_ymin15424_MPP-0.2500.png.tensor,0.565654,0.537109,0.512902,0.568751,0.129372,0.109265,0.420917
bcss,TCGA-E2-A1L7-DX1_xmin51554_ymin15424_MPP-0.2500.png.tensor,0.575756,0.535889,0.505414,0.560857,0.129372,0.109265,0.420487
bcss,TCGA-E2-A1L7-DX1_xmin51554_ymin15424_MPP-0.2500.png.tensor,0.585857,0.534364,0.497926,0.552964,0.129372,0.109265,0.420379
bcss,TCGA-E2-A1L7-DX1_xmin51554_ymin15424_MPP-0.2500.png.tensor,0.595958,0.532903,0.490439,0.545070,0.129372,0.109265,0.420116
bcss,TCGA-E2-A1L7-DX1_xmin51554_ymin15424_MPP-0.2500.png.tensor,0.606060,0.531678,0.482951,0.537176,0.129372,0.109265,0.419712
bcss,TCGA-E2-A1L7-DX1_xmin51554_ymin15424_MPP-0.2500.png.tensor,0.616160,0.530006,0.475464,0.529283,0.129372,0.109265,0.419609
bcss,TCGA-E2-A1L7-DX1_xmin51554_ymin15424_MPP-0.2500.png.tensor,0.626261,0.528486,0.467977,0.521389,0.129372,0.109265,0.419609
bcss,TCGA-E2-A1L7-DX1_xmin51554_ymin15424_MPP-0.2500.png.tensor,0.636362,0.527143,0.460489,0.513495,0.129372,0.109265,0.419251
bcss,TCGA-E2-A1L7-DX1_xmin51554_ymin15424_MPP-0.2500.png.tensor,0.646464,0.525674,0.453001,0.505601,0.129372,0.109265,0.418980
bcss,TCGA-E2-A1L7-DX1_xmin51554_ymin15424_MPP-0.2500.png.tensor,0.656563,0.524355,0.445515,0.497708,0.129372,0.109265,0.418557
bcss,TCGA-E2-A1L7-DX1_xmin51554_ymin15424_MPP-0.2500.png.tensor,0.666665,0.523001,0.438027,0.489815,0.129372,0.109265,0.418079
bcss,TCGA-E2-A1L7-DX1_xmin51554_ymin15424_MPP-0.2500.png.tensor,0.676766,0.521720,0.430539,0.481921,0.129372,0.109265,0.417543
bcss,TCGA-E2-A1L7-DX1_xmin51554_ymin15424_MPP-0.2500.png.tensor,0.686867,0.520422,0.423052,0.474027,0.129372,0.109265,0.416963
bcss,TCGA-E2-A1L7-DX1_xmin51554_ymin15424_MPP-0.2500.png.tensor,0.696967,0.519165,0.415565,0.466134,0.129372,0.109265,0.416258
bcss,TCGA-E2-A1L7-DX1_xmin51554_ymin15424_MPP-0.2500.png.tensor,0.707069,0.518094,0.408077,0.458240,0.129372,0.109265,0.415218
bcss,TCGA-E2-A1L7-DX1_xmin51554_ymin15424_MPP-0.2500.png.tensor,0.717170,0.516861,0.400590,0.450346,0.129372,0.109265,0.414361
bcss,TCGA-E2-A1L7-DX1_xmin51554_ymin15424_MPP-0.2500.png.tensor,0.727271,0.516265,0.393102,0.442452,0.129372,0.109265,0.412297
bcss,TCGA-E2-A1L7-DX1_xmin51554_ymin15424_MPP-0.2500.png.tensor,0.737373,0.515306,0.385615,0.434558,0.129372,0.109265,0.410739
bcss,TCGA-E2-A1L7-DX1_xmin51554_ymin15424_MPP-0.2500.png.tensor,0.747473,0.514408,0.378128,0.426666,0.129372,0.109265,0.408956
bcss,TCGA-E2-A1L7-DX1_xmin51554_ymin15424_MPP-0.2500.png.tensor,0.757574,0.513279,0.370640,0.418772,0.129372,0.109265,0.407482
bcss,TCGA-E2-A1L7-DX1_xmin51554_ymin15424_MPP-0.2500.png.tensor,0.767675,0.512595,0.363153,0.410878,0.129372,0.109265,0.404915
bcss,TCGA-E2-A1L7-DX1_xmin51554_ymin15424_MPP-0.2500.png.tensor,0.777777,0.511783,0.355665,0.402984,0.129372,0.109265,0.402446
bcss,TCGA-E2-A1L7-DX1_xmin51554_ymin15424_MPP-0.2500.png.tensor,0.787876,0.510927,0.348178,0.395091,0.129372,0.109265,0.399810
bcss,TCGA-E2-A1L7-DX1_xmin51554_ymin15424_MPP-0.2500.png.tensor,0.797978,0.510289,0.340691,0.387197,0.129372,0.109265,0.396392
bcss,TCGA-E2-A1L7-DX1_xmin51554_ymin15424_MPP-0.2500.png.tensor,0.808079,0.509510,0.333203,0.379303,0.129372,0.109265,0.392963
bcss,TCGA-E2-A1L7-DX1_xmin51554_ymin15424_MPP-0.2500.png.tensor,0.818180,0.508793,0.325715,0.371410,0.129372,0.109265,0.388992
bcss,TCGA-E2-A1L7-DX1_xmin51554_ymin15424_MPP-0.2500.png.tensor,0.828280,0.508198,0.318229,0.363517,0.129372,0.109265,0.384187
bcss,TCGA-E2-A1L7-DX1_xmin51554_ymin15424_MPP-0.2500.png.tensor,0.838382,0.507470,0.310741,0.355623,0.129372,0.109265,0.379211
bcss,TCGA-E2-A1L7-DX1_xmin51554_ymin15424_MPP-0.2500.png.tensor,0.848483,0.506618,0.303253,0.347729,0.129372,0.109265,0.373958
bcss,TCGA-E2-A1L7-DX1_xmin51554_ymin15424_MPP-0.2500.png.tensor,0.858584,0.505721,0.295766,0.339835,0.129372,0.109265,0.368144
bcss,TCGA-E2-A1L7-DX1_xmin51554_ymin15424_MPP-0.2500.png.tensor,0.868686,0.504875,0.288278,0.331941,0.129372,0.109265,0.361222
bcss,TCGA-E2-A1L7-DX1_xmin51554_ymin15424_MPP-0.2500.png.tensor,0.878786,0.504022,0.280791,0.324048,0.129372,0.109265,0.353178
bcss,TCGA-E2-A1L7-DX1_xmin51554_ymin15424_MPP-0.2500.png.tensor,0.888887,0.503055,0.273304,0.316154,0.129372,0.109265,0.344159
bcss,TCGA-E2-A1L7-DX1_xmin51554_ymin15424_MPP-0.2500.png.tensor,0.898988,0.501830,0.265816,0.308261,0.129372,0.109265,0.334662
bcss,TCGA-E2-A1L7-DX1_xmin51554_ymin15424_MPP-0.2500.png.tensor,0.909090,0.500670,0.258329,0.300367,0.129372,0.109265,0.322640
bcss,TCGA-E2-A1L7-DX1_xmin51554_ymin15424_MPP-0.2500.png.tensor,0.919189,0.499124,0.250842,0.292474,0.129372,0.109265,0.310060
bcss,TCGA-E2-A1L7-DX1_xmin51554_ymin15424_MPP-0.2500.png.tensor,0.929291,0.497065,0.243354,0.284580,0.129372,0.109265,0.297469
bcss,TCGA-E2-A1L7-DX1_xmin51554_ymin15424_MPP-0.2500.png.tensor,0.939392,0.494723,0.235867,0.276686,0.129372,0.109265,0.283032
bcss,TCGA-E2-A1L7-DX1_xmin51554_ymin15424_MPP-0.2500.png.tensor,0.949493,0.492098,0.228379,0.268792,0.129372,0.109265,0.265668
bcss,TCGA-E2-A1L7-DX1_xmin51554_ymin15424_MPP-0.2500.png.tensor,0.959593,0.488705,0.220892,0.260899,0.129372,0.109265,0.249080
bcss,TCGA-E2-A1L7-DX1_xmin51554_ymin15424_MPP-0.2500.png.tensor,0.969695,0.484986,0.213405,0.253006,0.129372,0.109265,0.226827
bcss,TCGA-E2-A1L7-DX1_xmin51554_ymin15424_MPP-0.2500.png.tensor,0.979796,0.480337,0.205917,0.245112,0.129372,0.109265,0.205241
bcss,TCGA-E2-A1L7-DX1_xmin51554_ymin15424_MPP-0.2500.png.tensor,0.989897,0.474167,0.198429,0.237218,0.129372,0.109265,0.201629
bcss,TCGA-E2-A1L7-DX1_xmin51554_ymin15424_MPP-0.2500.png.tensor,0.999999,0.468430,0.190942,0.229324,0.129372,0.109265,0.000000
bcss,TCGA-E2-A1LH-DX1_xmin22770_ymin24149_MPP-0.2500.png.tensor,0.000000,0.453271,0.672099,0.696937,0.327901,0.303063,0.546729
bcss,TCGA-E2-A1LH-DX1_xmin22770_ymin24149_MPP-0.2500.png.tensor,0.010097,0.458883,0.668623,0.700235,0.327901,0.299388,0.544369
bcss,TCGA-E2-A1LH-DX1_xmin22770_ymin24149_MPP-0.2500.png.tensor,0.020199,0.462698,0.665146,0.702917,0.327901,0.295952,0.542880
bcss,TCGA-E2-A1LH-DX1_xmin22770_ymin24149_MPP-0.2500.png.tensor,0.030300,0.466106,0.661670,0.705107,0.327901,0.292697,0.541571
bcss,TCGA-E2-A1LH-DX1_xmin22770_ymin24149_MPP-0.2500.png.tensor,0.040401,0.469273,0.658193,0.707222,0.327901,0.289413,0.540355
bcss,TCGA-E2-A1LH-DX1_xmin22770_ymin24149_MPP-0.2500.png.tensor,0.050502,0.472073,0.654716,0.709234,0.327901,0.286113,0.539307
bcss,TCGA-E2-A1LH-DX1_xmin22770_ymin24149_MPP-0.2500.png.tensor,0.060603,0.474117,0.651239,0.710317,0.327901,0.283236,0.538628
bcss,TCGA-E2-A1LH-DX1_xmin22770_ymin24149_MPP-0.2500.png.tensor,0.070705,0.475919,0.647762,0.711602,0.327901,0.280189,0.538098
bcss,TCGA-E2-A1LH-DX1_xmin22770_ymin24149_MPP-0.2500.png.tensor,0.080806,0.477853,0.644285,0.713219,0.327901,0.276893,0.537460
bcss,TCGA-E2-A1LH-DX1_xmin22770_ymin24149_MPP-0.2500.png.tensor,0.090907,0.479827,0.640809,0.714455,0.327901,0.273735,0.536793
bcss,TCGA-E2-A1LH-DX1_xmin22770_ymin24149_MPP-0.2500.png.tensor,0.101008,0.481714,0.637332,0.714953,0.327901,0.270916,0.536149
bcss,TCGA-E2-A1LH-DX1_xmin22770_ymin24149_MPP-0.2500.png.tensor,0.111109,0.483485,0.633855,0.715284,0.327901,0.268126,0.535562
bcss,TCGA-E2-A1LH-DX1_xmin22770_ymin24149_MPP-0.2500.png.tensor,0.121211,0.485030,0.630378,0.716450,0.327901,0.264797,0.535097
bcss,TCGA-E2-A1LH-DX1_xmin22770_ymin24149_MPP-0.2500.png.tensor,0.131312,0.486878,0.626901,0.717559,0.327901,0.261424,0.534449
bcss,TCGA-E2-A1LH-DX1_xmin22770_ymin24149_MPP-0.2500.png.tensor,0.141413,0.488384,0.623425,0.718535,0.327901,0.258049,0.533977
bcss,TCGA-E2-A1LH-DX1_xmin22770_ymin24149_MPP-0.2500.png.tensor,0.151514,0.490419,0.619948,0.719568,0.327901,0.254560,0.533175
bcss,TCGA-E2-A1LH-DX1_xmin22770_ymin24149_MPP-0.2500.png.tensor,0.161615,0.492042,0.616471,0.720443,0.327901,0.251081,0.532614
bcss,TCGA-E2-A1LH-DX1_xmin22770_ymin24149_MPP-0.2500.png.tensor,0.171713,0.493177,0.612996,0.720546,0.327901,0.247984,0.532298
bcss,TCGA-E2-A1LH-DX1_xmin22770_ymin24149_MPP-0.2500.png.tensor,0.181814,0.494807,0.610095,0.721174,0.327550,0.244489,0.531727
bcss,TCGA-E2-A1LH-DX1_xmin22770_ymin24149_MPP-0.2500.png.tensor,0.191915,0.495876,0.609288,0.721801,0.325893,0.240907,0.531452
bcss,TCGA-E2-A1LH-DX1_xmin22770_ymin24149_MPP-0.2500.png.tensor,0.202016,0.497264,0.608490,0.722269,0.324189,0.237334,0.530964
bcss,TCGA-E2-A1LH-DX1_xmin22770_ymin24149_MPP-0.2500.png.tensor,0.212118,0.498933,0.607570,0.722161,0.322519,0.234035,0.530286
bcss,TCGA-E2-A1LH-DX1_xmin22770_ymin24149_MPP-0.2500.png.tensor,0.222219,0.500330,0.607529,0.722099,0.320241,0.230621,0.529796
bcss,TCGA-E2-A1LH-DX1_xmin22770_ymin24149_MPP-0.2500.png.tensor,0.232320,0.501476,0.607098,0.721366,0.318156,0.227554,0.529456
bcss,TCGA-E2-A1LH-DX1_xmin22770_ymin24149_MPP-0.2500.png.tensor,0.242421,0.503036,0.606532,0.721235,0.316105,0.224008,0.528837
bcss,TCGA-E2-A1LH-DX1_xmin22770_ymin24149_MPP-0.2500.png.tensor,0.252522,0.504292,0.606502,0.720612,0.313639,0.220694,0.528381
bcss,TCGA-E2-A1LH-DX1_xmin22770_ymin24149_MPP-0.2500.png.tensor,0.262624,0.505688,0.606067,0.719976,0.311382,0.217299,0.527799
bcss,TCGA-E2-A1LH-DX1_xmin22770_ymin24149_MPP-0.2500.png.tensor,0.272725,0.507217,0.606111,0.718783,0.308732,0.214193,0.527156
bcss,TCGA-E2-A1LH-DX1_xmin22770_ymin24149_MPP-0.2500.png.tensor,0.282826,0.508333,0.605972,0.717907,0.306135,0.210779,0.526685
bcss,TCGA-E2-A1LH-DX1_xmin22770_ymin24149_MPP-0.2500.png.tensor,0.292927,0.509542,0.606142,0.716993,0.303244,0.207293,0.526297
bcss,TCGA-E2-A1LH-DX1_xmin22770_ymin24149_MPP-0.2500.png.tensor,0.303028,0.510532,0.606027,0.715933,0.300475,0.203811,0.525907
bcss,TCGA-E2-A1LH-DX1_xmin22770_ymin24149_MPP-0.2500.png.tensor,0.313130,0.511570,0.606484,0.714612,0.297209,0.200417,0.525577
bcss,TCGA-E2-A1LH-DX1_xmin22770_ymin24149_MPP-0.2500.png.tensor,0.323231,0.512646,0.606896,0.712836,0.293878,0.197258,0.525177
bcss,TCGA-E2-A1LH-DX1_xmin22770_ymin24149_MPP-0.2500.png.tensor,0.333332,0.513356,0.607410,0.711560,0.290369,0.193628,0.524895
bcss,TCGA-E2-A1LH-DX1_xmin22770_ymin24149_MPP-0.2500.png.tensor,0.343429,0.514046,0.607995,0.709955,0.286700,0.190138,0.524789
bcss,TCGA-E2-A1LH-DX1_xmin22770_ymin24149_MPP-0.2500.png.tensor,0.353531,0.514522,0.608321,0.708586,0.283114,0.186356,0.524789
bcss,TCGA-E2-A1LH-DX1_xmin22770_ymin24149_MPP-0.2500.png.tensor,0.363632,0.515146,0.609018,0.706965,0.279124,0.182651,0.524789
bcss,TCGA-E2-A1LH-DX1_xmin22770_ymin24149_MPP-0.2500.png.tensor,0.373733,0.515910,0.609643,0.704980,0.275063,0.179117,0.524535
bcss,TCGA-E2-A1LH-DX1_xmin22770_ymin24149_MPP-0.2500.png.tensor,0.383834,0.516246,0.610926,0.703141,0.270334,0.175349,0.524535
bcss,TCGA-E2-A1LH-DX1_xmin22770_ymin24149_MPP-0.2500.png.tensor,0.393935,0.516987,0.611878,0.701082,0.265721,0.171636,0.524462
bcss,TCGA-E2-A1LH-DX1_xmin22770_ymin24149_MPP-0.2500.png.tensor,0.404037,0.517673,0.612712,0.698594,0.261050,0.168159,0.524297
bcss,TCGA-E2-A1LH-DX1_xmin22770_ymin24149_MPP-0.2500.png.tensor,0.414138,0.518422,0.613933,0.695977,0.255888,0.164670,0.524126
bcss,TCGA-E2-A1LH-DX1_xmin22770_ymin24149_MPP-0.2500.png.tensor,0.424239,0.519093,0.614971,0.693200,0.250704,0.161199,0.523831
bcss,TCGA-E2-A1LH-DX1_xmin22770_ymin24149_MPP-0.2500.png.tensor,0.434340,0.519842,0.616237,0.690731,0.245133,0.157331,0.523735
bcss,TCGA-E2-A1LH-DX1_xmin22770_ymin24149_MPP-0.2500.png.tensor,0.444441,0.520863,0.616673,0.687520,0.240107,0.153991,0.523267
bcss,TCGA-E2-A1LH-DX1_xmin22770_ymin24149_MPP-0.2500.png.tensor,0.454543,0.521363,0.616718,0.684702,0.235253,0.150166,0.523124
bcss,TCGA-E2-A1LH-DX1_xmin22770_ymin24149_MPP-0.2500.png.tensor,0.464644,0.522346,0.616953,0.681653,0.230038,0.146413,0.522761
bcss,TCGA-E2-A1LH-DX1_xmin22770_ymin24149_MPP-0.2500.png.tensor,0.474745,0.523508,0.616852,0.678609,0.224943,0.142511,0.522104
bcss,TCGA-E2-A1LH-DX1_xmin22770_ymin24149_MPP-0.2500.png.tensor,0.484846,0.524631,0.616889,0.674787,0.219514,0.139210,0.521435
bcss,TCGA-E2-A1LH-DX1_xmin22770_ymin24149_MPP-0.2500.png.tensor,0.494947,0.525661,0.616777,0.670866,0.214014,0.135876,0.520752
bcss,TCGA-E2-A1LH-DX1_xmin22770_ymin24149_MPP-0.2500.png.tensor,0.505045,0.527521,0.616596,0.666649,0.208363,0.132709,0.519398
bcss,TCGA-E2-A1LH-DX1_xmin22770_ymin24149_MPP-0.2500.png.tensor,0.515146,0.529104,0.616081,0.662554,0.202819,0.129280,0.518163
bcss,TCGA-E2-A1LH-DX1_xmin22770_ymin24149_MPP-0.2500.png.tensor,0.525247,0.530501,0.615278,0.657984,0.197341,0.126205,0.517060
bcss,TCGA-E2-A1LH-DX1_xmin22770_ymin24149_MPP-0.2500.png.tensor,0.535348,0.532115,0.614254,0.652899,0.191863,0.123550,0.515725
bcss,TCGA-E2-A1LH-DX1_xmin22770_ymin24149_MPP-0.2500.png.tensor,0.545450,0.533831,0.612321,0.647579,0.187141,0.121036,0.514187
bcss,TCGA-E2-A1LH-DX1_xmin22770_ymin24149_MPP-0.2500.png.tensor,0.555551,0.535243,0.609791,0.642309,0.182877,0.118352,0.512921
bcss,TCGA-E2-A1LH-DX1_xmin22770_ymin24149_MPP-0.2500.png.tensor,0.565652,0.537240,0.606969,0.636821,0.178752,0.115794,0.510919
bcss,TCGA-E2-A1LH-DX1_xmin22770_ymin24149_MPP-0.2500.png.tensor,0.575753,0.538855,0.603918,0.631018,0.174698,0.113485,0.509280
bcss,TCGA-E2-A1LH-DX1_xmin22770_ymin24149_MPP-0.2500.png.tensor,0.585854,0.540251,0.600349,0.625167,0.171073,0.111123,0.507821
bcss,TCGA-E2-A1LH-DX1_xmin22770_ymin24149_MPP-0.2500.png.tensor,0.595956,0.541483,0.596621,0.618842,0.167462,0.109227,0.506476
bcss,TCGA-E2-A1LH-DX1_xmin22770_ymin24149_MPP-0.2500.png.tensor,0.606057,0.542700,0.592497,0.612552,0.164170,0.107191,0.505077
bcss,TCGA-E2-A1LH-DX1_xmin22770_ymin24149_MPP-0.2500.png.tensor,0.616158,0.544003,0.587902,0.605912,0.161319,0.105503,0.503529
bcss,TCGA-E2-A1LH-DX1_xmin22770_ymin24149_MPP-0.2500.png.tensor,0.626259,0.544861,0.582840,0.599146,0.158936,0.103892,0.502493
bcss,TCGA-E2-A1LH-DX1_xmin22770_ymin24149_MPP-0.2500.png.tensor,0.636360,0.545469,0.577820,0.592521,0.156365,0.101999,0.501672
bcss,TCGA-E2-A1LH-DX1_xmin22770_ymin24149_MPP-0.2500.png.tensor,0.646462,0.546499,0.572503,0.585783,0.154067,0.100157,0.500325
bcss,TCGA-E2-A1LH-DX1_xmin22770_ymin24149_MPP-0.2500.png.tensor,0.656563,0.546990,0.567068,0.578980,0.151804,0.098300,0.499535
bcss,TCGA-E2-A1LH-DX1_xmin22770_ymin24149_MPP-0.2500.png.tensor,0.666664,0.548503,0.561690,0.571813,0.149321,0.096878,0.497321
bcss,TCGA-E2-A1LH-DX1_xmin22770_ymin24149_MPP-0.2500.png.tensor,0.676761,0.549194,0.555691,0.564625,0.147645,0.095405,0.496181
bcss,TCGA-E2-A1LH-DX1_xmin22770_ymin24149_MPP-0.2500.png.tensor,0.686863,0.550145,0.549828,0.557432,0.145641,0.093838,0.494545
bcss,TCGA-E2-A1LH-DX1_xmin22770_ymin24149_MPP-0.2500.png.tensor,0.696964,0.550793,0.543467,0.549893,0.144324,0.092739,0.493283
bcss,TCGA-E2-A1LH-DX1_xmin22770_ymin24149_MPP-0.2500.png.tensor,0.707065,0.551737,0.537110,0.542340,0.142910,0.091587,0.491446
bcss,TCGA-E2-A1LH-DX1_xmin22770_ymin24149_MPP-0.2500.png.tensor,0.717166,0.552509,0.530403,0.534452,0.142013,0.090946,0.489756
bcss,TCGA-E2-A1LH-DX1_xmin22770_ymin24149_MPP-0.2500.png.tensor,0.727267,0.553109,0.523697,0.526563,0.141049,0.090258,0.488303
bcss,TCGA-E2-A1LH-DX1_xmin22770_ymin24149_MPP-0.2500.png.tensor,0.737369,0.554077,0.516879,0.518744,0.140223,0.089384,0.486011
bcss,TCGA-E2-A1LH-DX1_xmin22770_ymin24149_MPP-0.2500.png.tensor,0.747470,0.554623,0.509824,0.510564,0.139800,0.089156,0.484343
bcss,TCGA-E2-A1LH-DX1_xmin22770_ymin24149_MPP-0.2500.png.tensor,0.757571,0.555590,0.502781,0.502264,0.139318,0.089156,0.481725
bcss,TCGA-E2-A1LH-DX1_xmin22770_ymin24149_MPP-0.2500.png.tensor,0.767672,0.556315,0.495494,0.494053,0.139318,0.088963,0.479340
bcss,TCGA-E2-A1LH-DX1_xmin22770_ymin24149_MPP-0.2500.png.tensor,0.777773,0.557111,0.488208,0.485789,0.139318,0.088874,0.476573
bcss,TCGA-E2-A1LH-DX1_xmin22770_ymin24149_MPP-0.2500.png.tensor,0.787875,0.558944,0.480921,0.477508,0.139318,0.088815,0.471172
bcss,TCGA-E2-A1LH-DX1_xmin22770_ymin24149_MPP-0.2500.png.tensor,0.797976,0.560114,0.473634,0.469202,0.139318,0.088815,0.466842
bcss,TCGA-E2-A1LH-DX1_xmin22770_ymin24149_MPP-0.2500.png.tensor,0.808077,0.561448,0.466348,0.460895,0.139318,0.088815,0.461654
bcss,TCGA-E2-A1LH-DX1_xmin22770_ymin24149_MPP-0.2500.png.tensor,0.818178,0.563172,0.459061,0.452588,0.139318,0.088815,0.454699
bcss,TCGA-E2-A1LH-DX1_xmin22770_ymin24149_MPP-0.2500.png.tensor,0.828279,0.564685,0.451775,0.444281,0.139318,0.088815,0.447661
bcss,TCGA-E2-A1LH-DX1_xmin22770_ymin24149_MPP-0.2500.png.tensor,0.838377,0.566436,0.444491,0.435977,0.139318,0.088815,0.438944
bcss,TCGA-E2-A1LH-DX1_xmin22770_ymin24149_MPP-0.2500.png.tensor,0.848478,0.568511,0.437204,0.427670,0.139318,0.088815,0.428123
bcss,TCGA-E2-A1LH-DX1_xmin22770_ymin24149_MPP-0.2500.png.tensor,0.858579,0.570001,0.429917,0.419363,0.139318,0.088815,0.417722
bcss,TCGA-E2-A1LH-DX1_xmin22770_ymin24149_MPP-0.2500.png.tensor,0.868680,0.571568,0.422631,0.411056,0.139318,0.088815,0.405399
bcss,TCGA-E2-A1LH-DX1_xmin22770_ymin24149_MPP-0.2500.png.tensor,0.878782,0.573113,0.415344,0.402749,0.139318,0.088815,0.391171
bcss,TCGA-E2-A1LH-DX1_xmin22770_ymin24149_MPP-0.2500.png.tensor,0.888883,0.574158,0.408057,0.394442,0.139318,0.088815,0.376562
bcss,TCGA-E2-A1LH-DX1_xmin22770_ymin24149_MPP-0.2500.png.tensor,0.898984,0.574821,0.400771,0.386135,0.139318,0.088815,0.360951
bcss,TCGA-E2-A1LH-DX1_xmin22770_ymin24149_MPP-0.2500.png.tensor,0.909085,0.575367,0.393484,0.377829,0.139318,0.088815,0.342465
bcss,TCGA-E2-A1LH-DX1_xmin22770_ymin24149_MPP-0.2500.png.tensor,0.919186,0.575429,0.386197,0.369522,0.139318,0.088815,0.322427
bcss,TCGA-E2-A1LH-DX1_xmin22770_ymin24149_MPP-0.2500.png.tensor,0.929288,0.574915,0.378911,0.361215,0.139318,0.088815,0.300684
bcss,TCGA-E2-A1LH-DX1_xmin22770_ymin24149_MPP-0.2500.png.tensor,0.939389,0.573269,0.371624,0.352908,0.139318,0.088815,0.281063
bcss,TCGA-E2-A1LH-DX1_xmin22770_ymin24149_MPP-0.2500.png.tensor,0.949490,0.570718,0.364338,0.344601,0.139318,0.088815,0.262399
bcss,TCGA-E2-A1LH-DX1_xmin22770_ymin24149_MPP-0.2500.png.tensor,0.959591,0.567317,0.357051,0.336294,0.139318,0.088815,0.244971
bcss,TCGA-E2-A1LH-DX1_xmin22770_ymin24149_MPP-0.2500.png.tensor,0.969692,0.562778,0.349764,0.327987,0.139318,0.088815,0.235173
bcss,TCGA-E2-A1LH-DX1_xmin22770_ymin24149_MPP-0.2500.png.tensor,0.979794,0.557013,0.342478,0.319680,0.139318,0.088815,0.234365
bcss,TCGA-E2-A1LH-DX1_xmin22770_ymin24149_MPP-0.2500.png.tensor,0.989895,0.550695,0.335191,0.311373,0.139318,0.088815,0.234365
bcss,TCGA-E2-A1LH-DX1_xmin22770_ymin24149_MPP-0.2500.png.tensor,0.999996,0.546725,0.327904,0.303066,0.139318,0.088815,0.234365
bcss,TCGA-E2-A1LI-DX1_xmin44715_ymin18434_MPP-0.2500.png.tensor,0.000000,0.556969,0.680905,0.770654,0.319095,0.229346,0.443031
bcss,TCGA-E2-A1LI-DX1_xmin44715_ymin18434_MPP-0.2500.png.tensor,0.010101,0.561581,0.677251,0.768798,0.319095,0.227522,0.440120
bcss,TCGA-E2-A1LI-DX1_xmin44715_ymin18434_MPP-0.2500.png.tensor,0.020202,0.565053,0.673596,0.765821,0.319095,0.226232,0.437731
bcss,TCGA-E2-A1LI-DX1_xmin44715_ymin18434_MPP-0.2500.png.tensor,0.030302,0.568177,0.669942,0.762429,0.319095,0.225129,0.435471
bcss,TCGA-E2-A1LI-DX1_xmin44715_ymin18434_MPP-0.2500.png.tensor,0.040403,0.571061,0.666287,0.758721,0.319095,0.224168,0.433290
bcss,TCGA-E2-A1LI-DX1_xmin44715_ymin18434_MPP-0.2500.png.tensor,0.050504,0.573816,0.662632,0.754803,0.319095,0.223297,0.431128
bcss,TCGA-E2-A1LI-DX1_xmin44715_ymin18434_MPP-0.2500.png.tensor,0.060606,0.576256,0.658977,0.750671,0.319095,0.222520,0.429089
bcss,TCGA-E2-A1LI-DX1_xmin44715_ymin18434_MPP-0.2500.png.tensor,0.070707,0.578430,0.655323,0.746580,0.319095,0.221705,0.427150
bcss,TCGA-E2-A1LI-DX1_xmin44715_ymin18434_MPP-0.2500.png.tensor,0.080807,0.580493,0.651668,0.742354,0.319095,0.220946,0.425226
bcss,TCGA-E2-A1LI-DX1_xmin44715_ymin18434_MPP-0.2500.png.tensor,0.090908,0.582377,0.648014,0.737797,0.319095,0.220352,0.423359
bcss,TCGA-E2-A1LI-DX1_xmin44715_ymin18434_MPP-0.2500.png.tensor,0.101009,0.584149,0.644359,0.733443,0.319095,0.219631,0.421513
bcss,TCGA-E2-A1LI-DX1_xmin44715_ymin18434_MPP-0.2500.png.tensor,0.111111,0.585756,0.640704,0.728813,0.319095,0.219050,0.419717
bcss,TCGA-E2-A1LI-DX1_xmin44715_ymin18434_MPP-0.2500.png.tensor,0.121212,0.587252,0.637050,0.724002,0.319095,0.218558,0.417943
bcss,TCGA-E2-A1LI-DX1_xmin44715_ymin18434_MPP-0.2500.png.tensor,0.131313,0.588552,0.633395,0.719491,0.319095,0.217882,0.416241
bcss,TCGA-E2-A1LI-DX1_xmin44715_ymin18434_MPP-0.2500.png.tensor,0.141413,0.589767,0.629740,0.714594,0.319095,0.217414,0.414546
bcss,TCGA-E2-A1LI-DX1_xmin44715_ymin18434_MPP-0.2500.png.tensor,0.151514,0.590777,0.626086,0.709516,0.319095,0.217043,0.412935
bcss,TCGA-E2-A1LI-DX1_xmin44715_ymin18434_MPP-0.2500.png.tensor,0.161615,0.592010,0.622431,0.704166,0.319095,0.216825,0.411149
bcss,TCGA-E2-A1LI-DX1_xmin44715_ymin18434_MPP-0.2500.png.tensor,0.171717,0.592918,0.618776,0.698635,0.319095,0.216710,0.409519
bcss,TCGA-E2-A1LI-DX1_xmin44715_ymin18434_MPP-0.2500.png.tensor,0.181818,0.593671,0.615122,0.693217,0.319095,0.216523,0.407941
bcss,TCGA-E2-A1LI-DX1_xmin44715_ymin18434_MPP-0.2500.png.tensor,0.191918,0.594506,0.611467,0.687632,0.319095,0.216436,0.406274
bcss,TCGA-E2-A1LI-DX1_xmin44715_ymin18434_MPP-0.2500.png.tensor,0.202019,0.595484,0.607813,0.681903,0.319095,0.216436,0.404475
bcss,TCGA-E2-A1LI-DX1_xmin44715_ymin18434_MPP-0.2500.png.tensor,0.212120,0.596403,0.604158,0.676175,0.319095,0.216436,0.402668
bcss,TCGA-E2-A1LI-DX1_xmin44715_ymin18434_MPP-0.2500.png.tensor,0.222222,0.597036,0.600503,0.670446,0.319095,0.216436,0.400996
bcss,TCGA-E2-A1LI-DX1_xmin44715_ymin18434_MPP-0.2500.png.tensor,0.232323,0.597740,0.596848,0.664717,0.319095,0.216436,0.399232
bcss,TCGA-E2-A1LI-DX1_xmin44715_ymin18434_MPP-0.2500.png.tensor,0.242424,0.598286,0.593194,0.658989,0.319095,0.216436,0.397530
bcss,TCGA-E2-A1LI-DX1_xmin44715_ymin18434_MPP-0.2500.png.tensor,0.252524,0.598829,0.589539,0.653261,0.319095,0.216436,0.395784
bcss,TCGA-E2-A1LI-DX1_xmin44715_ymin18434_MPP-0.2500.png.tensor,0.262625,0.599306,0.585885,0.647532,0.319095,0.216436,0.394031
bcss,TCGA-E2-A1LI-DX1_xmin44715_ymin18434_MPP-0.2500.png.tensor,0.272726,0.599592,0.582230,0.641804,0.319095,0.216436,0.392363
bcss,TCGA-E2-A1LI-DX1_xmin44715_ymin18434_MPP-0.2500.png.tensor,0.282828,0.600076,0.578575,0.636075,0.319095,0.216436,0.390509
bcss,TCGA-E2-A1LI-DX1_xmin44715_ymin18434_MPP-0.2500.png.tensor,0.292929,0.600694,0.574921,0.630346,0.319095,0.216436,0.388510
bcss,TCGA-E2-A1LI-DX1_xmin44715_ymin18434_MPP-0.2500.png.tensor,0.303029,0.601213,0.571266,0.624618,0.319095,0.216436,0.386519
bcss,TCGA-E2-A1LI-DX1_xmin44715_ymin18434_MPP-0.2500.png.tensor,0.313130,0.601686,0.567611,0.618889,0.319095,0.216436,0.384507
bcss,TCGA-E2-A1LI-DX1_xmin44715_ymin18434_MPP-0.2500.png.tensor,0.323231,0.602061,0.563957,0.613161,0.319095,0.216436,0.382508
bcss,TCGA-E2-A1LI-DX1_xmin44715_ymin18434_MPP-0.2500.png.tensor,0.333333,0.602241,0.560302,0.607432,0.319095,0.216436,0.380592
bcss,TCGA-E2-A1LI-DX1_xmin44715_ymin18434_MPP-0.2500.png.tensor,0.343434,0.602399,0.556647,0.601703,0.319095,0.216436,0.378633
bcss,TCGA-E2-A1LI-DX1_xmin44715_ymin18434_MPP-0.2500.png.tensor,0.353535,0.602620,0.552993,0.595975,0.319095,0.216436,0.376565
bcss,TCGA-E2-A1LI-DX1_xmin44715_ymin18434_MPP-0.2500.png.tensor,0.363635,0.602672,0.549338,0.590246,0.319095,0.216436,0.374567
bcss,TCGA-E2-A1LI-DX1_xmin44715_ymin18434_MPP-0.2500.png.tensor,0.373736,0.602771,0.545880,0.584518,0.318938,0.216436,0.372465
bcss,TCGA-E2-A1LI-DX1_xmin44715_ymin18434_MPP-0.2500.png.tensor,0.383837,0.602854,0.542461,0.578789,0.318744,0.216436,0.370307
bcss,TCGA-E2-A1LI-DX1_xmin44715_ymin18434_MPP-0.2500.png.tensor,0.393939,0.602997,0.538865,0.573060,0.318690,0.216436,0.368027
bcss,TCGA-E2-A1LI-DX1_xmin44715_ymin18434_MPP-0.2500.png.tensor,0.404040,0.602986,0.535202,0.567332,0.318690,0.216436,0.365800
bcss,TCGA-E2-A1LI-DX1_xmin44715_ymin18434_MPP-0.2500.png.tensor,0.414140,0.603011,0.531540,0.561603,0.318690,0.216436,0.363466
bcss,TCGA-E2-A1LI-DX1_xmin44715_ymin18434_MPP-0.2500.png.tensor,0.424241,0.602839,0.527877,0.555875,0.318690,0.216436,0.361219
bcss,TCGA-E2-A1LI-DX1_xmin44715_ymin18434_MPP-0.2500.png.tensor,0.434342,0.602534,0.524214,0.550147,0.318690,0.216436,0.359007
bcss,TCGA-E2-A1LI-DX1_xmin44715_ymin18434_MPP-0.2500.png.tensor,0.444444,0.602394,0.520551,0.544417,0.318690,0.216436,0.356573
bcss,TCGA-E2-A1LI-DX1_xmin44715_ymin18434_MPP-0.2500.png.tensor,0.454545,0.601996,0.516888,0.538689,0.318690,0.216436,0.354281
bcss,TCGA-E2-A1LI-DX1_xmin44715_ymin18434_MPP-0.2500.png.tensor,0.464645,0.601845,0.513225,0.532961,0.318690,0.216436,0.351673
bcss,TCGA-E2-A1LI-DX1_xmin44715_ymin18434_MPP-0.2500.png.tensor,0.474746,0.601650,0.509563,0.527232,0.318690,0.216436,0.349005
bcss,TCGA-E2-A1LI-DX1_xmin44715_ymin18434_MPP-0.2500.png.tensor,0.484847,0.601091,0.505900,0.521504,0.318690,0.216436,0.346589
bcss,TCGA-E2-A1LI-DX1_xmin44715_ymin18434_MPP-0.2500.png.tensor,0.494948,0.600580,0.502237,0.515775,0.318690,0.216436,0.344026
bcss,TCGA-E2-A1LI-DX1_xmin44715_ymin18434_MPP-0.2500.png.tensor,0.505050,0.599985,0.498574,0.510046,0.318690,0.216436,0.341442
bcss,TCGA-E2-A1LI-DX1_xmin44715_ymin18434_MPP-0.2500.png.tensor,0.515151,0.599274,0.494911,0.504318,0.318690,0.216436,0.338874
bcss,TCGA-E2-A1LI-DX1_xmin44715_ymin18434_MPP-0.2500.png.tensor,0.525251,0.598546,0.491248,0.498589,0.318690,0.216436,0.336211
bcss,TCGA-E2-A1LI-DX1_xmin44715_ymin18434_MPP-0.2500.png.tensor,0.535352,0.597611,0.487586,0.492861,0.318690,0.216436,0.333658
bcss,TCGA-E2-A1LI-DX1_xmin44715_ymin18434_MPP-0.2500.png.tensor,0.545453,0.596638,0.483923,0.487132,0.318690,0.216436,0.331032
bcss,TCGA-E2-A1LI-DX1_xmin44715_ymin18434_MPP-0.2500.png.tensor,0.555555,0.595419,0.480260,0.481403,0.318690,0.216436,0.328553
bcss,TCGA-E2-A1LI-DX1_xmin44715_ymin18434_MPP-0.2500.png.tensor,0.565656,0.594093,0.476597,0.475675,0.318690,0.216436,0.326102
bcss,TCGA-E2-A1LI-DX1_xmin44715_ymin18434_MPP-0.2500.png.tensor,0.575756,0.592746,0.472934,0.469946,0.318690,0.216436,0.323549
bcss,TCGA-E2-A1LI-DX1_xmin44715_ymin18434_MPP-0.2500.png.tensor,0.585857,0.591353,0.469271,0.464218,0.318690,0.216436,0.320926
bcss,TCGA-E2-A1LI-DX1_xmin44715_ymin18434_MPP-0.2500.png.tensor,0.595958,0.589719,0.465609,0.458489,0.318690,0.216436,0.318466
bcss,TCGA-E2-A1LI-DX1_xmin44715_ymin18434_MPP-0.2500.png.tensor,0.606059,0.587985,0.461946,0.452761,0.318690,0.216436,0.316019
bcss,TCGA-E2-A1LI-DX1_xmin44715_ymin18434_MPP-0.2500.png.tensor,0.616161,0.586222,0.458283,0.447032,0.318690,0.216436,0.313471
bcss,TCGA-E2-A1LI-DX1_xmin44715_ymin18434_MPP-0.2500.png.tensor,0.626262,0.584004,0.454620,0.441303,0.318690,0.216436,0.311400
bcss,TCGA-E2-A1LI-DX1_xmin44715_ymin18434_MPP-0.2500.png.tensor,0.636362,0.581971,0.450957,0.435575,0.318690,0.216436,0.308954
bcss,TCGA-E2-A1LI-DX1_xmin44715_ymin18434_MPP-0.2500.png.tensor,0.646463,0.579615,0.447294,0.429847,0.318690,0.216436,0.306826
bcss,TCGA-E2-A1LI-DX1_xmin44715_ymin18434_MPP-0.2500.png.tensor,0.656564,0.577290,0.443632,0.424118,0.318690,0.216436,0.304531
bcss,TCGA-E2-A1LI-DX1_xmin44715_ymin18434_MPP-0.2500.png.tensor,0.666666,0.574555,0.439969,0.418389,0.318690,0.216436,0.302702
bcss,TCGA-E2-A1LI-DX1_xmin44715_ymin18434_MPP-0.2500.png.tensor,0.676767,0.571692,0.436306,0.412661,0.318690,0.216436,0.300974
bcss,TCGA-E2-A1LI-DX1_xmin44715_ymin18434_MPP-0.2500.png.tensor,0.686867,0.568823,0.432643,0.406932,0.318690,0.216436,0.299133
bcss,TCGA-E2-A1LI-DX1_xmin44715_ymin18434_MPP-0.2500.png.tensor,0.696968,0.565678,0.428980,0.401204,0.318690,0.216436,0.297609
bcss,TCGA-E2-A1LI-DX1_xmin44715_ymin18434_MPP-0.2500.png.tensor,0.707069,0.562495,0.425318,0.395475,0.318690,0.216436,0.296082
bcss,TCGA-E2-A1LI-DX1_xmin44715_ymin18434_MPP-0.2500.png.tensor,0.717170,0.559308,0.421655,0.389747,0.318690,0.216436,0.294436
bcss,TCGA-E2-A1LI-DX1_xmin44715_ymin18434_MPP-0.2500.png.tensor,0.727272,0.555901,0.417992,0.384018,0.318690,0.216436,0.293053
bcss,TCGA-E2-A1LI-DX1_xmin44715_ymin18434_MPP-0.2500.png.tensor,0.737373,0.552372,0.414329,0.378289,0.318690,0.216436,0.291828
bcss,TCGA-E2-A1LI-DX1_xmin44715_ymin18434_MPP-0.2500.png.tensor,0.747473,0.548966,0.410666,0.372561,0.318690,0.216436,0.290237
bcss,TCGA-E2-A1LI-DX1_xmin44715_ymin18434_MPP-0.2500.png.tensor,0.757574,0.545452,0.407003,0.366832,0.318690,0.216436,0.288758
bcss,TCGA-E2-A1LI-DX1_xmin44715_ymin18434_MPP-0.2500.png.tensor,0.767675,0.541966,0.403341,0.361104,0.318690,0.216436,0.287075
bcss,TCGA-E2-A1LI-DX1_xmin44715_ymin18434_MPP-0.2500.png.tensor,0.777777,0.538327,0.399677,0.355375,0.318690,0.216436,0.285561
bcss,TCGA-E2-A1LI-DX1_xmin44715_ymin18434_MPP-0.2500.png.tensor,0.787878,0.534768,0.396015,0.349646,0.318690,0.216436,0.283763
bcss,TCGA-E2-A1LI-DX1_xmin44715_ymin18434_MPP-0.2500.png.tensor,0.797978,0.531231,0.392352,0.343918,0.318690,0.216436,0.281694
bcss,TCGA-E2-A1LI-DX1_xmin44715_ymin18434_MPP-0.2500.png.tensor,0.808079,0.527665,0.388689,0.338189,0.318690,0.216436,0.279502
bcss,TCGA-E2-A1LI-DX1_xmin44715_ymin18434_MPP-0.2500.png.tensor,0.818180,0.523878,0.385026,0.332461,0.318690,0.216436,0.277668
bcss,TCGA-E2-A1LI-DX1_xmin44715_ymin18434_MPP-0.2500.png.tensor,0.828281,0.520175,0.381364,0.326733,0.318690,0.216436,0.275352
bcss,TCGA-E2-A1LI-DX1_xmin44715_ymin18434_MPP-0.2500.png.tensor,0.838383,0.516384,0.377700,0.321003,0.318690,0.216436,0.273050
bcss,TCGA-E2-A1LI-DX1_xmin44715_ymin18434_MPP-0.2500.png.tensor,0.848484,0.512643,0.374038,0.315275,0.318690,0.216436,0.270267
bcss,TCGA-E2-A1LI-DX1_xmin44715_ymin18434_MPP-0.2500.png.tensor,0.858584,0.508720,0.370375,0.309547,0.318690,0.216436,0.267725
bcss,TCGA-E2-A1LI-DX1_xmin44715_ymin18434_MPP-0.2500.png.tensor,0.868685,0.504744,0.366712,0.303818,0.318690,0.216436,0.265017
bcss,TCGA-E2-A1LI-DX1_xmin44715_ymin18434_MPP-0.2500.png.tensor,0.878786,0.500847,0.363049,0.298090,0.318690,0.216436,0.261487
bcss,TCGA-E2-A1LI-DX1_xmin44715_ymin18434_MPP-0.2500.png.tensor,0.888888,0.496778,0.359386,0.292361,0.318690,0.216436,0.258095
bcss,TCGA-E2-A1LI-DX1_xmin44715_ymin18434_MPP-0.2500.png.tensor,0.898989,0.492572,0.355723,0.286632,0.318690,0.216436,0.254772
bcss,TCGA-E2-A1LI-DX1_xmin44715_ymin18434_MPP-0.2500.png.tensor,0.909089,0.488430,0.352061,0.280904,0.318690,0.216436,0.250299
bcss,TCGA-E2-A1LI-DX1_xmin44715_ymin18434_MPP-0.2500.png.tensor,0.919190,0.484166,0.348398,0.275175,0.318690,0.216436,0.245448
bcss,TCGA-E2-A1LI-DX1_xmin44715_ymin18434_MPP-0.2500.png.tensor,0.929291,0.479811,0.344735,0.269447,0.318690,0.216436,0.239865
bcss,TCGA-E2-A1LI-DX1_xmin44715_ymin18434_MPP-0.2500.png.tensor,0.939392,0.475566,0.341072,0.263718,0.318690,0.216436,0.231591
bcss,TCGA-E2-A1LI-DX1_xmin44715_ymin18434_MPP-0.2500.png.tensor,0.949494,0.471352,0.337409,0.257989,0.318690,0.216436,0.219587
bcss,TCGA-E2-A1LI-DX1_xmin44715_ymin18434_MPP-0.2500.png.tensor,0.959595,0.466755,0.333747,0.252261,0.318690,0.216436,0.206310
bcss,TCGA-E2-A1LI-DX1_xmin44715_ymin18434_MPP-0.2500.png.tensor,0.969695,0.462105,0.330084,0.246532,0.318690,0.216436,0.185084
bcss,TCGA-E2-A1LI-DX1_xmin44715_ymin18434_MPP-0.2500.png.tensor,0.979796,0.456720,0.326421,0.240804,0.318690,0.216436,0.161093
bcss,TCGA-E2-A1LI-DX1_xmin44715_ymin18434_MPP-0.2500.png.tensor,0.989897,0.450137,0.322758,0.235075,0.318690,0.216436,0.144653
bcss,TCGA-E2-A1LI-DX1_xmin44715_ymin18434_MPP-0.2500.png.tensor,0.999999,0.443032,0.319095,0.229346,0.318690,0.216436,0.000000
bcss,TCGA-E2-A1LL-DX1_xmin5783_ymin22777_MPP-0.2500.png.tensor,0.000000,0.808626,0.707375,0.746629,0.292625,0.253371,0.191374
bcss,TCGA-E2-A1LL-DX1_xmin5783_ymin22777_MPP-0.2500.png.tensor,0.010098,0.807789,0.703187,0.741655,0.292625,0.253368,0.188649
bcss,TCGA-E2-A1LL-DX1_xmin5783_ymin22777_MPP-0.2500.png.tensor,0.020200,0.806962,0.698997,0.736672,0.292625,0.253368,0.185857
bcss,TCGA-E2-A1LL-DX1_xmin5783_ymin22777_MPP-0.2500.png.tensor,0.030302,0.805911,0.694807,0.731689,0.292625,0.253368,0.183130
bcss,TCGA-E2-A1LL-DX1_xmin5783_ymin22777_MPP-0.2500.png.tensor,0.040400,0.804668,0.690619,0.726708,0.292625,0.253368,0.180443
bcss,TCGA-E2-A1LL-DX1_xmin5783_ymin22777_MPP-0.2500.png.tensor,0.050502,0.803354,0.686429,0.721725,0.292625,0.253368,0.177733
bcss,TCGA-E2-A1LL-DX1_xmin5783_ymin22777_MPP-0.2500.png.tensor,0.060604,0.801461,0.682239,0.716742,0.292625,0.253368,0.175277
bcss,TCGA-E2-A1LL-DX1_xmin5783_ymin22777_MPP-0.2500.png.tensor,0.070706,0.799508,0.678049,0.711759,0.292625,0.253368,0.172794
bcss,TCGA-E2-A1LL-DX1_xmin5783_ymin22777_MPP-0.2500.png.tensor,0.080804,0.797439,0.673861,0.706778,0.292625,0.253368,0.170327
bcss,TCGA-E2-A1LL-DX1_xmin5783_ymin22777_MPP-0.2500.png.tensor,0.090906,0.795223,0.669671,0.701795,0.292625,0.253368,0.167883
bcss,TCGA-E2-A1LL-DX1_xmin5783_ymin22777_MPP-0.2500.png.tensor,0.101008,0.792497,0.665482,0.696812,0.292625,0.253368,0.165668
bcss,TCGA-E2-A1LL-DX1_xmin5783_ymin22777_MPP-0.2500.png.tensor,0.111110,0.789838,0.661292,0.691829,0.292625,0.253368,0.163363
bcss,TCGA-E2-A1LL-DX1_xmin5783_ymin22777_MPP-0.2500.png.tensor,0.121208,0.787093,0.657104,0.686848,0.292625,0.253368,0.161057
bcss,TCGA-E2-A1LL-DX1_xmin5783_ymin22777_MPP-0.2500.png.tensor,0.131310,0.783848,0.652914,0.681865,0.292625,0.253368,0.158981
bcss,TCGA-E2-A1LL-DX1_xmin5783_ymin22777_MPP-0.2500.png.tensor,0.141412,0.780536,0.648724,0.676882,0.292625,0.253368,0.156900
bcss,TCGA-E2-A1LL-DX1_xmin5783_ymin22777_MPP-0.2500.png.tensor,0.151514,0.777254,0.644534,0.672363,0.292625,0.253094,0.154748
bcss,TCGA-E2-A1LL-DX1_xmin5783_ymin22777_MPP-0.2500.png.tensor,0.161613,0.773765,0.640346,0.668147,0.292625,0.252635,0.152671
bcss,TCGA-E2-A1LL-DX1_xmin5783_ymin22777_MPP-0.2500.png.tensor,0.171715,0.770378,0.636156,0.663404,0.292625,0.252481,0.150480
bcss,TCGA-E2-A1LL-DX1_xmin5783_ymin22777_MPP-0.2500.png.tensor,0.181816,0.766787,0.631966,0.658674,0.292625,0.252315,0.148357
bcss,TCGA-E2-A1LL-DX1_xmin5783_ymin22777_MPP-0.2500.png.tensor,0.191918,0.762927,0.627777,0.654191,0.292625,0.251993,0.146350
bcss,TCGA-E2-A1LL-DX1_xmin5783_ymin22777_MPP-0.2500.png.tensor,0.202017,0.758830,0.623799,0.649292,0.292493,0.251924,0.144444
bcss,TCGA-E2-A1LL-DX1_xmin5783_ymin22777_MPP-0.2500.png.tensor,0.212119,0.754639,0.619760,0.644399,0.292396,0.251849,0.142544
bcss,TCGA-E2-A1LL-DX1_xmin5783_ymin22777_MPP-0.2500.png.tensor,0.222221,0.750508,0.615565,0.639517,0.292396,0.251764,0.140556
bcss,TCGA-E2-A1LL-DX1_xmin5783_ymin22777_MPP-0.2500.png.tensor,0.232319,0.745893,0.611403,0.634578,0.292376,0.251716,0.138835
bcss,TCGA-E2-A1LL-DX1_xmin5783_ymin22777_MPP-0.2500.png.tensor,0.242421,0.741371,0.607380,0.629561,0.292263,0.251716,0.137003
bcss,TCGA-E2-A1LL-DX1_xmin5783_ymin22777_MPP-0.2500.png.tensor,0.252523,0.736609,0.603207,0.624764,0.292247,0.251569,0.135273
bcss,TCGA-E2-A1LL-DX1_xmin5783_ymin22777_MPP-0.2500.png.tensor,0.262625,0.731960,0.599010,0.620258,0.292247,0.251221,0.133438
bcss,TCGA-E2-A1LL-DX1_xmin5783_ymin22777_MPP-0.2500.png.tensor,0.272723,0.727037,0.594814,0.615355,0.292247,0.251138,0.131733
bcss,TCGA-E2-A1LL-DX1_xmin5783_ymin22777_MPP-0.2500.png.tensor,0.282825,0.721862,0.590617,0.610490,0.292247,0.251024,0.130153
bcss,TCGA-E2-A1LL-DX1_xmin5783_ymin22777_MPP-0.2500.png.tensor,0.292927,0.717025,0.586419,0.605459,0.292247,0.251024,0.128290
bcss,TCGA-E2-A1LL-DX1_xmin5783_ymin22777_MPP-0.2500.png.tensor,0.303029,0.711685,0.582222,0.600866,0.292247,0.250711,0.126732
bcss,TCGA-E2-A1LL-DX1_xmin5783_ymin22777_MPP-0.2500.png.tensor,0.313127,0.706656,0.578026,0.596428,0.292247,0.250277,0.124905
bcss,TCGA-E2-A1LL-DX1_xmin5783_ymin22777_MPP-0.2500.png.tensor,0.323229,0.701271,0.573828,0.591724,0.292247,0.250024,0.123283
bcss,TCGA-E2-A1LL-DX1_xmin5783_ymin22777_MPP-0.2500.png.tensor,0.333331,0.695931,0.569631,0.587391,0.292247,0.249486,0.121582
bcss,TCGA-E2-A1LL-DX1_xmin5783_ymin22777_MPP-0.2500.png.tensor,0.343433,0.690260,0.565434,0.582744,0.292247,0.249171,0.120080
bcss,TCGA-E2-A1LL-DX1_xmin5783_ymin22777_MPP-0.2500.png.tensor,0.353531,0.684624,0.561238,0.578134,0.292247,0.248818,0.118505
bcss,TCGA-E2-A1LL-DX1_xmin5783_ymin22777_MPP-0.2500.png.tensor,0.363633,0.678840,0.557040,0.574146,0.292247,0.247964,0.116992
bcss,TCGA-E2-A1LL-DX1_xmin5783_ymin22777_MPP-0.2500.png.tensor,0.373735,0.673395,0.552843,0.569857,0.292247,0.247323,0.115161
bcss,TCGA-E2-A1LL-DX1_xmin5783_ymin22777_MPP-0.2500.png.tensor,0.383837,0.667845,0.548645,0.565465,0.292247,0.246745,0.113343
bcss,TCGA-E2-A1LL-DX1_xmin5783_ymin22777_MPP-0.2500.png.tensor,0.393935,0.662185,0.544449,0.561185,0.292247,0.246056,0.111582
bcss,TCGA-E2-A1LL-DX1_xmin5783_ymin22777_MPP-0.2500.png.tensor,0.404037,0.656034,0.540252,0.556832,0.292247,0.245403,0.110143
bcss,TCGA-E2-A1LL-DX1_xmin5783_ymin22777_MPP-0.2500.png.tensor,0.414139,0.650063,0.536055,0.553121,0.292247,0.244180,0.108533
bcss,TCGA-E2-A1LL-DX1_xmin5783_ymin22777_MPP-0.2500.png.tensor,0.424237,0.643885,0.531859,0.549381,0.292247,0.242941,0.107032
bcss,TCGA-E2-A1LL-DX1_xmin5783_ymin22777_MPP-0.2500.png.tensor,0.434339,0.638019,0.527661,0.545458,0.292247,0.241818,0.105198
bcss,TCGA-E2-A1LL-DX1_xmin5783_ymin22777_MPP-0.2500.png.tensor,0.444441,0.632138,0.523464,0.542084,0.292247,0.240160,0.103309
bcss,TCGA-E2-A1LL-DX1_xmin5783_ymin22777_MPP-0.2500.png.tensor,0.454543,0.626175,0.519266,0.539134,0.292247,0.238052,0.101430
bcss,TCGA-E2-A1LL-DX1_xmin5783_ymin22777_MPP-0.2500.png.tensor,0.464641,0.620178,0.515071,0.535721,0.292247,0.236299,0.099514
bcss,TCGA-E2-A1LL-DX1_xmin5783_ymin22777_MPP-0.2500.png.tensor,0.474743,0.614056,0.510873,0.532563,0.292247,0.234233,0.097636
bcss,TCGA-E2-A1LL-DX1_xmin5783_ymin22777_MPP-0.2500.png.tensor,0.484845,0.608048,0.507180,0.529495,0.291757,0.232000,0.095578
bcss,TCGA-E2-A1LL-DX1_xmin5783_ymin22777_MPP-0.2500.png.tensor,0.494947,0.601649,0.503567,0.526313,0.291168,0.229789,0.093828
bcss,TCGA-E2-A1LL-DX1_xmin5783_ymin22777_MPP-0.2500.png.tensor,0.505045,0.595313,0.500441,0.523422,0.290066,0.227196,0.091938
bcss,TCGA-E2-A1LL-DX1_xmin5783_ymin22777_MPP-0.2500.png.tensor,0.515147,0.588621,0.497394,0.520659,0.288834,0.224362,0.090342
bcss,TCGA-E2-A1LL-DX1_xmin5783_ymin22777_MPP-0.2500.png.tensor,0.525249,0.582034,0.494548,0.517460,0.287338,0.221866,0.088563
bcss,TCGA-E2-A1LL-DX1_xmin5783_ymin22777_MPP-0.2500.png.tensor,0.535351,0.575440,0.492111,0.514616,0.285337,0.218880,0.086710
bcss,TCGA-E2-A1LL-DX1_xmin5783_ymin22777_MPP-0.2500.png.tensor,0.545449,0.568451,0.489812,0.511329,0.283097,0.216250,0.085208
bcss,TCGA-E2-A1LL-DX1_xmin5783_ymin22777_MPP-0.2500.png.tensor,0.555551,0.561504,0.486986,0.508117,0.281346,0.213414,0.083604
bcss,TCGA-E2-A1LL-DX1_xmin5783_ymin22777_MPP-0.2500.png.tensor,0.565653,0.554601,0.485377,0.504578,0.278113,0.210823,0.081866
bcss,TCGA-E2-A1LL-DX1_xmin5783_ymin22777_MPP-0.2500.png.tensor,0.575755,0.547526,0.483269,0.501569,0.275314,0.207483,0.080245
bcss,TCGA-E2-A1LL-DX1_xmin5783_ymin22777_MPP-0.2500.png.tensor,0.585854,0.540695,0.481313,0.497645,0.272197,0.205087,0.078264
bcss,TCGA-E2-A1LL-DX1_xmin5783_ymin22777_MPP-0.2500.png.tensor,0.595955,0.533522,0.479255,0.493558,0.269048,0.202772,0.076591
bcss,TCGA-E2-A1LL-DX1_xmin5783_ymin22777_MPP-0.2500.png.tensor,0.606057,0.526229,0.477124,0.489282,0.265830,0.200577,0.074974
bcss,TCGA-E2-A1LL-DX1_xmin5783_ymin22777_MPP-0.2500.png.tensor,0.616156,0.518670,0.474656,0.484609,0.262885,0.198787,0.073650
bcss,TCGA-E2-A1LL-DX1_xmin5783_ymin22777_MPP-0.2500.png.tensor,0.626258,0.511129,0.472799,0.479956,0.258960,0.196870,0.072222
bcss,TCGA-E2-A1LL-DX1_xmin5783_ymin22777_MPP-0.2500.png.tensor,0.636360,0.503693,0.470130,0.475009,0.255934,0.195252,0.070560
bcss,TCGA-E2-A1LL-DX1_xmin5783_ymin22777_MPP-0.2500.png.tensor,0.646461,0.496100,0.466961,0.469532,0.253442,0.194289,0.069033
bcss,TCGA-E2-A1LL-DX1_xmin5783_ymin22777_MPP-0.2500.png.tensor,0.656560,0.488480,0.463616,0.464014,0.251062,0.193334,0.067444
bcss,TCGA-E2-A1LL-DX1_xmin5783_ymin22777_MPP-0.2500.png.tensor,0.666662,0.480684,0.460032,0.458067,0.248894,0.192961,0.066032
bcss,TCGA-E2-A1LL-DX1_xmin5783_ymin22777_MPP-0.2500.png.tensor,0.676764,0.472926,0.456260,0.452133,0.246881,0.192545,0.064478
bcss,TCGA-E2-A1LL-DX1_xmin5783_ymin22777_MPP-0.2500.png.tensor,0.686866,0.464859,0.451972,0.445921,0.245563,0.192545,0.063307
bcss,TCGA-E2-A1LL-DX1_xmin5783_ymin22777_MPP-0.2500.png.tensor,0.696964,0.456676,0.447173,0.439712,0.245002,0.192545,0.062258
bcss,TCGA-E2-A1LL-DX1_xmin5783_ymin22777_MPP-0.2500.png.tensor,0.707066,0.448287,0.442215,0.433500,0.244670,0.192545,0.061474
bcss,TCGA-E2-A1LL-DX1_xmin5783_ymin22777_MPP-0.2500.png.tensor,0.717168,0.439897,0.437175,0.427288,0.244460,0.192545,0.060610
bcss,TCGA-E2-A1LL-DX1_xmin5783_ymin22777_MPP-0.2500.png.tensor,0.727270,0.431372,0.432012,0.421076,0.244460,0.192545,0.059959
bcss,TCGA-E2-A1LL-DX1_xmin5783_ymin22777_MPP-0.2500.png.tensor,0.737368,0.422904,0.426851,0.414867,0.244460,0.192545,0.059206
bcss,TCGA-E2-A1LL-DX1_xmin5783_ymin22777_MPP-0.2500.png.tensor,0.747470,0.414312,0.421688,0.408655,0.244460,0.192545,0.058567
bcss,TCGA-E2-A1LL-DX1_xmin5783_ymin22777_MPP-0.2500.png.tensor,0.757572,0.405419,0.416525,0.402443,0.244460,0.192545,0.058404
bcss,TCGA-E2-A1LL-DX1_xmin5783_ymin22777_MPP-0.2500.png.tensor,0.767674,0.396782,0.411362,0.396231,0.244460,0.192545,0.057927
bcss,TCGA-E2-A1LL-DX1_xmin5783_ymin22777_MPP-0.2500.png.tensor,0.777772,0.387772,0.406201,0.390022,0.244460,0.192545,0.057664
bcss,TCGA-E2-A1LL-DX1_xmin5783_ymin22777_MPP-0.2500.png.tensor,0.787874,0.378887,0.401039,0.383810,0.244460,0.192545,0.057664
bcss,TCGA-E2-A1LL-DX1_xmin5783_ymin22777_MPP-0.2500.png.tensor,0.797976,0.369912,0.395876,0.377598,0.244460,0.192545,0.057664
bcss,TCGA-E2-A1LL-DX1_xmin5783_ymin22777_MPP-0.2500.png.tensor,0.808074,0.360828,0.390715,0.371389,0.244460,0.192545,0.057664
bcss,TCGA-E2-A1LL-DX1_xmin5783_ymin22777_MPP-0.2500.png.tensor,0.818176,0.351747,0.385552,0.365177,0.244460,0.192545,0.057664
bcss,TCGA-E2-A1LL-DX1_xmin5783_ymin22777_MPP-0.2500.png.tensor,0.828278,0.342704,0.380389,0.358965,0.244460,0.192545,0.057664
bcss,TCGA-E2-A1LL-DX1_xmin5783_ymin22777_MPP-0.2500.png.tensor,0.838380,0.333541,0.375226,0.352753,0.244460,0.192545,0.057664
bcss,TCGA-E2-A1LL-DX1_xmin5783_ymin22777_MPP-0.2500.png.tensor,0.848478,0.324404,0.370065,0.346544,0.244460,0.192545,0.057664
bcss,TCGA-E2-A1LL-DX1_xmin5783_ymin22777_MPP-0.2500.png.tensor,0.858580,0.315339,0.364902,0.340332,0.244460,0.192545,0.057664
bcss,TCGA-E2-A1LL-DX1_xmin5783_ymin22777_MPP-0.2500.png.tensor,0.868682,0.306131,0.359739,0.334120,0.244460,0.192545,0.057664
bcss,TCGA-E2-A1LL-DX1_xmin5783_ymin22777_MPP-0.2500.png.tensor,0.878784,0.297065,0.354576,0.327908,0.244460,0.192545,0.057664
bcss,TCGA-E2-A1LL-DX1_xmin5783_ymin22777_MPP-0.2500.png.tensor,0.888882,0.287891,0.349415,0.321699,0.244460,0.192545,0.057664
bcss,TCGA-E2-A1LL-DX1_xmin5783_ymin22777_MPP-0.2500.png.tensor,0.898984,0.278810,0.344252,0.315487,0.244460,0.192545,0.057664
bcss,TCGA-E2-A1LL-DX1_xmin5783_ymin22777_MPP-0.2500.png.tensor,0.909086,0.269752,0.339089,0.309275,0.244460,0.192545,0.057664
bcss,TCGA-E2-A1LL-DX1_xmin5783_ymin22777_MPP-0.2500.png.tensor,0.919188,0.260784,0.333927,0.303063,0.244460,0.192545,0.057664
bcss,TCGA-E2-A1LL-DX1_xmin5783_ymin22777_MPP-0.2500.png.tensor,0.929286,0.251873,0.328766,0.296854,0.244460,0.192545,0.057664
bcss,TCGA-E2-A1LL-DX1_xmin5783_ymin22777_MPP-0.2500.png.tensor,0.939388,0.243161,0.323603,0.290642,0.244460,0.192545,0.057664
bcss,TCGA-E2-A1LL-DX1_xmin5783_ymin22777_MPP-0.2500.png.tensor,0.949490,0.234471,0.318440,0.284430,0.244460,0.192545,0.057664
bcss,TCGA-E2-A1LL-DX1_xmin5783_ymin22777_MPP-0.2500.png.tensor,0.959592,0.225826,0.313277,0.278219,0.244460,0.192545,0.057664
bcss,TCGA-E2-A1LL-DX1_xmin5783_ymin22777_MPP-0.2500.png.tensor,0.969690,0.217718,0.308116,0.272009,0.244460,0.192545,0.057664
bcss,TCGA-E2-A1LL-DX1_xmin5783_ymin22777_MPP-0.2500.png.tensor,0.979792,0.209141,0.302953,0.265797,0.244460,0.192545,0.057664
bcss,TCGA-E2-A1LL-DX1_xmin5783_ymin22777_MPP-0.2500.png.tensor,0.989894,0.200533,0.297790,0.259585,0.244460,0.192545,0.045796
bcss,TCGA-E2-A1LL-DX1_xmin5783_ymin22777_MPP-0.2500.png.tensor,0.999996,0.191378,0.292627,0.253374,0.244460,0.192545,0.000000
bcss,TCGA-E2-A1LS-DX1_xmin39247_ymin47756_MPP-0.2500.png.tensor,0.000000,0.850725,0.707410,0.686567,0.292590,0.313433,0.149275
bcss,TCGA-E2-A1LS-DX1_xmin39247_ymin47756_MPP-0.2500.png.tensor,0.010099,0.849737,0.703221,0.687491,0.292590,0.311063,0.146196
bcss,TCGA-E2-A1LS-DX1_xmin39247_ymin47756_MPP-0.2500.png.tensor,0.020199,0.847774,0.699032,0.686797,0.292590,0.309469,0.143551
bcss,TCGA-E2-A1LS-DX1_xmin39247_ymin47756_MPP-0.2500.png.tensor,0.030298,0.845850,0.694842,0.686662,0.292590,0.307555,0.140827
bcss,TCGA-E2-A1LS-DX1_xmin39247_ymin47756_MPP-0.2500.png.tensor,0.040398,0.843706,0.690653,0.685318,0.292590,0.306229,0.138168
bcss,TCGA-E2-A1LS-DX1_xmin39247_ymin47756_MPP-0.2500.png.tensor,0.050504,0.841802,0.686460,0.684620,0.292590,0.304535,0.135317
bcss,TCGA-E2-A1LS-DX1_xmin39247_ymin47756_MPP-0.2500.png.tensor,0.060603,0.840372,0.682271,0.683435,0.292590,0.303064,0.132160
bcss,TCGA-E2-A1LS-DX1_xmin39247_ymin47756_MPP-0.2500.png.tensor,0.070703,0.838591,0.678082,0.682208,0.292590,0.301584,0.129120
bcss,TCGA-E2-A1LS-DX1_xmin39247_ymin47756_MPP-0.2500.png.tensor,0.080802,0.835913,0.673892,0.680817,0.292590,0.300161,0.126499
bcss,TCGA-E2-A1LS-DX1_xmin39247_ymin47756_MPP-0.2500.png.tensor,0.090908,0.833801,0.669700,0.679159,0.292590,0.298851,0.123511
bcss,TCGA-E2-A1LS-DX1_xmin39247_ymin47756_MPP-0.2500.png.tensor,0.101007,0.831345,0.665510,0.677465,0.292590,0.297534,0.120638
bcss,TCGA-E2-A1LS-DX1_xmin39247_ymin47756_MPP-0.2500.png.tensor,0.111107,0.828576,0.661321,0.674894,0.292590,0.296679,0.117889
bcss,TCGA-E2-A1LS-DX1_xmin39247_ymin47756_MPP-0.2500.png.tensor,0.121206,0.825820,0.657132,0.673209,0.292590,0.295301,0.115069
bcss,TCGA-E2-A1LS-DX1_xmin39247_ymin47756_MPP-0.2500.png.tensor,0.131312,0.822526,0.652939,0.671102,0.292590,0.294132,0.112490
bcss,TCGA-E2-A1LS-DX1_xmin39247_ymin47756_MPP-0.2500.png.tensor,0.141412,0.819094,0.648750,0.669268,0.292590,0.292779,0.109929
bcss,TCGA-E2-A1LS-DX1_xmin39247_ymin47756_MPP-0.2500.png.tensor,0.151511,0.815416,0.644561,0.666651,0.292590,0.291855,0.107453
bcss,TCGA-E2-A1LS-DX1_xmin39247_ymin47756_MPP-0.2500.png.tensor,0.161610,0.811555,0.640371,0.664104,0.292590,0.290866,0.105027
bcss,TCGA-E2-A1LS-DX1_xmin39247_ymin47756_MPP-0.2500.png.tensor,0.171710,0.807188,0.636182,0.661711,0.292590,0.289761,0.102848
bcss,TCGA-E2-A1LS-DX1_xmin39247_ymin47756_MPP-0.2500.png.tensor,0.181816,0.802359,0.631989,0.658510,0.292590,0.289120,0.100888
bcss,TCGA-E2-A1LS-DX1_xmin39247_ymin47756_MPP-0.2500.png.tensor,0.191915,0.797602,0.627800,0.655969,0.292590,0.288057,0.098845
bcss,TCGA-E2-A1LS-DX1_xmin39247_ymin47756_MPP-0.2500.png.tensor,0.202015,0.792351,0.623611,0.653333,0.292590,0.287026,0.097062
bcss,TCGA-E2-A1LS-DX1_xmin39247_ymin47756_MPP-0.2500.png.tensor,0.212114,0.787424,0.619421,0.650750,0.292590,0.285935,0.095024
bcss,TCGA-E2-A1LS-DX1_xmin39247_ymin47756_MPP-0.2500.png.tensor,0.222220,0.782154,0.615229,0.648097,0.292590,0.284859,0.093148
bcss,TCGA-E2-A1LS-DX1_xmin39247_ymin47756_MPP-0.2500.png.tensor,0.232319,0.776552,0.611039,0.646308,0.292590,0.283194,0.091442
bcss,TCGA-E2-A1LS-DX1_xmin39247_ymin47756_MPP-0.2500.png.tensor,0.242419,0.771066,0.606850,0.643688,0.292590,0.282033,0.089619
bcss,TCGA-E2-A1LS-DX1_xmin39247_ymin47756_MPP-0.2500.png.tensor,0.252518,0.765451,0.602661,0.640657,0.292590,0.281116,0.087828
bcss,TCGA-E2-A1LS-DX1_xmin39247_ymin47756_MPP-0.2500.png.tensor,0.262624,0.759570,0.598468,0.638270,0.292590,0.279735,0.086171
bcss,TCGA-E2-A1LS-DX1_xmin39247_ymin47756_MPP-0.2500.png.tensor,0.272724,0.753747,0.594279,0.635475,0.292590,0.278597,0.084427
bcss,TCGA-E2-A1LS-DX1_xmin39247_ymin47756_MPP-0.2500.png.tensor,0.282823,0.747404,0.590089,0.632760,0.292590,0.277372,0.082986
bcss,TCGA-E2-A1LS-DX1_xmin39247_ymin47756_MPP-0.2500.png.tensor,0.292923,0.741360,0.585900,0.629632,0.292590,0.276405,0.081315
bcss,TCGA-E2-A1LS-DX1_xmin39247_ymin47756_MPP-0.2500.png.tensor,0.303022,0.734887,0.581711,0.626819,0.292590,0.275182,0.079890
bcss,TCGA-E2-A1LS-DX1_xmin39247_ymin47756_MPP-0.2500.png.tensor,0.313128,0.728381,0.577518,0.624003,0.292590,0.273925,0.078447
bcss,TCGA-E2-A1LS-DX1_xmin39247_ymin47756_MPP-0.2500.png.tensor,0.323227,0.722129,0.573329,0.620896,0.292590,0.272846,0.076775
bcss,TCGA-E2-A1LS-DX1_xmin39247_ymin47756_MPP-0.2500.png.tensor,0.333327,0.715591,0.569140,0.618257,0.292590,0.271384,0.075263
bcss,TCGA-E2-A1LS-DX1_xmin39247_ymin47756_MPP-0.2500.png.tensor,0.343426,0.708663,0.564950,0.615985,0.292590,0.269598,0.074005
bcss,TCGA-E2-A1LS-DX1_xmin39247_ymin47756_MPP-0.2500.png.tensor,0.353532,0.701872,0.560758,0.613152,0.292590,0.268188,0.072603
bcss,TCGA-E2-A1LS-DX1_xmin39247_ymin47756_MPP-0.2500.png.tensor,0.363632,0.695334,0.556568,0.609860,0.292590,0.267094,0.070954
bcss,TCGA-E2-A1LS-DX1_xmin39247_ymin47756_MPP-0.2500.png.tensor,0.373731,0.688276,0.552379,0.607289,0.292590,0.265392,0.069672
bcss,TCGA-E2-A1LS-DX1_xmin39247_ymin47756_MPP-0.2500.png.tensor,0.383831,0.680880,0.548190,0.603761,0.292590,0.264409,0.068597
bcss,TCGA-E2-A1LS-DX1_xmin39247_ymin47756_MPP-0.2500.png.tensor,0.393936,0.673647,0.543997,0.601076,0.292590,0.262696,0.067395
bcss,TCGA-E2-A1LS-DX1_xmin39247_ymin47756_MPP-0.2500.png.tensor,0.404036,0.666342,0.539808,0.598390,0.292590,0.260928,0.066186
bcss,TCGA-E2-A1LS-DX1_xmin39247_ymin47756_MPP-0.2500.png.tensor,0.414135,0.659102,0.535618,0.595335,0.292590,0.259414,0.064891
bcss,TCGA-E2-A1LS-DX1_xmin39247_ymin47756_MPP-0.2500.png.tensor,0.424235,0.651784,0.531429,0.592839,0.292590,0.257361,0.063605
bcss,TCGA-E2-A1LS-DX1_xmin39247_ymin47756_MPP-0.2500.png.tensor,0.434334,0.644011,0.527240,0.589508,0.292590,0.255974,0.062689
bcss,TCGA-E2-A1LS-DX1_xmin39247_ymin47756_MPP-0.2500.png.tensor,0.444440,0.636388,0.523047,0.586944,0.292590,0.253842,0.061597
bcss,TCGA-E2-A1LS-DX1_xmin39247_ymin47756_MPP-0.2500.png.tensor,0.454540,0.628862,0.518858,0.583804,0.292590,0.252162,0.060381
bcss,TCGA-E2-A1LS-DX1_xmin39247_ymin47756_MPP-0.2500.png.tensor,0.464639,0.621206,0.514668,0.580557,0.292590,0.250520,0.059237
bcss,TCGA-E2-A1LS-DX1_xmin39247_ymin47756_MPP-0.2500.png.tensor,0.474738,0.613576,0.510479,0.576830,0.292590,0.249271,0.058029
bcss,TCGA-E2-A1LS-DX1_xmin39247_ymin47756_MPP-0.2500.png.tensor,0.484844,0.605524,0.506287,0.573690,0.292590,0.247400,0.057164
bcss,TCGA-E2-A1LS-DX1_xmin39247_ymin47756_MPP-0.2500.png.tensor,0.494944,0.597504,0.502097,0.570848,0.292590,0.245162,0.056253
bcss,TCGA-E2-A1LS-DX1_xmin39247_ymin47756_MPP-0.2500.png.tensor,0.505043,0.589563,0.497908,0.567318,0.292590,0.243528,0.055177
bcss,TCGA-E2-A1LS-DX1_xmin39247_ymin47756_MPP-0.2500.png.tensor,0.515143,0.581582,0.493719,0.563830,0.292590,0.241783,0.054188
bcss,TCGA-E2-A1LS-DX1_xmin39247_ymin47756_MPP-0.2500.png.tensor,0.525249,0.573504,0.489526,0.560214,0.292590,0.240094,0.053204
bcss,TCGA-E2-A1LS-DX1_xmin39247_ymin47756_MPP-0.2500.png.tensor,0.535348,0.565289,0.485337,0.556569,0.292590,0.238368,0.052337
bcss,TCGA-E2-A1LS-DX1_xmin39247_ymin47756_MPP-0.2500.png.tensor,0.545447,0.556944,0.481147,0.552876,0.292590,0.236617,0.051562
bcss,TCGA-E2-A1LS-DX1_xmin39247_ymin47756_MPP-0.2500.png.tensor,0.555547,0.548911,0.476958,0.548741,0.292590,0.235283,0.050406
bcss,TCGA-E2-A1LS-DX1_xmin39247_ymin47756_MPP-0.2500.png.tensor,0.565653,0.540690,0.472766,0.544613,0.292590,0.233877,0.049409
bcss,TCGA-E2-A1LS-DX1_xmin39247_ymin47756_MPP-0.2500.png.tensor,0.575752,0.532592,0.468576,0.540404,0.292590,0.232502,0.048238
bcss,TCGA-E2-A1LS-DX1_xmin39247_ymin47756_MPP-0.2500.png.tensor,0.585852,0.524404,0.464387,0.536107,0.292590,0.231166,0.047082
bcss,TCGA-E2-A1LS-DX1_xmin39247_ymin47756_MPP-0.2500.png.tensor,0.595951,0.516358,0.460197,0.532680,0.292590,0.228687,0.045743
bcss,TCGA-E2-A1LS-DX1_xmin39247_ymin47756_MPP-0.2500.png.tensor,0.606051,0.508078,0.456008,0.528971,0.292590,0.226439,0.044608
bcss,TCGA-E2-A1LS-DX1_xmin39247_ymin47756_MPP-0.2500.png.tensor,0.616156,0.499896,0.451816,0.524574,0.292590,0.224964,0.043263
bcss,TCGA-E2-A1LS-DX1_xmin39247_ymin47756_MPP-0.2500.png.tensor,0.626256,0.491642,0.447626,0.520664,0.292590,0.222763,0.041968
bcss,TCGA-E2-A1LS-DX1_xmin39247_ymin47756_MPP-0.2500.png.tensor,0.636355,0.483350,0.443437,0.516227,0.292590,0.221165,0.040650
bcss,TCGA-E2-A1LS-DX1_xmin39247_ymin47756_MPP-0.2500.png.tensor,0.646455,0.474940,0.441109,0.511536,0.289957,0.219834,0.039424
bcss,TCGA-E2-A1LS-DX1_xmin39247_ymin47756_MPP-0.2500.png.tensor,0.656561,0.466368,0.438413,0.506722,0.287702,0.218598,0.038355
bcss,TCGA-E2-A1LS-DX1_xmin39247_ymin47756_MPP-0.2500.png.tensor,0.666660,0.457893,0.436166,0.501540,0.284639,0.217845,0.037082
bcss,TCGA-E2-A1LS-DX1_xmin39247_ymin47756_MPP-0.2500.png.tensor,0.676760,0.449444,0.433622,0.497003,0.281846,0.216047,0.035684
bcss,TCGA-E2-A1LS-DX1_xmin39247_ymin47756_MPP-0.2500.png.tensor,0.686859,0.440879,0.430704,0.491953,0.279468,0.214953,0.034336
bcss,TCGA-E2-A1LS-DX1_xmin39247_ymin47756_MPP-0.2500.png.tensor,0.696965,0.432216,0.427645,0.486600,0.277162,0.214278,0.033154
bcss,TCGA-E2-A1LS-DX1_xmin39247_ymin47756_MPP-0.2500.png.tensor,0.707064,0.423416,0.424831,0.481217,0.274283,0.213616,0.032043
bcss,TCGA-E2-A1LS-DX1_xmin39247_ymin47756_MPP-0.2500.png.tensor,0.717164,0.414590,0.421971,0.475829,0.271279,0.212915,0.030974
bcss,TCGA-E2-A1LS-DX1_xmin39247_ymin47756_MPP-0.2500.png.tensor,0.727263,0.405700,0.418780,0.470030,0.268659,0.212915,0.029892
bcss,TCGA-E2-A1LS-DX1_xmin39247_ymin47756_MPP-0.2500.png.tensor,0.737363,0.396718,0.415248,0.464360,0.266486,0.212670,0.028889
bcss,TCGA-E2-A1LS-DX1_xmin39247_ymin47756_MPP-0.2500.png.tensor,0.747469,0.387925,0.411312,0.458573,0.264935,0.212630,0.027432
bcss,TCGA-E2-A1LS-DX1_xmin39247_ymin47756_MPP-0.2500.png.tensor,0.757568,0.378969,0.407084,0.452769,0.263862,0.212630,0.026269
bcss,TCGA-E2-A1LS-DX1_xmin39247_ymin47756_MPP-0.2500.png.tensor,0.767668,0.369923,0.403128,0.446964,0.262111,0.212630,0.025123
bcss,TCGA-E2-A1LS-DX1_xmin39247_ymin47756_MPP-0.2500.png.tensor,0.777767,0.360863,0.398538,0.441468,0.261629,0.211935,0.023924
bcss,TCGA-E2-A1LS-DX1_xmin39247_ymin47756_MPP-0.2500.png.tensor,0.787873,0.351511,0.393875,0.435836,0.261263,0.211487,0.023292
bcss,TCGA-E2-A1LS-DX1_xmin39247_ymin47756_MPP-0.2500.png.tensor,0.797972,0.342243,0.389549,0.430008,0.260035,0.211487,0.022381
bcss,TCGA-E2-A1LS-DX1_xmin39247_ymin47756_MPP-0.2500.png.tensor,0.808072,0.332924,0.385328,0.424181,0.258405,0.211487,0.021545
bcss,TCGA-E2-A1LS-DX1_xmin39247_ymin47756_MPP-0.2500.png.tensor,0.818171,0.323461,0.380544,0.418353,0.258141,0.211487,0.020964
bcss,TCGA-E2-A1LS-DX1_xmin39247_ymin47756_MPP-0.2500.png.tensor,0.828277,0.313940,0.375735,0.412522,0.257908,0.211487,0.020508
bcss,TCGA-E2-A1LS-DX1_xmin39247_ymin47756_MPP-0.2500.png.tensor,0.838377,0.304465,0.370891,0.406694,0.257767,0.211487,0.019902
bcss,TCGA-E2-A1LS-DX1_xmin39247_ymin47756_MPP-0.2500.png.tensor,0.848476,0.294872,0.365998,0.400866,0.257767,0.211487,0.019553
bcss,TCGA-E2-A1LS-DX1_xmin39247_ymin47756_MPP-0.2500.png.tensor,0.858575,0.285280,0.361105,0.395039,0.257767,0.211487,0.019080
bcss,TCGA-E2-A1LS-DX1_xmin39247_ymin47756_MPP-0.2500.png.tensor,0.868675,0.275635,0.356212,0.389211,0.257767,0.211487,0.018820
bcss,TCGA-E2-A1LS-DX1_xmin39247_ymin47756_MPP-0.2500.png.tensor,0.878781,0.265906,0.351316,0.383380,0.257767,0.211487,0.018794
bcss,TCGA-E2-A1LS-DX1_xmin39247_ymin47756_MPP-0.2500.png.tensor,0.888880,0.256353,0.346423,0.377552,0.257767,0.211487,0.018040
bcss,TCGA-E2-A1LS-DX1_xmin39247_ymin47756_MPP-0.2500.png.tensor,0.898980,0.246721,0.341530,0.371724,0.257767,0.211487,0.017649
bcss,TCGA-E2-A1LS-DX1_xmin39247_ymin47756_MPP-0.2500.png.tensor,0.909079,0.237077,0.336638,0.365897,0.257767,0.211487,0.017139
bcss,TCGA-E2-A1LS-DX1_xmin39247_ymin47756_MPP-0.2500.png.tensor,0.919185,0.227244,0.331742,0.360065,0.257767,0.211487,0.017123
bcss,TCGA-E2-A1LS-DX1_xmin39247_ymin47756_MPP-0.2500.png.tensor,0.929284,0.217534,0.326849,0.354238,0.257767,0.211487,0.017123
bcss,TCGA-E2-A1LS-DX1_xmin39247_ymin47756_MPP-0.2500.png.tensor,0.939384,0.207929,0.321956,0.348410,0.257767,0.211487,0.016190
bcss,TCGA-E2-A1LS-DX1_xmin39247_ymin47756_MPP-0.2500.png.tensor,0.949483,0.198206,0.317063,0.342583,0.257767,0.211487,0.015133
bcss,TCGA-E2-A1LS-DX1_xmin39247_ymin47756_MPP-0.2500.png.tensor,0.959589,0.188607,0.312167,0.336751,0.257767,0.211487,0.013096
bcss,TCGA-E2-A1LS-DX1_xmin39247_ymin47756_MPP-0.2500.png.tensor,0.969689,0.178911,0.307274,0.330923,0.257767,0.211487,0.011064
bcss,TCGA-E2-A1LS-DX1_xmin39247_ymin47756_MPP-0.2500.png.tensor,0.979788,0.169305,0.302382,0.325096,0.257767,0.211487,0.004345
bcss,TCGA-E2-A1LS-DX1_xmin39247_ymin47756_MPP-0.2500.png.tensor,0.989888,0.159375,0.297489,0.319268,0.257767,0.211487,0.000625
bcss,TCGA-E2-A1LS-DX1_xmin39247_ymin47756_MPP-0.2500.png.tensor,0.999994,0.149282,0.292593,0.313437,0.257767,0.211487,0.000000
bcss,TCGA-E2-A573-DX1_xmin59666_ymin56141_MPP-0.2500.png.tensor,0.000000,0.465193,0.724603,0.780001,0.275397,0.219999,0.534807
bcss,TCGA-E2-A573-DX1_xmin59666_ymin56141_MPP-0.2500.png.tensor,0.010099,0.471716,0.720067,0.776288,0.275397,0.219018,0.531867
bcss,TCGA-E2-A573-DX1_xmin59666_ymin56141_MPP-0.2500.png.tensor,0.020202,0.477966,0.715528,0.773319,0.275397,0.217636,0.529006
bcss,TCGA-E2-A573-DX1_xmin59666_ymin56141_MPP-0.2500.png.tensor,0.030300,0.484062,0.710992,0.769971,0.275397,0.216422,0.526165
bcss,TCGA-E2-A573-DX1_xmin59666_ymin56141_MPP-0.2500.png.tensor,0.040403,0.490146,0.706454,0.766449,0.275397,0.215271,0.523271
bcss,TCGA-E2-A573-DX1_xmin59666_ymin56141_MPP-0.2500.png.tensor,0.050502,0.495807,0.701917,0.763372,0.275397,0.213863,0.520535
bcss,TCGA-E2-A573-DX1_xmin59666_ymin56141_MPP-0.2500.png.tensor,0.060605,0.501464,0.697379,0.760310,0.275397,0.212416,0.517746
bcss,TCGA-E2-A573-DX1_xmin59666_ymin56141_MPP-0.2500.png.tensor,0.070704,0.507201,0.692843,0.757438,0.275397,0.210836,0.514853
bcss,TCGA-E2-A573-DX1_xmin59666_ymin56141_MPP-0.2500.png.tensor,0.080807,0.512641,0.689505,0.754186,0.274744,0.209426,0.512057
bcss,TCGA-E2-A573-DX1_xmin59666_ymin56141_MPP-0.2500.png.tensor,0.090905,0.518236,0.686477,0.751011,0.273907,0.207944,0.509114
bcss,TCGA-E2-A573-DX1_xmin59666_ymin56141_MPP-0.2500.png.tensor,0.101008,0.523250,0.684192,0.748202,0.272637,0.206225,0.506418
bcss,TCGA-E2-A573-DX1_xmin59666_ymin56141_MPP-0.2500.png.tensor,0.111107,0.528134,0.681634,0.744973,0.271492,0.204703,0.503753
bcss,TCGA-E2-A573-DX1_xmin59666_ymin56141_MPP-0.2500.png.tensor,0.121210,0.532989,0.679029,0.742065,0.270348,0.202963,0.501034
bcss,TCGA-E2-A573-DX1_xmin59666_ymin56141_MPP-0.2500.png.tensor,0.131309,0.537029,0.676962,0.738483,0.268868,0.201572,0.498711
bcss,TCGA-E2-A573-DX1_xmin59666_ymin56141_MPP-0.2500.png.tensor,0.141411,0.541333,0.675164,0.735004,0.267195,0.200086,0.496195
bcss,TCGA-E2-A573-DX1_xmin59666_ymin56141_MPP-0.2500.png.tensor,0.151514,0.545010,0.672954,0.731454,0.265726,0.198607,0.493987
bcss,TCGA-E2-A573-DX1_xmin59666_ymin56141_MPP-0.2500.png.tensor,0.161613,0.548415,0.670901,0.727937,0.264128,0.197074,0.491884
bcss,TCGA-E2-A573-DX1_xmin59666_ymin56141_MPP-0.2500.png.tensor,0.171716,0.551499,0.668277,0.723852,0.262835,0.195845,0.489907
bcss,TCGA-E2-A573-DX1_xmin59666_ymin56141_MPP-0.2500.png.tensor,0.181815,0.554862,0.666153,0.720019,0.261205,0.194434,0.487741
bcss,TCGA-E2-A573-DX1_xmin59666_ymin56141_MPP-0.2500.png.tensor,0.191918,0.558280,0.663657,0.716148,0.259765,0.193009,0.485476
bcss,TCGA-E2-A573-DX1_xmin59666_ymin56141_MPP-0.2500.png.tensor,0.202016,0.561142,0.661353,0.712438,0.258168,0.191448,0.483499
bcss,TCGA-E2-A573-DX1_xmin59666_ymin56141_MPP-0.2500.png.tensor,0.212119,0.563799,0.658593,0.708960,0.256819,0.189699,0.481599
bcss,TCGA-E2-A573-DX1_xmin59666_ymin56141_MPP-0.2500.png.tensor,0.222218,0.566494,0.655952,0.705202,0.255359,0.188086,0.479630
bcss,TCGA-E2-A573-DX1_xmin59666_ymin56141_MPP-0.2500.png.tensor,0.232321,0.569310,0.653444,0.701127,0.253773,0.186635,0.477527
bcss,TCGA-E2-A573-DX1_xmin59666_ymin56141_MPP-0.2500.png.tensor,0.242420,0.571855,0.651038,0.697195,0.252078,0.185053,0.475548
bcss,TCGA-E2-A573-DX1_xmin59666_ymin56141_MPP-0.2500.png.tensor,0.252523,0.574754,0.648546,0.693020,0.250394,0.183589,0.473268
bcss,TCGA-E2-A573-DX1_xmin59666_ymin56141_MPP-0.2500.png.tensor,0.262621,0.577550,0.645954,0.688931,0.248734,0.182028,0.471017
bcss,TCGA-E2-A573-DX1_xmin59666_ymin56141_MPP-0.2500.png.tensor,0.272724,0.580424,0.643511,0.685145,0.246923,0.180214,0.468638
bcss,TCGA-E2-A573-DX1_xmin59666_ymin56141_MPP-0.2500.png.tensor,0.282823,0.583178,0.641357,0.681499,0.244860,0.178252,0.466277
bcss,TCGA-E2-A573-DX1_xmin59666_ymin56141_MPP-0.2500.png.tensor,0.292926,0.585618,0.638937,0.677220,0.242926,0.176681,0.464069
bcss,TCGA-E2-A573-DX1_xmin59666_ymin56141_MPP-0.2500.png.tensor,0.303029,0.588225,0.636536,0.672904,0.240922,0.175091,0.461677
bcss,TCGA-E2-A573-DX1_xmin59666_ymin56141_MPP-0.2500.png.tensor,0.313128,0.591137,0.634431,0.668052,0.238646,0.173846,0.458995
bcss,TCGA-E2-A573-DX1_xmin59666_ymin56141_MPP-0.2500.png.tensor,0.323230,0.593678,0.631833,0.663870,0.236664,0.172067,0.456500
bcss,TCGA-E2-A573-DX1_xmin59666_ymin56141_MPP-0.2500.png.tensor,0.333329,0.596448,0.629350,0.659485,0.234537,0.170388,0.453766
bcss,TCGA-E2-A573-DX1_xmin59666_ymin56141_MPP-0.2500.png.tensor,0.343432,0.598679,0.626500,0.654889,0.232622,0.168816,0.451359
bcss,TCGA-E2-A573-DX1_xmin59666_ymin56141_MPP-0.2500.png.tensor,0.353531,0.600797,0.624147,0.650195,0.230266,0.167273,0.448961
bcss,TCGA-E2-A573-DX1_xmin59666_ymin56141_MPP-0.2500.png.tensor,0.363634,0.602962,0.621335,0.645332,0.228193,0.165811,0.446448
bcss,TCGA-E2-A573-DX1_xmin59666_ymin56141_MPP-0.2500.png.tensor,0.373732,0.604846,0.618359,0.640543,0.226186,0.164246,0.444073
bcss,TCGA-E2-A573-DX1_xmin59666_ymin56141_MPP-0.2500.png.tensor,0.383835,0.606534,0.615823,0.635566,0.223754,0.162780,0.441795
bcss,TCGA-E2-A573-DX1_xmin59666_ymin56141_MPP-0.2500.png.tensor,0.393934,0.608168,0.612792,0.630245,0.221652,0.161550,0.439478
bcss,TCGA-E2-A573-DX1_xmin59666_ymin56141_MPP-0.2500.png.tensor,0.404037,0.609780,0.609661,0.625026,0.219560,0.160191,0.437099
bcss,TCGA-E2-A573-DX1_xmin59666_ymin56141_MPP-0.2500.png.tensor,0.414136,0.611063,0.606800,0.620104,0.217167,0.158534,0.434913
bcss,TCGA-E2-A573-DX1_xmin59666_ymin56141_MPP-0.2500.png.tensor,0.424239,0.611823,0.603456,0.614725,0.215109,0.157214,0.433109
bcss,TCGA-E2-A573-DX1_xmin59666_ymin56141_MPP-0.2500.png.tensor,0.434342,0.612893,0.600096,0.609340,0.212990,0.155852,0.430963
bcss,TCGA-E2-A573-DX1_xmin59666_ymin56141_MPP-0.2500.png.tensor,0.444440,0.614226,0.596751,0.603904,0.210783,0.154488,0.428488
bcss,TCGA-E2-A573-DX1_xmin59666_ymin56141_MPP-0.2500.png.tensor,0.454543,0.615655,0.593173,0.598165,0.208707,0.153349,0.425889
bcss,TCGA-E2-A573-DX1_xmin59666_ymin56141_MPP-0.2500.png.tensor,0.464642,0.616996,0.589523,0.592757,0.206621,0.151861,0.423234
bcss,TCGA-E2-A573-DX1_xmin59666_ymin56141_MPP-0.2500.png.tensor,0.474745,0.617832,0.585770,0.586968,0.204550,0.150676,0.420963
bcss,TCGA-E2-A573-DX1_xmin59666_ymin56141_MPP-0.2500.png.tensor,0.484844,0.618830,0.581848,0.581265,0.202565,0.149363,0.418443
bcss,TCGA-E2-A573-DX1_xmin59666_ymin56141_MPP-0.2500.png.tensor,0.494946,0.619307,0.577942,0.575208,0.200483,0.148345,0.416345
bcss,TCGA-E2-A573-DX1_xmin59666_ymin56141_MPP-0.2500.png.tensor,0.505045,0.619979,0.573952,0.569037,0.198402,0.147404,0.413952
bcss,TCGA-E2-A573-DX1_xmin59666_ymin56141_MPP-0.2500.png.tensor,0.515148,0.620080,0.569758,0.562698,0.196442,0.146594,0.412063
bcss,TCGA-E2-A573-DX1_xmin59666_ymin56141_MPP-0.2500.png.tensor,0.525247,0.619699,0.565578,0.555964,0.194387,0.146169,0.410549
bcss,TCGA-E2-A573-DX1_xmin59666_ymin56141_MPP-0.2500.png.tensor,0.535350,0.619365,0.560901,0.549591,0.192775,0.145333,0.409008
bcss,TCGA-E2-A573-DX1_xmin59666_ymin56141_MPP-0.2500.png.tensor,0.545448,0.618935,0.556154,0.542856,0.191171,0.144862,0.407390
bcss,TCGA-E2-A573-DX1_xmin59666_ymin56141_MPP-0.2500.png.tensor,0.555551,0.619060,0.551009,0.536239,0.189939,0.144234,0.405194
bcss,TCGA-E2-A573-DX1_xmin59666_ymin56141_MPP-0.2500.png.tensor,0.565650,0.618270,0.545488,0.529763,0.189086,0.143416,0.403915
bcss,TCGA-E2-A573-DX1_xmin59666_ymin56141_MPP-0.2500.png.tensor,0.575753,0.618204,0.540215,0.522687,0.187897,0.143264,0.401712
bcss,TCGA-E2-A573-DX1_xmin59666_ymin56141_MPP-0.2500.png.tensor,0.585856,0.617502,0.534922,0.515479,0.186673,0.143264,0.400153
bcss,TCGA-E2-A573-DX1_xmin59666_ymin56141_MPP-0.2500.png.tensor,0.595955,0.616913,0.529507,0.508519,0.185543,0.142962,0.398383
bcss,TCGA-E2-A573-DX1_xmin59666_ymin56141_MPP-0.2500.png.tensor,0.606058,0.615517,0.523866,0.501304,0.184638,0.142962,0.397460
bcss,TCGA-E2-A573-DX1_xmin59666_ymin56141_MPP-0.2500.png.tensor,0.616156,0.614284,0.517931,0.494093,0.184072,0.142962,0.396423
bcss,TCGA-E2-A573-DX1_xmin59666_ymin56141_MPP-0.2500.png.tensor,0.626259,0.612914,0.512102,0.486879,0.183330,0.142962,0.395494
bcss,TCGA-E2-A573-DX1_xmin59666_ymin56141_MPP-0.2500.png.tensor,0.636358,0.610771,0.505903,0.479668,0.183059,0.142962,0.395339
bcss,TCGA-E2-A573-DX1_xmin59666_ymin56141_MPP-0.2500.png.tensor,0.646461,0.608715,0.499583,0.472453,0.182941,0.142962,0.395339
bcss,TCGA-E2-A573-DX1_xmin59666_ymin56141_MPP-0.2500.png.tensor,0.656560,0.606839,0.493179,0.465242,0.182941,0.142962,0.395117
bcss,TCGA-E2-A573-DX1_xmin59666_ymin56141_MPP-0.2500.png.tensor,0.666662,0.605143,0.486773,0.458028,0.182941,0.142962,0.394487
bcss,TCGA-E2-A573-DX1_xmin59666_ymin56141_MPP-0.2500.png.tensor,0.676761,0.603183,0.480369,0.450817,0.182941,0.142962,0.394133
bcss,TCGA-E2-A573-DX1_xmin59666_ymin56141_MPP-0.2500.png.tensor,0.686864,0.601027,0.473962,0.443602,0.182941,0.142962,0.394008
bcss,TCGA-E2-A573-DX1_xmin59666_ymin56141_MPP-0.2500.png.tensor,0.696963,0.599118,0.467559,0.436391,0.182941,0.142962,0.393765
bcss,TCGA-E2-A573-DX1_xmin59666_ymin56141_MPP-0.2500.png.tensor,0.707066,0.597521,0.461152,0.429177,0.182941,0.142962,0.392849
bcss,TCGA-E2-A573-DX1_xmin59666_ymin56141_MPP-0.2500.png.tensor,0.717169,0.595466,0.454746,0.421962,0.182941,0.142962,0.392690
bcss,TCGA-E2-A573-DX1_xmin59666_ymin56141_MPP-0.2500.png.tensor,0.727267,0.593657,0.448342,0.414751,0.182941,0.142962,0.391977
bcss,TCGA-E2-A573-DX1_xmin59666_ymin56141_MPP-0.2500.png.tensor,0.737370,0.591701,0.441935,0.407537,0.182941,0.142962,0.391512
bcss,TCGA-E2-A573-DX1_xmin59666_ymin56141_MPP-0.2500.png.tensor,0.747469,0.589549,0.435532,0.400326,0.182941,0.142962,0.391394
bcss,TCGA-E2-A573-DX1_xmin59666_ymin56141_MPP-0.2500.png.tensor,0.757572,0.587201,0.429125,0.393111,0.182941,0.142962,0.391394
bcss,TCGA-E2-A573-DX1_xmin59666_ymin56141_MPP-0.2500.png.tensor,0.767671,0.585258,0.422721,0.385900,0.182941,0.142962,0.391337
bcss,TCGA-E2-A573-DX1_xmin59666_ymin56141_MPP-0.2500.png.tensor,0.777774,0.583562,0.416315,0.378686,0.182941,0.142962,0.390190
bcss,TCGA-E2-A573-DX1_xmin59666_ymin56141_MPP-0.2500.png.tensor,0.787872,0.581435,0.409911,0.371475,0.182941,0.142962,0.389955
bcss,TCGA-E2-A573-DX1_xmin59666_ymin56141_MPP-0.2500.png.tensor,0.797975,0.579062,0.403505,0.364260,0.182941,0.142962,0.389438
bcss,TCGA-E2-A573-DX1_xmin59666_ymin56141_MPP-0.2500.png.tensor,0.808074,0.576200,0.397101,0.357049,0.182941,0.142962,0.389438
bcss,TCGA-E2-A573-DX1_xmin59666_ymin56141_MPP-0.2500.png.tensor,0.818177,0.573643,0.390694,0.349835,0.182941,0.142962,0.389438
bcss,TCGA-E2-A573-DX1_xmin59666_ymin56141_MPP-0.2500.png.tensor,0.828276,0.570731,0.384291,0.342624,0.182941,0.142962,0.389438
bcss,TCGA-E2-A573-DX1_xmin59666_ymin56141_MPP-0.2500.png.tensor,0.838379,0.567881,0.377884,0.335409,0.182941,0.142962,0.389438
bcss,TCGA-E2-A573-DX1_xmin59666_ymin56141_MPP-0.2500.png.tensor,0.848477,0.564977,0.371480,0.328198,0.182941,0.142962,0.389438
bcss,TCGA-E2-A573-DX1_xmin59666_ymin56141_MPP-0.2500.png.tensor,0.858580,0.561952,0.365074,0.320984,0.182941,0.142962,0.389438
bcss,TCGA-E2-A573-DX1_xmin59666_ymin56141_MPP-0.2500.png.tensor,0.868683,0.558518,0.358667,0.313770,0.182941,0.142962,0.389438
bcss,TCGA-E2-A573-DX1_xmin59666_ymin56141_MPP-0.2500.png.tensor,0.878782,0.555180,0.352264,0.306558,0.182941,0.142962,0.389438
bcss,TCGA-E2-A573-DX1_xmin59666_ymin56141_MPP-0.2500.png.tensor,0.888885,0.552046,0.345857,0.299344,0.182941,0.142962,0.389438
bcss,TCGA-E2-A573-DX1_xmin59666_ymin56141_MPP-0.2500.png.tensor,0.898983,0.549142,0.339453,0.292133,0.182941,0.142962,0.389438
bcss,TCGA-E2-A573-DX1_xmin59666_ymin56141_MPP-0.2500.png.tensor,0.909086,0.546719,0.333047,0.284919,0.182941,0.142962,0.389438
bcss,TCGA-E2-A573-DX1_xmin59666_ymin56141_MPP-0.2500.png.tensor,0.919185,0.544675,0.326643,0.277707,0.182941,0.142962,0.389438
bcss,TCGA-E2-A573-DX1_xmin59666_ymin56141_MPP-0.2500.png.tensor,0.929288,0.543330,0.320237,0.270493,0.182941,0.142962,0.389438
bcss,TCGA-E2-A573-DX1_xmin59666_ymin56141_MPP-0.2500.png.tensor,0.939387,0.542315,0.313833,0.263282,0.182941,0.142962,0.389438
bcss,TCGA-E2-A573-DX1_xmin59666_ymin56141_MPP-0.2500.png.tensor,0.949490,0.541279,0.307427,0.256067,0.182941,0.142962,0.389438
bcss,TCGA-E2-A573-DX1_xmin59666_ymin56141_MPP-0.2500.png.tensor,0.959588,0.540196,0.301023,0.248856,0.182941,0.142962,0.389438
bcss,TCGA-E2-A573-DX1_xmin59666_ymin56141_MPP-0.2500.png.tensor,0.969691,0.538492,0.294616,0.241642,0.182941,0.142962,0.389438
bcss,TCGA-E2-A573-DX1_xmin59666_ymin56141_MPP-0.2500.png.tensor,0.979790,0.536658,0.288212,0.234431,0.182941,0.142962,0.389438
bcss,TCGA-E2-A573-DX1_xmin59666_ymin56141_MPP-0.2500.png.tensor,0.989893,0.536014,0.281806,0.227216,0.182941,0.142962,0.389438
bcss,TCGA-E2-A573-DX1_xmin59666_ymin56141_MPP-0.2500.png.tensor,0.999996,0.534811,0.275400,0.220002,0.182941,0.142962,0.000000
bcss,TCGA-E9-A5FL-DX1_xmin45595_ymin47283_MPP-0.2500.png.tensor,0.000000,0.440221,0.644000,0.699084,0.356000,0.300916,0.559779
bcss,TCGA-E9-A5FL-DX1_xmin45595_ymin47283_MPP-0.2500.png.tensor,0.010101,0.446084,0.641091,0.697347,0.356000,0.299762,0.557428
bcss,TCGA-E9-A5FL-DX1_xmin45595_ymin47283_MPP-0.2500.png.tensor,0.020201,0.451646,0.638182,0.695839,0.356000,0.298467,0.555180
bcss,TCGA-E9-A5FL-DX1_xmin45595_ymin47283_MPP-0.2500.png.tensor,0.030303,0.456901,0.635273,0.694722,0.356000,0.296944,0.553046
bcss,TCGA-E9-A5FL-DX1_xmin45595_ymin47283_MPP-0.2500.png.tensor,0.040403,0.462157,0.632364,0.693973,0.356000,0.295197,0.550866
bcss,TCGA-E9-A5FL-DX1_xmin45595_ymin47283_MPP-0.2500.png.tensor,0.050504,0.467098,0.629706,0.692984,0.355867,0.293539,0.548805
bcss,TCGA-E9-A5FL-DX1_xmin45595_ymin47283_MPP-0.2500.png.tensor,0.060606,0.471971,0.628103,0.692001,0.355171,0.291842,0.546736
bcss,TCGA-E9-A5FL-DX1_xmin45595_ymin47283_MPP-0.2500.png.tensor,0.070706,0.476922,0.626635,0.690940,0.354386,0.290150,0.544578
bcss,TCGA-E9-A5FL-DX1_xmin45595_ymin47283_MPP-0.2500.png.tensor,0.080808,0.481616,0.625291,0.689955,0.353517,0.288380,0.542517
bcss,TCGA-E9-A5FL-DX1_xmin45595_ymin47283_MPP-0.2500.png.tensor,0.090909,0.486068,0.624135,0.688559,0.352526,0.286796,0.540540
bcss,TCGA-E9-A5FL-DX1_xmin45595_ymin47283_MPP-0.2500.png.tensor,0.101009,0.490595,0.622862,0.687368,0.351577,0.285063,0.538478
bcss,TCGA-E9-A5FL-DX1_xmin45595_ymin47283_MPP-0.2500.png.tensor,0.111111,0.494960,0.621741,0.686136,0.350520,0.283314,0.536460
bcss,TCGA-E9-A5FL-DX1_xmin45595_ymin47283_MPP-0.2500.png.tensor,0.121211,0.499452,0.620761,0.684666,0.349360,0.281659,0.534323
bcss,TCGA-E9-A5FL-DX1_xmin45595_ymin47283_MPP-0.2500.png.tensor,0.131312,0.503574,0.619841,0.682946,0.348138,0.280111,0.532350
bcss,TCGA-E9-A5FL-DX1_xmin45595_ymin47283_MPP-0.2500.png.tensor,0.141414,0.507745,0.618959,0.681240,0.346865,0.278517,0.530300
bcss,TCGA-E9-A5FL-DX1_xmin45595_ymin47283_MPP-0.2500.png.tensor,0.151514,0.511954,0.618304,0.679313,0.345428,0.277016,0.528181
bcss,TCGA-E9-A5FL-DX1_xmin45595_ymin47283_MPP-0.2500.png.tensor,0.161616,0.516060,0.617530,0.677071,0.344027,0.275666,0.526073
bcss,TCGA-E9-A5FL-DX1_xmin45595_ymin47283_MPP-0.2500.png.tensor,0.171716,0.519779,0.616924,0.674889,0.342491,0.274248,0.524146
bcss,TCGA-E9-A5FL-DX1_xmin45595_ymin47283_MPP-0.2500.png.tensor,0.181817,0.523481,0.616144,0.672271,0.341023,0.273061,0.522182
bcss,TCGA-E9-A5FL-DX1_xmin45595_ymin47283_MPP-0.2500.png.tensor,0.191919,0.527356,0.615492,0.669530,0.339439,0.271920,0.520061
bcss,TCGA-E9-A5FL-DX1_xmin45595_ymin47283_MPP-0.2500.png.tensor,0.202019,0.530999,0.614468,0.666543,0.338048,0.270905,0.518033
bcss,TCGA-E9-A5FL-DX1_xmin45595_ymin47283_MPP-0.2500.png.tensor,0.212121,0.534531,0.613499,0.663269,0.336587,0.270045,0.516023
bcss,TCGA-E9-A5FL-DX1_xmin45595_ymin47283_MPP-0.2500.png.tensor,0.222222,0.538166,0.612222,0.660184,0.335286,0.269042,0.513893
bcss,TCGA-E9-A5FL-DX1_xmin45595_ymin47283_MPP-0.2500.png.tensor,0.232322,0.541610,0.610871,0.656665,0.333999,0.268295,0.511833
bcss,TCGA-E9-A5FL-DX1_xmin45595_ymin47283_MPP-0.2500.png.tensor,0.242424,0.545116,0.609347,0.653120,0.332791,0.267545,0.509676
bcss,TCGA-E9-A5FL-DX1_xmin45595_ymin47283_MPP-0.2500.png.tensor,0.252524,0.548552,0.607513,0.649622,0.331758,0.266744,0.507509
bcss,TCGA-E9-A5FL-DX1_xmin45595_ymin47283_MPP-0.2500.png.tensor,0.262625,0.551820,0.605956,0.645940,0.330509,0.266046,0.505397
bcss,TCGA-E9-A5FL-DX1_xmin45595_ymin47283_MPP-0.2500.png.tensor,0.272727,0.555091,0.604094,0.642223,0.329435,0.265352,0.503223
bcss,TCGA-E9-A5FL-DX1_xmin45595_ymin47283_MPP-0.2500.png.tensor,0.282827,0.558322,0.602101,0.638327,0.328422,0.264763,0.501016
bcss,TCGA-E9-A5FL-DX1_xmin45595_ymin47283_MPP-0.2500.png.tensor,0.292929,0.561426,0.599831,0.634515,0.327577,0.264097,0.498834
bcss,TCGA-E9-A5FL-DX1_xmin45595_ymin47283_MPP-0.2500.png.tensor,0.303029,0.564601,0.597586,0.630378,0.326688,0.263647,0.496541
bcss,TCGA-E9-A5FL-DX1_xmin45595_ymin47283_MPP-0.2500.png.tensor,0.313130,0.567760,0.595167,0.626187,0.325901,0.263222,0.494187
bcss,TCGA-E9-A5FL-DX1_xmin45595_ymin47283_MPP-0.2500.png.tensor,0.323232,0.570608,0.592750,0.622145,0.325087,0.262674,0.491999
bcss,TCGA-E9-A5FL-DX1_xmin45595_ymin47283_MPP-0.2500.png.tensor,0.333332,0.573457,0.590262,0.617810,0.324304,0.262330,0.489739
bcss,TCGA-E9-A5FL-DX1_xmin45595_ymin47283_MPP-0.2500.png.tensor,0.343434,0.576330,0.587677,0.613728,0.323569,0.261782,0.487395
bcss,TCGA-E9-A5FL-DX1_xmin45595_ymin47283_MPP-0.2500.png.tensor,0.353535,0.578974,0.584882,0.609441,0.322974,0.261375,0.485151
bcss,TCGA-E9-A5FL-DX1_xmin45595_ymin47283_MPP-0.2500.png.tensor,0.363635,0.581473,0.581939,0.605071,0.322477,0.261022,0.482952
bcss,TCGA-E9-A5FL-DX1_xmin45595_ymin47283_MPP-0.2500.png.tensor,0.373737,0.583878,0.579245,0.600833,0.321764,0.260550,0.480754
bcss,TCGA-E9-A5FL-DX1_xmin45595_ymin47283_MPP-0.2500.png.tensor,0.383837,0.586325,0.576251,0.596594,0.321272,0.260065,0.478458
bcss,TCGA-E9-A5FL-DX1_xmin45595_ymin47283_MPP-0.2500.png.tensor,0.393938,0.588502,0.573289,0.592435,0.320737,0.259497,0.476303
bcss,TCGA-E9-A5FL-DX1_xmin45595_ymin47283_MPP-0.2500.png.tensor,0.404040,0.590702,0.570302,0.588413,0.320204,0.258795,0.474054
bcss,TCGA-E9-A5FL-DX1_xmin45595_ymin47283_MPP-0.2500.png.tensor,0.414140,0.592906,0.567187,0.584136,0.319763,0.258286,0.471728
bcss,TCGA-E9-A5FL-DX1_xmin45595_ymin47283_MPP-0.2500.png.tensor,0.424242,0.594911,0.563969,0.580294,0.319395,0.257382,0.469490
bcss,TCGA-E9-A5FL-DX1_xmin45595_ymin47283_MPP-0.2500.png.tensor,0.434342,0.597030,0.560855,0.576337,0.318922,0.256548,0.467072
bcss,TCGA-E9-A5FL-DX1_xmin45595_ymin47283_MPP-0.2500.png.tensor,0.444443,0.598756,0.557866,0.572170,0.318320,0.255872,0.464920
bcss,TCGA-E9-A5FL-DX1_xmin45595_ymin47283_MPP-0.2500.png.tensor,0.454545,0.600298,0.555133,0.567821,0.317461,0.255337,0.462857
bcss,TCGA-E9-A5FL-DX1_xmin45595_ymin47283_MPP-0.2500.png.tensor,0.464645,0.601819,0.552068,0.563830,0.316880,0.254448,0.460731
bcss,TCGA-E9-A5FL-DX1_xmin45595_ymin47283_MPP-0.2500.png.tensor,0.474747,0.603121,0.549086,0.559890,0.316197,0.253477,0.458734
bcss,TCGA-E9-A5FL-DX1_xmin45595_ymin47283_MPP-0.2500.png.tensor,0.484848,0.604087,0.546282,0.555875,0.315314,0.252540,0.456993
bcss,TCGA-E9-A5FL-DX1_xmin45595_ymin47283_MPP-0.2500.png.tensor,0.494948,0.605087,0.543372,0.551780,0.314502,0.251645,0.455145
bcss,TCGA-E9-A5FL-DX1_xmin45595_ymin47283_MPP-0.2500.png.tensor,0.505050,0.605985,0.540199,0.548205,0.313921,0.250187,0.453319
bcss,TCGA-E9-A5FL-DX1_xmin45595_ymin47283_MPP-0.2500.png.tensor,0.515150,0.606904,0.537202,0.544240,0.313135,0.249072,0.451402
bcss,TCGA-E9-A5FL-DX1_xmin45595_ymin47283_MPP-0.2500.png.tensor,0.525251,0.607639,0.534346,0.540337,0.312168,0.247844,0.449594
bcss,TCGA-E9-A5FL-DX1_xmin45595_ymin47283_MPP-0.2500.png.tensor,0.535353,0.608304,0.531464,0.536290,0.311186,0.246718,0.447781
bcss,TCGA-E9-A5FL-DX1_xmin45595_ymin47283_MPP-0.2500.png.tensor,0.545453,0.608560,0.528806,0.532606,0.309913,0.245141,0.446335
bcss,TCGA-E9-A5FL-DX1_xmin45595_ymin47283_MPP-0.2500.png.tensor,0.555555,0.608623,0.526047,0.528374,0.308697,0.244109,0.445049
bcss,TCGA-E9-A5FL-DX1_xmin45595_ymin47283_MPP-0.2500.png.tensor,0.565655,0.608881,0.523334,0.524248,0.307371,0.242909,0.443476
bcss,TCGA-E9-A5FL-DX1_xmin45595_ymin47283_MPP-0.2500.png.tensor,0.575756,0.608683,0.520440,0.520112,0.306196,0.241663,0.442360
bcss,TCGA-E9-A5FL-DX1_xmin45595_ymin47283_MPP-0.2500.png.tensor,0.585858,0.608690,0.517724,0.515860,0.304748,0.240495,0.440948
bcss,TCGA-E9-A5FL-DX1_xmin45595_ymin47283_MPP-0.2500.png.tensor,0.595958,0.608438,0.515077,0.511666,0.303142,0.239197,0.439772
bcss,TCGA-E9-A5FL-DX1_xmin45595_ymin47283_MPP-0.2500.png.tensor,0.606060,0.608168,0.512021,0.507163,0.301974,0.238225,0.438579
bcss,TCGA-E9-A5FL-DX1_xmin45595_ymin47283_MPP-0.2500.png.tensor,0.616161,0.607964,0.509112,0.502504,0.300551,0.237405,0.437230
bcss,TCGA-E9-A5FL-DX1_xmin45595_ymin47283_MPP-0.2500.png.tensor,0.626261,0.607693,0.506200,0.497661,0.299057,0.236788,0.435888
bcss,TCGA-E9-A5FL-DX1_xmin45595_ymin47283_MPP-0.2500.png.tensor,0.636363,0.607145,0.503240,0.492688,0.297546,0.236313,0.434867
bcss,TCGA-E9-A5FL-DX1_xmin45595_ymin47283_MPP-0.2500.png.tensor,0.646463,0.606891,0.500251,0.487745,0.295989,0.235771,0.433361
bcss,TCGA-E9-A5FL-DX1_xmin45595_ymin47283_MPP-0.2500.png.tensor,0.656564,0.606640,0.496858,0.482745,0.294928,0.235279,0.431777
bcss,TCGA-E9-A5FL-DX1_xmin45595_ymin47283_MPP-0.2500.png.tensor,0.666666,0.606329,0.493371,0.477397,0.293943,0.235279,0.430174
bcss,TCGA-E9-A5FL-DX1_xmin45595_ymin47283_MPP-0.2500.png.tensor,0.676766,0.606051,0.489690,0.472049,0.293199,0.235279,0.428422
bcss,TCGA-E9-A5FL-DX1_xmin45595_ymin47283_MPP-0.2500.png.tensor,0.686868,0.605684,0.485907,0.466701,0.292568,0.235279,0.426698
bcss,TCGA-E9-A5FL-DX1_xmin45595_ymin47283_MPP-0.2500.png.tensor,0.696968,0.605172,0.482140,0.461353,0.291870,0.235279,0.425101
bcss,TCGA-E9-A5FL-DX1_xmin45595_ymin47283_MPP-0.2500.png.tensor,0.707069,0.604616,0.477992,0.456006,0.291772,0.235279,0.423460
bcss,TCGA-E9-A5FL-DX1_xmin45595_ymin47283_MPP-0.2500.png.tensor,0.717171,0.604046,0.473843,0.450657,0.291670,0.235279,0.421725
bcss,TCGA-E9-A5FL-DX1_xmin45595_ymin47283_MPP-0.2500.png.tensor,0.727271,0.603434,0.469683,0.445310,0.291581,0.235279,0.419965
bcss,TCGA-E9-A5FL-DX1_xmin45595_ymin47283_MPP-0.2500.png.tensor,0.737373,0.602931,0.465473,0.439961,0.291581,0.235279,0.417846
bcss,TCGA-E9-A5FL-DX1_xmin45595_ymin47283_MPP-0.2500.png.tensor,0.747474,0.602066,0.461262,0.434614,0.291581,0.235279,0.416270
bcss,TCGA-E9-A5FL-DX1_xmin45595_ymin47283_MPP-0.2500.png.tensor,0.757574,0.601361,0.457052,0.429266,0.291581,0.235279,0.414232
bcss,TCGA-E9-A5FL-DX1_xmin45595_ymin47283_MPP-0.2500.png.tensor,0.767676,0.600450,0.452841,0.423918,0.291581,0.235279,0.412469
bcss,TCGA-E9-A5FL-DX1_xmin45595_ymin47283_MPP-0.2500.png.tensor,0.777776,0.599723,0.448631,0.418570,0.291581,0.235279,0.410125
bcss,TCGA-E9-A5FL-DX1_xmin45595_ymin47283_MPP-0.2500.png.tensor,0.787877,0.598893,0.444421,0.413223,0.291581,0.235279,0.407772
bcss,TCGA-E9-A5FL-DX1_xmin45595_ymin47283_MPP-0.2500.png.tensor,0.797979,0.597909,0.440210,0.407874,0.291581,0.235279,0.405622
bcss,TCGA-E9-A5FL-DX1_xmin45595_ymin47283_MPP-0.2500.png.tensor,0.808079,0.597176,0.436000,0.402527,0.291581,0.235279,0.402560
bcss,TCGA-E9-A5FL-DX1_xmin45595_ymin47283_MPP-0.2500.png.tensor,0.818181,0.596049,0.431789,0.397178,0.291581,0.235279,0.400252
bcss,TCGA-E9-A5FL-DX1_xmin45595_ymin47283_MPP-0.2500.png.tensor,0.828281,0.594951,0.427578,0.391831,0.291581,0.235279,0.397572
bcss,TCGA-E9-A5FL-DX1_xmin45595_ymin47283_MPP-0.2500.png.tensor,0.838382,0.593847,0.423368,0.386483,0.291581,0.235279,0.394593
bcss,TCGA-E9-A5FL-DX1_xmin45595_ymin47283_MPP-0.2500.png.tensor,0.848484,0.592772,0.419157,0.381135,0.291581,0.235279,0.391112
bcss,TCGA-E9-A5FL-DX1_xmin45595_ymin47283_MPP-0.2500.png.tensor,0.858584,0.591404,0.414947,0.375787,0.291581,0.235279,0.388139
bcss,TCGA-E9-A5FL-DX1_xmin45595_ymin47283_MPP-0.2500.png.tensor,0.868686,0.589968,0.410736,0.370439,0.291581,0.235279,0.385033
bcss,TCGA-E9-A5FL-DX1_xmin45595_ymin47283_MPP-0.2500.png.tensor,0.878787,0.588190,0.406526,0.365091,0.291581,0.235279,0.382764
bcss,TCGA-E9-A5FL-DX1_xmin45595_ymin47283_MPP-0.2500.png.tensor,0.888887,0.586266,0.402316,0.359743,0.291581,0.235279,0.380811
bcss,TCGA-E9-A5FL-DX1_xmin45595_ymin47283_MPP-0.2500.png.tensor,0.898989,0.584284,0.398105,0.354395,0.291581,0.235279,0.378651
bcss,TCGA-E9-A5FL-DX1_xmin45595_ymin47283_MPP-0.2500.png.tensor,0.909089,0.582182,0.393895,0.349048,0.291581,0.235279,0.376703
bcss,TCGA-E9-A5FL-DX1_xmin45595_ymin47283_MPP-0.2500.png.tensor,0.919190,0.580091,0.389684,0.343700,0.291581,0.235279,0.374295
bcss,TCGA-E9-A5FL-DX1_xmin45595_ymin47283_MPP-0.2500.png.tensor,0.929292,0.577999,0.385474,0.338352,0.291581,0.235279,0.370931
bcss,TCGA-E9-A5FL-DX1_xmin45595_ymin47283_MPP-0.2500.png.tensor,0.939392,0.575636,0.381263,0.333004,0.291581,0.235279,0.369155
bcss,TCGA-E9-A5FL-DX1_xmin45595_ymin47283_MPP-0.2500.png.tensor,0.949494,0.573300,0.377052,0.327656,0.291581,0.235279,0.366040
bcss,TCGA-E9-A5FL-DX1_xmin45595_ymin47283_MPP-0.2500.png.tensor,0.959594,0.570883,0.372842,0.322308,0.291581,0.235279,0.362412
bcss,TCGA-E9-A5FL-DX1_xmin45595_ymin47283_MPP-0.2500.png.tensor,0.969695,0.568514,0.368632,0.316960,0.291581,0.235279,0.355493
bcss,TCGA-E9-A5FL-DX1_xmin45595_ymin47283_MPP-0.2500.png.tensor,0.979797,0.566556,0.364421,0.311612,0.291581,0.235279,0.332283
bcss,TCGA-E9-A5FL-DX1_xmin45595_ymin47283_MPP-0.2500.png.tensor,0.989897,0.564242,0.360211,0.306264,0.291581,0.235279,0.279090
bcss,TCGA-E9-A5FL-DX1_xmin45595_ymin47283_MPP-0.2500.png.tensor,0.999999,0.559780,0.356000,0.300916,0.291581,0.235279,0.000000
bcss,TCGA-EW-A1OV-DX1_xmin126026_ymin65132_MPP-0.2500.png.tensor,0.000000,0.690641,0.689528,0.680224,0.310472,0.319776,0.309359
bcss,TCGA-EW-A1OV-DX1_xmin126026_ymin65132_MPP-0.2500.png.tensor,0.010101,0.691435,0.685699,0.679735,0.310472,0.318184,0.307013
bcss,TCGA-EW-A1OV-DX1_xmin126026_ymin65132_MPP-0.2500.png.tensor,0.020202,0.692168,0.681870,0.678982,0.310472,0.316694,0.304649
bcss,TCGA-EW-A1OV-DX1_xmin126026_ymin65132_MPP-0.2500.png.tensor,0.030303,0.692536,0.678041,0.678701,0.310472,0.314929,0.302424
bcss,TCGA-EW-A1OV-DX1_xmin126026_ymin65132_MPP-0.2500.png.tensor,0.040404,0.692693,0.674212,0.678488,0.310472,0.313092,0.300263
bcss,TCGA-EW-A1OV-DX1_xmin126026_ymin65132_MPP-0.2500.png.tensor,0.050505,0.692665,0.670384,0.678826,0.310472,0.310926,0.298153
bcss,TCGA-EW-A1OV-DX1_xmin126026_ymin65132_MPP-0.2500.png.tensor,0.060606,0.692378,0.666555,0.679055,0.310472,0.308771,0.296135
bcss,TCGA-EW-A1OV-DX1_xmin126026_ymin65132_MPP-0.2500.png.tensor,0.070707,0.691888,0.662726,0.679171,0.310472,0.306630,0.294183
bcss,TCGA-EW-A1OV-DX1_xmin126026_ymin65132_MPP-0.2500.png.tensor,0.080808,0.691420,0.658897,0.679559,0.310472,0.304294,0.292175
bcss,TCGA-EW-A1OV-DX1_xmin126026_ymin65132_MPP-0.2500.png.tensor,0.090909,0.690762,0.655068,0.680061,0.310472,0.301843,0.290228
bcss,TCGA-EW-A1OV-DX1_xmin126026_ymin65132_MPP-0.2500.png.tensor,0.101010,0.689911,0.651239,0.680380,0.310472,0.299439,0.288344
bcss,TCGA-EW-A1OV-DX1_xmin126026_ymin65132_MPP-0.2500.png.tensor,0.111111,0.688778,0.647411,0.680469,0.310472,0.297110,0.286576
bcss,TCGA-EW-A1OV-DX1_xmin126026_ymin65132_MPP-0.2500.png.tensor,0.121212,0.687638,0.643582,0.680560,0.310472,0.294726,0.284773
bcss,TCGA-EW-A1OV-DX1_xmin126026_ymin65132_MPP-0.2500.png.tensor,0.131313,0.686270,0.639753,0.680722,0.310472,0.292246,0.283057
bcss,TCGA-EW-A1OV-DX1_xmin126026_ymin65132_MPP-0.2500.png.tensor,0.141414,0.684853,0.635924,0.680787,0.310472,0.289764,0.281330
bcss,TCGA-EW-A1OV-DX1_xmin126026_ymin65132_MPP-0.2500.png.tensor,0.151515,0.683309,0.632095,0.680743,0.310472,0.287287,0.279637
bcss,TCGA-EW-A1OV-DX1_xmin126026_ymin65132_MPP-0.2500.png.tensor,0.161616,0.681644,0.628266,0.680324,0.310472,0.284974,0.277974
bcss,TCGA-EW-A1OV-DX1_xmin126026_ymin65132_MPP-0.2500.png.tensor,0.171717,0.679919,0.624438,0.680227,0.310472,0.282411,0.276308
bcss,TCGA-EW-A1OV-DX1_xmin126026_ymin65132_MPP-0.2500.png.tensor,0.181818,0.678077,0.620609,0.679848,0.310472,0.279956,0.274670
bcss,TCGA-EW-A1OV-DX1_xmin126026_ymin65132_MPP-0.2500.png.tensor,0.191919,0.676157,0.616780,0.679166,0.310472,0.277628,0.273043
bcss,TCGA-EW-A1OV-DX1_xmin126026_ymin65132_MPP-0.2500.png.tensor,0.202020,0.674249,0.612951,0.678188,0.310472,0.275426,0.271366
bcss,TCGA-EW-A1OV-DX1_xmin126026_ymin65132_MPP-0.2500.png.tensor,0.212121,0.672189,0.609122,0.677429,0.310472,0.273028,0.269742
bcss,TCGA-EW-A1OV-DX1_xmin126026_ymin65132_MPP-0.2500.png.tensor,0.222222,0.670181,0.606267,0.676279,0.309846,0.270820,0.268041
bcss,TCGA-EW-A1OV-DX1_xmin126026_ymin65132_MPP-0.2500.png.tensor,0.232323,0.668091,0.604394,0.675186,0.308564,0.268516,0.266352
bcss,TCGA-EW-A1OV-DX1_xmin126026_ymin65132_MPP-0.2500.png.tensor,0.242424,0.665871,0.602720,0.674007,0.307117,0.266208,0.264702
bcss,TCGA-EW-A1OV-DX1_xmin126026_ymin65132_MPP-0.2500.png.tensor,0.252525,0.663450,0.601094,0.672674,0.305598,0.263940,0.263140
bcss,TCGA-EW-A1OV-DX1_xmin126026_ymin65132_MPP-0.2500.png.tensor,0.262626,0.660854,0.599559,0.670810,0.303975,0.261970,0.261656
bcss,TCGA-EW-A1OV-DX1_xmin126026_ymin65132_MPP-0.2500.png.tensor,0.272727,0.658324,0.597850,0.668900,0.302428,0.259977,0.260086
bcss,TCGA-EW-A1OV-DX1_xmin126026_ymin65132_MPP-0.2500.png.tensor,0.282828,0.655778,0.596358,0.667105,0.300686,0.257848,0.258481
bcss,TCGA-EW-A1OV-DX1_xmin126026_ymin65132_MPP-0.2500.png.tensor,0.292929,0.653066,0.594863,0.665186,0.298895,0.255746,0.256949
bcss,TCGA-EW-A1OV-DX1_xmin126026_ymin65132_MPP-0.2500.png.tensor,0.303030,0.650298,0.593092,0.663221,0.297251,0.253616,0.255410
bcss,TCGA-EW-A1OV-DX1_xmin126026_ymin65132_MPP-0.2500.png.tensor,0.313131,0.647495,0.591293,0.660945,0.295579,0.251650,0.253857
bcss,TCGA-EW-A1OV-DX1_xmin126026_ymin65132_MPP-0.2500.png.tensor,0.323232,0.644347,0.589635,0.658341,0.293753,0.249866,0.252508
bcss,TCGA-EW-A1OV-DX1_xmin126026_ymin65132_MPP-0.2500.png.tensor,0.333333,0.641261,0.587766,0.655804,0.292030,0.247979,0.251073
bcss,TCGA-EW-A1OV-DX1_xmin126026_ymin65132_MPP-0.2500.png.tensor,0.343434,0.637972,0.586083,0.653346,0.290112,0.245974,0.249748
bcss,TCGA-EW-A1OV-DX1_xmin126026_ymin65132_MPP-0.2500.png.tensor,0.353535,0.634669,0.584128,0.650698,0.288345,0.244053,0.248393
bcss,TCGA-EW-A1OV-DX1_xmin126026_ymin65132_MPP-0.2500.png.tensor,0.363636,0.631046,0.582005,0.647663,0.286653,0.242375,0.247246
bcss,TCGA-EW-A1OV-DX1_xmin126026_ymin65132_MPP-0.2500.png.tensor,0.373737,0.627225,0.579793,0.644548,0.284978,0.240706,0.246219
bcss,TCGA-EW-A1OV-DX1_xmin126026_ymin65132_MPP-0.2500.png.tensor,0.383838,0.623435,0.577500,0.641434,0.283313,0.238982,0.245135
bcss,TCGA-EW-A1OV-DX1_xmin126026_ymin65132_MPP-0.2500.png.tensor,0.393939,0.619487,0.575030,0.638266,0.281740,0.237246,0.244145
bcss,TCGA-EW-A1OV-DX1_xmin126026_ymin65132_MPP-0.2500.png.tensor,0.404040,0.615399,0.572285,0.634785,0.280344,0.235713,0.243236
bcss,TCGA-EW-A1OV-DX1_xmin126026_ymin65132_MPP-0.2500.png.tensor,0.414141,0.611208,0.569582,0.631304,0.278863,0.234127,0.242387
bcss,TCGA-EW-A1OV-DX1_xmin126026_ymin65132_MPP-0.2500.png.tensor,0.424242,0.606995,0.566723,0.627763,0.277466,0.232538,0.241523
bcss,TCGA-EW-A1OV-DX1_xmin126026_ymin65132_MPP-0.2500.png.tensor,0.434343,0.602812,0.563829,0.624171,0.276051,0.230937,0.240602
bcss,TCGA-EW-A1OV-DX1_xmin126026_ymin65132_MPP-0.2500.png.tensor,0.444444,0.598650,0.560718,0.620485,0.274779,0.229362,0.239637
bcss,TCGA-EW-A1OV-DX1_xmin126026_ymin65132_MPP-0.2500.png.tensor,0.454545,0.594221,0.557483,0.616802,0.273573,0.227726,0.238877
bcss,TCGA-EW-A1OV-DX1_xmin126026_ymin65132_MPP-0.2500.png.tensor,0.464646,0.589772,0.554355,0.613074,0.272223,0.226071,0.238105
bcss,TCGA-EW-A1OV-DX1_xmin126026_ymin65132_MPP-0.2500.png.tensor,0.474747,0.585192,0.551129,0.609093,0.270913,0.224593,0.237428
bcss,TCGA-EW-A1OV-DX1_xmin126026_ymin65132_MPP-0.2500.png.tensor,0.484848,0.580724,0.547829,0.605108,0.269624,0.223060,0.236615
bcss,TCGA-EW-A1OV-DX1_xmin126026_ymin65132_MPP-0.2500.png.tensor,0.494949,0.576379,0.544404,0.600956,0.268408,0.221632,0.235644
bcss,TCGA-EW-A1OV-DX1_xmin126026_ymin65132_MPP-0.2500.png.tensor,0.505050,0.571701,0.541058,0.596851,0.267062,0.220097,0.234981
bcss,TCGA-EW-A1OV-DX1_xmin126026_ymin65132_MPP-0.2500.png.tensor,0.515151,0.567129,0.537473,0.592578,0.265906,0.218673,0.234174
bcss,TCGA-EW-A1OV-DX1_xmin126026_ymin65132_MPP-0.2500.png.tensor,0.525252,0.562390,0.533850,0.588262,0.264741,0.217233,0.233510
bcss,TCGA-EW-A1OV-DX1_xmin126026_ymin65132_MPP-0.2500.png.tensor,0.535353,0.557588,0.530037,0.583975,0.263730,0.215699,0.232885
bcss,TCGA-EW-A1OV-DX1_xmin126026_ymin65132_MPP-0.2500.png.tensor,0.545454,0.552992,0.526175,0.579582,0.262728,0.214214,0.232003
bcss,TCGA-EW-A1OV-DX1_xmin126026_ymin65132_MPP-0.2500.png.tensor,0.555555,0.548282,0.522271,0.574986,0.261727,0.212889,0.231193
bcss,TCGA-EW-A1OV-DX1_xmin126026_ymin65132_MPP-0.2500.png.tensor,0.565656,0.543617,0.518340,0.570356,0.260711,0.211541,0.230330
bcss,TCGA-EW-A1OV-DX1_xmin126026_ymin65132_MPP-0.2500.png.tensor,0.575757,0.538760,0.514156,0.565842,0.259945,0.209994,0.229636
bcss,TCGA-EW-A1OV-DX1_xmin126026_ymin65132_MPP-0.2500.png.tensor,0.585858,0.534105,0.510128,0.561089,0.258952,0.208658,0.228654
bcss,TCGA-EW-A1OV-DX1_xmin126026_ymin65132_MPP-0.2500.png.tensor,0.595959,0.529440,0.505920,0.556474,0.258134,0.207087,0.227650
bcss,TCGA-EW-A1OV-DX1_xmin126026_ymin65132_MPP-0.2500.png.tensor,0.606060,0.524974,0.501626,0.551562,0.257382,0.205810,0.226334
bcss,TCGA-EW-A1OV-DX1_xmin126026_ymin65132_MPP-0.2500.png.tensor,0.616161,0.520313,0.497349,0.546597,0.256569,0.204536,0.225203
bcss,TCGA-EW-A1OV-DX1_xmin126026_ymin65132_MPP-0.2500.png.tensor,0.626262,0.515756,0.492973,0.541688,0.255844,0.203119,0.223867
bcss,TCGA-EW-A1OV-DX1_xmin126026_ymin65132_MPP-0.2500.png.tensor,0.636363,0.511157,0.488469,0.536621,0.255255,0.201839,0.222529
bcss,TCGA-EW-A1OV-DX1_xmin126026_ymin65132_MPP-0.2500.png.tensor,0.646464,0.506470,0.484013,0.531478,0.254564,0.200593,0.221221
bcss,TCGA-EW-A1OV-DX1_xmin126026_ymin65132_MPP-0.2500.png.tensor,0.656565,0.501759,0.479337,0.526365,0.254153,0.199231,0.219886
bcss,TCGA-EW-A1OV-DX1_xmin126026_ymin65132_MPP-0.2500.png.tensor,0.666666,0.497146,0.474746,0.521197,0.253590,0.197869,0.218320
bcss,TCGA-EW-A1OV-DX1_xmin126026_ymin65132_MPP-0.2500.png.tensor,0.676767,0.492547,0.470064,0.515981,0.253132,0.196496,0.216632
bcss,TCGA-EW-A1OV-DX1_xmin126026_ymin65132_MPP-0.2500.png.tensor,0.686868,0.487782,0.465219,0.510613,0.252905,0.195277,0.215093
bcss,TCGA-EW-A1OV-DX1_xmin126026_ymin65132_MPP-0.2500.png.tensor,0.696969,0.483211,0.460345,0.505273,0.252711,0.193931,0.213143
bcss,TCGA-EW-A1OV-DX1_xmin126026_ymin65132_MPP-0.2500.png.tensor,0.707070,0.478598,0.455536,0.500068,0.252392,0.192261,0.211125
bcss,TCGA-EW-A1OV-DX1_xmin126026_ymin65132_MPP-0.2500.png.tensor,0.717171,0.473911,0.450716,0.494844,0.252070,0.190506,0.209091
bcss,TCGA-EW-A1OV-DX1_xmin126026_ymin65132_MPP-0.2500.png.tensor,0.727272,0.469206,0.445804,0.489367,0.251892,0.189084,0.206940
bcss,TCGA-EW-A1OV-DX1_xmin126026_ymin65132_MPP-0.2500.png.tensor,0.737373,0.464443,0.441023,0.484119,0.251453,0.187117,0.204745
bcss,TCGA-EW-A1OV-DX1_xmin126026_ymin65132_MPP-0.2500.png.tensor,0.747474,0.459866,0.436283,0.478545,0.250895,0.185638,0.201990
bcss,TCGA-EW-A1OV-DX1_xmin126026_ymin65132_MPP-0.2500.png.tensor,0.757575,0.455150,0.431257,0.473212,0.250883,0.183539,0.199307
bcss,TCGA-EW-A1OV-DX1_xmin126026_ymin65132_MPP-0.2500.png.tensor,0.767676,0.450320,0.426480,0.467718,0.250332,0.181603,0.196625
bcss,TCGA-EW-A1OV-DX1_xmin126026_ymin65132_MPP-0.2500.png.tensor,0.777777,0.445301,0.421483,0.462150,0.250228,0.179661,0.194131
bcss,TCGA-EW-A1OV-DX1_xmin126026_ymin65132_MPP-0.2500.png.tensor,0.787878,0.440214,0.416667,0.456690,0.249685,0.177276,0.191553
bcss,TCGA-EW-A1OV-DX1_xmin126026_ymin65132_MPP-0.2500.png.tensor,0.797979,0.435171,0.411638,0.451177,0.249615,0.174784,0.188617
bcss,TCGA-EW-A1OV-DX1_xmin126026_ymin65132_MPP-0.2500.png.tensor,0.808080,0.430076,0.406692,0.445671,0.249323,0.172013,0.185498
bcss,TCGA-EW-A1OV-DX1_xmin126026_ymin65132_MPP-0.2500.png.tensor,0.818181,0.424814,0.401789,0.439922,0.248881,0.169599,0.182496
bcss,TCGA-EW-A1OV-DX1_xmin126026_ymin65132_MPP-0.2500.png.tensor,0.828282,0.419476,0.396927,0.434256,0.248265,0.166663,0.179344
bcss,TCGA-EW-A1OV-DX1_xmin126026_ymin65132_MPP-0.2500.png.tensor,0.838383,0.413983,0.391998,0.428329,0.247782,0.164167,0.176313
bcss,TCGA-EW-A1OV-DX1_xmin126026_ymin65132_MPP-0.2500.png.tensor,0.848484,0.408387,0.387014,0.422456,0.247412,0.161156,0.173202
bcss,TCGA-EW-A1OV-DX1_xmin126026_ymin65132_MPP-0.2500.png.tensor,0.858585,0.402637,0.381972,0.416199,0.247199,0.159078,0.170147
bcss,TCGA-EW-A1OV-DX1_xmin126026_ymin65132_MPP-0.2500.png.tensor,0.868686,0.396764,0.376991,0.409670,0.246720,0.157711,0.167186
bcss,TCGA-EW-A1OV-DX1_xmin126026_ymin65132_MPP-0.2500.png.tensor,0.878787,0.390471,0.371874,0.402945,0.246720,0.156931,0.165416
bcss,TCGA-EW-A1OV-DX1_xmin126026_ymin65132_MPP-0.2500.png.tensor,0.888888,0.383987,0.366757,0.396014,0.246720,0.156931,0.164177
bcss,TCGA-EW-A1OV-DX1_xmin126026_ymin65132_MPP-0.2500.png.tensor,0.898989,0.377270,0.361640,0.389084,0.246720,0.156931,0.163696
bcss,TCGA-EW-A1OV-DX1_xmin126026_ymin65132_MPP-0.2500.png.tensor,0.909090,0.370268,0.356524,0.382153,0.246720,0.156931,0.163682
bcss,TCGA-EW-A1OV-DX1_xmin126026_ymin65132_MPP-0.2500.png.tensor,0.919191,0.363232,0.351407,0.375222,0.246720,0.156931,0.163682
bcss,TCGA-EW-A1OV-DX1_xmin126026_ymin65132_MPP-0.2500.png.tensor,0.929292,0.356097,0.346290,0.368291,0.246720,0.156931,0.163682
bcss,TCGA-EW-A1OV-DX1_xmin126026_ymin65132_MPP-0.2500.png.tensor,0.939393,0.348805,0.341173,0.361361,0.246720,0.156931,0.163682
bcss,TCGA-EW-A1OV-DX1_xmin126026_ymin65132_MPP-0.2500.png.tensor,0.949494,0.341567,0.336056,0.354430,0.246720,0.156931,0.163682
bcss,TCGA-EW-A1OV-DX1_xmin126026_ymin65132_MPP-0.2500.png.tensor,0.959595,0.334331,0.330940,0.347499,0.246720,0.156931,0.163682
bcss,TCGA-EW-A1OV-DX1_xmin126026_ymin65132_MPP-0.2500.png.tensor,0.969696,0.327100,0.325823,0.340569,0.246720,0.156931,0.163682
bcss,TCGA-EW-A1OV-DX1_xmin126026_ymin65132_MPP-0.2500.png.tensor,0.979797,0.319841,0.320706,0.333638,0.246720,0.156931,0.163682
bcss,TCGA-EW-A1OV-DX1_xmin126026_ymin65132_MPP-0.2500.png.tensor,0.989898,0.313419,0.315589,0.326707,0.246720,0.156931,0.163682
bcss,TCGA-EW-A1OV-DX1_xmin126026_ymin65132_MPP-0.2500.png.tensor,0.999999,0.309358,0.310473,0.319776,0.246720,0.156931,0.163682
bcss,TCGA-EW-A1OW-DX1_xmin36101_ymin49680_MPP-0.2500.png.tensor,0.000000,0.581228,0.796964,0.810654,0.203036,0.189346,0.418772
bcss,TCGA-EW-A1OW-DX1_xmin36101_ymin49680_MPP-0.2500.png.tensor,0.010101,0.583895,0.791707,0.810108,0.202661,0.186452,0.416595
bcss,TCGA-EW-A1OW-DX1_xmin36101_ymin49680_MPP-0.2500.png.tensor,0.020202,0.585295,0.786341,0.809132,0.202334,0.183717,0.415021
bcss,TCGA-EW-A1OW-DX1_xmin36101_ymin49680_MPP-0.2500.png.tensor,0.030303,0.585995,0.780855,0.807721,0.202062,0.181150,0.413774
bcss,TCGA-EW-A1OW-DX1_xmin36101_ymin49680_MPP-0.2500.png.tensor,0.040403,0.585997,0.775438,0.806244,0.201748,0.178564,0.412867
bcss,TCGA-EW-A1OW-DX1_xmin36101_ymin49680_MPP-0.2500.png.tensor,0.050504,0.585663,0.770121,0.804693,0.201376,0.175961,0.412113
bcss,TCGA-EW-A1OW-DX1_xmin36101_ymin49680_MPP-0.2500.png.tensor,0.060606,0.585054,0.764948,0.802837,0.200918,0.173464,0.411493
bcss,TCGA-EW-A1OW-DX1_xmin36101_ymin49680_MPP-0.2500.png.tensor,0.070707,0.584186,0.759691,0.800932,0.200495,0.170940,0.410996
bcss,TCGA-EW-A1OW-DX1_xmin36101_ymin49680_MPP-0.2500.png.tensor,0.080808,0.583259,0.754562,0.798616,0.199994,0.168584,0.410520
bcss,TCGA-EW-A1OW-DX1_xmin36101_ymin49680_MPP-0.2500.png.tensor,0.090909,0.582249,0.749390,0.796155,0.199505,0.166255,0.410084
bcss,TCGA-EW-A1OW-DX1_xmin36101_ymin49680_MPP-0.2500.png.tensor,0.101009,0.581464,0.744106,0.793353,0.199068,0.164064,0.409510
bcss,TCGA-EW-A1OW-DX1_xmin36101_ymin49680_MPP-0.2500.png.tensor,0.111111,0.580635,0.738684,0.790304,0.198698,0.161961,0.408946
bcss,TCGA-EW-A1OW-DX1_xmin36101_ymin49680_MPP-0.2500.png.tensor,0.121212,0.579763,0.733277,0.787211,0.198311,0.159836,0.408401
bcss,TCGA-EW-A1OW-DX1_xmin36101_ymin49680_MPP-0.2500.png.tensor,0.131313,0.578917,0.727788,0.783823,0.197963,0.157830,0.407819
bcss,TCGA-EW-A1OW-DX1_xmin36101_ymin49680_MPP-0.2500.png.tensor,0.141414,0.578023,0.722215,0.780415,0.197655,0.155789,0.407259
bcss,TCGA-EW-A1OW-DX1_xmin36101_ymin49680_MPP-0.2500.png.tensor,0.151514,0.577382,0.716655,0.776910,0.197332,0.153757,0.406532
bcss,TCGA-EW-A1OW-DX1_xmin36101_ymin49680_MPP-0.2500.png.tensor,0.161615,0.576694,0.711031,0.773154,0.197039,0.151826,0.405818
bcss,TCGA-EW-A1OW-DX1_xmin36101_ymin49680_MPP-0.2500.png.tensor,0.171717,0.575996,0.705564,0.769493,0.196645,0.149789,0.405090
bcss,TCGA-EW-A1OW-DX1_xmin36101_ymin49680_MPP-0.2500.png.tensor,0.181818,0.575256,0.699896,0.765526,0.196363,0.147890,0.404369
bcss,TCGA-EW-A1OW-DX1_xmin36101_ymin49680_MPP-0.2500.png.tensor,0.191919,0.574613,0.694357,0.761670,0.195995,0.145874,0.403567
bcss,TCGA-EW-A1OW-DX1_xmin36101_ymin49680_MPP-0.2500.png.tensor,0.202020,0.573971,0.688871,0.757678,0.195585,0.143893,0.402755
bcss,TCGA-EW-A1OW-DX1_xmin36101_ymin49680_MPP-0.2500.png.tensor,0.212120,0.573261,0.683287,0.753721,0.195225,0.141839,0.401958
bcss,TCGA-EW-A1OW-DX1_xmin36101_ymin49680_MPP-0.2500.png.tensor,0.222222,0.572366,0.677882,0.749519,0.194742,0.139889,0.401259
bcss,TCGA-EW-A1OW-DX1_xmin36101_ymin49680_MPP-0.2500.png.tensor,0.232323,0.571815,0.672464,0.745237,0.194254,0.137939,0.400320
bcss,TCGA-EW-A1OW-DX1_xmin36101_ymin49680_MPP-0.2500.png.tensor,0.242424,0.571068,0.667197,0.740911,0.193654,0.135967,0.399484
bcss,TCGA-EW-A1OW-DX1_xmin36101_ymin49680_MPP-0.2500.png.tensor,0.252525,0.570239,0.661907,0.736424,0.193053,0.134049,0.398681
bcss,TCGA-EW-A1OW-DX1_xmin36101_ymin49680_MPP-0.2500.png.tensor,0.262625,0.569598,0.656644,0.731822,0.192416,0.132157,0.397726
bcss,TCGA-EW-A1OW-DX1_xmin36101_ymin49680_MPP-0.2500.png.tensor,0.272726,0.568706,0.651364,0.726995,0.191775,0.130366,0.396920
bcss,TCGA-EW-A1OW-DX1_xmin36101_ymin49680_MPP-0.2500.png.tensor,0.282828,0.567813,0.646086,0.721764,0.191113,0.128807,0.396089
bcss,TCGA-EW-A1OW-DX1_xmin36101_ymin49680_MPP-0.2500.png.tensor,0.292929,0.566747,0.640788,0.716684,0.190447,0.127097,0.395357
bcss,TCGA-EW-A1OW-DX1_xmin36101_ymin49680_MPP-0.2500.png.tensor,0.303030,0.565735,0.635296,0.711306,0.189900,0.125550,0.394570
bcss,TCGA-EW-A1OW-DX1_xmin36101_ymin49680_MPP-0.2500.png.tensor,0.313131,0.564838,0.629904,0.705868,0.189266,0.124002,0.393666
bcss,TCGA-EW-A1OW-DX1_xmin36101_ymin49680_MPP-0.2500.png.tensor,0.323231,0.563894,0.624375,0.700195,0.188712,0.122582,0.392783
bcss,TCGA-EW-A1OW-DX1_xmin36101_ymin49680_MPP-0.2500.png.tensor,0.333333,0.562923,0.618918,0.694404,0.188088,0.121206,0.391886
bcss,TCGA-EW-A1OW-DX1_xmin36101_ymin49680_MPP-0.2500.png.tensor,0.343434,0.561874,0.613404,0.688563,0.187489,0.119827,0.391022
bcss,TCGA-EW-A1OW-DX1_xmin36101_ymin49680_MPP-0.2500.png.tensor,0.353535,0.561059,0.607715,0.682450,0.187007,0.118615,0.389947
bcss,TCGA-EW-A1OW-DX1_xmin36101_ymin49680_MPP-0.2500.png.tensor,0.363636,0.560164,0.601977,0.676289,0.186546,0.117402,0.388902
bcss,TCGA-EW-A1OW-DX1_xmin36101_ymin49680_MPP-0.2500.png.tensor,0.373736,0.559102,0.596389,0.670065,0.185953,0.116200,0.387961
bcss,TCGA-EW-A1OW-DX1_xmin36101_ymin49680_MPP-0.2500.png.tensor,0.383837,0.558199,0.590503,0.663873,0.185581,0.114934,0.386858
bcss,TCGA-EW-A1OW-DX1_xmin36101_ymin49680_MPP-0.2500.png.tensor,0.393939,0.557098,0.584586,0.657306,0.185221,0.113933,0.385878
bcss,TCGA-EW-A1OW-DX1_xmin36101_ymin49680_MPP-0.2500.png.tensor,0.404040,0.556047,0.578713,0.650574,0.184813,0.113037,0.384829
bcss,TCGA-EW-A1OW-DX1_xmin36101_ymin49680_MPP-0.2500.png.tensor,0.414141,0.554984,0.572642,0.643718,0.184560,0.112218,0.383750
bcss,TCGA-EW-A1OW-DX1_xmin36101_ymin49680_MPP-0.2500.png.tensor,0.424242,0.553937,0.566631,0.636826,0.184247,0.111399,0.382619
bcss,TCGA-EW-A1OW-DX1_xmin36101_ymin49680_MPP-0.2500.png.tensor,0.434342,0.552773,0.560356,0.629806,0.184155,0.110665,0.381548
bcss,TCGA-EW-A1OW-DX1_xmin36101_ymin49680_MPP-0.2500.png.tensor,0.444444,0.551570,0.554065,0.622894,0.184074,0.109807,0.380480
bcss,TCGA-EW-A1OW-DX1_xmin36101_ymin49680_MPP-0.2500.png.tensor,0.454545,0.550411,0.547790,0.615948,0.183976,0.108949,0.379329
bcss,TCGA-EW-A1OW-DX1_xmin36101_ymin49680_MPP-0.2500.png.tensor,0.464646,0.549158,0.541454,0.608928,0.183930,0.108126,0.378223
bcss,TCGA-EW-A1OW-DX1_xmin36101_ymin49680_MPP-0.2500.png.tensor,0.474747,0.548041,0.535108,0.601769,0.183893,0.107405,0.376945
bcss,TCGA-EW-A1OW-DX1_xmin36101_ymin49680_MPP-0.2500.png.tensor,0.484848,0.546789,0.528854,0.594440,0.183765,0.106821,0.375740
bcss,TCGA-EW-A1OW-DX1_xmin36101_ymin49680_MPP-0.2500.png.tensor,0.494948,0.545494,0.522592,0.587080,0.183640,0.106244,0.374542
bcss,TCGA-EW-A1OW-DX1_xmin36101_ymin49680_MPP-0.2500.png.tensor,0.505050,0.544237,0.516200,0.579727,0.183640,0.105635,0.373247
bcss,TCGA-EW-A1OW-DX1_xmin36101_ymin49680_MPP-0.2500.png.tensor,0.515151,0.543049,0.509809,0.572292,0.183640,0.105087,0.371837
bcss,TCGA-EW-A1OW-DX1_xmin36101_ymin49680_MPP-0.2500.png.tensor,0.525252,0.541953,0.503418,0.564863,0.183640,0.104509,0.370263
bcss,TCGA-EW-A1OW-DX1_xmin36101_ymin49680_MPP-0.2500.png.tensor,0.535353,0.540819,0.497027,0.557357,0.183640,0.103988,0.368662
bcss,TCGA-EW-A1OW-DX1_xmin36101_ymin49680_MPP-0.2500.png.tensor,0.545453,0.539779,0.490636,0.549795,0.183640,0.103507,0.366883
bcss,TCGA-EW-A1OW-DX1_xmin36101_ymin49680_MPP-0.2500.png.tensor,0.555555,0.538721,0.484245,0.542179,0.183640,0.103063,0.365056
bcss,TCGA-EW-A1OW-DX1_xmin36101_ymin49680_MPP-0.2500.png.tensor,0.565656,0.537604,0.477854,0.534560,0.183640,0.102603,0.363195
bcss,TCGA-EW-A1OW-DX1_xmin36101_ymin49680_MPP-0.2500.png.tensor,0.575757,0.536672,0.471463,0.526925,0.183640,0.102140,0.361044
bcss,TCGA-EW-A1OW-DX1_xmin36101_ymin49680_MPP-0.2500.png.tensor,0.585858,0.535662,0.465072,0.519287,0.183640,0.101657,0.358873
bcss,TCGA-EW-A1OW-DX1_xmin36101_ymin49680_MPP-0.2500.png.tensor,0.595959,0.534821,0.458681,0.511709,0.183640,0.101077,0.356388
bcss,TCGA-EW-A1OW-DX1_xmin36101_ymin49680_MPP-0.2500.png.tensor,0.606059,0.534055,0.452290,0.504037,0.183640,0.100585,0.353677
bcss,TCGA-EW-A1OW-DX1_xmin36101_ymin49680_MPP-0.2500.png.tensor,0.616161,0.533068,0.445898,0.496348,0.183640,0.100090,0.351111
bcss,TCGA-EW-A1OW-DX1_xmin36101_ymin49680_MPP-0.2500.png.tensor,0.626262,0.532197,0.439507,0.488655,0.183640,0.099573,0.348255
bcss,TCGA-EW-A1OW-DX1_xmin36101_ymin49680_MPP-0.2500.png.tensor,0.636363,0.531072,0.433116,0.480862,0.183640,0.099167,0.345582
bcss,TCGA-EW-A1OW-DX1_xmin36101_ymin49680_MPP-0.2500.png.tensor,0.646464,0.530154,0.426725,0.473205,0.183640,0.098543,0.342472
bcss,TCGA-EW-A1OW-DX1_xmin36101_ymin49680_MPP-0.2500.png.tensor,0.656564,0.529258,0.420334,0.465734,0.183640,0.097612,0.339145
bcss,TCGA-EW-A1OW-DX1_xmin36101_ymin49680_MPP-0.2500.png.tensor,0.666666,0.528194,0.413943,0.458149,0.183640,0.096796,0.335863
bcss,TCGA-EW-A1OW-DX1_xmin36101_ymin49680_MPP-0.2500.png.tensor,0.676767,0.527003,0.407552,0.450550,0.183640,0.095950,0.332580
bcss,TCGA-EW-A1OW-DX1_xmin36101_ymin49680_MPP-0.2500.png.tensor,0.686868,0.525657,0.401161,0.443159,0.183640,0.094719,0.329328
bcss,TCGA-EW-A1OW-DX1_xmin36101_ymin49680_MPP-0.2500.png.tensor,0.696969,0.524132,0.394770,0.435655,0.183640,0.093591,0.326156
bcss,TCGA-EW-A1OW-DX1_xmin36101_ymin49680_MPP-0.2500.png.tensor,0.707070,0.522452,0.388379,0.428297,0.183640,0.092136,0.323029
bcss,TCGA-EW-A1OW-DX1_xmin36101_ymin49680_MPP-0.2500.png.tensor,0.717170,0.520674,0.381988,0.421125,0.183640,0.090248,0.319847
bcss,TCGA-EW-A1OW-DX1_xmin36101_ymin49680_MPP-0.2500.png.tensor,0.727272,0.518832,0.376255,0.413955,0.182431,0.088218,0.316553
bcss,TCGA-EW-A1OW-DX1_xmin36101_ymin49680_MPP-0.2500.png.tensor,0.737373,0.516762,0.371205,0.406941,0.179833,0.085733,0.313439
bcss,TCGA-EW-A1OW-DX1_xmin36101_ymin49680_MPP-0.2500.png.tensor,0.747474,0.514510,0.366384,0.399847,0.176572,0.083209,0.310419
bcss,TCGA-EW-A1OW-DX1_xmin36101_ymin49680_MPP-0.2500.png.tensor,0.757575,0.512123,0.361897,0.392632,0.172350,0.080723,0.307456
bcss,TCGA-EW-A1OW-DX1_xmin36101_ymin49680_MPP-0.2500.png.tensor,0.767676,0.509668,0.357232,0.385383,0.168145,0.078097,0.304371
bcss,TCGA-EW-A1OW-DX1_xmin36101_ymin49680_MPP-0.2500.png.tensor,0.777777,0.507164,0.352727,0.378061,0.163195,0.075391,0.301116
bcss,TCGA-EW-A1OW-DX1_xmin36101_ymin49680_MPP-0.2500.png.tensor,0.787878,0.504277,0.348005,0.370562,0.158288,0.072848,0.298446
bcss,TCGA-EW-A1OW-DX1_xmin36101_ymin49680_MPP-0.2500.png.tensor,0.797979,0.501072,0.343070,0.362847,0.153416,0.070587,0.296307
bcss,TCGA-EW-A1OW-DX1_xmin36101_ymin49680_MPP-0.2500.png.tensor,0.808080,0.497942,0.337892,0.355048,0.148667,0.068305,0.293740
bcss,TCGA-EW-A1OW-DX1_xmin36101_ymin49680_MPP-0.2500.png.tensor,0.818181,0.494681,0.332535,0.347127,0.143879,0.066105,0.291248
bcss,TCGA-EW-A1OW-DX1_xmin36101_ymin49680_MPP-0.2500.png.tensor,0.828281,0.491257,0.327049,0.339074,0.138906,0.064031,0.288931
bcss,TCGA-EW-A1OW-DX1_xmin36101_ymin49680_MPP-0.2500.png.tensor,0.838383,0.487547,0.321292,0.330769,0.134147,0.062472,0.287220
bcss,TCGA-EW-A1OW-DX1_xmin36101_ymin49680_MPP-0.2500.png.tensor,0.848484,0.483621,0.315134,0.322525,0.130078,0.060511,0.285923
bcss,TCGA-EW-A1OW-DX1_xmin36101_ymin49680_MPP-0.2500.png.tensor,0.858585,0.479605,0.308986,0.314195,0.125393,0.058570,0.284892
bcss,TCGA-EW-A1OW-DX1_xmin36101_ymin49680_MPP-0.2500.png.tensor,0.868686,0.475524,0.302478,0.305603,0.121358,0.057332,0.283834
bcss,TCGA-EW-A1OW-DX1_xmin36101_ymin49680_MPP-0.2500.png.tensor,0.878787,0.471459,0.295594,0.296916,0.118199,0.056279,0.282663
bcss,TCGA-EW-A1OW-DX1_xmin36101_ymin49680_MPP-0.2500.png.tensor,0.888888,0.467066,0.288626,0.288190,0.114844,0.055203,0.282452
bcss,TCGA-EW-A1OW-DX1_xmin36101_ymin49680_MPP-0.2500.png.tensor,0.898989,0.462408,0.281448,0.279437,0.111861,0.054054,0.282452
bcss,TCGA-EW-A1OW-DX1_xmin36101_ymin49680_MPP-0.2500.png.tensor,0.909090,0.457809,0.274103,0.270541,0.109134,0.053433,0.282452
bcss,TCGA-EW-A1OW-DX1_xmin36101_ymin49680_MPP-0.2500.png.tensor,0.919191,0.453431,0.266547,0.261631,0.107031,0.052739,0.282452
bcss,TCGA-EW-A1OW-DX1_xmin36101_ymin49680_MPP-0.2500.png.tensor,0.929292,0.448891,0.258723,0.252602,0.106219,0.052693,0.282452
bcss,TCGA-EW-A1OW-DX1_xmin36101_ymin49680_MPP-0.2500.png.tensor,0.939392,0.444423,0.250786,0.243566,0.106074,0.052693,0.282452
bcss,TCGA-EW-A1OW-DX1_xmin36101_ymin49680_MPP-0.2500.png.tensor,0.949494,0.439929,0.242827,0.234529,0.106074,0.052693,0.282452
bcss,TCGA-EW-A1OW-DX1_xmin36101_ymin49680_MPP-0.2500.png.tensor,0.959595,0.435327,0.234869,0.225493,0.106074,0.052693,0.282452
bcss,TCGA-EW-A1OW-DX1_xmin36101_ymin49680_MPP-0.2500.png.tensor,0.969696,0.430722,0.226911,0.216456,0.106074,0.052693,0.282452
bcss,TCGA-EW-A1OW-DX1_xmin36101_ymin49680_MPP-0.2500.png.tensor,0.979797,0.426406,0.218953,0.207420,0.106074,0.052693,0.282452
bcss,TCGA-EW-A1OW-DX1_xmin36101_ymin49680_MPP-0.2500.png.tensor,0.989898,0.422237,0.210995,0.198384,0.106074,0.052693,0.282452
bcss,TCGA-EW-A1OW-DX1_xmin36101_ymin49680_MPP-0.2500.png.tensor,0.999999,0.418771,0.203036,0.189346,0.106074,0.052693,0.282452
bcss,TCGA-EW-A1P1-DX1_xmin50567_ymin38988_MPP-0.2500.png.tensor,0.000000,0.774120,0.714439,0.700747,0.285561,0.299253,0.225880
bcss,TCGA-EW-A1P1-DX1_xmin50567_ymin38988_MPP-0.2500.png.tensor,0.010099,0.775344,0.710108,0.698465,0.285561,0.298358,0.222465
bcss,TCGA-EW-A1P1-DX1_xmin50567_ymin38988_MPP-0.2500.png.tensor,0.020201,0.776199,0.705776,0.696921,0.285561,0.297066,0.219167
bcss,TCGA-EW-A1P1-DX1_xmin50567_ymin38988_MPP-0.2500.png.tensor,0.030301,0.777033,0.701444,0.695810,0.285561,0.295526,0.215812
bcss,TCGA-EW-A1P1-DX1_xmin50567_ymin38988_MPP-0.2500.png.tensor,0.040403,0.777659,0.697112,0.694922,0.285561,0.293836,0.212494
bcss,TCGA-EW-A1P1-DX1_xmin50567_ymin38988_MPP-0.2500.png.tensor,0.050505,0.777989,0.692779,0.693752,0.285561,0.292259,0.209260
bcss,TCGA-EW-A1P1-DX1_xmin50567_ymin38988_MPP-0.2500.png.tensor,0.060604,0.778074,0.688448,0.692581,0.285561,0.290649,0.206090
bcss,TCGA-EW-A1P1-DX1_xmin50567_ymin38988_MPP-0.2500.png.tensor,0.070706,0.778006,0.684115,0.691433,0.285561,0.288991,0.202930
bcss,TCGA-EW-A1P1-DX1_xmin50567_ymin38988_MPP-0.2500.png.tensor,0.080808,0.777816,0.679783,0.690471,0.285561,0.287195,0.199771
bcss,TCGA-EW-A1P1-DX1_xmin50567_ymin38988_MPP-0.2500.png.tensor,0.090907,0.777277,0.675451,0.689790,0.285561,0.285205,0.196731
bcss,TCGA-EW-A1P1-DX1_xmin50567_ymin38988_MPP-0.2500.png.tensor,0.101009,0.776389,0.671119,0.689135,0.285561,0.283156,0.193817
bcss,TCGA-EW-A1P1-DX1_xmin50567_ymin38988_MPP-0.2500.png.tensor,0.111111,0.775880,0.666787,0.688155,0.285561,0.281243,0.190625
bcss,TCGA-EW-A1P1-DX1_xmin50567_ymin38988_MPP-0.2500.png.tensor,0.121210,0.774915,0.662455,0.687343,0.285561,0.279191,0.187618
bcss,TCGA-EW-A1P1-DX1_xmin50567_ymin38988_MPP-0.2500.png.tensor,0.131312,0.774205,0.658123,0.686051,0.285561,0.277366,0.184395
bcss,TCGA-EW-A1P1-DX1_xmin50567_ymin38988_MPP-0.2500.png.tensor,0.141412,0.773118,0.654215,0.685444,0.285314,0.275101,0.181313
bcss,TCGA-EW-A1P1-DX1_xmin50567_ymin38988_MPP-0.2500.png.tensor,0.151514,0.771897,0.650368,0.684451,0.285025,0.273009,0.178239
bcss,TCGA-EW-A1P1-DX1_xmin50567_ymin38988_MPP-0.2500.png.tensor,0.161615,0.770474,0.646852,0.682662,0.284531,0.271341,0.175212
bcss,TCGA-EW-A1P1-DX1_xmin50567_ymin38988_MPP-0.2500.png.tensor,0.171715,0.768872,0.643411,0.680579,0.283981,0.269810,0.172219
bcss,TCGA-EW-A1P1-DX1_xmin50567_ymin38988_MPP-0.2500.png.tensor,0.181817,0.767121,0.640039,0.679164,0.283375,0.267833,0.169240
bcss,TCGA-EW-A1P1-DX1_xmin50567_ymin38988_MPP-0.2500.png.tensor,0.191919,0.765549,0.636434,0.677466,0.282898,0.265981,0.166079
bcss,TCGA-EW-A1P1-DX1_xmin50567_ymin38988_MPP-0.2500.png.tensor,0.202018,0.763229,0.632863,0.675855,0.282387,0.264028,0.163307
bcss,TCGA-EW-A1P1-DX1_xmin50567_ymin38988_MPP-0.2500.png.tensor,0.212120,0.760855,0.629280,0.674142,0.281871,0.262090,0.160497
bcss,TCGA-EW-A1P1-DX1_xmin50567_ymin38988_MPP-0.2500.png.tensor,0.222222,0.758627,0.625720,0.672318,0.281326,0.260173,0.157517
bcss,TCGA-EW-A1P1-DX1_xmin50567_ymin38988_MPP-0.2500.png.tensor,0.232321,0.756016,0.621959,0.670037,0.280900,0.258503,0.154714
bcss,TCGA-EW-A1P1-DX1_xmin50567_ymin38988_MPP-0.2500.png.tensor,0.242423,0.753479,0.618220,0.668236,0.280445,0.256472,0.151782
bcss,TCGA-EW-A1P1-DX1_xmin50567_ymin38988_MPP-0.2500.png.tensor,0.252523,0.750695,0.614309,0.666257,0.280095,0.254505,0.148941
bcss,TCGA-EW-A1P1-DX1_xmin50567_ymin38988_MPP-0.2500.png.tensor,0.262624,0.747777,0.610253,0.663908,0.279833,0.252735,0.146111
bcss,TCGA-EW-A1P1-DX1_xmin50567_ymin38988_MPP-0.2500.png.tensor,0.272726,0.744710,0.606335,0.661540,0.279469,0.250928,0.143301
bcss,TCGA-EW-A1P1-DX1_xmin50567_ymin38988_MPP-0.2500.png.tensor,0.282826,0.741631,0.602262,0.659210,0.279203,0.249045,0.140428
bcss,TCGA-EW-A1P1-DX1_xmin50567_ymin38988_MPP-0.2500.png.tensor,0.292928,0.738245,0.598207,0.657284,0.278915,0.246821,0.137685
bcss,TCGA-EW-A1P1-DX1_xmin50567_ymin38988_MPP-0.2500.png.tensor,0.303029,0.734798,0.594260,0.654910,0.278542,0.244855,0.134906
bcss,TCGA-EW-A1P1-DX1_xmin50567_ymin38988_MPP-0.2500.png.tensor,0.313129,0.731236,0.590345,0.652120,0.278136,0.243135,0.132130
bcss,TCGA-EW-A1P1-DX1_xmin50567_ymin38988_MPP-0.2500.png.tensor,0.323231,0.727461,0.586502,0.649684,0.277663,0.241101,0.129429
bcss,TCGA-EW-A1P1-DX1_xmin50567_ymin38988_MPP-0.2500.png.tensor,0.333333,0.723625,0.582093,0.647235,0.277602,0.239014,0.126686
bcss,TCGA-EW-A1P1-DX1_xmin50567_ymin38988_MPP-0.2500.png.tensor,0.343432,0.719932,0.577905,0.644548,0.277370,0.237045,0.123761
bcss,TCGA-EW-A1P1-DX1_xmin50567_ymin38988_MPP-0.2500.png.tensor,0.353534,0.716153,0.573628,0.642451,0.277199,0.234558,0.120805
bcss,TCGA-EW-A1P1-DX1_xmin50567_ymin38988_MPP-0.2500.png.tensor,0.363633,0.712178,0.569397,0.639739,0.276987,0.232477,0.117910
bcss,TCGA-EW-A1P1-DX1_xmin50567_ymin38988_MPP-0.2500.png.tensor,0.373735,0.708024,0.565228,0.636810,0.276718,0.230500,0.115062
bcss,TCGA-EW-A1P1-DX1_xmin50567_ymin38988_MPP-0.2500.png.tensor,0.383837,0.703649,0.561114,0.633899,0.276396,0.228443,0.112301
bcss,TCGA-EW-A1P1-DX1_xmin50567_ymin38988_MPP-0.2500.png.tensor,0.393937,0.699248,0.556891,0.631415,0.276154,0.225968,0.109472
bcss,TCGA-EW-A1P1-DX1_xmin50567_ymin38988_MPP-0.2500.png.tensor,0.404038,0.694517,0.552690,0.628125,0.275884,0.224083,0.106821
bcss,TCGA-EW-A1P1-DX1_xmin50567_ymin38988_MPP-0.2500.png.tensor,0.414140,0.689913,0.548671,0.624922,0.275450,0.222059,0.103965
bcss,TCGA-EW-A1P1-DX1_xmin50567_ymin38988_MPP-0.2500.png.tensor,0.424240,0.684922,0.544308,0.621837,0.275300,0.219862,0.101360
bcss,TCGA-EW-A1P1-DX1_xmin50567_ymin38988_MPP-0.2500.png.tensor,0.434342,0.680026,0.540021,0.618361,0.275077,0.217932,0.098566
bcss,TCGA-EW-A1P1-DX1_xmin50567_ymin38988_MPP-0.2500.png.tensor,0.444443,0.675136,0.535855,0.614472,0.274736,0.216304,0.095668
bcss,TCGA-EW-A1P1-DX1_xmin50567_ymin38988_MPP-0.2500.png.tensor,0.454543,0.669868,0.531575,0.610793,0.274489,0.214423,0.093010
bcss,TCGA-EW-A1P1-DX1_xmin50567_ymin38988_MPP-0.2500.png.tensor,0.464645,0.664505,0.527024,0.607126,0.274483,0.212460,0.090340
bcss,TCGA-EW-A1P1-DX1_xmin50567_ymin38988_MPP-0.2500.png.tensor,0.474744,0.659368,0.522684,0.603202,0.274278,0.210666,0.087352
bcss,TCGA-EW-A1P1-DX1_xmin50567_ymin38988_MPP-0.2500.png.tensor,0.484846,0.653887,0.518124,0.599181,0.274278,0.208895,0.084583
bcss,TCGA-EW-A1P1-DX1_xmin50567_ymin38988_MPP-0.2500.png.tensor,0.494948,0.648120,0.513601,0.595050,0.274242,0.207162,0.081982
bcss,TCGA-EW-A1P1-DX1_xmin50567_ymin38988_MPP-0.2500.png.tensor,0.505047,0.642398,0.509041,0.590606,0.274242,0.205676,0.079233
bcss,TCGA-EW-A1P1-DX1_xmin50567_ymin38988_MPP-0.2500.png.tensor,0.515149,0.636669,0.504479,0.586142,0.274242,0.204147,0.076374
bcss,TCGA-EW-A1P1-DX1_xmin50567_ymin38988_MPP-0.2500.png.tensor,0.525251,0.630391,0.499918,0.581785,0.274242,0.202440,0.073973
bcss,TCGA-EW-A1P1-DX1_xmin50567_ymin38988_MPP-0.2500.png.tensor,0.535351,0.624153,0.495358,0.576944,0.274242,0.201182,0.071425
bcss,TCGA-EW-A1P1-DX1_xmin50567_ymin38988_MPP-0.2500.png.tensor,0.545452,0.617351,0.490797,0.572001,0.274242,0.199979,0.069383
bcss,TCGA-EW-A1P1-DX1_xmin50567_ymin38988_MPP-0.2500.png.tensor,0.555554,0.610567,0.486236,0.567089,0.274242,0.198685,0.067224
bcss,TCGA-EW-A1P1-DX1_xmin50567_ymin38988_MPP-0.2500.png.tensor,0.565654,0.603711,0.481676,0.561585,0.274242,0.198015,0.065058
bcss,TCGA-EW-A1P1-DX1_xmin50567_ymin38988_MPP-0.2500.png.tensor,0.575756,0.596651,0.477115,0.556246,0.274242,0.197117,0.063022
bcss,TCGA-EW-A1P1-DX1_xmin50567_ymin38988_MPP-0.2500.png.tensor,0.585855,0.589340,0.472555,0.551073,0.274242,0.195976,0.061191
bcss,TCGA-EW-A1P1-DX1_xmin50567_ymin38988_MPP-0.2500.png.tensor,0.595957,0.582017,0.467993,0.545313,0.274242,0.195502,0.059277
bcss,TCGA-EW-A1P1-DX1_xmin50567_ymin38988_MPP-0.2500.png.tensor,0.606059,0.574497,0.463432,0.539866,0.274242,0.194608,0.057524
bcss,TCGA-EW-A1P1-DX1_xmin50567_ymin38988_MPP-0.2500.png.tensor,0.616158,0.566783,0.458872,0.534307,0.274242,0.193814,0.055929
bcss,TCGA-EW-A1P1-DX1_xmin50567_ymin38988_MPP-0.2500.png.tensor,0.626260,0.559006,0.454311,0.528432,0.274242,0.193398,0.054330
bcss,TCGA-EW-A1P1-DX1_xmin50567_ymin38988_MPP-0.2500.png.tensor,0.636362,0.550877,0.449750,0.522656,0.274242,0.192822,0.053129
bcss,TCGA-EW-A1P1-DX1_xmin50567_ymin38988_MPP-0.2500.png.tensor,0.646461,0.542896,0.445190,0.516734,0.274242,0.192422,0.051650
bcss,TCGA-EW-A1P1-DX1_xmin50567_ymin38988_MPP-0.2500.png.tensor,0.656563,0.534687,0.440629,0.510841,0.274242,0.191955,0.050413
bcss,TCGA-EW-A1P1-DX1_xmin50567_ymin38988_MPP-0.2500.png.tensor,0.666665,0.526418,0.436068,0.504688,0.274242,0.191849,0.049188
bcss,TCGA-EW-A1P1-DX1_xmin50567_ymin38988_MPP-0.2500.png.tensor,0.676765,0.518010,0.431507,0.498545,0.274242,0.191724,0.048113
bcss,TCGA-EW-A1P1-DX1_xmin50567_ymin38988_MPP-0.2500.png.tensor,0.686866,0.509460,0.426946,0.492316,0.274242,0.191724,0.047183
bcss,TCGA-EW-A1P1-DX1_xmin50567_ymin38988_MPP-0.2500.png.tensor,0.696966,0.500860,0.422386,0.486099,0.274242,0.191709,0.046281
bcss,TCGA-EW-A1P1-DX1_xmin50567_ymin38988_MPP-0.2500.png.tensor,0.707068,0.492188,0.417825,0.479879,0.274242,0.191694,0.045437
bcss,TCGA-EW-A1P1-DX1_xmin50567_ymin38988_MPP-0.2500.png.tensor,0.717170,0.483492,0.413264,0.473650,0.274242,0.191694,0.044580
bcss,TCGA-EW-A1P1-DX1_xmin50567_ymin38988_MPP-0.2500.png.tensor,0.727269,0.474812,0.408704,0.467423,0.274242,0.191694,0.043626
bcss,TCGA-EW-A1P1-DX1_xmin50567_ymin38988_MPP-0.2500.png.tensor,0.737371,0.466004,0.404143,0.461194,0.274242,0.191694,0.042838
bcss,TCGA-EW-A1P1-DX1_xmin50567_ymin38988_MPP-0.2500.png.tensor,0.747473,0.457214,0.399582,0.454965,0.274242,0.191694,0.041939
bcss,TCGA-EW-A1P1-DX1_xmin50567_ymin38988_MPP-0.2500.png.tensor,0.757572,0.448394,0.395021,0.448737,0.274242,0.191694,0.041051
bcss,TCGA-EW-A1P1-DX1_xmin50567_ymin38988_MPP-0.2500.png.tensor,0.767674,0.439623,0.390460,0.442508,0.274242,0.191694,0.039991
bcss,TCGA-EW-A1P1-DX1_xmin50567_ymin38988_MPP-0.2500.png.tensor,0.777776,0.430646,0.385899,0.436279,0.274242,0.191694,0.039267
bcss,TCGA-EW-A1P1-DX1_xmin50567_ymin38988_MPP-0.2500.png.tensor,0.787875,0.421728,0.381339,0.430052,0.274242,0.191694,0.038354
bcss,TCGA-EW-A1P1-DX1_xmin50567_ymin38988_MPP-0.2500.png.tensor,0.797977,0.412779,0.376778,0.423823,0.274242,0.191694,0.037430
bcss,TCGA-EW-A1P1-DX1_xmin50567_ymin38988_MPP-0.2500.png.tensor,0.808077,0.403804,0.372218,0.417596,0.274242,0.191694,0.036462
bcss,TCGA-EW-A1P1-DX1_xmin50567_ymin38988_MPP-0.2500.png.tensor,0.818179,0.394850,0.367657,0.411367,0.274242,0.191694,0.035336
bcss,TCGA-EW-A1P1-DX1_xmin50567_ymin38988_MPP-0.2500.png.tensor,0.828280,0.385869,0.363096,0.405138,0.274242,0.191694,0.034149
bcss,TCGA-EW-A1P1-DX1_xmin50567_ymin38988_MPP-0.2500.png.tensor,0.838380,0.376753,0.358535,0.398910,0.274242,0.191694,0.033209
bcss,TCGA-EW-A1P1-DX1_xmin50567_ymin38988_MPP-0.2500.png.tensor,0.848482,0.367767,0.353974,0.392681,0.274242,0.191694,0.031779
bcss,TCGA-EW-A1P1-DX1_xmin50567_ymin38988_MPP-0.2500.png.tensor,0.858584,0.358691,0.349413,0.386452,0.274242,0.191694,0.030403
bcss,TCGA-EW-A1P1-DX1_xmin50567_ymin38988_MPP-0.2500.png.tensor,0.868683,0.349539,0.344853,0.380225,0.274242,0.191694,0.029148
bcss,TCGA-EW-A1P1-DX1_xmin50567_ymin38988_MPP-0.2500.png.tensor,0.878785,0.340294,0.340292,0.373996,0.274242,0.191694,0.028038
bcss,TCGA-EW-A1P1-DX1_xmin50567_ymin38988_MPP-0.2500.png.tensor,0.888887,0.331017,0.335731,0.367767,0.274242,0.191694,0.026886
bcss,TCGA-EW-A1P1-DX1_xmin50567_ymin38988_MPP-0.2500.png.tensor,0.898986,0.321668,0.331171,0.361540,0.274242,0.191694,0.025823
bcss,TCGA-EW-A1P1-DX1_xmin50567_ymin38988_MPP-0.2500.png.tensor,0.909088,0.312288,0.326610,0.355311,0.274242,0.191694,0.024761
bcss,TCGA-EW-A1P1-DX1_xmin50567_ymin38988_MPP-0.2500.png.tensor,0.919188,0.302924,0.322049,0.349083,0.274242,0.191694,0.023307
bcss,TCGA-EW-A1P1-DX1_xmin50567_ymin38988_MPP-0.2500.png.tensor,0.929289,0.293455,0.317488,0.342854,0.274242,0.191694,0.022043
bcss,TCGA-EW-A1P1-DX1_xmin50567_ymin38988_MPP-0.2500.png.tensor,0.939391,0.283995,0.312927,0.336625,0.274242,0.191694,0.020556
bcss,TCGA-EW-A1P1-DX1_xmin50567_ymin38988_MPP-0.2500.png.tensor,0.949491,0.274495,0.308367,0.330398,0.274242,0.191694,0.018671
bcss,TCGA-EW-A1P1-DX1_xmin50567_ymin38988_MPP-0.2500.png.tensor,0.959593,0.264918,0.303806,0.324169,0.274242,0.191694,0.016906
bcss,TCGA-EW-A1P1-DX1_xmin50567_ymin38988_MPP-0.2500.png.tensor,0.969694,0.255379,0.299245,0.317940,0.274242,0.191694,0.013279
bcss,TCGA-EW-A1P1-DX1_xmin50567_ymin38988_MPP-0.2500.png.tensor,0.979794,0.245739,0.294685,0.311712,0.274242,0.191694,0.008541
bcss,TCGA-EW-A1P1-DX1_xmin50567_ymin38988_MPP-0.2500.png.tensor,0.989896,0.235979,0.290124,0.305484,0.274242,0.191694,0.000216
bcss,TCGA-EW-A1P1-DX1_xmin50567_ymin38988_MPP-0.2500.png.tensor,0.999998,0.225882,0.285563,0.299255,0.108693,0.086957,0.000000
bcss,TCGA-EW-A1P4-DX1_xmin17256_ymin35430_MPP-0.2500.png.tensor,0.000000,0.728568,0.626111,0.611399,0.373889,0.388601,0.271432
bcss,TCGA-EW-A1P4-DX1_xmin17256_ymin35430_MPP-0.2500.png.tensor,0.010099,0.732989,0.623564,0.613765,0.373889,0.386269,0.266867
bcss,TCGA-EW-A1P4-DX1_xmin17256_ymin35430_MPP-0.2500.png.tensor,0.020200,0.735749,0.621017,0.615741,0.373889,0.384089,0.263055
bcss,TCGA-EW-A1P4-DX1_xmin17256_ymin35430_MPP-0.2500.png.tensor,0.030302,0.738034,0.618469,0.618895,0.373889,0.381255,0.259408
bcss,TCGA-EW-A1P4-DX1_xmin17256_ymin35430_MPP-0.2500.png.tensor,0.040403,0.739681,0.615921,0.621174,0.373889,0.378818,0.256017
bcss,TCGA-EW-A1P4-DX1_xmin17256_ymin35430_MPP-0.2500.png.tensor,0.050504,0.740919,0.613373,0.624307,0.373889,0.375878,0.252770
bcss,TCGA-EW-A1P4-DX1_xmin17256_ymin35430_MPP-0.2500.png.tensor,0.060606,0.742043,0.610825,0.626633,0.373889,0.373306,0.249513
bcss,TCGA-EW-A1P4-DX1_xmin17256_ymin35430_MPP-0.2500.png.tensor,0.070705,0.742782,0.608278,0.629122,0.373889,0.370590,0.246394
bcss,TCGA-EW-A1P4-DX1_xmin17256_ymin35430_MPP-0.2500.png.tensor,0.080806,0.743191,0.605730,0.631765,0.373889,0.367730,0.243385
bcss,TCGA-EW-A1P4-DX1_xmin17256_ymin35430_MPP-0.2500.png.tensor,0.090907,0.743175,0.603183,0.634216,0.373889,0.364912,0.240540
bcss,TCGA-EW-A1P4-DX1_xmin17256_ymin35430_MPP-0.2500.png.tensor,0.101009,0.743240,0.600635,0.636175,0.373889,0.362305,0.237589
bcss,TCGA-EW-A1P4-DX1_xmin17256_ymin35430_MPP-0.2500.png.tensor,0.111110,0.743240,0.598087,0.638871,0.373889,0.359223,0.234608
bcss,TCGA-EW-A1P4-DX1_xmin17256_ymin35430_MPP-0.2500.png.tensor,0.121212,0.743267,0.595539,0.642165,0.373889,0.355731,0.231541
bcss,TCGA-EW-A1P4-DX1_xmin17256_ymin35430_MPP-0.2500.png.tensor,0.131310,0.742997,0.592992,0.645382,0.373889,0.352202,0.228577
bcss,TCGA-EW-A1P4-DX1_xmin17256_ymin35430_MPP-0.2500.png.tensor,0.141412,0.742659,0.590444,0.648334,0.373889,0.348745,0.225578
bcss,TCGA-EW-A1P4-DX1_xmin17256_ymin35430_MPP-0.2500.png.tensor,0.151513,0.741983,0.587896,0.651380,0.373889,0.345149,0.222710
bcss,TCGA-EW-A1P4-DX1_xmin17256_ymin35430_MPP-0.2500.png.tensor,0.161615,0.741803,0.586902,0.653848,0.372962,0.341811,0.219477
bcss,TCGA-EW-A1P4-DX1_xmin17256_ymin35430_MPP-0.2500.png.tensor,0.171716,0.741388,0.585895,0.656042,0.372020,0.338557,0.216306
bcss,TCGA-EW-A1P4-DX1_xmin17256_ymin35430_MPP-0.2500.png.tensor,0.181817,0.741154,0.585068,0.658786,0.370946,0.334888,0.212948
bcss,TCGA-EW-A1P4-DX1_xmin17256_ymin35430_MPP-0.2500.png.tensor,0.191916,0.740371,0.584324,0.661349,0.369794,0.331238,0.209844
bcss,TCGA-EW-A1P4-DX1_xmin17256_ymin35430_MPP-0.2500.png.tensor,0.202018,0.739373,0.583588,0.664027,0.368606,0.327424,0.206797
bcss,TCGA-EW-A1P4-DX1_xmin17256_ymin35430_MPP-0.2500.png.tensor,0.212119,0.738348,0.583000,0.666433,0.367295,0.323684,0.203689
bcss,TCGA-EW-A1P4-DX1_xmin17256_ymin35430_MPP-0.2500.png.tensor,0.222220,0.737382,0.582330,0.668941,0.366002,0.319782,0.200461
bcss,TCGA-EW-A1P4-DX1_xmin17256_ymin35430_MPP-0.2500.png.tensor,0.232322,0.736253,0.581771,0.671322,0.364603,0.315860,0.197254
bcss,TCGA-EW-A1P4-DX1_xmin17256_ymin35430_MPP-0.2500.png.tensor,0.242423,0.734949,0.581012,0.673204,0.363298,0.312162,0.194076
bcss,TCGA-EW-A1P4-DX1_xmin17256_ymin35430_MPP-0.2500.png.tensor,0.252522,0.733294,0.580194,0.675131,0.361999,0.308336,0.191052
bcss,TCGA-EW-A1P4-DX1_xmin17256_ymin35430_MPP-0.2500.png.tensor,0.262623,0.731510,0.579637,0.677432,0.360486,0.304150,0.188030
bcss,TCGA-EW-A1P4-DX1_xmin17256_ymin35430_MPP-0.2500.png.tensor,0.272725,0.729798,0.578786,0.679752,0.359133,0.299835,0.184872
bcss,TCGA-EW-A1P4-DX1_xmin17256_ymin35430_MPP-0.2500.png.tensor,0.282826,0.727796,0.577531,0.681826,0.358024,0.295570,0.181830
bcss,TCGA-EW-A1P4-DX1_xmin17256_ymin35430_MPP-0.2500.png.tensor,0.292928,0.725702,0.576530,0.683411,0.356704,0.291528,0.178766
bcss,TCGA-EW-A1P4-DX1_xmin17256_ymin35430_MPP-0.2500.png.tensor,0.303029,0.723656,0.575685,0.685038,0.355234,0.287339,0.175579
bcss,TCGA-EW-A1P4-DX1_xmin17256_ymin35430_MPP-0.2500.png.tensor,0.313128,0.721357,0.574873,0.686546,0.353696,0.283115,0.172482
bcss,TCGA-EW-A1P4-DX1_xmin17256_ymin35430_MPP-0.2500.png.tensor,0.323229,0.719045,0.573889,0.687934,0.352239,0.278852,0.169301
bcss,TCGA-EW-A1P4-DX1_xmin17256_ymin35430_MPP-0.2500.png.tensor,0.333331,0.716563,0.572848,0.689896,0.350781,0.274030,0.166153
bcss,TCGA-EW-A1P4-DX1_xmin17256_ymin35430_MPP-0.2500.png.tensor,0.343432,0.713541,0.571730,0.691594,0.349337,0.269260,0.163318
bcss,TCGA-EW-A1P4-DX1_xmin17256_ymin35430_MPP-0.2500.png.tensor,0.353533,0.710465,0.570421,0.693079,0.347995,0.264506,0.160437
bcss,TCGA-EW-A1P4-DX1_xmin17256_ymin35430_MPP-0.2500.png.tensor,0.363635,0.707012,0.569550,0.694012,0.346266,0.260035,0.157759
bcss,TCGA-EW-A1P4-DX1_xmin17256_ymin35430_MPP-0.2500.png.tensor,0.373736,0.703838,0.568663,0.695770,0.344495,0.254761,0.154769
bcss,TCGA-EW-A1P4-DX1_xmin17256_ymin35430_MPP-0.2500.png.tensor,0.383835,0.700623,0.567586,0.697404,0.342820,0.249415,0.151724
bcss,TCGA-EW-A1P4-DX1_xmin17256_ymin35430_MPP-0.2500.png.tensor,0.393936,0.697241,0.566658,0.698442,0.340966,0.244383,0.148709
bcss,TCGA-EW-A1P4-DX1_xmin17256_ymin35430_MPP-0.2500.png.tensor,0.404038,0.694127,0.565659,0.699835,0.339108,0.238881,0.145367
bcss,TCGA-EW-A1P4-DX1_xmin17256_ymin35430_MPP-0.2500.png.tensor,0.414139,0.690461,0.564795,0.700341,0.337072,0.233947,0.142379
bcss,TCGA-EW-A1P4-DX1_xmin17256_ymin35430_MPP-0.2500.png.tensor,0.424241,0.687069,0.564008,0.700820,0.334897,0.228864,0.139052
bcss,TCGA-EW-A1P4-DX1_xmin17256_ymin35430_MPP-0.2500.png.tensor,0.434342,0.683589,0.563174,0.701290,0.332685,0.223607,0.135676
bcss,TCGA-EW-A1P4-DX1_xmin17256_ymin35430_MPP-0.2500.png.tensor,0.444441,0.679904,0.562463,0.701598,0.330284,0.218305,0.132374
bcss,TCGA-EW-A1P4-DX1_xmin17256_ymin35430_MPP-0.2500.png.tensor,0.454542,0.676114,0.561318,0.702157,0.328191,0.212576,0.129044
bcss,TCGA-EW-A1P4-DX1_xmin17256_ymin35430_MPP-0.2500.png.tensor,0.464644,0.672279,0.560330,0.702506,0.325871,0.206826,0.125622
bcss,TCGA-EW-A1P4-DX1_xmin17256_ymin35430_MPP-0.2500.png.tensor,0.474745,0.668445,0.559079,0.702420,0.323714,0.201270,0.122076
bcss,TCGA-EW-A1P4-DX1_xmin17256_ymin35430_MPP-0.2500.png.tensor,0.484847,0.664310,0.558268,0.702116,0.321044,0.195707,0.118677
bcss,TCGA-EW-A1P4-DX1_xmin17256_ymin35430_MPP-0.2500.png.tensor,0.494948,0.660187,0.557687,0.702209,0.318040,0.189529,0.115131
bcss,TCGA-EW-A1P4-DX1_xmin17256_ymin35430_MPP-0.2500.png.tensor,0.505047,0.656355,0.556749,0.702020,0.315275,0.183386,0.111150
bcss,TCGA-EW-A1P4-DX1_xmin17256_ymin35430_MPP-0.2500.png.tensor,0.515148,0.652243,0.555467,0.701308,0.312749,0.177523,0.107291
bcss,TCGA-EW-A1P4-DX1_xmin17256_ymin35430_MPP-0.2500.png.tensor,0.525249,0.647683,0.554655,0.700427,0.309619,0.171590,0.103738
bcss,TCGA-EW-A1P4-DX1_xmin17256_ymin35430_MPP-0.2500.png.tensor,0.535351,0.643336,0.553898,0.699148,0.306296,0.165826,0.099798
bcss,TCGA-EW-A1P4-DX1_xmin17256_ymin35430_MPP-0.2500.png.tensor,0.545452,0.638978,0.552723,0.698367,0.303283,0.159259,0.095702
bcss,TCGA-EW-A1P4-DX1_xmin17256_ymin35430_MPP-0.2500.png.tensor,0.555554,0.634631,0.551580,0.696622,0.300097,0.153478,0.091402
bcss,TCGA-EW-A1P4-DX1_xmin17256_ymin35430_MPP-0.2500.png.tensor,0.565652,0.630494,0.550376,0.694851,0.296836,0.147460,0.086666
bcss,TCGA-EW-A1P4-DX1_xmin17256_ymin35430_MPP-0.2500.png.tensor,0.575754,0.626272,0.549615,0.692804,0.292896,0.141479,0.081798
bcss,TCGA-EW-A1P4-DX1_xmin17256_ymin35430_MPP-0.2500.png.tensor,0.585855,0.621543,0.548640,0.690620,0.289021,0.135370,0.077307
bcss,TCGA-EW-A1P4-DX1_xmin17256_ymin35430_MPP-0.2500.png.tensor,0.595957,0.616950,0.547451,0.688076,0.285218,0.129402,0.072424
bcss,TCGA-EW-A1P4-DX1_xmin17256_ymin35430_MPP-0.2500.png.tensor,0.606058,0.612249,0.546299,0.685135,0.281173,0.123633,0.067428
bcss,TCGA-EW-A1P4-DX1_xmin17256_ymin35430_MPP-0.2500.png.tensor,0.616160,0.607356,0.545212,0.681741,0.276830,0.118149,0.062416
bcss,TCGA-EW-A1P4-DX1_xmin17256_ymin35430_MPP-0.2500.png.tensor,0.626258,0.602188,0.544199,0.677990,0.272155,0.112849,0.057505
bcss,TCGA-EW-A1P4-DX1_xmin17256_ymin35430_MPP-0.2500.png.tensor,0.636360,0.597045,0.542947,0.673960,0.267548,0.107636,0.052287
bcss,TCGA-EW-A1P4-DX1_xmin17256_ymin35430_MPP-0.2500.png.tensor,0.646461,0.591280,0.541244,0.669621,0.263314,0.102562,0.047647
bcss,TCGA-EW-A1P4-DX1_xmin17256_ymin35430_MPP-0.2500.png.tensor,0.656563,0.585307,0.539340,0.664977,0.259125,0.097634,0.043039
bcss,TCGA-EW-A1P4-DX1_xmin17256_ymin35430_MPP-0.2500.png.tensor,0.666664,0.579062,0.537429,0.659969,0.254692,0.092951,0.038556
bcss,TCGA-EW-A1P4-DX1_xmin17256_ymin35430_MPP-0.2500.png.tensor,0.676765,0.572708,0.534934,0.654547,0.250884,0.088618,0.033962
bcss,TCGA-EW-A1P4-DX1_xmin17256_ymin35430_MPP-0.2500.png.tensor,0.686867,0.565721,0.532628,0.649100,0.246531,0.084045,0.030090
bcss,TCGA-EW-A1P4-DX1_xmin17256_ymin35430_MPP-0.2500.png.tensor,0.696965,0.558376,0.529775,0.643239,0.242791,0.079854,0.026548
bcss,TCGA-EW-A1P4-DX1_xmin17256_ymin35430_MPP-0.2500.png.tensor,0.707067,0.550560,0.527185,0.637075,0.238342,0.075886,0.023563
bcss,TCGA-EW-A1P4-DX1_xmin17256_ymin35430_MPP-0.2500.png.tensor,0.717168,0.542793,0.524199,0.630633,0.234275,0.072127,0.020276
bcss,TCGA-EW-A1P4-DX1_xmin17256_ymin35430_MPP-0.2500.png.tensor,0.727270,0.534486,0.520886,0.623635,0.230508,0.069109,0.017734
bcss,TCGA-EW-A1P4-DX1_xmin17256_ymin35430_MPP-0.2500.png.tensor,0.737371,0.525950,0.517096,0.616535,0.227357,0.066054,0.015441
bcss,TCGA-EW-A1P4-DX1_xmin17256_ymin35430_MPP-0.2500.png.tensor,0.747473,0.517234,0.512862,0.609212,0.224834,0.063195,0.013315
bcss,TCGA-EW-A1P4-DX1_xmin17256_ymin35430_MPP-0.2500.png.tensor,0.757571,0.508254,0.508471,0.601588,0.222429,0.060723,0.011563
bcss,TCGA-EW-A1P4-DX1_xmin17256_ymin35430_MPP-0.2500.png.tensor,0.767673,0.499216,0.503698,0.593639,0.220632,0.058731,0.009778
bcss,TCGA-EW-A1P4-DX1_xmin17256_ymin35430_MPP-0.2500.png.tensor,0.777774,0.489976,0.498504,0.585423,0.219621,0.057157,0.008282
bcss,TCGA-EW-A1P4-DX1_xmin17256_ymin35430_MPP-0.2500.png.tensor,0.787876,0.480606,0.493267,0.577283,0.218613,0.055256,0.006953
bcss,TCGA-EW-A1P4-DX1_xmin17256_ymin35430_MPP-0.2500.png.tensor,0.797977,0.471132,0.488080,0.569110,0.217381,0.053247,0.005747
bcss,TCGA-EW-A1P4-DX1_xmin17256_ymin35430_MPP-0.2500.png.tensor,0.808078,0.461494,0.482635,0.560828,0.216691,0.051309,0.004844
bcss,TCGA-EW-A1P4-DX1_xmin17256_ymin35430_MPP-0.2500.png.tensor,0.818177,0.451837,0.476916,0.552349,0.216682,0.049706,0.003894
bcss,TCGA-EW-A1P4-DX1_xmin17256_ymin35430_MPP-0.2500.png.tensor,0.828279,0.442090,0.471192,0.543888,0.216682,0.047854,0.003093
bcss,TCGA-EW-A1P4-DX1_xmin17256_ymin35430_MPP-0.2500.png.tensor,0.838380,0.432272,0.465582,0.535323,0.216331,0.046092,0.002409
bcss,TCGA-EW-A1P4-DX1_xmin17256_ymin35430_MPP-0.2500.png.tensor,0.848481,0.422313,0.460185,0.526716,0.215228,0.044233,0.002097
bcss,TCGA-EW-A1P4-DX1_xmin17256_ymin35430_MPP-0.2500.png.tensor,0.858583,0.412369,0.455071,0.518071,0.212967,0.042242,0.001696
bcss,TCGA-EW-A1P4-DX1_xmin17256_ymin35430_MPP-0.2500.png.tensor,0.868684,0.402442,0.449884,0.509338,0.210640,0.040281,0.001162
bcss,TCGA-EW-A1P4-DX1_xmin17256_ymin35430_MPP-0.2500.png.tensor,0.878783,0.392486,0.444995,0.500737,0.206697,0.037460,0.000669
bcss,TCGA-EW-A1P4-DX1_xmin17256_ymin35430_MPP-0.2500.png.tensor,0.888884,0.382471,0.441066,0.492113,0.197716,0.034217,0.000340
bcss,TCGA-EW-A1P4-DX1_xmin17256_ymin35430_MPP-0.2500.png.tensor,0.898986,0.372430,0.436934,0.483200,0.187939,0.031755,0.000081
bcss,TCGA-EW-A1P4-DX1_xmin17256_ymin35430_MPP-0.2500.png.tensor,0.909087,0.362345,0.432485,0.474266,0.177732,0.028865,0.000000
bcss,TCGA-EW-A1P4-DX1_xmin17256_ymin35430_MPP-0.2500.png.tensor,0.919189,0.352244,0.428396,0.465270,0.162750,0.025631,0.000000
bcss,TCGA-EW-A1P4-DX1_xmin17256_ymin35430_MPP-0.2500.png.tensor,0.929290,0.342142,0.423670,0.456140,0.147990,0.022425,0.000000
bcss,TCGA-EW-A1P4-DX1_xmin17256_ymin35430_MPP-0.2500.png.tensor,0.939389,0.332043,0.418409,0.446834,0.132740,0.019625,0.000000
bcss,TCGA-EW-A1P4-DX1_xmin17256_ymin35430_MPP-0.2500.png.tensor,0.949490,0.321942,0.412295,0.437501,0.119812,0.015940,0.000000
bcss,TCGA-EW-A1P4-DX1_xmin17256_ymin35430_MPP-0.2500.png.tensor,0.959592,0.311841,0.405711,0.427891,0.106244,0.013843,0.000000
bcss,TCGA-EW-A1P4-DX1_xmin17256_ymin35430_MPP-0.2500.png.tensor,0.969693,0.301739,0.398767,0.418154,0.089561,0.012436,0.000000
bcss,TCGA-EW-A1P4-DX1_xmin17256_ymin35430_MPP-0.2500.png.tensor,0.979794,0.291638,0.391382,0.408409,0.067103,0.009839,0.000000
bcss,TCGA-EW-A1P4-DX1_xmin17256_ymin35430_MPP-0.2500.png.tensor,0.989896,0.281536,0.382937,0.398513,0.052256,0.009547,0.000000
bcss,TCGA-EW-A1P4-DX1_xmin17256_ymin35430_MPP-0.2500.png.tensor,0.999997,0.271435,0.373891,0.388604,0.023876,0.009547,0.000000
bcss,TCGA-EW-A1P7-DX1_xmin9808_ymin46395_MPP-0.2500.png.tensor,0.000000,0.876075,0.683333,0.799595,0.316667,0.200405,0.123925
bcss,TCGA-EW-A1P7-DX1_xmin9808_ymin46395_MPP-0.2500.png.tensor,0.010100,0.877340,0.679630,0.800364,0.316667,0.196960,0.119449
bcss,TCGA-EW-A1P7-DX1_xmin9808_ymin46395_MPP-0.2500.png.tensor,0.020199,0.877099,0.675927,0.800118,0.316667,0.193962,0.115649
bcss,TCGA-EW-A1P7-DX1_xmin9808_ymin46395_MPP-0.2500.png.tensor,0.030302,0.875511,0.672223,0.799745,0.316667,0.190966,0.112463
bcss,TCGA-EW-A1P7-DX1_xmin9808_ymin46395_MPP-0.2500.png.tensor,0.040402,0.872910,0.668519,0.799062,0.316667,0.188069,0.109740
bcss,TCGA-EW-A1P7-DX1_xmin9808_ymin46395_MPP-0.2500.png.tensor,0.050505,0.869777,0.664815,0.798238,0.316667,0.185184,0.107237
bcss,TCGA-EW-A1P7-DX1_xmin9808_ymin46395_MPP-0.2500.png.tensor,0.060604,0.865982,0.661112,0.797753,0.316667,0.182057,0.105034
bcss,TCGA-EW-A1P7-DX1_xmin9808_ymin46395_MPP-0.2500.png.tensor,0.070704,0.861653,0.657409,0.796673,0.316667,0.179182,0.103071
bcss,TCGA-EW-A1P7-DX1_xmin9808_ymin46395_MPP-0.2500.png.tensor,0.080807,0.857307,0.653704,0.796176,0.316667,0.175927,0.101072
bcss,TCGA-EW-A1P7-DX1_xmin9808_ymin46395_MPP-0.2500.png.tensor,0.090907,0.852561,0.650001,0.795299,0.316667,0.172809,0.099250
bcss,TCGA-EW-A1P7-DX1_xmin9808_ymin46395_MPP-0.2500.png.tensor,0.101010,0.847739,0.646297,0.794681,0.316667,0.169476,0.097428
bcss,TCGA-EW-A1P7-DX1_xmin9808_ymin46395_MPP-0.2500.png.tensor,0.111109,0.842562,0.642593,0.793698,0.316667,0.166273,0.095766
bcss,TCGA-EW-A1P7-DX1_xmin9808_ymin46395_MPP-0.2500.png.tensor,0.121209,0.837189,0.638890,0.792371,0.316667,0.163193,0.094178
bcss,TCGA-EW-A1P7-DX1_xmin9808_ymin46395_MPP-0.2500.png.tensor,0.131312,0.831716,0.635186,0.791101,0.316667,0.160007,0.092609
bcss,TCGA-EW-A1P7-DX1_xmin9808_ymin46395_MPP-0.2500.png.tensor,0.141412,0.826069,0.631483,0.789227,0.316667,0.157099,0.091104
bcss,TCGA-EW-A1P7-DX1_xmin9808_ymin46395_MPP-0.2500.png.tensor,0.151514,0.820244,0.627778,0.787739,0.316667,0.153893,0.089669
bcss,TCGA-EW-A1P7-DX1_xmin9808_ymin46395_MPP-0.2500.png.tensor,0.161614,0.814402,0.624437,0.785435,0.316451,0.151097,0.088209
bcss,TCGA-EW-A1P7-DX1_xmin9808_ymin46395_MPP-0.2500.png.tensor,0.171714,0.808860,0.622875,0.783063,0.315155,0.148275,0.086534
bcss,TCGA-EW-A1P7-DX1_xmin9808_ymin46395_MPP-0.2500.png.tensor,0.181817,0.802858,0.621067,0.781116,0.313978,0.145122,0.085090
bcss,TCGA-EW-A1P7-DX1_xmin9808_ymin46395_MPP-0.2500.png.tensor,0.191916,0.796703,0.619362,0.778633,0.312708,0.142223,0.083718
bcss,TCGA-EW-A1P7-DX1_xmin9808_ymin46395_MPP-0.2500.png.tensor,0.202019,0.790238,0.617982,0.776083,0.311202,0.139291,0.082499
bcss,TCGA-EW-A1P7-DX1_xmin9808_ymin46395_MPP-0.2500.png.tensor,0.212119,0.783933,0.616295,0.773908,0.309851,0.136047,0.081144
bcss,TCGA-EW-A1P7-DX1_xmin9808_ymin46395_MPP-0.2500.png.tensor,0.222219,0.777654,0.615007,0.771351,0.308210,0.132965,0.079747
bcss,TCGA-EW-A1P7-DX1_xmin9808_ymin46395_MPP-0.2500.png.tensor,0.232322,0.771235,0.613805,0.768744,0.306469,0.129833,0.078395
bcss,TCGA-EW-A1P7-DX1_xmin9808_ymin46395_MPP-0.2500.png.tensor,0.242421,0.764415,0.612224,0.765636,0.304933,0.126949,0.077275
bcss,TCGA-EW-A1P7-DX1_xmin9808_ymin46395_MPP-0.2500.png.tensor,0.252524,0.757924,0.610908,0.762109,0.303176,0.124266,0.075905
bcss,TCGA-EW-A1P7-DX1_xmin9808_ymin46395_MPP-0.2500.png.tensor,0.262624,0.751117,0.609371,0.758928,0.301523,0.121276,0.074712
bcss,TCGA-EW-A1P7-DX1_xmin9808_ymin46395_MPP-0.2500.png.tensor,0.272723,0.744200,0.607714,0.755097,0.299906,0.118651,0.073560
bcss,TCGA-EW-A1P7-DX1_xmin9808_ymin46395_MPP-0.2500.png.tensor,0.282826,0.737598,0.606469,0.751284,0.297955,0.115937,0.072152
bcss,TCGA-EW-A1P7-DX1_xmin9808_ymin46395_MPP-0.2500.png.tensor,0.292926,0.730804,0.604786,0.747430,0.296259,0.113177,0.070852
bcss,TCGA-EW-A1P7-DX1_xmin9808_ymin46395_MPP-0.2500.png.tensor,0.303029,0.723759,0.603205,0.742883,0.294441,0.110832,0.069673
bcss,TCGA-EW-A1P7-DX1_xmin9808_ymin46395_MPP-0.2500.png.tensor,0.313129,0.716750,0.602134,0.738126,0.292197,0.108572,0.068460
bcss,TCGA-EW-A1P7-DX1_xmin9808_ymin46395_MPP-0.2500.png.tensor,0.323228,0.709734,0.600696,0.733365,0.290158,0.106248,0.067199
bcss,TCGA-EW-A1P7-DX1_xmin9808_ymin46395_MPP-0.2500.png.tensor,0.333331,0.702950,0.598855,0.728225,0.288359,0.104136,0.065732
bcss,TCGA-EW-A1P7-DX1_xmin9808_ymin46395_MPP-0.2500.png.tensor,0.343431,0.695882,0.597128,0.723227,0.286419,0.101853,0.064434
bcss,TCGA-EW-A1P7-DX1_xmin9808_ymin46395_MPP-0.2500.png.tensor,0.353534,0.688811,0.595016,0.718074,0.284714,0.099616,0.063097
bcss,TCGA-EW-A1P7-DX1_xmin9808_ymin46395_MPP-0.2500.png.tensor,0.363633,0.681496,0.593316,0.712676,0.282634,0.097503,0.061911
bcss,TCGA-EW-A1P7-DX1_xmin9808_ymin46395_MPP-0.2500.png.tensor,0.373733,0.674160,0.591219,0.707063,0.280803,0.095493,0.060697
bcss,TCGA-EW-A1P7-DX1_xmin9808_ymin46395_MPP-0.2500.png.tensor,0.383836,0.666744,0.588915,0.701455,0.279078,0.093412,0.059510
bcss,TCGA-EW-A1P7-DX1_xmin9808_ymin46395_MPP-0.2500.png.tensor,0.393936,0.659376,0.586711,0.695299,0.277214,0.091715,0.058251
bcss,TCGA-EW-A1P7-DX1_xmin9808_ymin46395_MPP-0.2500.png.tensor,0.404039,0.651751,0.584349,0.689440,0.275419,0.089709,0.057152
bcss,TCGA-EW-A1P7-DX1_xmin9808_ymin46395_MPP-0.2500.png.tensor,0.414138,0.644331,0.581798,0.683437,0.273725,0.087759,0.055861
bcss,TCGA-EW-A1P7-DX1_xmin9808_ymin46395_MPP-0.2500.png.tensor,0.424238,0.636618,0.579371,0.677126,0.271864,0.086008,0.054766
bcss,TCGA-EW-A1P7-DX1_xmin9808_ymin46395_MPP-0.2500.png.tensor,0.434341,0.628908,0.576609,0.670707,0.270231,0.084288,0.053632
bcss,TCGA-EW-A1P7-DX1_xmin9808_ymin46395_MPP-0.2500.png.tensor,0.444440,0.621096,0.573480,0.663997,0.268869,0.082770,0.052548
bcss,TCGA-EW-A1P7-DX1_xmin9808_ymin46395_MPP-0.2500.png.tensor,0.454543,0.613282,0.570163,0.657285,0.267629,0.081194,0.051423
bcss,TCGA-EW-A1P7-DX1_xmin9808_ymin46395_MPP-0.2500.png.tensor,0.464643,0.605315,0.566624,0.650292,0.266550,0.079825,0.050396
bcss,TCGA-EW-A1P7-DX1_xmin9808_ymin46395_MPP-0.2500.png.tensor,0.474743,0.597373,0.562697,0.643170,0.265800,0.078525,0.049313
bcss,TCGA-EW-A1P7-DX1_xmin9808_ymin46395_MPP-0.2500.png.tensor,0.484846,0.589298,0.558629,0.636224,0.265155,0.077001,0.048316
bcss,TCGA-EW-A1P7-DX1_xmin9808_ymin46395_MPP-0.2500.png.tensor,0.494945,0.581239,0.554444,0.628999,0.264603,0.075695,0.047258
bcss,TCGA-EW-A1P7-DX1_xmin9808_ymin46395_MPP-0.2500.png.tensor,0.505048,0.573268,0.549860,0.621726,0.264428,0.074382,0.046072
bcss,TCGA-EW-A1P7-DX1_xmin9808_ymin46395_MPP-0.2500.png.tensor,0.515148,0.565125,0.545257,0.614377,0.264268,0.073094,0.045011
bcss,TCGA-EW-A1P7-DX1_xmin9808_ymin46395_MPP-0.2500.png.tensor,0.525251,0.556743,0.540494,0.607033,0.264268,0.071744,0.044159
bcss,TCGA-EW-A1P7-DX1_xmin9808_ymin46395_MPP-0.2500.png.tensor,0.535350,0.548358,0.535732,0.599484,0.264268,0.070558,0.043276
bcss,TCGA-EW-A1P7-DX1_xmin9808_ymin46395_MPP-0.2500.png.tensor,0.545450,0.540195,0.530970,0.591770,0.264268,0.069503,0.042104
bcss,TCGA-EW-A1P7-DX1_xmin9808_ymin46395_MPP-0.2500.png.tensor,0.555553,0.531892,0.526207,0.583994,0.264268,0.068465,0.041032
bcss,TCGA-EW-A1P7-DX1_xmin9808_ymin46395_MPP-0.2500.png.tensor,0.565653,0.523468,0.521446,0.576274,0.264268,0.067317,0.040060
bcss,TCGA-EW-A1P7-DX1_xmin9808_ymin46395_MPP-0.2500.png.tensor,0.575756,0.514903,0.516682,0.568525,0.264268,0.066146,0.039200
bcss,TCGA-EW-A1P7-DX1_xmin9808_ymin46395_MPP-0.2500.png.tensor,0.585855,0.506538,0.511921,0.560603,0.264268,0.065130,0.038066
bcss,TCGA-EW-A1P7-DX1_xmin9808_ymin46395_MPP-0.2500.png.tensor,0.595955,0.498173,0.507159,0.552788,0.264268,0.063931,0.036873
bcss,TCGA-EW-A1P7-DX1_xmin9808_ymin46395_MPP-0.2500.png.tensor,0.606058,0.489680,0.502396,0.544879,0.264268,0.062785,0.035775
bcss,TCGA-EW-A1P7-DX1_xmin9808_ymin46395_MPP-0.2500.png.tensor,0.616157,0.481165,0.497634,0.536967,0.264268,0.061588,0.034648
bcss,TCGA-EW-A1P7-DX1_xmin9808_ymin46395_MPP-0.2500.png.tensor,0.626260,0.472536,0.492871,0.529072,0.264268,0.060299,0.033617
bcss,TCGA-EW-A1P7-DX1_xmin9808_ymin46395_MPP-0.2500.png.tensor,0.636360,0.463870,0.488110,0.520858,0.264268,0.059381,0.032578
bcss,TCGA-EW-A1P7-DX1_xmin9808_ymin46395_MPP-0.2500.png.tensor,0.646460,0.455414,0.483348,0.512592,0.264268,0.058484,0.031183
bcss,TCGA-EW-A1P7-DX1_xmin9808_ymin46395_MPP-0.2500.png.tensor,0.656563,0.446882,0.478585,0.504098,0.264268,0.057862,0.029811
bcss,TCGA-EW-A1P7-DX1_xmin9808_ymin46395_MPP-0.2500.png.tensor,0.666662,0.438184,0.473823,0.495724,0.264268,0.057027,0.028612
bcss,TCGA-EW-A1P7-DX1_xmin9808_ymin46395_MPP-0.2500.png.tensor,0.676765,0.429444,0.469060,0.487196,0.264268,0.056373,0.027400
bcss,TCGA-EW-A1P7-DX1_xmin9808_ymin46395_MPP-0.2500.png.tensor,0.686865,0.420636,0.464298,0.478674,0.264268,0.055671,0.026222
bcss,TCGA-EW-A1P7-DX1_xmin9808_ymin46395_MPP-0.2500.png.tensor,0.696965,0.411664,0.459537,0.470138,0.264268,0.054947,0.025236
bcss,TCGA-EW-A1P7-DX1_xmin9808_ymin46395_MPP-0.2500.png.tensor,0.707067,0.402591,0.454774,0.461645,0.264268,0.054095,0.024340
bcss,TCGA-EW-A1P7-DX1_xmin9808_ymin46395_MPP-0.2500.png.tensor,0.717167,0.393522,0.450012,0.453053,0.264268,0.053361,0.023397
bcss,TCGA-EW-A1P7-DX1_xmin9808_ymin46395_MPP-0.2500.png.tensor,0.727270,0.384514,0.445249,0.444290,0.264268,0.052881,0.022248
bcss,TCGA-EW-A1P7-DX1_xmin9808_ymin46395_MPP-0.2500.png.tensor,0.737370,0.375438,0.440487,0.435507,0.264268,0.052408,0.021153
bcss,TCGA-EW-A1P7-DX1_xmin9808_ymin46395_MPP-0.2500.png.tensor,0.747469,0.366369,0.435726,0.426778,0.264268,0.051791,0.019967
bcss,TCGA-EW-A1P7-DX1_xmin9808_ymin46395_MPP-0.2500.png.tensor,0.757572,0.357198,0.430962,0.417942,0.264268,0.051336,0.018876
bcss,TCGA-EW-A1P7-DX1_xmin9808_ymin46395_MPP-0.2500.png.tensor,0.767672,0.348200,0.426201,0.409251,0.264268,0.050536,0.017329
bcss,TCGA-EW-A1P7-DX1_xmin9808_ymin46395_MPP-0.2500.png.tensor,0.777775,0.338997,0.421438,0.400465,0.264268,0.049870,0.016086
bcss,TCGA-EW-A1P7-DX1_xmin9808_ymin46395_MPP-0.2500.png.tensor,0.787875,0.329712,0.416676,0.391633,0.264268,0.049257,0.014933
bcss,TCGA-EW-A1P7-DX1_xmin9808_ymin46395_MPP-0.2500.png.tensor,0.797974,0.320441,0.411914,0.382924,0.264268,0.048278,0.013634
bcss,TCGA-EW-A1P7-DX1_xmin9808_ymin46395_MPP-0.2500.png.tensor,0.808077,0.311036,0.407151,0.374266,0.264268,0.047055,0.012534
bcss,TCGA-EW-A1P7-DX1_xmin9808_ymin46395_MPP-0.2500.png.tensor,0.818177,0.301705,0.402390,0.365858,0.264268,0.045017,0.011114
bcss,TCGA-EW-A1P7-DX1_xmin9808_ymin46395_MPP-0.2500.png.tensor,0.828280,0.292163,0.397626,0.357369,0.264268,0.042966,0.010130
bcss,TCGA-EW-A1P7-DX1_xmin9808_ymin46395_MPP-0.2500.png.tensor,0.838379,0.282383,0.393166,0.348938,0.263336,0.040487,0.009779
bcss,TCGA-EW-A1P7-DX1_xmin9808_ymin46395_MPP-0.2500.png.tensor,0.848479,0.272596,0.392597,0.340408,0.249438,0.038007,0.009359
bcss,TCGA-EW-A1P7-DX1_xmin9808_ymin46395_MPP-0.2500.png.tensor,0.858582,0.262780,0.392220,0.332050,0.232873,0.034554,0.009056
bcss,TCGA-EW-A1P7-DX1_xmin9808_ymin46395_MPP-0.2500.png.tensor,0.868682,0.252948,0.391673,0.323514,0.214411,0.031258,0.008735
bcss,TCGA-EW-A1P7-DX1_xmin9808_ymin46395_MPP-0.2500.png.tensor,0.878785,0.243067,0.389959,0.314946,0.197678,0.027530,0.008453
bcss,TCGA-EW-A1P7-DX1_xmin9808_ymin46395_MPP-0.2500.png.tensor,0.888884,0.233156,0.387467,0.305982,0.181412,0.024923,0.008303
bcss,TCGA-EW-A1P7-DX1_xmin9808_ymin46395_MPP-0.2500.png.tensor,0.898984,0.223226,0.384283,0.296704,0.165320,0.023346,0.008303
bcss,TCGA-EW-A1P7-DX1_xmin9808_ymin46395_MPP-0.2500.png.tensor,0.909087,0.213253,0.380411,0.287368,0.149420,0.021726,0.008303
bcss,TCGA-EW-A1P7-DX1_xmin9808_ymin46395_MPP-0.2500.png.tensor,0.919186,0.203330,0.375918,0.277961,0.133405,0.020152,0.008303
bcss,TCGA-EW-A1P7-DX1_xmin9808_ymin46395_MPP-0.2500.png.tensor,0.929289,0.193436,0.370681,0.268415,0.118060,0.019092,0.008303
bcss,TCGA-EW-A1P7-DX1_xmin9808_ymin46395_MPP-0.2500.png.tensor,0.939389,0.183551,0.364474,0.258820,0.105621,0.018114,0.008069
bcss,TCGA-EW-A1P7-DX1_xmin9808_ymin46395_MPP-0.2500.png.tensor,0.949489,0.173582,0.357628,0.249180,0.094535,0.017184,0.008069
bcss,TCGA-EW-A1P7-DX1_xmin9808_ymin46395_MPP-0.2500.png.tensor,0.959592,0.163661,0.350374,0.239475,0.082917,0.016563,0.008069
bcss,TCGA-EW-A1P7-DX1_xmin9808_ymin46395_MPP-0.2500.png.tensor,0.969691,0.153744,0.342582,0.229739,0.072472,0.016075,0.007985
bcss,TCGA-EW-A1P7-DX1_xmin9808_ymin46395_MPP-0.2500.png.tensor,0.979794,0.143804,0.334371,0.219961,0.061899,0.016075,0.007111
bcss,TCGA-EW-A1P7-DX1_xmin9808_ymin46395_MPP-0.2500.png.tensor,0.989894,0.133874,0.325548,0.210186,0.060591,0.016075,0.007111
bcss,TCGA-EW-A1P7-DX1_xmin9808_ymin46395_MPP-0.2500.png.tensor,0.999997,0.123928,0.316669,0.200408,0.060591,0.016075,0.000000
bcss,TCGA-EW-A1P8-DX1_xmin15520_ymin26381_MPP-0.2500.png.tensor,0.000000,0.448009,0.623611,0.739392,0.376389,0.260608,0.551991
bcss,TCGA-EW-A1P8-DX1_xmin15520_ymin26381_MPP-0.2500.png.tensor,0.010100,0.453245,0.621115,0.740126,0.376389,0.257795,0.549877
bcss,TCGA-EW-A1P8-DX1_xmin15520_ymin26381_MPP-0.2500.png.tensor,0.020201,0.457739,0.618618,0.739729,0.376389,0.255501,0.548097
bcss,TCGA-EW-A1P8-DX1_xmin15520_ymin26381_MPP-0.2500.png.tensor,0.030301,0.462021,0.616121,0.739591,0.376389,0.253025,0.546391
bcss,TCGA-EW-A1P8-DX1_xmin15520_ymin26381_MPP-0.2500.png.tensor,0.040404,0.466054,0.613623,0.739458,0.376389,0.250494,0.544775
bcss,TCGA-EW-A1P8-DX1_xmin15520_ymin26381_MPP-0.2500.png.tensor,0.050504,0.470059,0.611126,0.739646,0.376389,0.247741,0.543145
bcss,TCGA-EW-A1P8-DX1_xmin15520_ymin26381_MPP-0.2500.png.tensor,0.060604,0.473930,0.608629,0.739906,0.376389,0.244890,0.541548
bcss,TCGA-EW-A1P8-DX1_xmin15520_ymin26381_MPP-0.2500.png.tensor,0.070705,0.477636,0.606132,0.739523,0.376389,0.242324,0.540006
bcss,TCGA-EW-A1P8-DX1_xmin15520_ymin26381_MPP-0.2500.png.tensor,0.080808,0.481089,0.603634,0.739233,0.376389,0.239649,0.538563
bcss,TCGA-EW-A1P8-DX1_xmin15520_ymin26381_MPP-0.2500.png.tensor,0.090908,0.484816,0.601137,0.739262,0.376389,0.236741,0.536944
bcss,TCGA-EW-A1P8-DX1_xmin15520_ymin26381_MPP-0.2500.png.tensor,0.101008,0.488538,0.598640,0.739329,0.376389,0.233746,0.535289
bcss,TCGA-EW-A1P8-DX1_xmin15520_ymin26381_MPP-0.2500.png.tensor,0.111108,0.491919,0.596143,0.739053,0.376389,0.230876,0.533790
bcss,TCGA-EW-A1P8-DX1_xmin15520_ymin26381_MPP-0.2500.png.tensor,0.121211,0.494871,0.593645,0.738947,0.376389,0.227842,0.532497
bcss,TCGA-EW-A1P8-DX1_xmin15520_ymin26381_MPP-0.2500.png.tensor,0.131312,0.498082,0.591148,0.738728,0.376389,0.224803,0.531027
bcss,TCGA-EW-A1P8-DX1_xmin15520_ymin26381_MPP-0.2500.png.tensor,0.141412,0.501106,0.588651,0.738465,0.376389,0.221719,0.529632
bcss,TCGA-EW-A1P8-DX1_xmin15520_ymin26381_MPP-0.2500.png.tensor,0.151512,0.504002,0.586154,0.738064,0.376389,0.218643,0.528279
bcss,TCGA-EW-A1P8-DX1_xmin15520_ymin26381_MPP-0.2500.png.tensor,0.161615,0.506916,0.583657,0.737289,0.376389,0.215715,0.526878
bcss,TCGA-EW-A1P8-DX1_xmin15520_ymin26381_MPP-0.2500.png.tensor,0.171715,0.509498,0.581160,0.736569,0.376389,0.212683,0.525640
bcss,TCGA-EW-A1P8-DX1_xmin15520_ymin26381_MPP-0.2500.png.tensor,0.181816,0.511600,0.578663,0.735898,0.376389,0.209546,0.524683
bcss,TCGA-EW-A1P8-DX1_xmin15520_ymin26381_MPP-0.2500.png.tensor,0.191916,0.513937,0.576166,0.734652,0.376389,0.206686,0.523541
bcss,TCGA-EW-A1P8-DX1_xmin15520_ymin26381_MPP-0.2500.png.tensor,0.202019,0.515908,0.573668,0.733170,0.376389,0.203901,0.522606
bcss,TCGA-EW-A1P8-DX1_xmin15520_ymin26381_MPP-0.2500.png.tensor,0.212119,0.517675,0.571171,0.732036,0.376389,0.200825,0.521774
bcss,TCGA-EW-A1P8-DX1_xmin15520_ymin26381_MPP-0.2500.png.tensor,0.222220,0.519244,0.568674,0.730767,0.376389,0.197756,0.521045
bcss,TCGA-EW-A1P8-DX1_xmin15520_ymin26381_MPP-0.2500.png.tensor,0.232323,0.520965,0.566176,0.729586,0.376389,0.194548,0.520205
bcss,TCGA-EW-A1P8-DX1_xmin15520_ymin26381_MPP-0.2500.png.tensor,0.242423,0.522449,0.563679,0.727623,0.376389,0.191771,0.519497
bcss,TCGA-EW-A1P8-DX1_xmin15520_ymin26381_MPP-0.2500.png.tensor,0.252523,0.524093,0.561182,0.726101,0.376389,0.188624,0.518657
bcss,TCGA-EW-A1P8-DX1_xmin15520_ymin26381_MPP-0.2500.png.tensor,0.262623,0.525417,0.558685,0.724016,0.376389,0.185773,0.518015
bcss,TCGA-EW-A1P8-DX1_xmin15520_ymin26381_MPP-0.2500.png.tensor,0.272726,0.526776,0.556187,0.722150,0.376389,0.182690,0.517327
bcss,TCGA-EW-A1P8-DX1_xmin15520_ymin26381_MPP-0.2500.png.tensor,0.282827,0.528026,0.553690,0.720048,0.376389,0.179687,0.516704
bcss,TCGA-EW-A1P8-DX1_xmin15520_ymin26381_MPP-0.2500.png.tensor,0.292927,0.529504,0.551193,0.717879,0.376389,0.176645,0.515897
bcss,TCGA-EW-A1P8-DX1_xmin15520_ymin26381_MPP-0.2500.png.tensor,0.303027,0.530391,0.548696,0.715200,0.376389,0.173881,0.515438
bcss,TCGA-EW-A1P8-DX1_xmin15520_ymin26381_MPP-0.2500.png.tensor,0.313130,0.531734,0.546199,0.712713,0.376389,0.170895,0.514737
bcss,TCGA-EW-A1P8-DX1_xmin15520_ymin26381_MPP-0.2500.png.tensor,0.323230,0.532872,0.543702,0.709980,0.376389,0.168002,0.514123
bcss,TCGA-EW-A1P8-DX1_xmin15520_ymin26381_MPP-0.2500.png.tensor,0.333331,0.534207,0.541205,0.707838,0.376389,0.164579,0.513338
bcss,TCGA-EW-A1P8-DX1_xmin15520_ymin26381_MPP-0.2500.png.tensor,0.343431,0.535222,0.538708,0.704736,0.376389,0.161781,0.512766
bcss,TCGA-EW-A1P8-DX1_xmin15520_ymin26381_MPP-0.2500.png.tensor,0.353534,0.536053,0.536210,0.701615,0.376389,0.158909,0.512285
bcss,TCGA-EW-A1P8-DX1_xmin15520_ymin26381_MPP-0.2500.png.tensor,0.363634,0.536914,0.533713,0.698303,0.376389,0.156098,0.511837
bcss,TCGA-EW-A1P8-DX1_xmin15520_ymin26381_MPP-0.2500.png.tensor,0.373734,0.538083,0.531216,0.694753,0.376389,0.153386,0.511103
bcss,TCGA-EW-A1P8-DX1_xmin15520_ymin26381_MPP-0.2500.png.tensor,0.383835,0.539152,0.528719,0.691245,0.376389,0.150550,0.510409
bcss,TCGA-EW-A1P8-DX1_xmin15520_ymin26381_MPP-0.2500.png.tensor,0.393938,0.540265,0.526221,0.687600,0.376389,0.147733,0.509653
bcss,TCGA-EW-A1P8-DX1_xmin15520_ymin26381_MPP-0.2500.png.tensor,0.404038,0.540982,0.523724,0.684210,0.376389,0.144606,0.509229
bcss,TCGA-EW-A1P8-DX1_xmin15520_ymin26381_MPP-0.2500.png.tensor,0.414138,0.541912,0.521227,0.680591,0.376389,0.141568,0.508591
bcss,TCGA-EW-A1P8-DX1_xmin15520_ymin26381_MPP-0.2500.png.tensor,0.424241,0.542391,0.518730,0.676451,0.376389,0.138874,0.508286
bcss,TCGA-EW-A1P8-DX1_xmin15520_ymin26381_MPP-0.2500.png.tensor,0.434341,0.543209,0.516233,0.672083,0.376389,0.136287,0.507745
bcss,TCGA-EW-A1P8-DX1_xmin15520_ymin26381_MPP-0.2500.png.tensor,0.444442,0.543681,0.513735,0.667477,0.376389,0.133820,0.507445
bcss,TCGA-EW-A1P8-DX1_xmin15520_ymin26381_MPP-0.2500.png.tensor,0.454542,0.544147,0.511238,0.662899,0.376389,0.131235,0.507190
bcss,TCGA-EW-A1P8-DX1_xmin15520_ymin26381_MPP-0.2500.png.tensor,0.464645,0.544637,0.508741,0.658024,0.376389,0.128830,0.506828
bcss,TCGA-EW-A1P8-DX1_xmin15520_ymin26381_MPP-0.2500.png.tensor,0.474745,0.545327,0.506244,0.653056,0.376389,0.126422,0.506228
bcss,TCGA-EW-A1P8-DX1_xmin15520_ymin26381_MPP-0.2500.png.tensor,0.484846,0.545692,0.503747,0.647840,0.376389,0.124159,0.506108
bcss,TCGA-EW-A1P8-DX1_xmin15520_ymin26381_MPP-0.2500.png.tensor,0.494946,0.546292,0.501250,0.642700,0.376389,0.121732,0.505608
bcss,TCGA-EW-A1P8-DX1_xmin15520_ymin26381_MPP-0.2500.png.tensor,0.505049,0.547001,0.498752,0.637311,0.376389,0.119455,0.505038
bcss,TCGA-EW-A1P8-DX1_xmin15520_ymin26381_MPP-0.2500.png.tensor,0.515149,0.547994,0.496255,0.631602,0.376389,0.117415,0.504121
bcss,TCGA-EW-A1P8-DX1_xmin15520_ymin26381_MPP-0.2500.png.tensor,0.525249,0.548461,0.493758,0.625927,0.376389,0.115252,0.503703
bcss,TCGA-EW-A1P8-DX1_xmin15520_ymin26381_MPP-0.2500.png.tensor,0.535350,0.548895,0.491261,0.620140,0.376389,0.113116,0.503324
bcss,TCGA-EW-A1P8-DX1_xmin15520_ymin26381_MPP-0.2500.png.tensor,0.545453,0.549502,0.488763,0.614323,0.376389,0.110915,0.502728
bcss,TCGA-EW-A1P8-DX1_xmin15520_ymin26381_MPP-0.2500.png.tensor,0.555553,0.549979,0.486266,0.608152,0.376389,0.109016,0.502257
bcss,TCGA-EW-A1P8-DX1_xmin15520_ymin26381_MPP-0.2500.png.tensor,0.565653,0.550222,0.483769,0.601857,0.376389,0.107171,0.502020
bcss,TCGA-EW-A1P8-DX1_xmin15520_ymin26381_MPP-0.2500.png.tensor,0.575753,0.550523,0.481272,0.595483,0.376389,0.105330,0.501721
bcss,TCGA-EW-A1P8-DX1_xmin15520_ymin26381_MPP-0.2500.png.tensor,0.585856,0.550805,0.478775,0.589124,0.376389,0.103379,0.501394
bcss,TCGA-EW-A1P8-DX1_xmin15520_ymin26381_MPP-0.2500.png.tensor,0.595957,0.551186,0.476278,0.582413,0.376389,0.101769,0.500996
bcss,TCGA-EW-A1P8-DX1_xmin15520_ymin26381_MPP-0.2500.png.tensor,0.606057,0.551498,0.473781,0.575976,0.376389,0.099729,0.500583
bcss,TCGA-EW-A1P8-DX1_xmin15520_ymin26381_MPP-0.2500.png.tensor,0.616160,0.551844,0.471283,0.569287,0.376389,0.097907,0.500177
bcss,TCGA-EW-A1P8-DX1_xmin15520_ymin26381_MPP-0.2500.png.tensor,0.626260,0.551916,0.468786,0.562585,0.376389,0.096006,0.500004
bcss,TCGA-EW-A1P8-DX1_xmin15520_ymin26381_MPP-0.2500.png.tensor,0.636360,0.552148,0.466289,0.555450,0.376389,0.094597,0.499751
bcss,TCGA-EW-A1P8-DX1_xmin15520_ymin26381_MPP-0.2500.png.tensor,0.646461,0.552699,0.463792,0.548739,0.376389,0.092505,0.498987
bcss,TCGA-EW-A1P8-DX1_xmin15520_ymin26381_MPP-0.2500.png.tensor,0.656564,0.552785,0.461294,0.541799,0.376389,0.090621,0.498826
bcss,TCGA-EW-A1P8-DX1_xmin15520_ymin26381_MPP-0.2500.png.tensor,0.666664,0.553112,0.458797,0.534681,0.376389,0.088893,0.498262
bcss,TCGA-EW-A1P8-DX1_xmin15520_ymin26381_MPP-0.2500.png.tensor,0.676764,0.553115,0.456300,0.527344,0.376389,0.087397,0.498113
bcss,TCGA-EW-A1P8-DX1_xmin15520_ymin26381_MPP-0.2500.png.tensor,0.686865,0.553464,0.453803,0.520188,0.376389,0.085515,0.497610
bcss,TCGA-EW-A1P8-DX1_xmin15520_ymin26381_MPP-0.2500.png.tensor,0.696968,0.554045,0.451305,0.512781,0.376389,0.083918,0.496582
bcss,TCGA-EW-A1P8-DX1_xmin15520_ymin26381_MPP-0.2500.png.tensor,0.707068,0.554048,0.448808,0.505395,0.376389,0.082179,0.496405
bcss,TCGA-EW-A1P8-DX1_xmin15520_ymin26381_MPP-0.2500.png.tensor,0.717168,0.554535,0.446311,0.498106,0.376389,0.080144,0.495459
bcss,TCGA-EW-A1P8-DX1_xmin15520_ymin26381_MPP-0.2500.png.tensor,0.727268,0.554751,0.443814,0.490577,0.376389,0.078397,0.494940
bcss,TCGA-EW-A1P8-DX1_xmin15520_ymin26381_MPP-0.2500.png.tensor,0.737371,0.554889,0.441317,0.482947,0.376389,0.076706,0.494305
bcss,TCGA-EW-A1P8-DX1_xmin15520_ymin26381_MPP-0.2500.png.tensor,0.747472,0.554929,0.438820,0.475131,0.376389,0.075250,0.494154
bcss,TCGA-EW-A1P8-DX1_xmin15520_ymin26381_MPP-0.2500.png.tensor,0.757572,0.554895,0.436323,0.467448,0.376389,0.073400,0.493824
bcss,TCGA-EW-A1P8-DX1_xmin15520_ymin26381_MPP-0.2500.png.tensor,0.767672,0.554850,0.433826,0.459727,0.376389,0.071471,0.493663
bcss,TCGA-EW-A1P8-DX1_xmin15520_ymin26381_MPP-0.2500.png.tensor,0.777775,0.554700,0.431328,0.451763,0.376389,0.069907,0.493663
bcss,TCGA-EW-A1P8-DX1_xmin15520_ymin26381_MPP-0.2500.png.tensor,0.787875,0.554341,0.428831,0.444168,0.376389,0.067330,0.493663
bcss,TCGA-EW-A1P8-DX1_xmin15520_ymin26381_MPP-0.2500.png.tensor,0.797976,0.554029,0.426334,0.436169,0.376389,0.065496,0.493663
bcss,TCGA-EW-A1P8-DX1_xmin15520_ymin26381_MPP-0.2500.png.tensor,0.808079,0.553677,0.423836,0.428251,0.376389,0.063252,0.493663
bcss,TCGA-EW-A1P8-DX1_xmin15520_ymin26381_MPP-0.2500.png.tensor,0.818179,0.552987,0.421339,0.420649,0.376389,0.059895,0.493663
bcss,TCGA-EW-A1P8-DX1_xmin15520_ymin26381_MPP-0.2500.png.tensor,0.828279,0.552340,0.418842,0.412953,0.376389,0.056416,0.493663
bcss,TCGA-EW-A1P8-DX1_xmin15520_ymin26381_MPP-0.2500.png.tensor,0.838379,0.552236,0.416345,0.404747,0.376389,0.054083,0.493663
bcss,TCGA-EW-A1P8-DX1_xmin15520_ymin26381_MPP-0.2500.png.tensor,0.848482,0.551911,0.413847,0.396797,0.376389,0.050583,0.493663
bcss,TCGA-EW-A1P8-DX1_xmin15520_ymin26381_MPP-0.2500.png.tensor,0.858583,0.551860,0.411350,0.388732,0.376389,0.047002,0.493663
bcss,TCGA-EW-A1P8-DX1_xmin15520_ymin26381_MPP-0.2500.png.tensor,0.868683,0.551794,0.408853,0.380453,0.376389,0.043681,0.493663
bcss,TCGA-EW-A1P8-DX1_xmin15520_ymin26381_MPP-0.2500.png.tensor,0.878783,0.552217,0.406356,0.371997,0.376389,0.040541,0.493663
bcss,TCGA-EW-A1P8-DX1_xmin15520_ymin26381_MPP-0.2500.png.tensor,0.888886,0.552521,0.403859,0.363498,0.376389,0.037007,0.493663
bcss,TCGA-EW-A1P8-DX1_xmin15520_ymin26381_MPP-0.2500.png.tensor,0.898987,0.553051,0.401362,0.354843,0.376389,0.033555,0.493663
bcss,TCGA-EW-A1P8-DX1_xmin15520_ymin26381_MPP-0.2500.png.tensor,0.909087,0.553587,0.399046,0.345985,0.375389,0.030447,0.491152
bcss,TCGA-EW-A1P8-DX1_xmin15520_ymin26381_MPP-0.2500.png.tensor,0.919187,0.554085,0.399442,0.336911,0.357369,0.027905,0.487028
bcss,TCGA-EW-A1P8-DX1_xmin15520_ymin26381_MPP-0.2500.png.tensor,0.929290,0.554538,0.398724,0.327568,0.342068,0.026521,0.481786
bcss,TCGA-EW-A1P8-DX1_xmin15520_ymin26381_MPP-0.2500.png.tensor,0.939390,0.555244,0.397692,0.318254,0.324257,0.024450,0.473111
bcss,TCGA-EW-A1P8-DX1_xmin15520_ymin26381_MPP-0.2500.png.tensor,0.949491,0.555481,0.396257,0.308866,0.303328,0.022287,0.465404
bcss,TCGA-EW-A1P8-DX1_xmin15520_ymin26381_MPP-0.2500.png.tensor,0.959591,0.555356,0.393728,0.299249,0.285454,0.021876,0.457978
bcss,TCGA-EW-A1P8-DX1_xmin15520_ymin26381_MPP-0.2500.png.tensor,0.969694,0.555121,0.390630,0.289622,0.265054,0.021327,0.448352
bcss,TCGA-EW-A1P8-DX1_xmin15520_ymin26381_MPP-0.2500.png.tensor,0.979794,0.554778,0.387546,0.279972,0.223920,0.020829,0.430812
bcss,TCGA-EW-A1P8-DX1_xmin15520_ymin26381_MPP-0.2500.png.tensor,0.989894,0.554093,0.383162,0.270293,0.164890,0.020829,0.395343
bcss,TCGA-EW-A1P8-DX1_xmin15520_ymin26381_MPP-0.2500.png.tensor,0.999997,0.551988,0.376391,0.260611,0.089833,0.020829,0.389007
bcss,TCGA-EW-A1PB-DX1_xmin57214_ymin25940_MPP-0.2500.png.tensor,0.000000,0.664038,0.715696,0.719751,0.284304,0.280249,0.335962
bcss,TCGA-EW-A1PB-DX1_xmin57214_ymin25940_MPP-0.2500.png.tensor,0.010100,0.666572,0.711339,0.721846,0.284304,0.276949,0.333008
bcss,TCGA-EW-A1PB-DX1_xmin57214_ymin25940_MPP-0.2500.png.tensor,0.020200,0.668274,0.706982,0.724036,0.284304,0.273532,0.330418
bcss,TCGA-EW-A1PB-DX1_xmin57214_ymin25940_MPP-0.2500.png.tensor,0.030300,0.669427,0.702625,0.726261,0.284304,0.270026,0.328057
bcss,TCGA-EW-A1PB-DX1_xmin57214_ymin25940_MPP-0.2500.png.tensor,0.040403,0.670456,0.698266,0.728288,0.284304,0.266548,0.325711
bcss,TCGA-EW-A1PB-DX1_xmin57214_ymin25940_MPP-0.2500.png.tensor,0.050503,0.671436,0.693909,0.729743,0.284304,0.263299,0.323340
bcss,TCGA-EW-A1PB-DX1_xmin57214_ymin25940_MPP-0.2500.png.tensor,0.060604,0.672797,0.689552,0.731159,0.284304,0.260000,0.320717
bcss,TCGA-EW-A1PB-DX1_xmin57214_ymin25940_MPP-0.2500.png.tensor,0.070707,0.673670,0.685194,0.732427,0.284304,0.256709,0.318299
bcss,TCGA-EW-A1PB-DX1_xmin57214_ymin25940_MPP-0.2500.png.tensor,0.080807,0.674915,0.680837,0.733547,0.284304,0.253426,0.315625
bcss,TCGA-EW-A1PB-DX1_xmin57214_ymin25940_MPP-0.2500.png.tensor,0.090907,0.676051,0.676480,0.734892,0.284304,0.249947,0.312951
bcss,TCGA-EW-A1PB-DX1_xmin57214_ymin25940_MPP-0.2500.png.tensor,0.101010,0.677138,0.672121,0.735182,0.284304,0.246976,0.310245
bcss,TCGA-EW-A1PB-DX1_xmin57214_ymin25940_MPP-0.2500.png.tensor,0.111110,0.678256,0.667764,0.736015,0.284304,0.243632,0.307459
bcss,TCGA-EW-A1PB-DX1_xmin57214_ymin25940_MPP-0.2500.png.tensor,0.121210,0.678999,0.663407,0.736072,0.284304,0.240653,0.304825
bcss,TCGA-EW-A1PB-DX1_xmin57214_ymin25940_MPP-0.2500.png.tensor,0.131310,0.679897,0.659050,0.736396,0.284304,0.237451,0.302038
bcss,TCGA-EW-A1PB-DX1_xmin57214_ymin25940_MPP-0.2500.png.tensor,0.141413,0.680533,0.654844,0.736803,0.284215,0.234125,0.299336
bcss,TCGA-EW-A1PB-DX1_xmin57214_ymin25940_MPP-0.2500.png.tensor,0.151513,0.681178,0.651982,0.737343,0.283333,0.230642,0.296570
bcss,TCGA-EW-A1PB-DX1_xmin57214_ymin25940_MPP-0.2500.png.tensor,0.161613,0.681504,0.649526,0.738313,0.282188,0.226818,0.293924
bcss,TCGA-EW-A1PB-DX1_xmin57214_ymin25940_MPP-0.2500.png.tensor,0.171716,0.681972,0.647446,0.738532,0.280787,0.223354,0.291124
bcss,TCGA-EW-A1PB-DX1_xmin57214_ymin25940_MPP-0.2500.png.tensor,0.181816,0.682004,0.645055,0.738799,0.279542,0.219776,0.288526
bcss,TCGA-EW-A1PB-DX1_xmin57214_ymin25940_MPP-0.2500.png.tensor,0.191916,0.682360,0.643222,0.738900,0.277920,0.216211,0.285665
bcss,TCGA-EW-A1PB-DX1_xmin57214_ymin25940_MPP-0.2500.png.tensor,0.202019,0.682568,0.641625,0.738597,0.276109,0.212807,0.282823
bcss,TCGA-EW-A1PB-DX1_xmin57214_ymin25940_MPP-0.2500.png.tensor,0.212120,0.682669,0.640070,0.738488,0.274226,0.209195,0.279973
bcss,TCGA-EW-A1PB-DX1_xmin57214_ymin25940_MPP-0.2500.png.tensor,0.222220,0.682678,0.638328,0.738118,0.272414,0.205657,0.277110
bcss,TCGA-EW-A1PB-DX1_xmin57214_ymin25940_MPP-0.2500.png.tensor,0.232320,0.682519,0.636985,0.737447,0.270294,0.202221,0.274283
bcss,TCGA-EW-A1PB-DX1_xmin57214_ymin25940_MPP-0.2500.png.tensor,0.242423,0.681998,0.635661,0.736535,0.268105,0.198852,0.271613
bcss,TCGA-EW-A1PB-DX1_xmin57214_ymin25940_MPP-0.2500.png.tensor,0.252523,0.681574,0.634453,0.735826,0.265779,0.195257,0.268815
bcss,TCGA-EW-A1PB-DX1_xmin57214_ymin25940_MPP-0.2500.png.tensor,0.262623,0.680675,0.633603,0.735134,0.263147,0.191552,0.266256
bcss,TCGA-EW-A1PB-DX1_xmin57214_ymin25940_MPP-0.2500.png.tensor,0.272726,0.679860,0.632715,0.734481,0.260468,0.187716,0.263567
bcss,TCGA-EW-A1PB-DX1_xmin57214_ymin25940_MPP-0.2500.png.tensor,0.282826,0.678580,0.631819,0.733870,0.257719,0.183744,0.261133
bcss,TCGA-EW-A1PB-DX1_xmin57214_ymin25940_MPP-0.2500.png.tensor,0.292926,0.677351,0.631098,0.732446,0.254768,0.180233,0.258589
bcss,TCGA-EW-A1PB-DX1_xmin57214_ymin25940_MPP-0.2500.png.tensor,0.303029,0.676080,0.630467,0.731324,0.251666,0.176403,0.256003
bcss,TCGA-EW-A1PB-DX1_xmin57214_ymin25940_MPP-0.2500.png.tensor,0.313129,0.674667,0.629900,0.730000,0.248427,0.172609,0.253440
bcss,TCGA-EW-A1PB-DX1_xmin57214_ymin25940_MPP-0.2500.png.tensor,0.323229,0.673063,0.629288,0.728291,0.245125,0.168985,0.250948
bcss,TCGA-EW-A1PB-DX1_xmin57214_ymin25940_MPP-0.2500.png.tensor,0.333332,0.671410,0.628987,0.726509,0.241488,0.165305,0.248410
bcss,TCGA-EW-A1PB-DX1_xmin57214_ymin25940_MPP-0.2500.png.tensor,0.343432,0.669737,0.629044,0.724498,0.237468,0.161688,0.245814
bcss,TCGA-EW-A1PB-DX1_xmin57214_ymin25940_MPP-0.2500.png.tensor,0.353533,0.667959,0.628604,0.722358,0.233707,0.158058,0.243217
bcss,TCGA-EW-A1PB-DX1_xmin57214_ymin25940_MPP-0.2500.png.tensor,0.363633,0.665679,0.628537,0.720256,0.229533,0.154282,0.240935
bcss,TCGA-EW-A1PB-DX1_xmin57214_ymin25940_MPP-0.2500.png.tensor,0.373736,0.663593,0.628204,0.718090,0.225436,0.150435,0.238417
bcss,TCGA-EW-A1PB-DX1_xmin57214_ymin25940_MPP-0.2500.png.tensor,0.383836,0.661359,0.627828,0.715624,0.221240,0.146706,0.235948
bcss,TCGA-EW-A1PB-DX1_xmin57214_ymin25940_MPP-0.2500.png.tensor,0.393936,0.658738,0.627682,0.712871,0.216715,0.143089,0.233707
bcss,TCGA-EW-A1PB-DX1_xmin57214_ymin25940_MPP-0.2500.png.tensor,0.404039,0.656125,0.627963,0.709611,0.211677,0.139774,0.231388
bcss,TCGA-EW-A1PB-DX1_xmin57214_ymin25940_MPP-0.2500.png.tensor,0.414139,0.653400,0.627863,0.706298,0.206791,0.136391,0.229082
bcss,TCGA-EW-A1PB-DX1_xmin57214_ymin25940_MPP-0.2500.png.tensor,0.424239,0.650519,0.627741,0.702876,0.201754,0.132984,0.226832
bcss,TCGA-EW-A1PB-DX1_xmin57214_ymin25940_MPP-0.2500.png.tensor,0.434342,0.647646,0.627571,0.699233,0.196577,0.129649,0.224492
bcss,TCGA-EW-A1PB-DX1_xmin57214_ymin25940_MPP-0.2500.png.tensor,0.444442,0.644655,0.627358,0.695227,0.191253,0.126522,0.222166
bcss,TCGA-EW-A1PB-DX1_xmin57214_ymin25940_MPP-0.2500.png.tensor,0.454542,0.641422,0.627403,0.690706,0.185495,0.123750,0.219992
bcss,TCGA-EW-A1PB-DX1_xmin57214_ymin25940_MPP-0.2500.png.tensor,0.464642,0.637922,0.626782,0.686315,0.180141,0.120753,0.217981
bcss,TCGA-EW-A1PB-DX1_xmin57214_ymin25940_MPP-0.2500.png.tensor,0.474745,0.634836,0.625849,0.681499,0.174877,0.118042,0.215495
bcss,TCGA-EW-A1PB-DX1_xmin57214_ymin25940_MPP-0.2500.png.tensor,0.484846,0.631209,0.624594,0.676326,0.169720,0.115575,0.213437
bcss,TCGA-EW-A1PB-DX1_xmin57214_ymin25940_MPP-0.2500.png.tensor,0.494946,0.627709,0.623341,0.671057,0.164356,0.113103,0.211173
bcss,TCGA-EW-A1PB-DX1_xmin57214_ymin25940_MPP-0.2500.png.tensor,0.505049,0.624056,0.621551,0.665651,0.159313,0.110667,0.208960
bcss,TCGA-EW-A1PB-DX1_xmin57214_ymin25940_MPP-0.2500.png.tensor,0.515149,0.620164,0.619687,0.660051,0.154139,0.108331,0.206915
bcss,TCGA-EW-A1PB-DX1_xmin57214_ymin25940_MPP-0.2500.png.tensor,0.525249,0.616340,0.617463,0.654384,0.149123,0.105967,0.204708
bcss,TCGA-EW-A1PB-DX1_xmin57214_ymin25940_MPP-0.2500.png.tensor,0.535352,0.612670,0.614820,0.648617,0.144338,0.103605,0.202239
bcss,TCGA-EW-A1PB-DX1_xmin57214_ymin25940_MPP-0.2500.png.tensor,0.545452,0.608523,0.612034,0.642790,0.139500,0.101208,0.200182
bcss,TCGA-EW-A1PB-DX1_xmin57214_ymin25940_MPP-0.2500.png.tensor,0.555552,0.604619,0.608888,0.636337,0.134846,0.099404,0.197763
bcss,TCGA-EW-A1PB-DX1_xmin57214_ymin25940_MPP-0.2500.png.tensor,0.565652,0.600565,0.605082,0.629904,0.130736,0.097495,0.195403
bcss,TCGA-EW-A1PB-DX1_xmin57214_ymin25940_MPP-0.2500.png.tensor,0.575755,0.596554,0.600795,0.623087,0.126996,0.095943,0.192870
bcss,TCGA-EW-A1PB-DX1_xmin57214_ymin25940_MPP-0.2500.png.tensor,0.585855,0.592077,0.596576,0.616189,0.122992,0.094418,0.190789
bcss,TCGA-EW-A1PB-DX1_xmin57214_ymin25940_MPP-0.2500.png.tensor,0.595955,0.587606,0.591604,0.609181,0.119720,0.092952,0.188590
bcss,TCGA-EW-A1PB-DX1_xmin57214_ymin25940_MPP-0.2500.png.tensor,0.606058,0.582896,0.586454,0.602113,0.116505,0.091482,0.186571
bcss,TCGA-EW-A1PB-DX1_xmin57214_ymin25940_MPP-0.2500.png.tensor,0.616158,0.578379,0.581063,0.594679,0.113435,0.090418,0.184221
bcss,TCGA-EW-A1PB-DX1_xmin57214_ymin25940_MPP-0.2500.png.tensor,0.626259,0.574134,0.575208,0.587190,0.110822,0.089367,0.181365
bcss,TCGA-EW-A1PB-DX1_xmin57214_ymin25940_MPP-0.2500.png.tensor,0.636362,0.569660,0.568844,0.579916,0.108760,0.087960,0.178653
bcss,TCGA-EW-A1PB-DX1_xmin57214_ymin25940_MPP-0.2500.png.tensor,0.646462,0.564797,0.562242,0.572194,0.106919,0.087111,0.176361
bcss,TCGA-EW-A1PB-DX1_xmin57214_ymin25940_MPP-0.2500.png.tensor,0.656562,0.559841,0.555522,0.564712,0.105143,0.085860,0.174056
bcss,TCGA-EW-A1PB-DX1_xmin57214_ymin25940_MPP-0.2500.png.tensor,0.666665,0.554962,0.548867,0.556894,0.103157,0.085036,0.171498
bcss,TCGA-EW-A1PB-DX1_xmin57214_ymin25940_MPP-0.2500.png.tensor,0.676765,0.549821,0.541899,0.549093,0.101536,0.084135,0.169180
bcss,TCGA-EW-A1PB-DX1_xmin57214_ymin25940_MPP-0.2500.png.tensor,0.686865,0.544744,0.534798,0.541230,0.100022,0.083277,0.166621
bcss,TCGA-EW-A1PB-DX1_xmin57214_ymin25940_MPP-0.2500.png.tensor,0.696965,0.539372,0.527358,0.533384,0.098967,0.082334,0.164372
bcss,TCGA-EW-A1PB-DX1_xmin57214_ymin25940_MPP-0.2500.png.tensor,0.707068,0.533950,0.519993,0.525550,0.097706,0.081301,0.162054
bcss,TCGA-EW-A1PB-DX1_xmin57214_ymin25940_MPP-0.2500.png.tensor,0.717168,0.528474,0.512636,0.517619,0.096347,0.080369,0.159667
bcss,TCGA-EW-A1PB-DX1_xmin57214_ymin25940_MPP-0.2500.png.tensor,0.727268,0.522732,0.505258,0.509810,0.094924,0.079146,0.157578
bcss,TCGA-EW-A1PB-DX1_xmin57214_ymin25940_MPP-0.2500.png.tensor,0.737371,0.516669,0.497680,0.501681,0.093768,0.078432,0.155960
bcss,TCGA-EW-A1PB-DX1_xmin57214_ymin25940_MPP-0.2500.png.tensor,0.747471,0.510522,0.490233,0.493766,0.092266,0.077243,0.154336
bcss,TCGA-EW-A1PB-DX1_xmin57214_ymin25940_MPP-0.2500.png.tensor,0.757571,0.504404,0.482448,0.485578,0.091335,0.076517,0.152578
bcss,TCGA-EW-A1PB-DX1_xmin57214_ymin25940_MPP-0.2500.png.tensor,0.767674,0.498341,0.474609,0.477170,0.090435,0.076196,0.150527
bcss,TCGA-EW-A1PB-DX1_xmin57214_ymin25940_MPP-0.2500.png.tensor,0.777775,0.492212,0.466818,0.468764,0.089350,0.075848,0.148436
bcss,TCGA-EW-A1PB-DX1_xmin57214_ymin25940_MPP-0.2500.png.tensor,0.787875,0.486065,0.458851,0.460349,0.088576,0.075486,0.146180
bcss,TCGA-EW-A1PB-DX1_xmin57214_ymin25940_MPP-0.2500.png.tensor,0.797975,0.479681,0.450792,0.451919,0.087952,0.075128,0.144298
bcss,TCGA-EW-A1PB-DX1_xmin57214_ymin25940_MPP-0.2500.png.tensor,0.808078,0.473208,0.442727,0.443664,0.087272,0.074269,0.142429
bcss,TCGA-EW-A1PB-DX1_xmin57214_ymin25940_MPP-0.2500.png.tensor,0.818178,0.466911,0.434796,0.435562,0.086157,0.072900,0.139887
bcss,TCGA-EW-A1PB-DX1_xmin57214_ymin25940_MPP-0.2500.png.tensor,0.828278,0.460256,0.426926,0.427113,0.084731,0.072380,0.138081
bcss,TCGA-EW-A1PB-DX1_xmin57214_ymin25940_MPP-0.2500.png.tensor,0.838381,0.453123,0.418829,0.418571,0.083822,0.072075,0.137472
bcss,TCGA-EW-A1PB-DX1_xmin57214_ymin25940_MPP-0.2500.png.tensor,0.848481,0.446075,0.410512,0.409951,0.083523,0.071994,0.136578
bcss,TCGA-EW-A1PB-DX1_xmin57214_ymin25940_MPP-0.2500.png.tensor,0.858581,0.438576,0.402113,0.401306,0.083474,0.071994,0.136578
bcss,TCGA-EW-A1PB-DX1_xmin57214_ymin25940_MPP-0.2500.png.tensor,0.868684,0.431114,0.393697,0.392657,0.083474,0.071994,0.136578
bcss,TCGA-EW-A1PB-DX1_xmin57214_ymin25940_MPP-0.2500.png.tensor,0.878784,0.423678,0.385283,0.384011,0.083474,0.071994,0.136578
bcss,TCGA-EW-A1PB-DX1_xmin57214_ymin25940_MPP-0.2500.png.tensor,0.888884,0.416110,0.376869,0.375366,0.083474,0.071994,0.136578
bcss,TCGA-EW-A1PB-DX1_xmin57214_ymin25940_MPP-0.2500.png.tensor,0.898984,0.408472,0.368455,0.366720,0.083474,0.071994,0.136578
bcss,TCGA-EW-A1PB-DX1_xmin57214_ymin25940_MPP-0.2500.png.tensor,0.909087,0.400721,0.360039,0.358072,0.083474,0.071994,0.136578
bcss,TCGA-EW-A1PB-DX1_xmin57214_ymin25940_MPP-0.2500.png.tensor,0.919188,0.392875,0.351625,0.349426,0.083474,0.071994,0.136578
bcss,TCGA-EW-A1PB-DX1_xmin57214_ymin25940_MPP-0.2500.png.tensor,0.929288,0.385006,0.343211,0.340780,0.083474,0.071994,0.136578
bcss,TCGA-EW-A1PB-DX1_xmin57214_ymin25940_MPP-0.2500.png.tensor,0.939391,0.376984,0.334795,0.332132,0.083474,0.071994,0.136578
bcss,TCGA-EW-A1PB-DX1_xmin57214_ymin25940_MPP-0.2500.png.tensor,0.949491,0.368930,0.326381,0.323486,0.083474,0.071994,0.136578
bcss,TCGA-EW-A1PB-DX1_xmin57214_ymin25940_MPP-0.2500.png.tensor,0.959591,0.361061,0.317967,0.314840,0.083474,0.071994,0.136578
bcss,TCGA-EW-A1PB-DX1_xmin57214_ymin25940_MPP-0.2500.png.tensor,0.969694,0.353004,0.309551,0.306192,0.083474,0.071994,0.136578
bcss,TCGA-EW-A1PB-DX1_xmin57214_ymin25940_MPP-0.2500.png.tensor,0.979794,0.345464,0.301137,0.297546,0.083474,0.071994,0.136578
bcss,TCGA-EW-A1PB-DX1_xmin57214_ymin25940_MPP-0.2500.png.tensor,0.989894,0.339121,0.292723,0.288900,0.083474,0.071994,0.136578
bcss,TCGA-EW-A1PB-DX1_xmin57214_ymin25940_MPP-0.2500.png.tensor,0.999997,0.335959,0.284306,0.280252,0.083474,0.071994,0.136578
bcss,TCGA-EW-A1PH-DX1_xmin3455_ymin52049_MPP-0.2500.png.tensor,0.000000,0.397512,0.674595,0.755350,0.325405,0.244650,0.602488
bcss,TCGA-EW-A1PH-DX1_xmin3455_ymin52049_MPP-0.2500.png.tensor,0.010101,0.404653,0.671068,0.750191,0.325405,0.244650,0.599927
bcss,TCGA-EW-A1PH-DX1_xmin3455_ymin52049_MPP-0.2500.png.tensor,0.020202,0.411768,0.667541,0.745033,0.325405,0.244650,0.597326
bcss,TCGA-EW-A1PH-DX1_xmin3455_ymin52049_MPP-0.2500.png.tensor,0.030303,0.418729,0.664014,0.739874,0.325405,0.244650,0.594751
bcss,TCGA-EW-A1PH-DX1_xmin3455_ymin52049_MPP-0.2500.png.tensor,0.040403,0.425719,0.660487,0.734716,0.325405,0.244650,0.592106
bcss,TCGA-EW-A1PH-DX1_xmin3455_ymin52049_MPP-0.2500.png.tensor,0.050504,0.432386,0.656960,0.729557,0.325405,0.244650,0.589575
bcss,TCGA-EW-A1PH-DX1_xmin3455_ymin52049_MPP-0.2500.png.tensor,0.060605,0.438870,0.653433,0.724399,0.325405,0.244650,0.587087
bcss,TCGA-EW-A1PH-DX1_xmin3455_ymin52049_MPP-0.2500.png.tensor,0.070706,0.445437,0.649905,0.719240,0.325405,0.244650,0.584500
bcss,TCGA-EW-A1PH-DX1_xmin3455_ymin52049_MPP-0.2500.png.tensor,0.080807,0.451720,0.646378,0.714082,0.325405,0.244650,0.582011
bcss,TCGA-EW-A1PH-DX1_xmin3455_ymin52049_MPP-0.2500.png.tensor,0.090909,0.458026,0.642851,0.708923,0.325405,0.244650,0.579454
bcss,TCGA-EW-A1PH-DX1_xmin3455_ymin52049_MPP-0.2500.png.tensor,0.101010,0.464139,0.639324,0.703764,0.325405,0.244650,0.576947
bcss,TCGA-EW-A1PH-DX1_xmin3455_ymin52049_MPP-0.2500.png.tensor,0.111111,0.470068,0.635797,0.698606,0.325405,0.244650,0.574486
bcss,TCGA-EW-A1PH-DX1_xmin3455_ymin52049_MPP-0.2500.png.tensor,0.121211,0.475931,0.632269,0.693447,0.325405,0.244650,0.572007
bcss,TCGA-EW-A1PH-DX1_xmin3455_ymin52049_MPP-0.2500.png.tensor,0.131312,0.481808,0.628742,0.688378,0.325405,0.244599,0.569460
bcss,TCGA-EW-A1PH-DX1_xmin3455_ymin52049_MPP-0.2500.png.tensor,0.141413,0.487660,0.625215,0.683316,0.325405,0.244542,0.566869
bcss,TCGA-EW-A1PH-DX1_xmin3455_ymin52049_MPP-0.2500.png.tensor,0.151514,0.493383,0.621688,0.678416,0.325405,0.244388,0.564294
bcss,TCGA-EW-A1PH-DX1_xmin3455_ymin52049_MPP-0.2500.png.tensor,0.161615,0.498936,0.618161,0.673331,0.325405,0.244342,0.561757
bcss,TCGA-EW-A1PH-DX1_xmin3455_ymin52049_MPP-0.2500.png.tensor,0.171717,0.504430,0.614633,0.668232,0.325405,0.244301,0.559193
bcss,TCGA-EW-A1PH-DX1_xmin3455_ymin52049_MPP-0.2500.png.tensor,0.181818,0.510033,0.611106,0.663477,0.325405,0.244050,0.556499
bcss,TCGA-EW-A1PH-DX1_xmin3455_ymin52049_MPP-0.2500.png.tensor,0.191919,0.515203,0.607579,0.658623,0.325405,0.243854,0.554007
bcss,TCGA-EW-A1PH-DX1_xmin3455_ymin52049_MPP-0.2500.png.tensor,0.202019,0.520526,0.604052,0.653783,0.325405,0.243645,0.551356
bcss,TCGA-EW-A1PH-DX1_xmin3455_ymin52049_MPP-0.2500.png.tensor,0.212120,0.525704,0.600525,0.648942,0.325405,0.243431,0.548728
bcss,TCGA-EW-A1PH-DX1_xmin3455_ymin52049_MPP-0.2500.png.tensor,0.222221,0.531022,0.596998,0.644006,0.325405,0.243272,0.545942
bcss,TCGA-EW-A1PH-DX1_xmin3455_ymin52049_MPP-0.2500.png.tensor,0.232322,0.536054,0.593471,0.639318,0.325405,0.242947,0.543270
bcss,TCGA-EW-A1PH-DX1_xmin3455_ymin52049_MPP-0.2500.png.tensor,0.242423,0.541187,0.589944,0.634349,0.325405,0.242799,0.540458
bcss,TCGA-EW-A1PH-DX1_xmin3455_ymin52049_MPP-0.2500.png.tensor,0.252525,0.546126,0.586416,0.629349,0.325405,0.242668,0.537701
bcss,TCGA-EW-A1PH-DX1_xmin3455_ymin52049_MPP-0.2500.png.tensor,0.262626,0.550920,0.582889,0.624446,0.325405,0.242467,0.534967
bcss,TCGA-EW-A1PH-DX1_xmin3455_ymin52049_MPP-0.2500.png.tensor,0.272727,0.555701,0.579362,0.619593,0.325405,0.242227,0.532166
bcss,TCGA-EW-A1PH-DX1_xmin3455_ymin52049_MPP-0.2500.png.tensor,0.282827,0.560347,0.575835,0.614918,0.325405,0.241856,0.529378
bcss,TCGA-EW-A1PH-DX1_xmin3455_ymin52049_MPP-0.2500.png.tensor,0.292928,0.564833,0.572308,0.609948,0.325405,0.241682,0.526624
bcss,TCGA-EW-A1PH-DX1_xmin3455_ymin52049_MPP-0.2500.png.tensor,0.303029,0.569203,0.568780,0.605031,0.325405,0.241467,0.523879
bcss,TCGA-EW-A1PH-DX1_xmin3455_ymin52049_MPP-0.2500.png.tensor,0.313130,0.573566,0.565253,0.600307,0.325405,0.241103,0.521053
bcss,TCGA-EW-A1PH-DX1_xmin3455_ymin52049_MPP-0.2500.png.tensor,0.323231,0.577868,0.561726,0.595559,0.325405,0.240747,0.518185
bcss,TCGA-EW-A1PH-DX1_xmin3455_ymin52049_MPP-0.2500.png.tensor,0.333333,0.581876,0.558199,0.590807,0.325405,0.240383,0.515459
bcss,TCGA-EW-A1PH-DX1_xmin3455_ymin52049_MPP-0.2500.png.tensor,0.343434,0.585794,0.554671,0.585808,0.325405,0.240195,0.512712
bcss,TCGA-EW-A1PH-DX1_xmin3455_ymin52049_MPP-0.2500.png.tensor,0.353535,0.589678,0.551144,0.580841,0.325405,0.239978,0.509907
bcss,TCGA-EW-A1PH-DX1_xmin3455_ymin52049_MPP-0.2500.png.tensor,0.363635,0.593343,0.547617,0.575989,0.325405,0.239663,0.507185
bcss,TCGA-EW-A1PH-DX1_xmin3455_ymin52049_MPP-0.2500.png.tensor,0.373736,0.596917,0.544090,0.571231,0.325405,0.239262,0.504448
bcss,TCGA-EW-A1PH-DX1_xmin3455_ymin52049_MPP-0.2500.png.tensor,0.383837,0.600514,0.540563,0.566113,0.325405,0.239141,0.501600
bcss,TCGA-EW-A1PH-DX1_xmin3455_ymin52049_MPP-0.2500.png.tensor,0.393938,0.603885,0.537036,0.561196,0.325405,0.238850,0.498847
bcss,TCGA-EW-A1PH-DX1_xmin3455_ymin52049_MPP-0.2500.png.tensor,0.404039,0.607255,0.533509,0.556382,0.325405,0.238463,0.496001
bcss,TCGA-EW-A1PH-DX1_xmin3455_ymin52049_MPP-0.2500.png.tensor,0.414140,0.610406,0.529982,0.551409,0.325405,0.238198,0.493242
bcss,TCGA-EW-A1PH-DX1_xmin3455_ymin52049_MPP-0.2500.png.tensor,0.424242,0.613400,0.526454,0.546702,0.325405,0.237692,0.490524
bcss,TCGA-EW-A1PH-DX1_xmin3455_ymin52049_MPP-0.2500.png.tensor,0.434343,0.616155,0.522927,0.541658,0.325405,0.237467,0.487920
bcss,TCGA-EW-A1PH-DX1_xmin3455_ymin52049_MPP-0.2500.png.tensor,0.444443,0.619007,0.519400,0.537000,0.325405,0.236885,0.485131
bcss,TCGA-EW-A1PH-DX1_xmin3455_ymin52049_MPP-0.2500.png.tensor,0.454544,0.621704,0.515873,0.532232,0.325405,0.236384,0.482385
bcss,TCGA-EW-A1PH-DX1_xmin3455_ymin52049_MPP-0.2500.png.tensor,0.464645,0.624128,0.512346,0.527484,0.325405,0.235845,0.479789
bcss,TCGA-EW-A1PH-DX1_xmin3455_ymin52049_MPP-0.2500.png.tensor,0.474746,0.626614,0.508818,0.522688,0.325405,0.235330,0.477034
bcss,TCGA-EW-A1PH-DX1_xmin3455_ymin52049_MPP-0.2500.png.tensor,0.484847,0.628838,0.505291,0.517854,0.325405,0.234833,0.474423
bcss,TCGA-EW-A1PH-DX1_xmin3455_ymin52049_MPP-0.2500.png.tensor,0.494948,0.630912,0.501764,0.513312,0.325405,0.234026,0.471861
bcss,TCGA-EW-A1PH-DX1_xmin3455_ymin52049_MPP-0.2500.png.tensor,0.505050,0.633089,0.498237,0.508857,0.325405,0.233098,0.469084
bcss,TCGA-EW-A1PH-DX1_xmin3455_ymin52049_MPP-0.2500.png.tensor,0.515151,0.635239,0.494710,0.504380,0.325405,0.232154,0.466221
bcss,TCGA-EW-A1PH-DX1_xmin3455_ymin52049_MPP-0.2500.png.tensor,0.525251,0.637126,0.491182,0.499538,0.325405,0.231555,0.463518
bcss,TCGA-EW-A1PH-DX1_xmin3455_ymin52049_MPP-0.2500.png.tensor,0.535352,0.638731,0.487655,0.494985,0.325405,0.230619,0.460998
bcss,TCGA-EW-A1PH-DX1_xmin3455_ymin52049_MPP-0.2500.png.tensor,0.545453,0.640435,0.484128,0.490272,0.325405,0.229817,0.458249
bcss,TCGA-EW-A1PH-DX1_xmin3455_ymin52049_MPP-0.2500.png.tensor,0.555554,0.642215,0.480601,0.485757,0.325405,0.228756,0.455308
bcss,TCGA-EW-A1PH-DX1_xmin3455_ymin52049_MPP-0.2500.png.tensor,0.565655,0.643528,0.477074,0.480963,0.325405,0.227967,0.452746
bcss,TCGA-EW-A1PH-DX1_xmin3455_ymin52049_MPP-0.2500.png.tensor,0.575756,0.644896,0.473547,0.476193,0.325405,0.227112,0.450020
bcss,TCGA-EW-A1PH-DX1_xmin3455_ymin52049_MPP-0.2500.png.tensor,0.585858,0.646150,0.470019,0.471158,0.325405,0.226534,0.447280
bcss,TCGA-EW-A1PH-DX1_xmin3455_ymin52049_MPP-0.2500.png.tensor,0.595959,0.647343,0.466492,0.466180,0.325405,0.225857,0.444490
bcss,TCGA-EW-A1PH-DX1_xmin3455_ymin52049_MPP-0.2500.png.tensor,0.606059,0.648103,0.463400,0.461181,0.324853,0.225173,0.442102
bcss,TCGA-EW-A1PH-DX1_xmin3455_ymin52049_MPP-0.2500.png.tensor,0.616160,0.648806,0.460597,0.456043,0.323894,0.224634,0.439659
bcss,TCGA-EW-A1PH-DX1_xmin3455_ymin52049_MPP-0.2500.png.tensor,0.626261,0.649274,0.457614,0.450990,0.323126,0.223952,0.437407
bcss,TCGA-EW-A1PH-DX1_xmin3455_ymin52049_MPP-0.2500.png.tensor,0.636362,0.649695,0.454822,0.445978,0.322052,0.223176,0.435089
bcss,TCGA-EW-A1PH-DX1_xmin3455_ymin52049_MPP-0.2500.png.tensor,0.646463,0.649884,0.451847,0.440688,0.321175,0.222748,0.432963
bcss,TCGA-EW-A1PH-DX1_xmin3455_ymin52049_MPP-0.2500.png.tensor,0.656564,0.650052,0.448909,0.435347,0.320194,0.222370,0.430752
bcss,TCGA-EW-A1PH-DX1_xmin3455_ymin52049_MPP-0.2500.png.tensor,0.666666,0.650008,0.446067,0.430258,0.319006,0.221589,0.428716
bcss,TCGA-EW-A1PH-DX1_xmin3455_ymin52049_MPP-0.2500.png.tensor,0.676767,0.649681,0.442993,0.424871,0.318107,0.221223,0.426980
bcss,TCGA-EW-A1PH-DX1_xmin3455_ymin52049_MPP-0.2500.png.tensor,0.686867,0.649210,0.439874,0.419453,0.317220,0.220882,0.425387
bcss,TCGA-EW-A1PH-DX1_xmin3455_ymin52049_MPP-0.2500.png.tensor,0.696968,0.648721,0.436778,0.414050,0.316235,0.220493,0.423716
bcss,TCGA-EW-A1PH-DX1_xmin3455_ymin52049_MPP-0.2500.png.tensor,0.707069,0.648081,0.433448,0.408660,0.315582,0.220054,0.422157
bcss,TCGA-EW-A1PH-DX1_xmin3455_ymin52049_MPP-0.2500.png.tensor,0.717170,0.647352,0.430050,0.403004,0.315003,0.220054,0.420663
bcss,TCGA-EW-A1PH-DX1_xmin3455_ymin52049_MPP-0.2500.png.tensor,0.727271,0.646576,0.426664,0.397516,0.314360,0.219747,0.419173
bcss,TCGA-EW-A1PH-DX1_xmin3455_ymin52049_MPP-0.2500.png.tensor,0.737372,0.645868,0.423248,0.392085,0.313724,0.219310,0.417412
bcss,TCGA-EW-A1PH-DX1_xmin3455_ymin52049_MPP-0.2500.png.tensor,0.747473,0.644707,0.419524,0.386438,0.313646,0.219263,0.416324
bcss,TCGA-EW-A1PH-DX1_xmin3455_ymin52049_MPP-0.2500.png.tensor,0.757575,0.643935,0.416323,0.380766,0.312481,0.219263,0.414517
bcss,TCGA-EW-A1PH-DX1_xmin3455_ymin52049_MPP-0.2500.png.tensor,0.767675,0.643107,0.412938,0.375095,0.311614,0.219263,0.412574
bcss,TCGA-EW-A1PH-DX1_xmin3455_ymin52049_MPP-0.2500.png.tensor,0.777776,0.642065,0.409196,0.369423,0.311470,0.219263,0.410946
bcss,TCGA-EW-A1PH-DX1_xmin3455_ymin52049_MPP-0.2500.png.tensor,0.787877,0.640817,0.405388,0.363752,0.311470,0.219263,0.409614
bcss,TCGA-EW-A1PH-DX1_xmin3455_ymin52049_MPP-0.2500.png.tensor,0.797978,0.639593,0.401579,0.358081,0.311470,0.219263,0.408139
bcss,TCGA-EW-A1PH-DX1_xmin3455_ymin52049_MPP-0.2500.png.tensor,0.808079,0.638622,0.397770,0.352409,0.311470,0.219263,0.405859
bcss,TCGA-EW-A1PH-DX1_xmin3455_ymin52049_MPP-0.2500.png.tensor,0.818180,0.637546,0.393962,0.346738,0.311470,0.219263,0.403593
bcss,TCGA-EW-A1PH-DX1_xmin3455_ymin52049_MPP-0.2500.png.tensor,0.828281,0.636475,0.390153,0.341067,0.311470,0.219263,0.401032
bcss,TCGA-EW-A1PH-DX1_xmin3455_ymin52049_MPP-0.2500.png.tensor,0.838383,0.635375,0.386344,0.335394,0.311470,0.219263,0.398221
bcss,TCGA-EW-A1PH-DX1_xmin3455_ymin52049_MPP-0.2500.png.tensor,0.848484,0.634203,0.382535,0.329723,0.311470,0.219263,0.395316
bcss,TCGA-EW-A1PH-DX1_xmin3455_ymin52049_MPP-0.2500.png.tensor,0.858584,0.633078,0.378727,0.324052,0.311470,0.219263,0.391846
bcss,TCGA-EW-A1PH-DX1_xmin3455_ymin52049_MPP-0.2500.png.tensor,0.868685,0.631838,0.374918,0.318380,0.311470,0.219263,0.388244
bcss,TCGA-EW-A1PH-DX1_xmin3455_ymin52049_MPP-0.2500.png.tensor,0.878786,0.630840,0.371110,0.312709,0.311470,0.219263,0.383046
bcss,TCGA-EW-A1PH-DX1_xmin3455_ymin52049_MPP-0.2500.png.tensor,0.888887,0.629553,0.367301,0.307038,0.311470,0.219263,0.378205
bcss,TCGA-EW-A1PH-DX1_xmin3455_ymin52049_MPP-0.2500.png.tensor,0.898988,0.628115,0.363492,0.301366,0.311470,0.219263,0.373123
bcss,TCGA-EW-A1PH-DX1_xmin3455_ymin52049_MPP-0.2500.png.tensor,0.909089,0.626800,0.359684,0.295695,0.311470,0.219263,0.366291
bcss,TCGA-EW-A1PH-DX1_xmin3455_ymin52049_MPP-0.2500.png.tensor,0.919191,0.625094,0.355875,0.290023,0.311470,0.219263,0.360067
bcss,TCGA-EW-A1PH-DX1_xmin3455_ymin52049_MPP-0.2500.png.tensor,0.929292,0.623163,0.352066,0.284351,0.311470,0.219263,0.353756
bcss,TCGA-EW-A1PH-DX1_xmin3455_ymin52049_MPP-0.2500.png.tensor,0.939392,0.620823,0.348257,0.278680,0.311470,0.219263,0.348657
bcss,TCGA-EW-A1PH-DX1_xmin3455_ymin52049_MPP-0.2500.png.tensor,0.949493,0.618065,0.344449,0.273009,0.311470,0.219263,0.345520
bcss,TCGA-EW-A1PH-DX1_xmin3455_ymin52049_MPP-0.2500.png.tensor,0.959594,0.615282,0.340640,0.267337,0.311470,0.219263,0.341550
bcss,TCGA-EW-A1PH-DX1_xmin3455_ymin52049_MPP-0.2500.png.tensor,0.969695,0.612232,0.336832,0.261666,0.311470,0.219263,0.339115
bcss,TCGA-EW-A1PH-DX1_xmin3455_ymin52049_MPP-0.2500.png.tensor,0.979796,0.609153,0.333023,0.255995,0.311470,0.219263,0.333354
bcss,TCGA-EW-A1PH-DX1_xmin3455_ymin52049_MPP-0.2500.png.tensor,0.989897,0.606208,0.329214,0.250323,0.311470,0.219263,0.315837
bcss,TCGA-EW-A1PH-DX1_xmin3455_ymin52049_MPP-0.2500.png.tensor,0.999999,0.602490,0.325405,0.244651,0.311470,0.219263,0.000000
bcss,TCGA-EW-A3U0-DX1_xmin113512_ymin48566_MPP-0.2500.png.tensor,0.000000,0.695377,0.405631,0.119410,0.594369,0.880590,0.304623
bcss,TCGA-EW-A3U0-DX1_xmin113512_ymin48566_MPP-0.2500.png.tensor,0.010093,0.699656,0.407536,0.127389,0.594369,0.880440,0.300466
bcss,TCGA-EW-A3U0-DX1_xmin113512_ymin48566_MPP-0.2500.png.tensor,0.020196,0.702879,0.409442,0.135076,0.594369,0.880440,0.296768
bcss,TCGA-EW-A3U0-DX1_xmin113512_ymin48566_MPP-0.2500.png.tensor,0.030300,0.705666,0.411349,0.142764,0.594369,0.880440,0.293213
bcss,TCGA-EW-A3U0-DX1_xmin113512_ymin48566_MPP-0.2500.png.tensor,0.040393,0.708268,0.413254,0.150444,0.594369,0.880440,0.289682
bcss,TCGA-EW-A3U0-DX1_xmin113512_ymin48566_MPP-0.2500.png.tensor,0.050496,0.710598,0.415161,0.158131,0.594369,0.880440,0.286214
bcss,TCGA-EW-A3U0-DX1_xmin113512_ymin48566_MPP-0.2500.png.tensor,0.060600,0.712950,0.417068,0.165819,0.594369,0.880440,0.282660
bcss,TCGA-EW-A3U0-DX1_xmin113512_ymin48566_MPP-0.2500.png.tensor,0.070704,0.715367,0.418975,0.173507,0.594369,0.880440,0.278996
bcss,TCGA-EW-A3U0-DX1_xmin113512_ymin48566_MPP-0.2500.png.tensor,0.080797,0.716815,0.420880,0.181186,0.594369,0.880440,0.275785
bcss,TCGA-EW-A3U0-DX1_xmin113512_ymin48566_MPP-0.2500.png.tensor,0.090900,0.718535,0.422787,0.188874,0.594369,0.880440,0.272341
bcss,TCGA-EW-A3U0-DX1_xmin113512_ymin48566_MPP-0.2500.png.tensor,0.101004,0.720037,0.424694,0.196561,0.594369,0.880440,0.268953
bcss,TCGA-EW-A3U0-DX1_xmin113512_ymin48566_MPP-0.2500.png.tensor,0.111107,0.721213,0.426601,0.204249,0.594369,0.880440,0.265669
bcss,TCGA-EW-A3U0-DX1_xmin113512_ymin48566_MPP-0.2500.png.tensor,0.121200,0.722748,0.428506,0.211928,0.594369,0.880440,0.262104
bcss,TCGA-EW-A3U0-DX1_xmin113512_ymin48566_MPP-0.2500.png.tensor,0.131304,0.723728,0.430413,0.219616,0.594369,0.880440,0.258773
bcss,TCGA-EW-A3U0-DX1_xmin113512_ymin48566_MPP-0.2500.png.tensor,0.141408,0.724774,0.432320,0.227304,0.594369,0.880440,0.255316
bcss,TCGA-EW-A3U0-DX1_xmin113512_ymin48566_MPP-0.2500.png.tensor,0.151511,0.725383,0.434227,0.234991,0.594369,0.880440,0.252053
bcss,TCGA-EW-A3U0-DX1_xmin113512_ymin48566_MPP-0.2500.png.tensor,0.161604,0.725634,0.436132,0.242671,0.594369,0.880440,0.248916
bcss,TCGA-EW-A3U0-DX1_xmin113512_ymin48566_MPP-0.2500.png.tensor,0.171708,0.725939,0.438039,0.250358,0.594369,0.880440,0.245669
bcss,TCGA-EW-A3U0-DX1_xmin113512_ymin48566_MPP-0.2500.png.tensor,0.181811,0.725634,0.439945,0.258046,0.594369,0.880440,0.242718
bcss,TCGA-EW-A3U0-DX1_xmin113512_ymin48566_MPP-0.2500.png.tensor,0.191915,0.725547,0.441852,0.265734,0.594369,0.880440,0.239545
bcss,TCGA-EW-A3U0-DX1_xmin113512_ymin48566_MPP-0.2500.png.tensor,0.202008,0.724839,0.443757,0.273413,0.594369,0.880440,0.236695
bcss,TCGA-EW-A3U0-DX1_xmin113512_ymin48566_MPP-0.2500.png.tensor,0.212111,0.723423,0.445664,0.281101,0.594369,0.880440,0.234226
bcss,TCGA-EW-A3U0-DX1_xmin113512_ymin48566_MPP-0.2500.png.tensor,0.222215,0.722923,0.447571,0.288788,0.594369,0.880440,0.231083
bcss,TCGA-EW-A3U0-DX1_xmin113512_ymin48566_MPP-0.2500.png.tensor,0.232319,0.721703,0.449478,0.296476,0.594369,0.880440,0.228347
bcss,TCGA-EW-A3U0-DX1_xmin113512_ymin48566_MPP-0.2500.png.tensor,0.242411,0.720625,0.451383,0.304155,0.594369,0.880440,0.225438
bcss,TCGA-EW-A3U0-DX1_xmin113512_ymin48566_MPP-0.2500.png.tensor,0.252515,0.719537,0.453290,0.311843,0.594369,0.880440,0.222447
bcss,TCGA-EW-A3U0-DX1_xmin113512_ymin48566_MPP-0.2500.png.tensor,0.262619,0.717903,0.455197,0.319531,0.594369,0.880440,0.219765
bcss,TCGA-EW-A3U0-DX1_xmin113512_ymin48566_MPP-0.2500.png.tensor,0.272722,0.715813,0.457104,0.327218,0.594369,0.880440,0.217309
bcss,TCGA-EW-A3U0-DX1_xmin113512_ymin48566_MPP-0.2500.png.tensor,0.282815,0.713712,0.459009,0.334898,0.594369,0.880440,0.214795
bcss,TCGA-EW-A3U0-DX1_xmin113512_ymin48566_MPP-0.2500.png.tensor,0.292919,0.710772,0.460916,0.342586,0.594369,0.880440,0.212795
bcss,TCGA-EW-A3U0-DX1_xmin113512_ymin48566_MPP-0.2500.png.tensor,0.303022,0.708333,0.462823,0.350273,0.594369,0.880440,0.210378
bcss,TCGA-EW-A3U0-DX1_xmin113512_ymin48566_MPP-0.2500.png.tensor,0.313126,0.705437,0.464730,0.357961,0.594369,0.880440,0.208230
bcss,TCGA-EW-A3U0-DX1_xmin113512_ymin48566_MPP-0.2500.png.tensor,0.323219,0.702421,0.466635,0.365640,0.594369,0.880440,0.206107
bcss,TCGA-EW-A3U0-DX1_xmin113512_ymin48566_MPP-0.2500.png.tensor,0.333322,0.699090,0.468541,0.373328,0.594369,0.880440,0.204127
bcss,TCGA-EW-A3U0-DX1_xmin113512_ymin48566_MPP-0.2500.png.tensor,0.343426,0.695562,0.470448,0.381016,0.594369,0.880440,0.202285
bcss,TCGA-EW-A3U0-DX1_xmin113512_ymin48566_MPP-0.2500.png.tensor,0.353530,0.692318,0.472355,0.388703,0.594369,0.880440,0.200114
bcss,TCGA-EW-A3U0-DX1_xmin113512_ymin48566_MPP-0.2500.png.tensor,0.363623,0.688605,0.474260,0.396383,0.594369,0.880440,0.198296
bcss,TCGA-EW-A3U0-DX1_xmin113512_ymin48566_MPP-0.2500.png.tensor,0.373726,0.685361,0.476167,0.404070,0.594369,0.880440,0.196023
bcss,TCGA-EW-A3U0-DX1_xmin113512_ymin48566_MPP-0.2500.png.tensor,0.383830,0.681659,0.478074,0.411758,0.594369,0.880440,0.194046
bcss,TCGA-EW-A3U0-DX1_xmin113512_ymin48566_MPP-0.2500.png.tensor,0.393933,0.677935,0.479981,0.419446,0.594369,0.880440,0.192010
bcss,TCGA-EW-A3U0-DX1_xmin113512_ymin48566_MPP-0.2500.png.tensor,0.404026,0.674048,0.481886,0.427125,0.594369,0.880440,0.190062
bcss,TCGA-EW-A3U0-DX1_xmin113512_ymin48566_MPP-0.2500.png.tensor,0.414130,0.670194,0.483793,0.434813,0.594369,0.880440,0.188010
bcss,TCGA-EW-A3U0-DX1_xmin113512_ymin48566_MPP-0.2500.png.tensor,0.424234,0.665817,0.485700,0.442500,0.594369,0.880440,0.186311
bcss,TCGA-EW-A3U0-DX1_xmin113512_ymin48566_MPP-0.2500.png.tensor,0.434337,0.661528,0.487607,0.450188,0.594369,0.880440,0.184507
bcss,TCGA-EW-A3U0-DX1_xmin113512_ymin48566_MPP-0.2500.png.tensor,0.444430,0.657597,0.489512,0.457867,0.594369,0.880440,0.182283
bcss,TCGA-EW-A3U0-DX1_xmin113512_ymin48566_MPP-0.2500.png.tensor,0.454534,0.653090,0.491419,0.465555,0.594369,0.880440,0.180575
bcss,TCGA-EW-A3U0-DX1_xmin113512_ymin48566_MPP-0.2500.png.tensor,0.464637,0.648866,0.493326,0.473243,0.594369,0.880440,0.178496
bcss,TCGA-EW-A3U0-DX1_xmin113512_ymin48566_MPP-0.2500.png.tensor,0.474741,0.643814,0.495233,0.480930,0.594369,0.880440,0.177063
bcss,TCGA-EW-A3U0-DX1_xmin113512_ymin48566_MPP-0.2500.png.tensor,0.484834,0.639666,0.497138,0.488610,0.594369,0.880440,0.174809
bcss,TCGA-EW-A3U0-DX1_xmin113512_ymin48566_MPP-0.2500.png.tensor,0.494937,0.635027,0.499044,0.496297,0.594369,0.880440,0.172875
bcss,TCGA-EW-A3U0-DX1_xmin113512_ymin48566_MPP-0.2500.png.tensor,0.505041,0.630542,0.500951,0.503985,0.594369,0.880440,0.170758
bcss,TCGA-EW-A3U0-DX1_xmin113512_ymin48566_MPP-0.2500.png.tensor,0.515145,0.625294,0.502858,0.511673,0.594369,0.880440,0.169282
bcss,TCGA-EW-A3U0-DX1_xmin113512_ymin48566_MPP-0.2500.png.tensor,0.525237,0.620645,0.504763,0.519352,0.594369,0.880440,0.167132
bcss,TCGA-EW-A3U0-DX1_xmin113512_ymin48566_MPP-0.2500.png.tensor,0.535341,0.615158,0.506670,0.527040,0.594369,0.880440,0.165831
bcss,TCGA-EW-A3U0-DX1_xmin113512_ymin48566_MPP-0.2500.png.tensor,0.545445,0.610084,0.508577,0.534727,0.594369,0.880440,0.163993
bcss,TCGA-EW-A3U0-DX1_xmin113512_ymin48566_MPP-0.2500.png.tensor,0.555548,0.604749,0.510484,0.542415,0.594369,0.880440,0.162352
bcss,TCGA-EW-A3U0-DX1_xmin113512_ymin48566_MPP-0.2500.png.tensor,0.565641,0.599316,0.512389,0.550095,0.594369,0.880440,0.160731
bcss,TCGA-EW-A3U0-DX1_xmin113512_ymin48566_MPP-0.2500.png.tensor,0.575745,0.594308,0.514296,0.557782,0.594369,0.880440,0.158592
bcss,TCGA-EW-A3U0-DX1_xmin113512_ymin48566_MPP-0.2500.png.tensor,0.585848,0.589452,0.516203,0.565470,0.594369,0.880440,0.156125
bcss,TCGA-EW-A3U0-DX1_xmin113512_ymin48566_MPP-0.2500.png.tensor,0.595952,0.584074,0.518110,0.573158,0.594369,0.880440,0.154153
bcss,TCGA-EW-A3U0-DX1_xmin113512_ymin48566_MPP-0.2500.png.tensor,0.606045,0.578379,0.520015,0.580837,0.594369,0.880440,0.152473
bcss,TCGA-EW-A3U0-DX1_xmin113512_ymin48566_MPP-0.2500.png.tensor,0.616148,0.573001,0.521922,0.588525,0.594369,0.880440,0.150309
bcss,TCGA-EW-A3U0-DX1_xmin113512_ymin48566_MPP-0.2500.png.tensor,0.626252,0.567296,0.523829,0.596212,0.594369,0.880440,0.148555
bcss,TCGA-EW-A3U0-DX1_xmin113512_ymin48566_MPP-0.2500.png.tensor,0.636356,0.561896,0.525736,0.603900,0.594369,0.880440,0.146253
bcss,TCGA-EW-A3U0-DX1_xmin113512_ymin48566_MPP-0.2500.png.tensor,0.646448,0.555940,0.527640,0.611579,0.594369,0.880440,0.144532
bcss,TCGA-EW-A3U0-DX1_xmin113512_ymin48566_MPP-0.2500.png.tensor,0.656552,0.549974,0.529547,0.619267,0.594369,0.880440,0.142798
bcss,TCGA-EW-A3U0-DX1_xmin113512_ymin48566_MPP-0.2500.png.tensor,0.666656,0.543637,0.531454,0.626955,0.594369,0.880440,0.141477
bcss,TCGA-EW-A3U0-DX1_xmin113512_ymin48566_MPP-0.2500.png.tensor,0.676759,0.538085,0.533361,0.634642,0.594369,0.880440,0.138859
bcss,TCGA-EW-A3U0-DX1_xmin113512_ymin48566_MPP-0.2500.png.tensor,0.686852,0.531585,0.535266,0.642322,0.594369,0.880440,0.137598
bcss,TCGA-EW-A3U0-DX1_xmin113512_ymin48566_MPP-0.2500.png.tensor,0.696956,0.525226,0.537173,0.650009,0.594369,0.880440,0.135918
bcss,TCGA-EW-A3U0-DX1_xmin113512_ymin48566_MPP-0.2500.png.tensor,0.707059,0.519021,0.539080,0.657697,0.594369,0.880440,0.134052
bcss,TCGA-EW-A3U0-DX1_xmin113512_ymin48566_MPP-0.2500.png.tensor,0.717163,0.512532,0.540987,0.665385,0.594369,0.880440,0.132388
bcss,TCGA-EW-A3U0-DX1_xmin113512_ymin48566_MPP-0.2500.png.tensor,0.727256,0.505596,0.542892,0.673064,0.594369,0.880440,0.131566
bcss,TCGA-EW-A3U0-DX1_xmin113512_ymin48566_MPP-0.2500.png.tensor,0.737360,0.498889,0.544799,0.680752,0.594369,0.880440,0.130009
bcss,TCGA-EW-A3U0-DX1_xmin113512_ymin48566_MPP-0.2500.png.tensor,0.747463,0.492357,0.546706,0.688439,0.594369,0.880440,0.128298
bcss,TCGA-EW-A3U0-DX1_xmin113512_ymin48566_MPP-0.2500.png.tensor,0.757567,0.485432,0.548613,0.696127,0.594369,0.880440,0.126803
bcss,TCGA-EW-A3U0-DX1_xmin113512_ymin48566_MPP-0.2500.png.tensor,0.767660,0.478366,0.550518,0.703806,0.594369,0.880440,0.125965
bcss,TCGA-EW-A3U0-DX1_xmin113512_ymin48566_MPP-0.2500.png.tensor,0.777763,0.471355,0.552425,0.711494,0.594369,0.880440,0.124725
bcss,TCGA-EW-A3U0-DX1_xmin113512_ymin48566_MPP-0.2500.png.tensor,0.787867,0.464017,0.554332,0.719182,0.594369,0.880440,0.123951
bcss,TCGA-EW-A3U0-DX1_xmin113512_ymin48566_MPP-0.2500.png.tensor,0.797971,0.456570,0.556239,0.726869,0.594369,0.880440,0.123822
bcss,TCGA-EW-A3U0-DX1_xmin113512_ymin48566_MPP-0.2500.png.tensor,0.808063,0.449112,0.558143,0.734549,0.594369,0.880440,0.123568
bcss,TCGA-EW-A3U0-DX1_xmin113512_ymin48566_MPP-0.2500.png.tensor,0.818167,0.441490,0.560050,0.742237,0.594369,0.880440,0.123530
bcss,TCGA-EW-A3U0-DX1_xmin113512_ymin48566_MPP-0.2500.png.tensor,0.828271,0.433891,0.561957,0.749924,0.594369,0.880440,0.123043
bcss,TCGA-EW-A3U0-DX1_xmin113512_ymin48566_MPP-0.2500.png.tensor,0.838374,0.426248,0.563864,0.757612,0.594369,0.880440,0.123043
bcss,TCGA-EW-A3U0-DX1_xmin113512_ymin48566_MPP-0.2500.png.tensor,0.848467,0.417941,0.565769,0.765291,0.594369,0.880440,0.123043
bcss,TCGA-EW-A3U0-DX1_xmin113512_ymin48566_MPP-0.2500.png.tensor,0.858571,0.410297,0.567676,0.772979,0.594369,0.880440,0.123043
bcss,TCGA-EW-A3U0-DX1_xmin113512_ymin48566_MPP-0.2500.png.tensor,0.868674,0.402546,0.569583,0.780667,0.594369,0.880440,0.123043
bcss,TCGA-EW-A3U0-DX1_xmin113512_ymin48566_MPP-0.2500.png.tensor,0.878778,0.394750,0.571490,0.788354,0.594369,0.880440,0.123043
bcss,TCGA-EW-A3U0-DX1_xmin113512_ymin48566_MPP-0.2500.png.tensor,0.888871,0.386595,0.573395,0.796034,0.594369,0.880440,0.123043
bcss,TCGA-EW-A3U0-DX1_xmin113512_ymin48566_MPP-0.2500.png.tensor,0.898974,0.378930,0.575302,0.803721,0.594369,0.880440,0.123043
bcss,TCGA-EW-A3U0-DX1_xmin113512_ymin48566_MPP-0.2500.png.tensor,0.909078,0.371113,0.577209,0.811409,0.594369,0.880440,0.123043
bcss,TCGA-EW-A3U0-DX1_xmin113512_ymin48566_MPP-0.2500.png.tensor,0.919182,0.362969,0.579116,0.819097,0.594369,0.880440,0.123043
bcss,TCGA-EW-A3U0-DX1_xmin113512_ymin48566_MPP-0.2500.png.tensor,0.929274,0.354902,0.581021,0.826776,0.594369,0.880440,0.123043
bcss,TCGA-EW-A3U0-DX1_xmin113512_ymin48566_MPP-0.2500.png.tensor,0.939378,0.346845,0.582928,0.834464,0.594369,0.880440,0.123043
bcss,TCGA-EW-A3U0-DX1_xmin113512_ymin48566_MPP-0.2500.png.tensor,0.949482,0.338810,0.584835,0.842151,0.594369,0.880440,0.123043
bcss,TCGA-EW-A3U0-DX1_xmin113512_ymin48566_MPP-0.2500.png.tensor,0.959585,0.330905,0.586742,0.849839,0.594369,0.880440,0.123043
bcss,TCGA-EW-A3U0-DX1_xmin113512_ymin48566_MPP-0.2500.png.tensor,0.969678,0.323382,0.588646,0.857518,0.594369,0.880440,0.123043
bcss,TCGA-EW-A3U0-DX1_xmin113512_ymin48566_MPP-0.2500.png.tensor,0.979782,0.316131,0.590553,0.865206,0.594369,0.880440,0.123043
bcss,TCGA-EW-A3U0-DX1_xmin113512_ymin48566_MPP-0.2500.png.tensor,0.989885,0.309751,0.592460,0.872894,0.594369,0.880440,0.123043
bcss,TCGA-EW-A3U0-DX1_xmin113512_ymin48566_MPP-0.2500.png.tensor,0.999989,0.304612,0.594367,0.880583,0.594369,0.810811,0.123043
bcss,TCGA-EW-A6SB-DX1_xmin34625_ymin56578_MPP-0.2500.png.tensor,0.000000,0.338438,0.628028,0.701295,0.371972,0.298705,0.661562
bcss,TCGA-EW-A6SB-DX1_xmin34625_ymin56578_MPP-0.2500.png.tensor,0.010101,0.345812,0.625442,0.703549,0.371972,0.295513,0.659486
bcss,TCGA-EW-A6SB-DX1_xmin34625_ymin56578_MPP-0.2500.png.tensor,0.020201,0.353602,0.622856,0.705808,0.371972,0.292252,0.657155
bcss,TCGA-EW-A6SB-DX1_xmin34625_ymin56578_MPP-0.2500.png.tensor,0.030303,0.361516,0.620269,0.707960,0.371972,0.288978,0.654709
bcss,TCGA-EW-A6SB-DX1_xmin34625_ymin56578_MPP-0.2500.png.tensor,0.040403,0.369398,0.617683,0.709983,0.371972,0.285703,0.652233
bcss,TCGA-EW-A6SB-DX1_xmin34625_ymin56578_MPP-0.2500.png.tensor,0.050504,0.376878,0.615097,0.711681,0.371972,0.282529,0.649912
bcss,TCGA-EW-A6SB-DX1_xmin34625_ymin56578_MPP-0.2500.png.tensor,0.060606,0.384400,0.612510,0.713158,0.371972,0.279404,0.647522
bcss,TCGA-EW-A6SB-DX1_xmin34625_ymin56578_MPP-0.2500.png.tensor,0.070706,0.391815,0.610350,0.714252,0.371742,0.276418,0.645136
bcss,TCGA-EW-A6SB-DX1_xmin34625_ymin56578_MPP-0.2500.png.tensor,0.080807,0.399184,0.608934,0.715570,0.371103,0.273244,0.642722
bcss,TCGA-EW-A6SB-DX1_xmin34625_ymin56578_MPP-0.2500.png.tensor,0.090909,0.406506,0.607599,0.716477,0.370405,0.270226,0.640281
bcss,TCGA-EW-A6SB-DX1_xmin34625_ymin56578_MPP-0.2500.png.tensor,0.101009,0.413860,0.606413,0.717387,0.369609,0.267138,0.637763
bcss,TCGA-EW-A6SB-DX1_xmin34625_ymin56578_MPP-0.2500.png.tensor,0.111110,0.420894,0.605365,0.717605,0.368716,0.264369,0.635375
bcss,TCGA-EW-A6SB-DX1_xmin34625_ymin56578_MPP-0.2500.png.tensor,0.121212,0.427992,0.604483,0.717997,0.367709,0.261437,0.632893
bcss,TCGA-EW-A6SB-DX1_xmin34625_ymin56578_MPP-0.2500.png.tensor,0.131312,0.434989,0.603474,0.717591,0.366752,0.258897,0.630411
bcss,TCGA-EW-A6SB-DX1_xmin34625_ymin56578_MPP-0.2500.png.tensor,0.141413,0.441963,0.602490,0.717150,0.365757,0.256318,0.627884
bcss,TCGA-EW-A6SB-DX1_xmin34625_ymin56578_MPP-0.2500.png.tensor,0.151515,0.448709,0.601731,0.716540,0.364606,0.253776,0.625432
bcss,TCGA-EW-A6SB-DX1_xmin34625_ymin56578_MPP-0.2500.png.tensor,0.161615,0.455413,0.600736,0.716398,0.363568,0.250894,0.622944
bcss,TCGA-EW-A6SB-DX1_xmin34625_ymin56578_MPP-0.2500.png.tensor,0.171716,0.461874,0.599763,0.715766,0.362492,0.248238,0.620543
bcss,TCGA-EW-A6SB-DX1_xmin34625_ymin56578_MPP-0.2500.png.tensor,0.181818,0.468274,0.598810,0.715361,0.361377,0.245377,0.618120
bcss,TCGA-EW-A6SB-DX1_xmin34625_ymin56578_MPP-0.2500.png.tensor,0.191918,0.474626,0.597649,0.714690,0.360362,0.242610,0.615665
bcss,TCGA-EW-A6SB-DX1_xmin34625_ymin56578_MPP-0.2500.png.tensor,0.202019,0.480801,0.596708,0.713992,0.359185,0.239789,0.613261
bcss,TCGA-EW-A6SB-DX1_xmin34625_ymin56578_MPP-0.2500.png.tensor,0.212121,0.486631,0.595421,0.713058,0.358196,0.237046,0.611010
bcss,TCGA-EW-A6SB-DX1_xmin34625_ymin56578_MPP-0.2500.png.tensor,0.222221,0.492468,0.594628,0.712212,0.356864,0.234175,0.608703
bcss,TCGA-EW-A6SB-DX1_xmin34625_ymin56578_MPP-0.2500.png.tensor,0.232322,0.498182,0.593509,0.711413,0.355710,0.231197,0.606409
bcss,TCGA-EW-A6SB-DX1_xmin34625_ymin56578_MPP-0.2500.png.tensor,0.242424,0.503671,0.592322,0.710297,0.354569,0.228349,0.604208
bcss,TCGA-EW-A6SB-DX1_xmin34625_ymin56578_MPP-0.2500.png.tensor,0.252524,0.509078,0.591527,0.709333,0.353135,0.225324,0.601997
bcss,TCGA-EW-A6SB-DX1_xmin34625_ymin56578_MPP-0.2500.png.tensor,0.262625,0.514534,0.590795,0.708254,0.351620,0.222293,0.599697
bcss,TCGA-EW-A6SB-DX1_xmin34625_ymin56578_MPP-0.2500.png.tensor,0.272726,0.519975,0.590435,0.706877,0.349807,0.219382,0.597339
bcss,TCGA-EW-A6SB-DX1_xmin34625_ymin56578_MPP-0.2500.png.tensor,0.282827,0.525465,0.589724,0.705866,0.348187,0.216135,0.594883
bcss,TCGA-EW-A6SB-DX1_xmin34625_ymin56578_MPP-0.2500.png.tensor,0.292927,0.530899,0.589118,0.704556,0.346447,0.213006,0.592396
bcss,TCGA-EW-A6SB-DX1_xmin34625_ymin56578_MPP-0.2500.png.tensor,0.303029,0.535812,0.588619,0.702968,0.344579,0.209986,0.590210
bcss,TCGA-EW-A6SB-DX1_xmin34625_ymin56578_MPP-0.2500.png.tensor,0.313130,0.540856,0.588299,0.701548,0.342527,0.206755,0.587866
bcss,TCGA-EW-A6SB-DX1_xmin34625_ymin56578_MPP-0.2500.png.tensor,0.323230,0.545596,0.588144,0.700243,0.340291,0.203342,0.585674
bcss,TCGA-EW-A6SB-DX1_xmin34625_ymin56578_MPP-0.2500.png.tensor,0.333332,0.550392,0.588051,0.698410,0.337940,0.200222,0.583375
bcss,TCGA-EW-A6SB-DX1_xmin34625_ymin56578_MPP-0.2500.png.tensor,0.343433,0.555004,0.587866,0.696299,0.335589,0.197218,0.581146
bcss,TCGA-EW-A6SB-DX1_xmin34625_ymin56578_MPP-0.2500.png.tensor,0.353535,0.559382,0.587866,0.694310,0.333019,0.194025,0.579029
bcss,TCGA-EW-A6SB-DX1_xmin34625_ymin56578_MPP-0.2500.png.tensor,0.363635,0.564030,0.587754,0.692053,0.330457,0.190942,0.576632
bcss,TCGA-EW-A6SB-DX1_xmin34625_ymin56578_MPP-0.2500.png.tensor,0.373736,0.568072,0.587606,0.689572,0.327841,0.187937,0.574638
bcss,TCGA-EW-A6SB-DX1_xmin34625_ymin56578_MPP-0.2500.png.tensor,0.383838,0.572195,0.587836,0.687225,0.324831,0.184726,0.572518
bcss,TCGA-EW-A6SB-DX1_xmin34625_ymin56578_MPP-0.2500.png.tensor,0.393938,0.576217,0.587618,0.684415,0.322092,0.181790,0.570408
bcss,TCGA-EW-A6SB-DX1_xmin34625_ymin56578_MPP-0.2500.png.tensor,0.404039,0.579909,0.587049,0.681776,0.319555,0.178611,0.568505
bcss,TCGA-EW-A6SB-DX1_xmin34625_ymin56578_MPP-0.2500.png.tensor,0.414141,0.583600,0.586867,0.678650,0.316598,0.175737,0.566535
bcss,TCGA-EW-A6SB-DX1_xmin34625_ymin56578_MPP-0.2500.png.tensor,0.424241,0.587040,0.586109,0.675721,0.314039,0.172592,0.564711
bcss,TCGA-EW-A6SB-DX1_xmin34625_ymin56578_MPP-0.2500.png.tensor,0.434342,0.590607,0.585517,0.672168,0.311242,0.169886,0.562716
bcss,TCGA-EW-A6SB-DX1_xmin34625_ymin56578_MPP-0.2500.png.tensor,0.444444,0.593734,0.584919,0.668624,0.308348,0.167074,0.561044
bcss,TCGA-EW-A6SB-DX1_xmin34625_ymin56578_MPP-0.2500.png.tensor,0.454544,0.597054,0.584309,0.664697,0.305358,0.164508,0.559132
bcss,TCGA-EW-A6SB-DX1_xmin34625_ymin56578_MPP-0.2500.png.tensor,0.464645,0.600036,0.583644,0.660866,0.302307,0.161757,0.557462
bcss,TCGA-EW-A6SB-DX1_xmin34625_ymin56578_MPP-0.2500.png.tensor,0.474747,0.602985,0.582631,0.656537,0.299469,0.159372,0.555757
bcss,TCGA-EW-A6SB-DX1_xmin34625_ymin56578_MPP-0.2500.png.tensor,0.484847,0.606099,0.581291,0.652107,0.296838,0.156993,0.553832
bcss,TCGA-EW-A6SB-DX1_xmin34625_ymin56578_MPP-0.2500.png.tensor,0.494948,0.608949,0.579982,0.647331,0.294070,0.154861,0.552084
bcss,TCGA-EW-A6SB-DX1_xmin34625_ymin56578_MPP-0.2500.png.tensor,0.505050,0.611790,0.578206,0.642801,0.291662,0.152394,0.550271
bcss,TCGA-EW-A6SB-DX1_xmin34625_ymin56578_MPP-0.2500.png.tensor,0.515150,0.614546,0.576489,0.637776,0.289092,0.150334,0.548482
bcss,TCGA-EW-A6SB-DX1_xmin34625_ymin56578_MPP-0.2500.png.tensor,0.525251,0.617233,0.574321,0.632740,0.286888,0.148199,0.546676
bcss,TCGA-EW-A6SB-DX1_xmin34625_ymin56578_MPP-0.2500.png.tensor,0.535352,0.620134,0.571912,0.627564,0.284847,0.146120,0.544579
bcss,TCGA-EW-A6SB-DX1_xmin34625_ymin56578_MPP-0.2500.png.tensor,0.545453,0.622913,0.569895,0.622134,0.282285,0.144229,0.542512
bcss,TCGA-EW-A6SB-DX1_xmin34625_ymin56578_MPP-0.2500.png.tensor,0.555553,0.625348,0.567413,0.616609,0.280130,0.142359,0.540736
bcss,TCGA-EW-A6SB-DX1_xmin34625_ymin56578_MPP-0.2500.png.tensor,0.565655,0.627845,0.564863,0.610863,0.277952,0.140657,0.538794
bcss,TCGA-EW-A6SB-DX1_xmin34625_ymin56578_MPP-0.2500.png.tensor,0.575756,0.630128,0.562083,0.604989,0.275941,0.139024,0.537047
bcss,TCGA-EW-A6SB-DX1_xmin34625_ymin56578_MPP-0.2500.png.tensor,0.585856,0.632286,0.559237,0.599149,0.273912,0.137271,0.535345
bcss,TCGA-EW-A6SB-DX1_xmin34625_ymin56578_MPP-0.2500.png.tensor,0.595958,0.634559,0.556034,0.593022,0.272224,0.135784,0.533416
bcss,TCGA-EW-A6SB-DX1_xmin34625_ymin56578_MPP-0.2500.png.tensor,0.606059,0.636522,0.552794,0.586737,0.270496,0.134423,0.531776
bcss,TCGA-EW-A6SB-DX1_xmin34625_ymin56578_MPP-0.2500.png.tensor,0.616159,0.638488,0.549733,0.580426,0.268444,0.133023,0.530053
bcss,TCGA-EW-A6SB-DX1_xmin34625_ymin56578_MPP-0.2500.png.tensor,0.626261,0.640320,0.546071,0.573870,0.267084,0.131876,0.528416
bcss,TCGA-EW-A6SB-DX1_xmin34625_ymin56578_MPP-0.2500.png.tensor,0.636362,0.641968,0.542585,0.567258,0.265407,0.130742,0.526931
bcss,TCGA-EW-A6SB-DX1_xmin34625_ymin56578_MPP-0.2500.png.tensor,0.646462,0.643605,0.538906,0.560474,0.263908,0.129786,0.525389
bcss,TCGA-EW-A6SB-DX1_xmin34625_ymin56578_MPP-0.2500.png.tensor,0.656564,0.645205,0.535053,0.553527,0.262574,0.129011,0.523814
bcss,TCGA-EW-A6SB-DX1_xmin34625_ymin56578_MPP-0.2500.png.tensor,0.666665,0.646807,0.531167,0.546531,0.261208,0.128264,0.522113
bcss,TCGA-EW-A6SB-DX1_xmin34625_ymin56578_MPP-0.2500.png.tensor,0.676767,0.648199,0.527028,0.539420,0.260148,0.127645,0.520671
bcss,TCGA-EW-A6SB-DX1_xmin34625_ymin56578_MPP-0.2500.png.tensor,0.686867,0.649704,0.522749,0.532313,0.259244,0.126983,0.518935
bcss,TCGA-EW-A6SB-DX1_xmin34625_ymin56578_MPP-0.2500.png.tensor,0.696968,0.651188,0.518375,0.525151,0.258437,0.126366,0.517115
bcss,TCGA-EW-A6SB-DX1_xmin34625_ymin56578_MPP-0.2500.png.tensor,0.707070,0.652503,0.513984,0.517702,0.257600,0.126196,0.515447
bcss,TCGA-EW-A6SB-DX1_xmin34625_ymin56578_MPP-0.2500.png.tensor,0.717170,0.653655,0.509614,0.510418,0.256669,0.125724,0.513973
bcss,TCGA-EW-A6SB-DX1_xmin34625_ymin56578_MPP-0.2500.png.tensor,0.727271,0.654621,0.504891,0.503231,0.256316,0.125040,0.512706
bcss,TCGA-EW-A6SB-DX1_xmin34625_ymin56578_MPP-0.2500.png.tensor,0.737373,0.655521,0.500239,0.495811,0.255799,0.124743,0.511499
bcss,TCGA-EW-A6SB-DX1_xmin34625_ymin56578_MPP-0.2500.png.tensor,0.747473,0.656392,0.495699,0.488387,0.255022,0.124433,0.510227
bcss,TCGA-EW-A6SB-DX1_xmin34625_ymin56578_MPP-0.2500.png.tensor,0.757574,0.657279,0.490793,0.480869,0.254933,0.124291,0.508827
bcss,TCGA-EW-A6SB-DX1_xmin34625_ymin56578_MPP-0.2500.png.tensor,0.767676,0.658020,0.485842,0.473279,0.254933,0.124289,0.507612
bcss,TCGA-EW-A6SB-DX1_xmin34625_ymin56578_MPP-0.2500.png.tensor,0.777776,0.658718,0.480909,0.465689,0.254893,0.124288,0.506384
bcss,TCGA-EW-A6SB-DX1_xmin34625_ymin56578_MPP-0.2500.png.tensor,0.787877,0.659538,0.475958,0.458106,0.254893,0.124275,0.504758
bcss,TCGA-EW-A6SB-DX1_xmin34625_ymin56578_MPP-0.2500.png.tensor,0.797978,0.660019,0.471058,0.450514,0.254762,0.124275,0.503784
bcss,TCGA-EW-A6SB-DX1_xmin34625_ymin56578_MPP-0.2500.png.tensor,0.808079,0.660725,0.466104,0.442957,0.254762,0.124189,0.502177
bcss,TCGA-EW-A6SB-DX1_xmin34625_ymin56578_MPP-0.2500.png.tensor,0.818179,0.661270,0.461150,0.435378,0.254762,0.124155,0.500795
bcss,TCGA-EW-A6SB-DX1_xmin34625_ymin56578_MPP-0.2500.png.tensor,0.828281,0.661972,0.456196,0.427784,0.254762,0.124155,0.498742
bcss,TCGA-EW-A6SB-DX1_xmin34625_ymin56578_MPP-0.2500.png.tensor,0.838382,0.662678,0.451241,0.420242,0.254762,0.124001,0.496545
bcss,TCGA-EW-A6SB-DX1_xmin34625_ymin56578_MPP-0.2500.png.tensor,0.848482,0.663223,0.446287,0.412646,0.254762,0.124001,0.494520
bcss,TCGA-EW-A6SB-DX1_xmin34625_ymin56578_MPP-0.2500.png.tensor,0.858584,0.663618,0.441333,0.405073,0.254762,0.123918,0.492727
bcss,TCGA-EW-A6SB-DX1_xmin34625_ymin56578_MPP-0.2500.png.tensor,0.868685,0.663565,0.436379,0.397476,0.254762,0.123918,0.492080
bcss,TCGA-EW-A6SB-DX1_xmin34625_ymin56578_MPP-0.2500.png.tensor,0.878785,0.663610,0.431425,0.389878,0.254762,0.123918,0.491404
bcss,TCGA-EW-A6SB-DX1_xmin34625_ymin56578_MPP-0.2500.png.tensor,0.888887,0.663933,0.426470,0.382280,0.254762,0.123918,0.489254
bcss,TCGA-EW-A6SB-DX1_xmin34625_ymin56578_MPP-0.2500.png.tensor,0.898988,0.664003,0.421516,0.374683,0.254762,0.123918,0.487818
bcss,TCGA-EW-A6SB-DX1_xmin34625_ymin56578_MPP-0.2500.png.tensor,0.909088,0.663933,0.416562,0.367086,0.254762,0.123918,0.486842
bcss,TCGA-EW-A6SB-DX1_xmin34625_ymin56578_MPP-0.2500.png.tensor,0.919190,0.663893,0.411607,0.359487,0.254762,0.123918,0.485465
bcss,TCGA-EW-A6SB-DX1_xmin34625_ymin56578_MPP-0.2500.png.tensor,0.929291,0.663932,0.406653,0.351890,0.254762,0.123918,0.483172
bcss,TCGA-EW-A6SB-DX1_xmin34625_ymin56578_MPP-0.2500.png.tensor,0.939391,0.664088,0.401699,0.344293,0.254762,0.123918,0.479146
bcss,TCGA-EW-A6SB-DX1_xmin34625_ymin56578_MPP-0.2500.png.tensor,0.949493,0.664234,0.396744,0.336695,0.254762,0.123918,0.473334
bcss,TCGA-EW-A6SB-DX1_xmin34625_ymin56578_MPP-0.2500.png.tensor,0.959594,0.664367,0.391790,0.329097,0.254762,0.123918,0.465294
bcss,TCGA-EW-A6SB-DX1_xmin34625_ymin56578_MPP-0.2500.png.tensor,0.969694,0.663899,0.386995,0.321500,0.252140,0.123918,0.460729
bcss,TCGA-EW-A6SB-DX1_xmin34625_ymin56578_MPP-0.2500.png.tensor,0.979796,0.663421,0.382586,0.313902,0.237321,0.123918,0.453436
bcss,TCGA-EW-A6SB-DX1_xmin34625_ymin56578_MPP-0.2500.png.tensor,0.989897,0.662543,0.377885,0.306492,0.207376,0.114638,0.449954
bcss,TCGA-EW-A6SB-DX1_xmin34625_ymin56578_MPP-0.2500.png.tensor,0.999999,0.661561,0.371972,0.298706,0.166306,0.109199,0.382199
bcss,TCGA-GI-A2C9-DX1_xmin20882_ymin11843_MPP-0.2500.png.tensor,0.000000,0.722859,0.728364,0.796468,0.271636,0.203532,0.277141
bcss,TCGA-GI-A2C9-DX1_xmin20882_ymin11843_MPP-0.2500.png.tensor,0.010097,0.727234,0.723752,0.796980,0.271636,0.200250,0.272658
bcss,TCGA-GI-A2C9-DX1_xmin20882_ymin11843_MPP-0.2500.png.tensor,0.020200,0.730712,0.719620,0.797549,0.271390,0.196868,0.268539
bcss,TCGA-GI-A2C9-DX1_xmin20882_ymin11843_MPP-0.2500.png.tensor,0.030297,0.733293,0.716075,0.797483,0.270838,0.193746,0.264797
bcss,TCGA-GI-A2C9-DX1_xmin20882_ymin11843_MPP-0.2500.png.tensor,0.040401,0.733936,0.712596,0.797618,0.270237,0.190451,0.261986
bcss,TCGA-GI-A2C9-DX1_xmin20882_ymin11843_MPP-0.2500.png.tensor,0.050504,0.734196,0.708699,0.796565,0.269845,0.187712,0.259317
bcss,TCGA-GI-A2C9-DX1_xmin20882_ymin11843_MPP-0.2500.png.tensor,0.060601,0.734018,0.704725,0.794967,0.269486,0.185206,0.256823
bcss,TCGA-GI-A2C9-DX1_xmin20882_ymin11843_MPP-0.2500.png.tensor,0.070705,0.733529,0.700421,0.792986,0.269296,0.182849,0.254444
bcss,TCGA-GI-A2C9-DX1_xmin20882_ymin11843_MPP-0.2500.png.tensor,0.080802,0.732804,0.696094,0.791512,0.269115,0.180167,0.252141
bcss,TCGA-GI-A2C9-DX1_xmin20882_ymin11843_MPP-0.2500.png.tensor,0.090905,0.731729,0.691648,0.788680,0.268994,0.178170,0.249969
bcss,TCGA-GI-A2C9-DX1_xmin20882_ymin11843_MPP-0.2500.png.tensor,0.101008,0.730108,0.687120,0.785996,0.268917,0.176046,0.248057
bcss,TCGA-GI-A2C9-DX1_xmin20882_ymin11843_MPP-0.2500.png.tensor,0.111105,0.728773,0.682567,0.782777,0.268853,0.174177,0.245955
bcss,TCGA-GI-A2C9-DX1_xmin20882_ymin11843_MPP-0.2500.png.tensor,0.121209,0.727164,0.677896,0.780247,0.268853,0.171871,0.243948
bcss,TCGA-GI-A2C9-DX1_xmin20882_ymin11843_MPP-0.2500.png.tensor,0.131312,0.725454,0.673225,0.777708,0.268853,0.169516,0.241956
bcss,TCGA-GI-A2C9-DX1_xmin20882_ymin11843_MPP-0.2500.png.tensor,0.141409,0.722936,0.668649,0.774550,0.268800,0.167468,0.240390
bcss,TCGA-GI-A2C9-DX1_xmin20882_ymin11843_MPP-0.2500.png.tensor,0.151513,0.720590,0.664103,0.771051,0.268726,0.165570,0.238683
bcss,TCGA-GI-A2C9-DX1_xmin20882_ymin11843_MPP-0.2500.png.tensor,0.161610,0.717830,0.659734,0.767754,0.268546,0.163509,0.237174
bcss,TCGA-GI-A2C9-DX1_xmin20882_ymin11843_MPP-0.2500.png.tensor,0.171713,0.715738,0.655159,0.764159,0.268484,0.161574,0.235238
bcss,TCGA-GI-A2C9-DX1_xmin20882_ymin11843_MPP-0.2500.png.tensor,0.181816,0.713176,0.650536,0.760296,0.268450,0.159756,0.233535
bcss,TCGA-GI-A2C9-DX1_xmin20882_ymin11843_MPP-0.2500.png.tensor,0.191913,0.710276,0.645911,0.756375,0.268419,0.157931,0.231999
bcss,TCGA-GI-A2C9-DX1_xmin20882_ymin11843_MPP-0.2500.png.tensor,0.202017,0.707269,0.641291,0.752617,0.268382,0.155955,0.230489
bcss,TCGA-GI-A2C9-DX1_xmin20882_ymin11843_MPP-0.2500.png.tensor,0.212114,0.704764,0.636722,0.748837,0.268313,0.153944,0.228623
bcss,TCGA-GI-A2C9-DX1_xmin20882_ymin11843_MPP-0.2500.png.tensor,0.222217,0.701769,0.632122,0.744552,0.268261,0.152204,0.227026
bcss,TCGA-GI-A2C9-DX1_xmin20882_ymin11843_MPP-0.2500.png.tensor,0.232321,0.698520,0.627485,0.740545,0.268231,0.150236,0.225504
bcss,TCGA-GI-A2C9-DX1_xmin20882_ymin11843_MPP-0.2500.png.tensor,0.242418,0.695493,0.622929,0.736000,0.268148,0.148574,0.223875
bcss,TCGA-GI-A2C9-DX1_xmin20882_ymin11843_MPP-0.2500.png.tensor,0.252521,0.692130,0.618257,0.732108,0.268140,0.146428,0.222401
bcss,TCGA-GI-A2C9-DX1_xmin20882_ymin11843_MPP-0.2500.png.tensor,0.262624,0.689186,0.613761,0.727797,0.268012,0.144507,0.220600
bcss,TCGA-GI-A2C9-DX1_xmin20882_ymin11843_MPP-0.2500.png.tensor,0.272721,0.685498,0.609171,0.723532,0.267947,0.142503,0.219255
bcss,TCGA-GI-A2C9-DX1_xmin20882_ymin11843_MPP-0.2500.png.tensor,0.282825,0.681384,0.605015,0.718701,0.267575,0.140835,0.218170
bcss,TCGA-GI-A2C9-DX1_xmin20882_ymin11843_MPP-0.2500.png.tensor,0.292922,0.677747,0.600820,0.714315,0.267222,0.138808,0.216717
bcss,TCGA-GI-A2C9-DX1_xmin20882_ymin11843_MPP-0.2500.png.tensor,0.303025,0.674002,0.596633,0.710064,0.266852,0.136621,0.215277
bcss,TCGA-GI-A2C9-DX1_xmin20882_ymin11843_MPP-0.2500.png.tensor,0.313129,0.670333,0.591943,0.705215,0.266836,0.134806,0.213767
bcss,TCGA-GI-A2C9-DX1_xmin20882_ymin11843_MPP-0.2500.png.tensor,0.323226,0.666022,0.587348,0.700523,0.266752,0.132824,0.212673
bcss,TCGA-GI-A2C9-DX1_xmin20882_ymin11843_MPP-0.2500.png.tensor,0.333329,0.662010,0.583151,0.695186,0.266365,0.131262,0.211346
bcss,TCGA-GI-A2C9-DX1_xmin20882_ymin11843_MPP-0.2500.png.tensor,0.343426,0.657394,0.578808,0.690327,0.266080,0.129292,0.210424
bcss,TCGA-GI-A2C9-DX1_xmin20882_ymin11843_MPP-0.2500.png.tensor,0.353530,0.652924,0.574558,0.685569,0.265711,0.127178,0.209351
bcss,TCGA-GI-A2C9-DX1_xmin20882_ymin11843_MPP-0.2500.png.tensor,0.363633,0.648543,0.570089,0.680734,0.265502,0.125058,0.208143
bcss,TCGA-GI-A2C9-DX1_xmin20882_ymin11843_MPP-0.2500.png.tensor,0.373730,0.644080,0.565775,0.675292,0.265166,0.123357,0.207039
bcss,TCGA-GI-A2C9-DX1_xmin20882_ymin11843_MPP-0.2500.png.tensor,0.383833,0.639712,0.561442,0.669945,0.264832,0.121521,0.205785
bcss,TCGA-GI-A2C9-DX1_xmin20882_ymin11843_MPP-0.2500.png.tensor,0.393937,0.634835,0.557074,0.664384,0.264515,0.119799,0.204900
bcss,TCGA-GI-A2C9-DX1_xmin20882_ymin11843_MPP-0.2500.png.tensor,0.404034,0.630295,0.552546,0.658828,0.264324,0.118019,0.203706
bcss,TCGA-GI-A2C9-DX1_xmin20882_ymin11843_MPP-0.2500.png.tensor,0.414137,0.625507,0.548076,0.652505,0.264074,0.116828,0.202689
bcss,TCGA-GI-A2C9-DX1_xmin20882_ymin11843_MPP-0.2500.png.tensor,0.424234,0.620993,0.543515,0.646359,0.263898,0.115445,0.201396
bcss,TCGA-GI-A2C9-DX1_xmin20882_ymin11843_MPP-0.2500.png.tensor,0.434338,0.616307,0.538844,0.640403,0.263810,0.113841,0.200200
bcss,TCGA-GI-A2C9-DX1_xmin20882_ymin11843_MPP-0.2500.png.tensor,0.444441,0.611659,0.534071,0.634591,0.263810,0.112050,0.198924
bcss,TCGA-GI-A2C9-DX1_xmin20882_ymin11843_MPP-0.2500.png.tensor,0.454538,0.606763,0.529302,0.627831,0.263810,0.111065,0.197805
bcss,TCGA-GI-A2C9-DX1_xmin20882_ymin11843_MPP-0.2500.png.tensor,0.464641,0.601899,0.524529,0.621504,0.263810,0.109634,0.196675
bcss,TCGA-GI-A2C9-DX1_xmin20882_ymin11843_MPP-0.2500.png.tensor,0.474738,0.597028,0.519759,0.615013,0.263810,0.108309,0.195487
bcss,TCGA-GI-A2C9-DX1_xmin20882_ymin11843_MPP-0.2500.png.tensor,0.484842,0.591719,0.514987,0.608676,0.263810,0.106778,0.194624
bcss,TCGA-GI-A2C9-DX1_xmin20882_ymin11843_MPP-0.2500.png.tensor,0.494945,0.586511,0.510214,0.601775,0.263810,0.105744,0.193723
bcss,TCGA-GI-A2C9-DX1_xmin20882_ymin11843_MPP-0.2500.png.tensor,0.505042,0.581514,0.505444,0.594918,0.263810,0.104627,0.192489
bcss,TCGA-GI-A2C9-DX1_xmin20882_ymin11843_MPP-0.2500.png.tensor,0.515146,0.576179,0.500672,0.588025,0.263810,0.103497,0.191577
bcss,TCGA-GI-A2C9-DX1_xmin20882_ymin11843_MPP-0.2500.png.tensor,0.525249,0.570717,0.495899,0.580461,0.263810,0.103025,0.190762
bcss,TCGA-GI-A2C9-DX1_xmin20882_ymin11843_MPP-0.2500.png.tensor,0.535346,0.565529,0.491130,0.573469,0.263810,0.101923,0.189666
bcss,TCGA-GI-A2C9-DX1_xmin20882_ymin11843_MPP-0.2500.png.tensor,0.545449,0.560245,0.486357,0.566175,0.263810,0.101098,0.188588
bcss,TCGA-GI-A2C9-DX1_xmin20882_ymin11843_MPP-0.2500.png.tensor,0.555546,0.554891,0.481587,0.558648,0.263810,0.100504,0.187496
bcss,TCGA-GI-A2C9-DX1_xmin20882_ymin11843_MPP-0.2500.png.tensor,0.565650,0.549201,0.476815,0.550894,0.263810,0.100137,0.186772
bcss,TCGA-GI-A2C9-DX1_xmin20882_ymin11843_MPP-0.2500.png.tensor,0.575753,0.543421,0.472042,0.543404,0.263810,0.099442,0.186154
bcss,TCGA-GI-A2C9-DX1_xmin20882_ymin11843_MPP-0.2500.png.tensor,0.585850,0.537724,0.467272,0.535526,0.263810,0.099186,0.185359
bcss,TCGA-GI-A2C9-DX1_xmin20882_ymin11843_MPP-0.2500.png.tensor,0.595954,0.532021,0.462500,0.527643,0.263810,0.098919,0.184570
bcss,TCGA-GI-A2C9-DX1_xmin20882_ymin11843_MPP-0.2500.png.tensor,0.606051,0.526692,0.457730,0.519601,0.263810,0.098846,0.183151
bcss,TCGA-GI-A2C9-DX1_xmin20882_ymin11843_MPP-0.2500.png.tensor,0.616154,0.521294,0.452957,0.511607,0.263810,0.098701,0.181957
bcss,TCGA-GI-A2C9-DX1_xmin20882_ymin11843_MPP-0.2500.png.tensor,0.626257,0.515883,0.448185,0.503498,0.263810,0.098701,0.180548
bcss,TCGA-GI-A2C9-DX1_xmin20882_ymin11843_MPP-0.2500.png.tensor,0.636354,0.510695,0.443415,0.495394,0.263810,0.098701,0.178826
bcss,TCGA-GI-A2C9-DX1_xmin20882_ymin11843_MPP-0.2500.png.tensor,0.646458,0.505411,0.438642,0.487285,0.263810,0.098701,0.177112
bcss,TCGA-GI-A2C9-DX1_xmin20882_ymin11843_MPP-0.2500.png.tensor,0.656561,0.499822,0.433870,0.479176,0.263810,0.098701,0.175769
bcss,TCGA-GI-A2C9-DX1_xmin20882_ymin11843_MPP-0.2500.png.tensor,0.666658,0.494099,0.429100,0.471072,0.263810,0.098701,0.174566
bcss,TCGA-GI-A2C9-DX1_xmin20882_ymin11843_MPP-0.2500.png.tensor,0.676762,0.488218,0.424328,0.462963,0.263810,0.098701,0.173427
bcss,TCGA-GI-A2C9-DX1_xmin20882_ymin11843_MPP-0.2500.png.tensor,0.686859,0.482317,0.419558,0.454859,0.263810,0.098701,0.172386
bcss,TCGA-GI-A2C9-DX1_xmin20882_ymin11843_MPP-0.2500.png.tensor,0.696962,0.476093,0.414785,0.446750,0.263810,0.098701,0.171661
bcss,TCGA-GI-A2C9-DX1_xmin20882_ymin11843_MPP-0.2500.png.tensor,0.707065,0.469881,0.410013,0.438641,0.263810,0.098701,0.171000
bcss,TCGA-GI-A2C9-DX1_xmin20882_ymin11843_MPP-0.2500.png.tensor,0.717162,0.463319,0.405243,0.430537,0.263810,0.098701,0.170658
bcss,TCGA-GI-A2C9-DX1_xmin20882_ymin11843_MPP-0.2500.png.tensor,0.727266,0.456916,0.400470,0.422429,0.263810,0.098701,0.170274
bcss,TCGA-GI-A2C9-DX1_xmin20882_ymin11843_MPP-0.2500.png.tensor,0.737363,0.450596,0.395701,0.414325,0.263810,0.098701,0.169607
bcss,TCGA-GI-A2C9-DX1_xmin20882_ymin11843_MPP-0.2500.png.tensor,0.747466,0.443926,0.390928,0.406216,0.263810,0.098701,0.169432
bcss,TCGA-GI-A2C9-DX1_xmin20882_ymin11843_MPP-0.2500.png.tensor,0.757570,0.437243,0.386155,0.398107,0.263810,0.098701,0.169432
bcss,TCGA-GI-A2C9-DX1_xmin20882_ymin11843_MPP-0.2500.png.tensor,0.767667,0.430720,0.381386,0.390003,0.263810,0.098701,0.169432
bcss,TCGA-GI-A2C9-DX1_xmin20882_ymin11843_MPP-0.2500.png.tensor,0.777770,0.424101,0.376613,0.381894,0.263810,0.098701,0.169284
bcss,TCGA-GI-A2C9-DX1_xmin20882_ymin11843_MPP-0.2500.png.tensor,0.787873,0.417265,0.371841,0.373785,0.263810,0.098701,0.169263
bcss,TCGA-GI-A2C9-DX1_xmin20882_ymin11843_MPP-0.2500.png.tensor,0.797970,0.410538,0.367071,0.365681,0.263810,0.098701,0.169263
bcss,TCGA-GI-A2C9-DX1_xmin20882_ymin11843_MPP-0.2500.png.tensor,0.808074,0.404085,0.362298,0.357572,0.263810,0.098701,0.169041
bcss,TCGA-GI-A2C9-DX1_xmin20882_ymin11843_MPP-0.2500.png.tensor,0.818171,0.397510,0.357529,0.349468,0.263810,0.098701,0.168992
bcss,TCGA-GI-A2C9-DX1_xmin20882_ymin11843_MPP-0.2500.png.tensor,0.828274,0.391006,0.352756,0.341359,0.263810,0.098701,0.168112
bcss,TCGA-GI-A2C9-DX1_xmin20882_ymin11843_MPP-0.2500.png.tensor,0.838378,0.384603,0.347983,0.333250,0.263810,0.098701,0.167551
bcss,TCGA-GI-A2C9-DX1_xmin20882_ymin11843_MPP-0.2500.png.tensor,0.848475,0.378015,0.343214,0.325146,0.263810,0.098701,0.166687
bcss,TCGA-GI-A2C9-DX1_xmin20882_ymin11843_MPP-0.2500.png.tensor,0.858578,0.371638,0.338441,0.317037,0.263810,0.098701,0.165866
bcss,TCGA-GI-A2C9-DX1_xmin20882_ymin11843_MPP-0.2500.png.tensor,0.868675,0.365254,0.333671,0.308934,0.263810,0.098701,0.164460
bcss,TCGA-GI-A2C9-DX1_xmin20882_ymin11843_MPP-0.2500.png.tensor,0.878778,0.358254,0.328899,0.300825,0.263810,0.098701,0.164460
bcss,TCGA-GI-A2C9-DX1_xmin20882_ymin11843_MPP-0.2500.png.tensor,0.888882,0.351469,0.324126,0.292716,0.263810,0.098701,0.164460
bcss,TCGA-GI-A2C9-DX1_xmin20882_ymin11843_MPP-0.2500.png.tensor,0.898979,0.344539,0.319356,0.284612,0.263810,0.098701,0.164460
bcss,TCGA-GI-A2C9-DX1_xmin20882_ymin11843_MPP-0.2500.png.tensor,0.909082,0.338276,0.314584,0.276503,0.263810,0.098701,0.163753
bcss,TCGA-GI-A2C9-DX1_xmin20882_ymin11843_MPP-0.2500.png.tensor,0.919186,0.332089,0.309811,0.268714,0.263810,0.096721,0.160009
bcss,TCGA-GI-A2C9-DX1_xmin20882_ymin11843_MPP-0.2500.png.tensor,0.929283,0.325604,0.305042,0.261924,0.263810,0.087147,0.157285
bcss,TCGA-GI-A2C9-DX1_xmin20882_ymin11843_MPP-0.2500.png.tensor,0.939386,0.318730,0.300269,0.254223,0.263810,0.081858,0.155803
bcss,TCGA-GI-A2C9-DX1_xmin20882_ymin11843_MPP-0.2500.png.tensor,0.949483,0.311889,0.295499,0.246287,0.263810,0.076829,0.154869
bcss,TCGA-GI-A2C9-DX1_xmin20882_ymin11843_MPP-0.2500.png.tensor,0.959586,0.304990,0.290727,0.238355,0.263810,0.069172,0.154869
bcss,TCGA-GI-A2C9-DX1_xmin20882_ymin11843_MPP-0.2500.png.tensor,0.969690,0.298295,0.285954,0.229900,0.263810,0.065034,0.151007
bcss,TCGA-GI-A2C9-DX1_xmin20882_ymin11843_MPP-0.2500.png.tensor,0.979787,0.291199,0.281184,0.221285,0.263810,0.060862,0.149042
bcss,TCGA-GI-A2C9-DX1_xmin20882_ymin11843_MPP-0.2500.png.tensor,0.989890,0.284008,0.276412,0.212412,0.263810,0.060862,0.149042
bcss,TCGA-GI-A2C9-DX1_xmin20882_ymin11843_MPP-0.2500.png.tensor,0.999994,0.277134,0.271642,0.203538,0.035713,0.033816,0.149042
bcss,TCGA-GM-A2DB-DX1_xmin50586_ymin43110_MPP-0.2500.png.tensor,0.000000,0.541233,0.679400,0.737341,0.320600,0.262659,0.458767
bcss,TCGA-GM-A2DB-DX1_xmin50586_ymin43110_MPP-0.2500.png.tensor,0.010101,0.544749,0.675776,0.737500,0.320600,0.260157,0.456570
bcss,TCGA-GM-A2DB-DX1_xmin50586_ymin43110_MPP-0.2500.png.tensor,0.020202,0.547980,0.672152,0.737381,0.320600,0.257745,0.454474
bcss,TCGA-GM-A2DB-DX1_xmin50586_ymin43110_MPP-0.2500.png.tensor,0.030302,0.550949,0.668528,0.737756,0.320600,0.255029,0.452469
bcss,TCGA-GM-A2DB-DX1_xmin50586_ymin43110_MPP-0.2500.png.tensor,0.040404,0.553478,0.664904,0.737977,0.320600,0.252335,0.450650
bcss,TCGA-GM-A2DB-DX1_xmin50586_ymin43110_MPP-0.2500.png.tensor,0.050504,0.555849,0.661279,0.738435,0.320600,0.249459,0.448876
bcss,TCGA-GM-A2DB-DX1_xmin50586_ymin43110_MPP-0.2500.png.tensor,0.060606,0.557974,0.657655,0.738740,0.320600,0.246602,0.447197
bcss,TCGA-GM-A2DB-DX1_xmin50586_ymin43110_MPP-0.2500.png.tensor,0.070707,0.560064,0.654031,0.739225,0.320600,0.243587,0.445498
bcss,TCGA-GM-A2DB-DX1_xmin50586_ymin43110_MPP-0.2500.png.tensor,0.080807,0.561734,0.650407,0.739632,0.320600,0.240548,0.443989
bcss,TCGA-GM-A2DB-DX1_xmin50586_ymin43110_MPP-0.2500.png.tensor,0.090909,0.563327,0.646782,0.740224,0.320600,0.237340,0.442492
bcss,TCGA-GM-A2DB-DX1_xmin50586_ymin43110_MPP-0.2500.png.tensor,0.101009,0.564863,0.643158,0.740703,0.320600,0.234122,0.440991
bcss,TCGA-GM-A2DB-DX1_xmin50586_ymin43110_MPP-0.2500.png.tensor,0.111111,0.566147,0.639534,0.741163,0.320600,0.230842,0.439598
bcss,TCGA-GM-A2DB-DX1_xmin50586_ymin43110_MPP-0.2500.png.tensor,0.121212,0.567389,0.635909,0.741276,0.320600,0.227684,0.438198
bcss,TCGA-GM-A2DB-DX1_xmin50586_ymin43110_MPP-0.2500.png.tensor,0.131313,0.568610,0.632285,0.741230,0.320600,0.224544,0.436776
bcss,TCGA-GM-A2DB-DX1_xmin50586_ymin43110_MPP-0.2500.png.tensor,0.141414,0.569644,0.628661,0.741043,0.320600,0.221412,0.435431
bcss,TCGA-GM-A2DB-DX1_xmin50586_ymin43110_MPP-0.2500.png.tensor,0.151514,0.570851,0.625037,0.741100,0.320600,0.218062,0.433951
bcss,TCGA-GM-A2DB-DX1_xmin50586_ymin43110_MPP-0.2500.png.tensor,0.161616,0.571906,0.621413,0.740624,0.320600,0.214949,0.432526
bcss,TCGA-GM-A2DB-DX1_xmin50586_ymin43110_MPP-0.2500.png.tensor,0.171716,0.572973,0.617788,0.740114,0.320600,0.211781,0.431057
bcss,TCGA-GM-A2DB-DX1_xmin50586_ymin43110_MPP-0.2500.png.tensor,0.181818,0.573787,0.614164,0.739698,0.320600,0.208476,0.429709
bcss,TCGA-GM-A2DB-DX1_xmin50586_ymin43110_MPP-0.2500.png.tensor,0.191919,0.574678,0.610540,0.739088,0.320600,0.205210,0.428280
bcss,TCGA-GM-A2DB-DX1_xmin50586_ymin43110_MPP-0.2500.png.tensor,0.202019,0.575586,0.607317,0.738518,0.320348,0.201836,0.426803
bcss,TCGA-GM-A2DB-DX1_xmin50586_ymin43110_MPP-0.2500.png.tensor,0.212121,0.576300,0.604996,0.737929,0.319518,0.198387,0.425409
bcss,TCGA-GM-A2DB-DX1_xmin50586_ymin43110_MPP-0.2500.png.tensor,0.222221,0.576863,0.602762,0.737278,0.318610,0.194889,0.424081
bcss,TCGA-GM-A2DB-DX1_xmin50586_ymin43110_MPP-0.2500.png.tensor,0.232323,0.577142,0.600498,0.736252,0.317698,0.191542,0.422900
bcss,TCGA-GM-A2DB-DX1_xmin50586_ymin43110_MPP-0.2500.png.tensor,0.242424,0.577637,0.598332,0.735104,0.316697,0.188187,0.421543
bcss,TCGA-GM-A2DB-DX1_xmin50586_ymin43110_MPP-0.2500.png.tensor,0.252525,0.578041,0.596330,0.733823,0.315559,0.184830,0.420215
bcss,TCGA-GM-A2DB-DX1_xmin50586_ymin43110_MPP-0.2500.png.tensor,0.262626,0.578456,0.594107,0.732492,0.314540,0.181415,0.418840
bcss,TCGA-GM-A2DB-DX1_xmin50586_ymin43110_MPP-0.2500.png.tensor,0.272726,0.578837,0.592137,0.730934,0.313318,0.178061,0.417452
bcss,TCGA-GM-A2DB-DX1_xmin50586_ymin43110_MPP-0.2500.png.tensor,0.282828,0.579234,0.590174,0.729183,0.312058,0.174748,0.416013
bcss,TCGA-GM-A2DB-DX1_xmin50586_ymin43110_MPP-0.2500.png.tensor,0.292928,0.579565,0.588056,0.727400,0.310870,0.171363,0.414576
bcss,TCGA-GM-A2DB-DX1_xmin50586_ymin43110_MPP-0.2500.png.tensor,0.303030,0.580035,0.585876,0.725393,0.309693,0.168039,0.413000
bcss,TCGA-GM-A2DB-DX1_xmin50586_ymin43110_MPP-0.2500.png.tensor,0.313131,0.580385,0.583757,0.723274,0.308437,0.164700,0.411469
bcss,TCGA-GM-A2DB-DX1_xmin50586_ymin43110_MPP-0.2500.png.tensor,0.323231,0.580824,0.581678,0.720784,0.307114,0.161535,0.409823
bcss,TCGA-GM-A2DB-DX1_xmin50586_ymin43110_MPP-0.2500.png.tensor,0.333333,0.581073,0.579624,0.718230,0.305732,0.158323,0.408268
bcss,TCGA-GM-A2DB-DX1_xmin50586_ymin43110_MPP-0.2500.png.tensor,0.343433,0.581390,0.577395,0.715735,0.304441,0.154966,0.406618
bcss,TCGA-GM-A2DB-DX1_xmin50586_ymin43110_MPP-0.2500.png.tensor,0.353535,0.581558,0.575019,0.713210,0.303223,0.151527,0.405028
bcss,TCGA-GM-A2DB-DX1_xmin50586_ymin43110_MPP-0.2500.png.tensor,0.363636,0.581718,0.572722,0.710192,0.301904,0.148368,0.403394
bcss,TCGA-GM-A2DB-DX1_xmin50586_ymin43110_MPP-0.2500.png.tensor,0.373737,0.581692,0.570570,0.707111,0.300427,0.145156,0.401851
bcss,TCGA-GM-A2DB-DX1_xmin50586_ymin43110_MPP-0.2500.png.tensor,0.383838,0.581527,0.568239,0.703878,0.299046,0.141962,0.400383
bcss,TCGA-GM-A2DB-DX1_xmin50586_ymin43110_MPP-0.2500.png.tensor,0.393938,0.581444,0.565975,0.700408,0.297566,0.138858,0.398788
bcss,TCGA-GM-A2DB-DX1_xmin50586_ymin43110_MPP-0.2500.png.tensor,0.404040,0.581052,0.563705,0.697080,0.296039,0.135528,0.397403
bcss,TCGA-GM-A2DB-DX1_xmin50586_ymin43110_MPP-0.2500.png.tensor,0.414141,0.580750,0.561250,0.693258,0.294617,0.132506,0.395893
bcss,TCGA-GM-A2DB-DX1_xmin50586_ymin43110_MPP-0.2500.png.tensor,0.424242,0.580308,0.558831,0.689302,0.293115,0.129495,0.394450
bcss,TCGA-GM-A2DB-DX1_xmin50586_ymin43110_MPP-0.2500.png.tensor,0.434343,0.579715,0.556473,0.685248,0.291505,0.126462,0.393086
bcss,TCGA-GM-A2DB-DX1_xmin50586_ymin43110_MPP-0.2500.png.tensor,0.444443,0.579186,0.553939,0.680817,0.289995,0.123659,0.391619
bcss,TCGA-GM-A2DB-DX1_xmin50586_ymin43110_MPP-0.2500.png.tensor,0.454545,0.578556,0.551159,0.676376,0.288654,0.120760,0.390193
bcss,TCGA-GM-A2DB-DX1_xmin50586_ymin43110_MPP-0.2500.png.tensor,0.464645,0.577875,0.548413,0.671684,0.287231,0.117987,0.388754
bcss,TCGA-GM-A2DB-DX1_xmin50586_ymin43110_MPP-0.2500.png.tensor,0.474747,0.577149,0.545637,0.666765,0.285782,0.115323,0.387305
bcss,TCGA-GM-A2DB-DX1_xmin50586_ymin43110_MPP-0.2500.png.tensor,0.484848,0.576411,0.542701,0.661689,0.284431,0.112707,0.385815
bcss,TCGA-GM-A2DB-DX1_xmin50586_ymin43110_MPP-0.2500.png.tensor,0.494949,0.575347,0.539603,0.656306,0.283187,0.110291,0.384582
bcss,TCGA-GM-A2DB-DX1_xmin50586_ymin43110_MPP-0.2500.png.tensor,0.505050,0.574285,0.536413,0.650991,0.281984,0.107706,0.383302
bcss,TCGA-GM-A2DB-DX1_xmin50586_ymin43110_MPP-0.2500.png.tensor,0.515150,0.573189,0.533115,0.645464,0.280844,0.105234,0.381998
bcss,TCGA-GM-A2DB-DX1_xmin50586_ymin43110_MPP-0.2500.png.tensor,0.525252,0.571996,0.529657,0.639746,0.279823,0.102856,0.380748
bcss,TCGA-GM-A2DB-DX1_xmin50586_ymin43110_MPP-0.2500.png.tensor,0.535353,0.570712,0.526163,0.633874,0.278796,0.100541,0.379538
bcss,TCGA-GM-A2DB-DX1_xmin50586_ymin43110_MPP-0.2500.png.tensor,0.545454,0.569379,0.522559,0.627890,0.277845,0.098247,0.378315
bcss,TCGA-GM-A2DB-DX1_xmin50586_ymin43110_MPP-0.2500.png.tensor,0.555555,0.568146,0.518813,0.621537,0.277010,0.096264,0.376947
bcss,TCGA-GM-A2DB-DX1_xmin50586_ymin43110_MPP-0.2500.png.tensor,0.565655,0.566754,0.515009,0.615102,0.276204,0.094282,0.375689
bcss,TCGA-GM-A2DB-DX1_xmin50586_ymin43110_MPP-0.2500.png.tensor,0.575757,0.565116,0.510904,0.608586,0.275713,0.092301,0.374652
bcss,TCGA-GM-A2DB-DX1_xmin50586_ymin43110_MPP-0.2500.png.tensor,0.585857,0.563519,0.506632,0.601877,0.275400,0.090458,0.373516
bcss,TCGA-GM-A2DB-DX1_xmin50586_ymin43110_MPP-0.2500.png.tensor,0.595959,0.561936,0.502409,0.595007,0.275011,0.088721,0.372323
bcss,TCGA-GM-A2DB-DX1_xmin50586_ymin43110_MPP-0.2500.png.tensor,0.606060,0.560208,0.498085,0.587856,0.274730,0.087251,0.371242
bcss,TCGA-GM-A2DB-DX1_xmin50586_ymin43110_MPP-0.2500.png.tensor,0.616161,0.558243,0.493595,0.580643,0.274652,0.085786,0.370410
bcss,TCGA-GM-A2DB-DX1_xmin50586_ymin43110_MPP-0.2500.png.tensor,0.626262,0.556198,0.489042,0.573244,0.274652,0.084490,0.369653
bcss,TCGA-GM-A2DB-DX1_xmin50586_ymin43110_MPP-0.2500.png.tensor,0.636362,0.554247,0.484490,0.565895,0.274652,0.083052,0.368701
bcss,TCGA-GM-A2DB-DX1_xmin50586_ymin43110_MPP-0.2500.png.tensor,0.646464,0.552216,0.479937,0.558523,0.274652,0.081565,0.367825
bcss,TCGA-GM-A2DB-DX1_xmin50586_ymin43110_MPP-0.2500.png.tensor,0.656565,0.550119,0.475384,0.550880,0.274652,0.080386,0.366960
bcss,TCGA-GM-A2DB-DX1_xmin50586_ymin43110_MPP-0.2500.png.tensor,0.666666,0.548041,0.470832,0.543203,0.274652,0.079186,0.366086
bcss,TCGA-GM-A2DB-DX1_xmin50586_ymin43110_MPP-0.2500.png.tensor,0.676767,0.546016,0.466280,0.535369,0.274652,0.078153,0.365034
bcss,TCGA-GM-A2DB-DX1_xmin50586_ymin43110_MPP-0.2500.png.tensor,0.686867,0.543865,0.461727,0.527523,0.274652,0.077074,0.364108
bcss,TCGA-GM-A2DB-DX1_xmin50586_ymin43110_MPP-0.2500.png.tensor,0.696969,0.541337,0.457175,0.519587,0.274652,0.076071,0.363745
bcss,TCGA-GM-A2DB-DX1_xmin50586_ymin43110_MPP-0.2500.png.tensor,0.707070,0.538828,0.452622,0.511606,0.274652,0.075074,0.363176
bcss,TCGA-GM-A2DB-DX1_xmin50586_ymin43110_MPP-0.2500.png.tensor,0.717171,0.536297,0.448070,0.503583,0.274652,0.074082,0.362924
bcss,TCGA-GM-A2DB-DX1_xmin50586_ymin43110_MPP-0.2500.png.tensor,0.727272,0.533731,0.443517,0.495599,0.274652,0.072945,0.362558
bcss,TCGA-GM-A2DB-DX1_xmin50586_ymin43110_MPP-0.2500.png.tensor,0.737373,0.530777,0.438965,0.487488,0.274652,0.071963,0.362558
bcss,TCGA-GM-A2DB-DX1_xmin50586_ymin43110_MPP-0.2500.png.tensor,0.747474,0.528003,0.434412,0.479348,0.274652,0.070958,0.362558
bcss,TCGA-GM-A2DB-DX1_xmin50586_ymin43110_MPP-0.2500.png.tensor,0.757574,0.524917,0.429860,0.471124,0.274652,0.070043,0.362558
bcss,TCGA-GM-A2DB-DX1_xmin50586_ymin43110_MPP-0.2500.png.tensor,0.767676,0.521743,0.425307,0.462949,0.274652,0.068943,0.362558
bcss,TCGA-GM-A2DB-DX1_xmin50586_ymin43110_MPP-0.2500.png.tensor,0.777777,0.518647,0.420755,0.454826,0.274652,0.067627,0.362558
bcss,TCGA-GM-A2DB-DX1_xmin50586_ymin43110_MPP-0.2500.png.tensor,0.787878,0.515343,0.416202,0.446643,0.274652,0.066327,0.362558
bcss,TCGA-GM-A2DB-DX1_xmin50586_ymin43110_MPP-0.2500.png.tensor,0.797979,0.511944,0.411650,0.438459,0.274652,0.064899,0.362558
bcss,TCGA-GM-A2DB-DX1_xmin50586_ymin43110_MPP-0.2500.png.tensor,0.808079,0.508426,0.407097,0.430289,0.274652,0.063283,0.362558
bcss,TCGA-GM-A2DB-DX1_xmin50586_ymin43110_MPP-0.2500.png.tensor,0.818181,0.504917,0.402545,0.422154,0.274652,0.061393,0.362558
bcss,TCGA-GM-A2DB-DX1_xmin50586_ymin43110_MPP-0.2500.png.tensor,0.828282,0.501572,0.397992,0.413892,0.274652,0.059647,0.362558
bcss,TCGA-GM-A2DB-DX1_xmin50586_ymin43110_MPP-0.2500.png.tensor,0.838383,0.498118,0.393440,0.405609,0.274652,0.057754,0.362558
bcss,TCGA-GM-A2DB-DX1_xmin50586_ymin43110_MPP-0.2500.png.tensor,0.848484,0.494701,0.388887,0.397345,0.274652,0.055539,0.362558
bcss,TCGA-GM-A2DB-DX1_xmin50586_ymin43110_MPP-0.2500.png.tensor,0.858585,0.491677,0.385657,0.389061,0.269978,0.053086,0.362558
bcss,TCGA-GM-A2DB-DX1_xmin50586_ymin43110_MPP-0.2500.png.tensor,0.868686,0.488638,0.382942,0.380790,0.262621,0.050197,0.362558
bcss,TCGA-GM-A2DB-DX1_xmin50586_ymin43110_MPP-0.2500.png.tensor,0.878786,0.485864,0.380340,0.372373,0.253573,0.047436,0.362558
bcss,TCGA-GM-A2DB-DX1_xmin50586_ymin43110_MPP-0.2500.png.tensor,0.888888,0.483679,0.377878,0.363931,0.242251,0.044281,0.362558
bcss,TCGA-GM-A2DB-DX1_xmin50586_ymin43110_MPP-0.2500.png.tensor,0.898989,0.481664,0.374981,0.355284,0.230814,0.041511,0.362558
bcss,TCGA-GM-A2DB-DX1_xmin50586_ymin43110_MPP-0.2500.png.tensor,0.909090,0.479797,0.372004,0.346587,0.217280,0.038402,0.362558
bcss,TCGA-GM-A2DB-DX1_xmin50586_ymin43110_MPP-0.2500.png.tensor,0.919191,0.478070,0.368299,0.337674,0.204863,0.035852,0.362558
bcss,TCGA-GM-A2DB-DX1_xmin50586_ymin43110_MPP-0.2500.png.tensor,0.929291,0.476327,0.363928,0.328561,0.193614,0.033993,0.362558
bcss,TCGA-GM-A2DB-DX1_xmin50586_ymin43110_MPP-0.2500.png.tensor,0.939393,0.474506,0.359028,0.319416,0.182973,0.031770,0.362558
bcss,TCGA-GM-A2DB-DX1_xmin50586_ymin43110_MPP-0.2500.png.tensor,0.949494,0.472362,0.353851,0.310217,0.170815,0.029184,0.362558
bcss,TCGA-GM-A2DB-DX1_xmin50586_ymin43110_MPP-0.2500.png.tensor,0.959595,0.470119,0.348396,0.300870,0.156025,0.027160,0.359493
bcss,TCGA-GM-A2DB-DX1_xmin50586_ymin43110_MPP-0.2500.png.tensor,0.969696,0.467646,0.342252,0.291342,0.142755,0.026745,0.353477
bcss,TCGA-GM-A2DB-DX1_xmin50586_ymin43110_MPP-0.2500.png.tensor,0.979797,0.465189,0.335513,0.281782,0.130924,0.026745,0.340554
bcss,TCGA-GM-A2DB-DX1_xmin50586_ymin43110_MPP-0.2500.png.tensor,0.989898,0.462037,0.328449,0.272221,0.111475,0.026745,0.336780
bcss,TCGA-GM-A2DB-DX1_xmin50586_ymin43110_MPP-0.2500.png.tensor,0.999999,0.458768,0.320600,0.262660,0.092319,0.026745,0.000000
bcss,TCGA-GM-A2DD-DX1_xmin47260_ymin22408_MPP-0.2500.png.tensor,0.000000,0.902315,0.800099,0.823768,0.199901,0.176232,0.097685
bcss,TCGA-GM-A2DD-DX1_xmin47260_ymin22408_MPP-0.2500.png.tensor,0.010100,0.904615,0.794037,0.820727,0.199901,0.174464,0.092418
bcss,TCGA-GM-A2DD-DX1_xmin47260_ymin22408_MPP-0.2500.png.tensor,0.020200,0.905056,0.788062,0.817344,0.199857,0.172835,0.087992
bcss,TCGA-GM-A2DD-DX1_xmin47260_ymin22408_MPP-0.2500.png.tensor,0.030302,0.904157,0.782255,0.813628,0.199724,0.171343,0.084163
bcss,TCGA-GM-A2DD-DX1_xmin47260_ymin22408_MPP-0.2500.png.tensor,0.040402,0.902448,0.776558,0.809584,0.199532,0.169991,0.080676
bcss,TCGA-GM-A2DD-DX1_xmin47260_ymin22408_MPP-0.2500.png.tensor,0.050504,0.900086,0.770740,0.805429,0.199399,0.168668,0.077460
bcss,TCGA-GM-A2DD-DX1_xmin47260_ymin22408_MPP-0.2500.png.tensor,0.060604,0.897211,0.765000,0.801485,0.199222,0.167204,0.074447
bcss,TCGA-GM-A2DD-DX1_xmin47260_ymin22408_MPP-0.2500.png.tensor,0.070706,0.894066,0.759378,0.797236,0.198977,0.165873,0.071513
bcss,TCGA-GM-A2DD-DX1_xmin47260_ymin22408_MPP-0.2500.png.tensor,0.080806,0.890313,0.753916,0.793130,0.198641,0.164435,0.068846
bcss,TCGA-GM-A2DD-DX1_xmin47260_ymin22408_MPP-0.2500.png.tensor,0.090908,0.886229,0.748465,0.789178,0.198290,0.162880,0.066301
bcss,TCGA-GM-A2DD-DX1_xmin47260_ymin22408_MPP-0.2500.png.tensor,0.101008,0.882016,0.743301,0.785063,0.197773,0.161381,0.063772
bcss,TCGA-GM-A2DD-DX1_xmin47260_ymin22408_MPP-0.2500.png.tensor,0.111110,0.877373,0.737972,0.780902,0.197335,0.159874,0.061426
bcss,TCGA-GM-A2DD-DX1_xmin47260_ymin22408_MPP-0.2500.png.tensor,0.121210,0.872380,0.733085,0.776294,0.196637,0.158586,0.059225
bcss,TCGA-GM-A2DD-DX1_xmin47260_ymin22408_MPP-0.2500.png.tensor,0.131312,0.867262,0.728249,0.772145,0.195893,0.157004,0.057046
bcss,TCGA-GM-A2DD-DX1_xmin47260_ymin22408_MPP-0.2500.png.tensor,0.141412,0.861780,0.723312,0.767870,0.195191,0.155459,0.055028
bcss,TCGA-GM-A2DD-DX1_xmin47260_ymin22408_MPP-0.2500.png.tensor,0.151514,0.855933,0.718447,0.763425,0.194429,0.153976,0.053175
bcss,TCGA-GM-A2DD-DX1_xmin47260_ymin22408_MPP-0.2500.png.tensor,0.161614,0.850053,0.713806,0.758658,0.193515,0.152651,0.051299
bcss,TCGA-GM-A2DD-DX1_xmin47260_ymin22408_MPP-0.2500.png.tensor,0.171716,0.843966,0.709110,0.753823,0.192612,0.151333,0.049501
bcss,TCGA-GM-A2DD-DX1_xmin47260_ymin22408_MPP-0.2500.png.tensor,0.181816,0.837399,0.704562,0.748901,0.191596,0.150036,0.047953
bcss,TCGA-GM-A2DD-DX1_xmin47260_ymin22408_MPP-0.2500.png.tensor,0.191918,0.830951,0.699576,0.743862,0.190826,0.148779,0.046292
bcss,TCGA-GM-A2DD-DX1_xmin47260_ymin22408_MPP-0.2500.png.tensor,0.202018,0.824230,0.694908,0.738761,0.189838,0.147530,0.044760
bcss,TCGA-GM-A2DD-DX1_xmin47260_ymin22408_MPP-0.2500.png.tensor,0.212120,0.817486,0.689946,0.733782,0.189010,0.146171,0.043203
bcss,TCGA-GM-A2DD-DX1_xmin47260_ymin22408_MPP-0.2500.png.tensor,0.222220,0.810235,0.685108,0.728725,0.188082,0.144827,0.041933
bcss,TCGA-GM-A2DD-DX1_xmin47260_ymin22408_MPP-0.2500.png.tensor,0.232322,0.803020,0.680074,0.723771,0.187256,0.143379,0.040604
bcss,TCGA-GM-A2DD-DX1_xmin47260_ymin22408_MPP-0.2500.png.tensor,0.242422,0.795891,0.675139,0.718592,0.186343,0.142043,0.039185
bcss,TCGA-GM-A2DD-DX1_xmin47260_ymin22408_MPP-0.2500.png.tensor,0.252524,0.788501,0.670188,0.713294,0.185417,0.140750,0.037898
bcss,TCGA-GM-A2DD-DX1_xmin47260_ymin22408_MPP-0.2500.png.tensor,0.262624,0.780915,0.665258,0.707886,0.184451,0.139496,0.036715
bcss,TCGA-GM-A2DD-DX1_xmin47260_ymin22408_MPP-0.2500.png.tensor,0.272726,0.773205,0.660267,0.702362,0.183499,0.138286,0.035579
bcss,TCGA-GM-A2DD-DX1_xmin47260_ymin22408_MPP-0.2500.png.tensor,0.282826,0.765344,0.655166,0.696850,0.182597,0.137035,0.034519
bcss,TCGA-GM-A2DD-DX1_xmin47260_ymin22408_MPP-0.2500.png.tensor,0.292928,0.757657,0.650119,0.691423,0.181632,0.135687,0.033306
bcss,TCGA-GM-A2DD-DX1_xmin47260_ymin22408_MPP-0.2500.png.tensor,0.303028,0.749803,0.644955,0.685748,0.180723,0.134479,0.032177
bcss,TCGA-GM-A2DD-DX1_xmin47260_ymin22408_MPP-0.2500.png.tensor,0.313130,0.741870,0.639887,0.680234,0.179716,0.133117,0.031070
bcss,TCGA-GM-A2DD-DX1_xmin47260_ymin22408_MPP-0.2500.png.tensor,0.323230,0.733913,0.634805,0.674469,0.178691,0.131900,0.029952
bcss,TCGA-GM-A2DD-DX1_xmin47260_ymin22408_MPP-0.2500.png.tensor,0.333332,0.725852,0.629541,0.668676,0.177770,0.130668,0.028875
bcss,TCGA-GM-A2DD-DX1_xmin47260_ymin22408_MPP-0.2500.png.tensor,0.343432,0.717595,0.624234,0.662551,0.176855,0.129650,0.027914
bcss,TCGA-GM-A2DD-DX1_xmin47260_ymin22408_MPP-0.2500.png.tensor,0.353534,0.709317,0.618904,0.656595,0.175927,0.128470,0.026940
bcss,TCGA-GM-A2DD-DX1_xmin47260_ymin22408_MPP-0.2500.png.tensor,0.363634,0.701054,0.613497,0.650541,0.175033,0.127330,0.025925
bcss,TCGA-GM-A2DD-DX1_xmin47260_ymin22408_MPP-0.2500.png.tensor,0.373736,0.692725,0.607968,0.644235,0.174205,0.126353,0.024927
bcss,TCGA-GM-A2DD-DX1_xmin47260_ymin22408_MPP-0.2500.png.tensor,0.383836,0.684302,0.602388,0.637960,0.173393,0.125320,0.023976
bcss,TCGA-GM-A2DD-DX1_xmin47260_ymin22408_MPP-0.2500.png.tensor,0.393938,0.675842,0.596946,0.631474,0.172438,0.124426,0.023021
bcss,TCGA-GM-A2DD-DX1_xmin47260_ymin22408_MPP-0.2500.png.tensor,0.404038,0.667307,0.591315,0.624860,0.171611,0.123610,0.022096
bcss,TCGA-GM-A2DD-DX1_xmin47260_ymin22408_MPP-0.2500.png.tensor,0.414140,0.658792,0.585710,0.617878,0.170732,0.123079,0.021124
bcss,TCGA-GM-A2DD-DX1_xmin47260_ymin22408_MPP-0.2500.png.tensor,0.424240,0.650015,0.579834,0.611091,0.170059,0.122360,0.020346
bcss,TCGA-GM-A2DD-DX1_xmin47260_ymin22408_MPP-0.2500.png.tensor,0.434342,0.641226,0.573907,0.604051,0.169406,0.121839,0.019549
bcss,TCGA-GM-A2DD-DX1_xmin47260_ymin22408_MPP-0.2500.png.tensor,0.444442,0.632486,0.567729,0.596881,0.168956,0.121417,0.018680
bcss,TCGA-GM-A2DD-DX1_xmin47260_ymin22408_MPP-0.2500.png.tensor,0.454544,0.623490,0.561635,0.589606,0.168411,0.121074,0.018012
bcss,TCGA-GM-A2DD-DX1_xmin47260_ymin22408_MPP-0.2500.png.tensor,0.464644,0.614367,0.555301,0.582224,0.168071,0.120820,0.017440
bcss,TCGA-GM-A2DD-DX1_xmin47260_ymin22408_MPP-0.2500.png.tensor,0.474746,0.605319,0.548869,0.574917,0.167810,0.120484,0.016772
bcss,TCGA-GM-A2DD-DX1_xmin47260_ymin22408_MPP-0.2500.png.tensor,0.484847,0.596225,0.542374,0.567351,0.167601,0.120386,0.016125
bcss,TCGA-GM-A2DD-DX1_xmin47260_ymin22408_MPP-0.2500.png.tensor,0.494948,0.587085,0.535751,0.559681,0.167509,0.120386,0.015493
bcss,TCGA-GM-A2DD-DX1_xmin47260_ymin22408_MPP-0.2500.png.tensor,0.505049,0.577866,0.529051,0.552013,0.167493,0.120386,0.014919
bcss,TCGA-GM-A2DD-DX1_xmin47260_ymin22408_MPP-0.2500.png.tensor,0.515150,0.568515,0.522333,0.544343,0.167493,0.120386,0.014454
bcss,TCGA-GM-A2DD-DX1_xmin47260_ymin22408_MPP-0.2500.png.tensor,0.525251,0.559191,0.515616,0.536675,0.167493,0.120386,0.013947
bcss,TCGA-GM-A2DD-DX1_xmin47260_ymin22408_MPP-0.2500.png.tensor,0.535352,0.549779,0.508898,0.529005,0.167493,0.120386,0.013508
bcss,TCGA-GM-A2DD-DX1_xmin47260_ymin22408_MPP-0.2500.png.tensor,0.545453,0.540353,0.502181,0.521337,0.167493,0.120386,0.013062
bcss,TCGA-GM-A2DD-DX1_xmin47260_ymin22408_MPP-0.2500.png.tensor,0.555554,0.530884,0.495464,0.513667,0.167493,0.120386,0.012652
bcss,TCGA-GM-A2DD-DX1_xmin47260_ymin22408_MPP-0.2500.png.tensor,0.565655,0.521406,0.488747,0.505999,0.167493,0.120386,0.012227
bcss,TCGA-GM-A2DD-DX1_xmin47260_ymin22408_MPP-0.2500.png.tensor,0.575756,0.511892,0.482029,0.498329,0.167493,0.120386,0.011828
bcss,TCGA-GM-A2DD-DX1_xmin47260_ymin22408_MPP-0.2500.png.tensor,0.585857,0.502233,0.475312,0.490661,0.167493,0.120386,0.011582
bcss,TCGA-GM-A2DD-DX1_xmin47260_ymin22408_MPP-0.2500.png.tensor,0.595958,0.492607,0.468594,0.482991,0.167493,0.120386,0.011285
bcss,TCGA-GM-A2DD-DX1_xmin47260_ymin22408_MPP-0.2500.png.tensor,0.606059,0.483005,0.461877,0.475323,0.167493,0.120386,0.010942
bcss,TCGA-GM-A2DD-DX1_xmin47260_ymin22408_MPP-0.2500.png.tensor,0.616160,0.473274,0.455160,0.467654,0.167493,0.120386,0.010747
bcss,TCGA-GM-A2DD-DX1_xmin47260_ymin22408_MPP-0.2500.png.tensor,0.626261,0.463595,0.448443,0.459985,0.167493,0.120386,0.010473
bcss,TCGA-GM-A2DD-DX1_xmin47260_ymin22408_MPP-0.2500.png.tensor,0.636362,0.453883,0.441725,0.452316,0.167493,0.120386,0.010225
bcss,TCGA-GM-A2DD-DX1_xmin47260_ymin22408_MPP-0.2500.png.tensor,0.646463,0.444128,0.435008,0.444647,0.167493,0.120386,0.010033
bcss,TCGA-GM-A2DD-DX1_xmin47260_ymin22408_MPP-0.2500.png.tensor,0.656564,0.434361,0.428290,0.436978,0.167493,0.120386,0.009838
bcss,TCGA-GM-A2DD-DX1_xmin47260_ymin22408_MPP-0.2500.png.tensor,0.666665,0.424574,0.421574,0.429309,0.167493,0.120386,0.009658
bcss,TCGA-GM-A2DD-DX1_xmin47260_ymin22408_MPP-0.2500.png.tensor,0.676766,0.414856,0.414856,0.421640,0.167493,0.120386,0.009377
bcss,TCGA-GM-A2DD-DX1_xmin47260_ymin22408_MPP-0.2500.png.tensor,0.686867,0.404998,0.408139,0.413972,0.167493,0.120386,0.009293
bcss,TCGA-GM-A2DD-DX1_xmin47260_ymin22408_MPP-0.2500.png.tensor,0.696968,0.395155,0.401421,0.406302,0.167493,0.120386,0.009175
bcss,TCGA-GM-A2DD-DX1_xmin47260_ymin22408_MPP-0.2500.png.tensor,0.707069,0.385359,0.394704,0.398634,0.167493,0.120386,0.008972
bcss,TCGA-GM-A2DD-DX1_xmin47260_ymin22408_MPP-0.2500.png.tensor,0.717170,0.375560,0.387987,0.390964,0.167493,0.120386,0.008753
bcss,TCGA-GM-A2DD-DX1_xmin47260_ymin22408_MPP-0.2500.png.tensor,0.727271,0.365747,0.381270,0.383296,0.167493,0.120386,0.008549
bcss,TCGA-GM-A2DD-DX1_xmin47260_ymin22408_MPP-0.2500.png.tensor,0.737372,0.355920,0.374552,0.375626,0.167493,0.120386,0.008362
bcss,TCGA-GM-A2DD-DX1_xmin47260_ymin22408_MPP-0.2500.png.tensor,0.747473,0.346101,0.367835,0.367958,0.167493,0.120386,0.008134
bcss,TCGA-GM-A2DD-DX1_xmin47260_ymin22408_MPP-0.2500.png.tensor,0.757574,0.336223,0.361117,0.360288,0.167493,0.120386,0.008004
bcss,TCGA-GM-A2DD-DX1_xmin47260_ymin22408_MPP-0.2500.png.tensor,0.767675,0.326391,0.354401,0.352620,0.167493,0.120386,0.007787
bcss,TCGA-GM-A2DD-DX1_xmin47260_ymin22408_MPP-0.2500.png.tensor,0.777776,0.316484,0.347683,0.344950,0.167493,0.120386,0.007701
bcss,TCGA-GM-A2DD-DX1_xmin47260_ymin22408_MPP-0.2500.png.tensor,0.787877,0.306592,0.340966,0.337282,0.167493,0.120386,0.007580
bcss,TCGA-GM-A2DD-DX1_xmin47260_ymin22408_MPP-0.2500.png.tensor,0.797978,0.296681,0.334248,0.329612,0.167493,0.120386,0.007450
bcss,TCGA-GM-A2DD-DX1_xmin47260_ymin22408_MPP-0.2500.png.tensor,0.808079,0.286757,0.327531,0.321944,0.167493,0.120386,0.007401
bcss,TCGA-GM-A2DD-DX1_xmin47260_ymin22408_MPP-0.2500.png.tensor,0.818180,0.276888,0.320813,0.314275,0.167493,0.120386,0.007193
bcss,TCGA-GM-A2DD-DX1_xmin47260_ymin22408_MPP-0.2500.png.tensor,0.828281,0.266961,0.314097,0.306606,0.167493,0.120386,0.007103
bcss,TCGA-GM-A2DD-DX1_xmin47260_ymin22408_MPP-0.2500.png.tensor,0.838382,0.257009,0.307379,0.298937,0.167493,0.120386,0.007093
bcss,TCGA-GM-A2DD-DX1_xmin47260_ymin22408_MPP-0.2500.png.tensor,0.848483,0.247053,0.300662,0.291268,0.167493,0.120386,0.007023
bcss,TCGA-GM-A2DD-DX1_xmin47260_ymin22408_MPP-0.2500.png.tensor,0.858584,0.237101,0.293944,0.283599,0.167493,0.120386,0.007023
bcss,TCGA-GM-A2DD-DX1_xmin47260_ymin22408_MPP-0.2500.png.tensor,0.868685,0.227122,0.287227,0.275930,0.167493,0.120386,0.007023
bcss,TCGA-GM-A2DD-DX1_xmin47260_ymin22408_MPP-0.2500.png.tensor,0.878786,0.217145,0.280510,0.268261,0.167493,0.120386,0.007023
bcss,TCGA-GM-A2DD-DX1_xmin47260_ymin22408_MPP-0.2500.png.tensor,0.888887,0.207192,0.273793,0.260592,0.167493,0.120386,0.007023
bcss,TCGA-GM-A2DD-DX1_xmin47260_ymin22408_MPP-0.2500.png.tensor,0.898988,0.197211,0.267075,0.252923,0.167493,0.120386,0.007023
bcss,TCGA-GM-A2DD-DX1_xmin47260_ymin22408_MPP-0.2500.png.tensor,0.909089,0.187287,0.260358,0.245255,0.167493,0.120386,0.007023
bcss,TCGA-GM-A2DD-DX1_xmin47260_ymin22408_MPP-0.2500.png.tensor,0.919190,0.177277,0.253640,0.237585,0.167493,0.120386,0.007023
bcss,TCGA-GM-A2DD-DX1_xmin47260_ymin22408_MPP-0.2500.png.tensor,0.929291,0.167276,0.246924,0.229917,0.167493,0.120386,0.007023
bcss,TCGA-GM-A2DD-DX1_xmin47260_ymin22408_MPP-0.2500.png.tensor,0.939392,0.157257,0.240206,0.222247,0.167493,0.120386,0.007023
bcss,TCGA-GM-A2DD-DX1_xmin47260_ymin22408_MPP-0.2500.png.tensor,0.949493,0.147237,0.233489,0.214579,0.167493,0.120386,0.007023
bcss,TCGA-GM-A2DD-DX1_xmin47260_ymin22408_MPP-0.2500.png.tensor,0.959594,0.137241,0.226771,0.206909,0.167493,0.120386,0.007023
bcss,TCGA-GM-A2DD-DX1_xmin47260_ymin22408_MPP-0.2500.png.tensor,0.969695,0.127233,0.220054,0.199241,0.167493,0.120386,0.007023
bcss,TCGA-GM-A2DD-DX1_xmin47260_ymin22408_MPP-0.2500.png.tensor,0.979796,0.117313,0.213336,0.191571,0.167493,0.120386,0.007023
bcss,TCGA-GM-A2DD-DX1_xmin47260_ymin22408_MPP-0.2500.png.tensor,0.989897,0.107625,0.206620,0.183903,0.167493,0.120386,0.007023
bcss,TCGA-GM-A2DD-DX1_xmin47260_ymin22408_MPP-0.2500.png.tensor,0.999998,0.097686,0.199902,0.176233,0.167493,0.120386,0.000000
bcss,TCGA-GM-A2DF-DX1_xmin50637_ymin43774_MPP-0.2500.png.tensor,0.000000,0.598205,0.668896,0.718359,0.331104,0.281641,0.401795
bcss,TCGA-GM-A2DF-DX1_xmin50637_ymin43774_MPP-0.2500.png.tensor,0.010101,0.601837,0.665484,0.721042,0.331104,0.278058,0.398956
bcss,TCGA-GM-A2DF-DX1_xmin50637_ymin43774_MPP-0.2500.png.tensor,0.020202,0.604688,0.662072,0.723735,0.331104,0.274395,0.396462
bcss,TCGA-GM-A2DF-DX1_xmin50637_ymin43774_MPP-0.2500.png.tensor,0.030303,0.607050,0.658660,0.726292,0.331104,0.270727,0.394166
bcss,TCGA-GM-A2DF-DX1_xmin50637_ymin43774_MPP-0.2500.png.tensor,0.040404,0.608674,0.655248,0.728377,0.331104,0.267227,0.392202
bcss,TCGA-GM-A2DF-DX1_xmin50637_ymin43774_MPP-0.2500.png.tensor,0.050504,0.610388,0.652267,0.730388,0.330877,0.263692,0.390156
bcss,TCGA-GM-A2DF-DX1_xmin50637_ymin43774_MPP-0.2500.png.tensor,0.060605,0.612192,0.649390,0.731690,0.330590,0.260458,0.388014
bcss,TCGA-GM-A2DF-DX1_xmin50637_ymin43774_MPP-0.2500.png.tensor,0.070706,0.614096,0.647021,0.733522,0.330023,0.256869,0.385773
bcss,TCGA-GM-A2DF-DX1_xmin50637_ymin43774_MPP-0.2500.png.tensor,0.080807,0.616039,0.645048,0.735081,0.329228,0.253349,0.383461
bcss,TCGA-GM-A2DF-DX1_xmin50637_ymin43774_MPP-0.2500.png.tensor,0.090908,0.617928,0.643082,0.736740,0.328412,0.249696,0.381126
bcss,TCGA-GM-A2DF-DX1_xmin50637_ymin43774_MPP-0.2500.png.tensor,0.101009,0.619602,0.641338,0.737943,0.327454,0.246215,0.378857
bcss,TCGA-GM-A2DF-DX1_xmin50637_ymin43774_MPP-0.2500.png.tensor,0.111110,0.621182,0.639893,0.739175,0.326307,0.242638,0.376592
bcss,TCGA-GM-A2DF-DX1_xmin50637_ymin43774_MPP-0.2500.png.tensor,0.121211,0.622667,0.638377,0.739934,0.325172,0.239248,0.374331
bcss,TCGA-GM-A2DF-DX1_xmin50637_ymin43774_MPP-0.2500.png.tensor,0.131311,0.624032,0.637167,0.740544,0.323836,0.235865,0.372085
bcss,TCGA-GM-A2DF-DX1_xmin50637_ymin43774_MPP-0.2500.png.tensor,0.141412,0.625338,0.635887,0.741251,0.322509,0.232345,0.369820
bcss,TCGA-GM-A2DF-DX1_xmin50637_ymin43774_MPP-0.2500.png.tensor,0.151513,0.626404,0.635269,0.741665,0.320760,0.228915,0.367641
bcss,TCGA-GM-A2DF-DX1_xmin50637_ymin43774_MPP-0.2500.png.tensor,0.161614,0.627311,0.634649,0.741819,0.318971,0.225557,0.365505
bcss,TCGA-GM-A2DF-DX1_xmin50637_ymin43774_MPP-0.2500.png.tensor,0.171715,0.628124,0.634169,0.741918,0.317053,0.222150,0.363375
bcss,TCGA-GM-A2DF-DX1_xmin50637_ymin43774_MPP-0.2500.png.tensor,0.181816,0.628687,0.633835,0.741455,0.314998,0.219003,0.361345
bcss,TCGA-GM-A2DF-DX1_xmin50637_ymin43774_MPP-0.2500.png.tensor,0.191917,0.628781,0.633651,0.740974,0.312800,0.215788,0.359553
bcss,TCGA-GM-A2DF-DX1_xmin50637_ymin43774_MPP-0.2500.png.tensor,0.202018,0.628702,0.633261,0.740786,0.310674,0.212309,0.357824
bcss,TCGA-GM-A2DF-DX1_xmin50637_ymin43774_MPP-0.2500.png.tensor,0.212119,0.628288,0.632975,0.740625,0.308429,0.208723,0.356254
bcss,TCGA-GM-A2DF-DX1_xmin50637_ymin43774_MPP-0.2500.png.tensor,0.222219,0.628248,0.633058,0.740052,0.305887,0.205308,0.354422
bcss,TCGA-GM-A2DF-DX1_xmin50637_ymin43774_MPP-0.2500.png.tensor,0.232320,0.627545,0.633010,0.739512,0.303365,0.201783,0.352961
bcss,TCGA-GM-A2DF-DX1_xmin50637_ymin43774_MPP-0.2500.png.tensor,0.242421,0.626474,0.633279,0.738410,0.300565,0.198534,0.351708
bcss,TCGA-GM-A2DF-DX1_xmin50637_ymin43774_MPP-0.2500.png.tensor,0.252525,0.625659,0.633641,0.737242,0.297627,0.195240,0.350245
bcss,TCGA-GM-A2DF-DX1_xmin50637_ymin43774_MPP-0.2500.png.tensor,0.262625,0.625106,0.633597,0.735966,0.294885,0.191931,0.348575
bcss,TCGA-GM-A2DF-DX1_xmin50637_ymin43774_MPP-0.2500.png.tensor,0.272726,0.624184,0.633306,0.734556,0.292236,0.188621,0.347103
bcss,TCGA-GM-A2DF-DX1_xmin50637_ymin43774_MPP-0.2500.png.tensor,0.282827,0.623098,0.633499,0.732926,0.289176,0.185372,0.345710
bcss,TCGA-GM-A2DF-DX1_xmin50637_ymin43774_MPP-0.2500.png.tensor,0.292928,0.621917,0.633541,0.730982,0.286134,0.182252,0.344343
bcss,TCGA-GM-A2DF-DX1_xmin50637_ymin43774_MPP-0.2500.png.tensor,0.303029,0.620761,0.633141,0.728901,0.283322,0.179140,0.342916
bcss,TCGA-GM-A2DF-DX1_xmin50637_ymin43774_MPP-0.2500.png.tensor,0.313130,0.619480,0.633219,0.726711,0.280078,0.176016,0.341537
bcss,TCGA-GM-A2DF-DX1_xmin50637_ymin43774_MPP-0.2500.png.tensor,0.323231,0.617806,0.633009,0.724204,0.276951,0.173032,0.340411
bcss,TCGA-GM-A2DF-DX1_xmin50637_ymin43774_MPP-0.2500.png.tensor,0.333332,0.616610,0.632722,0.721905,0.273787,0.169803,0.338889
bcss,TCGA-GM-A2DF-DX1_xmin50637_ymin43774_MPP-0.2500.png.tensor,0.343433,0.615359,0.632232,0.718776,0.270680,0.167106,0.337362
bcss,TCGA-GM-A2DF-DX1_xmin50637_ymin43774_MPP-0.2500.png.tensor,0.353533,0.613889,0.631945,0.715815,0.267319,0.164194,0.335959
bcss,TCGA-GM-A2DF-DX1_xmin50637_ymin43774_MPP-0.2500.png.tensor,0.363634,0.612050,0.631703,0.712472,0.263816,0.161491,0.334788
bcss,TCGA-GM-A2DF-DX1_xmin50637_ymin43774_MPP-0.2500.png.tensor,0.373735,0.609918,0.630993,0.708917,0.260573,0.158870,0.333837
bcss,TCGA-GM-A2DF-DX1_xmin50637_ymin43774_MPP-0.2500.png.tensor,0.383836,0.608069,0.630341,0.705426,0.257178,0.156110,0.332612
bcss,TCGA-GM-A2DF-DX1_xmin50637_ymin43774_MPP-0.2500.png.tensor,0.393937,0.606285,0.629539,0.701520,0.253792,0.153601,0.331297
bcss,TCGA-GM-A2DF-DX1_xmin50637_ymin43774_MPP-0.2500.png.tensor,0.404038,0.604157,0.628400,0.697726,0.250574,0.150913,0.330219
bcss,TCGA-GM-A2DF-DX1_xmin50637_ymin43774_MPP-0.2500.png.tensor,0.414139,0.602039,0.627424,0.693759,0.247107,0.148280,0.329095
bcss,TCGA-GM-A2DF-DX1_xmin50637_ymin43774_MPP-0.2500.png.tensor,0.424240,0.599787,0.626005,0.689041,0.243903,0.146207,0.328058
bcss,TCGA-GM-A2DF-DX1_xmin50637_ymin43774_MPP-0.2500.png.tensor,0.434341,0.597390,0.624779,0.684369,0.240413,0.144019,0.327104
bcss,TCGA-GM-A2DF-DX1_xmin50637_ymin43774_MPP-0.2500.png.tensor,0.444441,0.595088,0.623045,0.679307,0.237254,0.142103,0.326035
bcss,TCGA-GM-A2DF-DX1_xmin50637_ymin43774_MPP-0.2500.png.tensor,0.454542,0.593074,0.621044,0.674375,0.234223,0.139996,0.324654
bcss,TCGA-GM-A2DF-DX1_xmin50637_ymin43774_MPP-0.2500.png.tensor,0.464643,0.590767,0.618811,0.669449,0.231294,0.137804,0.323509
bcss,TCGA-GM-A2DF-DX1_xmin50637_ymin43774_MPP-0.2500.png.tensor,0.474744,0.588291,0.616119,0.664086,0.228689,0.135944,0.322459
bcss,TCGA-GM-A2DF-DX1_xmin50637_ymin43774_MPP-0.2500.png.tensor,0.484845,0.585819,0.613515,0.658178,0.225897,0.134540,0.321361
bcss,TCGA-GM-A2DF-DX1_xmin50637_ymin43774_MPP-0.2500.png.tensor,0.494946,0.583412,0.610707,0.652293,0.223194,0.133058,0.320201
bcss,TCGA-GM-A2DF-DX1_xmin50637_ymin43774_MPP-0.2500.png.tensor,0.505049,0.580669,0.607453,0.646242,0.220832,0.131680,0.319292
bcss,TCGA-GM-A2DF-DX1_xmin50637_ymin43774_MPP-0.2500.png.tensor,0.515150,0.577938,0.603746,0.640309,0.218838,0.130124,0.318348
bcss,TCGA-GM-A2DF-DX1_xmin50637_ymin43774_MPP-0.2500.png.tensor,0.525251,0.574903,0.600133,0.634238,0.216662,0.128649,0.317678
bcss,TCGA-GM-A2DF-DX1_xmin50637_ymin43774_MPP-0.2500.png.tensor,0.535352,0.571824,0.596198,0.628029,0.214737,0.127258,0.317032
bcss,TCGA-GM-A2DF-DX1_xmin50637_ymin43774_MPP-0.2500.png.tensor,0.545453,0.568789,0.592194,0.621579,0.212802,0.126070,0.316307
bcss,TCGA-GM-A2DF-DX1_xmin50637_ymin43774_MPP-0.2500.png.tensor,0.555554,0.565635,0.588069,0.614848,0.210915,0.125144,0.315682
bcss,TCGA-GM-A2DF-DX1_xmin50637_ymin43774_MPP-0.2500.png.tensor,0.565655,0.562425,0.583780,0.608102,0.209130,0.124191,0.315082
bcss,TCGA-GM-A2DF-DX1_xmin50637_ymin43774_MPP-0.2500.png.tensor,0.575755,0.559072,0.579289,0.601162,0.207498,0.123424,0.314621
bcss,TCGA-GM-A2DF-DX1_xmin50637_ymin43774_MPP-0.2500.png.tensor,0.585856,0.555823,0.574798,0.594231,0.205786,0.122607,0.313983
bcss,TCGA-GM-A2DF-DX1_xmin50637_ymin43774_MPP-0.2500.png.tensor,0.595957,0.551996,0.569954,0.587372,0.204424,0.121660,0.313983
bcss,TCGA-GM-A2DF-DX1_xmin50637_ymin43774_MPP-0.2500.png.tensor,0.606058,0.548099,0.564913,0.580374,0.203245,0.120842,0.313983
bcss,TCGA-GM-A2DF-DX1_xmin50637_ymin43774_MPP-0.2500.png.tensor,0.616159,0.544361,0.559917,0.573318,0.201943,0.120056,0.313983
bcss,TCGA-GM-A2DF-DX1_xmin50637_ymin43774_MPP-0.2500.png.tensor,0.626260,0.540290,0.554913,0.566126,0.200582,0.119408,0.313983
bcss,TCGA-GM-A2DF-DX1_xmin50637_ymin43774_MPP-0.2500.png.tensor,0.636361,0.536463,0.549769,0.558790,0.199338,0.118923,0.313983
bcss,TCGA-GM-A2DF-DX1_xmin50637_ymin43774_MPP-0.2500.png.tensor,0.646462,0.532272,0.544573,0.551258,0.198096,0.118688,0.313983
bcss,TCGA-GM-A2DF-DX1_xmin50637_ymin43774_MPP-0.2500.png.tensor,0.656562,0.528470,0.539248,0.543821,0.196969,0.118300,0.313983
bcss,TCGA-GM-A2DF-DX1_xmin50637_ymin43774_MPP-0.2500.png.tensor,0.666663,0.524623,0.533402,0.536411,0.196556,0.117849,0.313983
bcss,TCGA-GM-A2DF-DX1_xmin50637_ymin43774_MPP-0.2500.png.tensor,0.676764,0.520422,0.527861,0.529106,0.195645,0.117206,0.313983
bcss,TCGA-GM-A2DF-DX1_xmin50637_ymin43774_MPP-0.2500.png.tensor,0.686865,0.516391,0.522077,0.521373,0.195062,0.117206,0.313983
bcss,TCGA-GM-A2DF-DX1_xmin50637_ymin43774_MPP-0.2500.png.tensor,0.696966,0.512355,0.516340,0.513640,0.194364,0.117206,0.313983
bcss,TCGA-GM-A2DF-DX1_xmin50637_ymin43774_MPP-0.2500.png.tensor,0.707067,0.508283,0.510364,0.506093,0.194025,0.116888,0.313983
bcss,TCGA-GM-A2DF-DX1_xmin50637_ymin43774_MPP-0.2500.png.tensor,0.717168,0.504257,0.504365,0.498576,0.193703,0.116495,0.313983
bcss,TCGA-GM-A2DF-DX1_xmin50637_ymin43774_MPP-0.2500.png.tensor,0.727269,0.500186,0.498560,0.490843,0.193002,0.116469,0.313983
bcss,TCGA-GM-A2DF-DX1_xmin50637_ymin43774_MPP-0.2500.png.tensor,0.737370,0.496184,0.492635,0.483220,0.192474,0.116231,0.313983
bcss,TCGA-GM-A2DF-DX1_xmin50637_ymin43774_MPP-0.2500.png.tensor,0.747470,0.492312,0.486508,0.475556,0.192306,0.116055,0.313983
bcss,TCGA-GM-A2DF-DX1_xmin50637_ymin43774_MPP-0.2500.png.tensor,0.757574,0.488692,0.480449,0.468111,0.191978,0.115408,0.313983
bcss,TCGA-GM-A2DF-DX1_xmin50637_ymin43774_MPP-0.2500.png.tensor,0.767675,0.484641,0.474530,0.460537,0.191324,0.114987,0.313983
bcss,TCGA-GM-A2DF-DX1_xmin50637_ymin43774_MPP-0.2500.png.tensor,0.777776,0.481282,0.468528,0.452948,0.190799,0.114562,0.313983
bcss,TCGA-GM-A2DF-DX1_xmin50637_ymin43774_MPP-0.2500.png.tensor,0.787876,0.477859,0.462510,0.445162,0.190261,0.114562,0.313983
bcss,TCGA-GM-A2DF-DX1_xmin50637_ymin43774_MPP-0.2500.png.tensor,0.797977,0.474226,0.456289,0.437457,0.190170,0.114359,0.313983
bcss,TCGA-GM-A2DF-DX1_xmin50637_ymin43774_MPP-0.2500.png.tensor,0.808078,0.471037,0.450030,0.429994,0.190170,0.113508,0.313983
bcss,TCGA-GM-A2DF-DX1_xmin50637_ymin43774_MPP-0.2500.png.tensor,0.818179,0.467882,0.443937,0.422543,0.189713,0.112524,0.313983
bcss,TCGA-GM-A2DF-DX1_xmin50637_ymin43774_MPP-0.2500.png.tensor,0.828280,0.464872,0.437945,0.415171,0.188908,0.111197,0.313983
bcss,TCGA-GM-A2DF-DX1_xmin50637_ymin43774_MPP-0.2500.png.tensor,0.838381,0.462211,0.432025,0.407718,0.187780,0.109957,0.312935
bcss,TCGA-GM-A2DF-DX1_xmin50637_ymin43774_MPP-0.2500.png.tensor,0.848482,0.459376,0.425972,0.400106,0.186943,0.109072,0.309971
bcss,TCGA-GM-A2DF-DX1_xmin50637_ymin43774_MPP-0.2500.png.tensor,0.858583,0.456645,0.419740,0.392215,0.186615,0.109051,0.306071
bcss,TCGA-GM-A2DF-DX1_xmin50637_ymin43774_MPP-0.2500.png.tensor,0.868684,0.454039,0.413409,0.384453,0.186615,0.108535,0.301078
bcss,TCGA-GM-A2DF-DX1_xmin50637_ymin43774_MPP-0.2500.png.tensor,0.878784,0.451368,0.407078,0.376666,0.186615,0.108034,0.295457
bcss,TCGA-GM-A2DF-DX1_xmin50637_ymin43774_MPP-0.2500.png.tensor,0.888885,0.448373,0.400747,0.368747,0.186615,0.108034,0.290400
bcss,TCGA-GM-A2DF-DX1_xmin50637_ymin43774_MPP-0.2500.png.tensor,0.898986,0.445553,0.394416,0.360829,0.186615,0.108034,0.283363
bcss,TCGA-GM-A2DF-DX1_xmin50637_ymin43774_MPP-0.2500.png.tensor,0.909087,0.442867,0.388085,0.352911,0.186615,0.108034,0.274104
bcss,TCGA-GM-A2DF-DX1_xmin50637_ymin43774_MPP-0.2500.png.tensor,0.919188,0.439986,0.381754,0.344992,0.186615,0.108034,0.263705
bcss,TCGA-GM-A2DF-DX1_xmin50637_ymin43774_MPP-0.2500.png.tensor,0.929289,0.437206,0.375423,0.337074,0.186615,0.108034,0.249525
bcss,TCGA-GM-A2DF-DX1_xmin50637_ymin43774_MPP-0.2500.png.tensor,0.939390,0.433947,0.369093,0.329155,0.186615,0.108034,0.234712
bcss,TCGA-GM-A2DF-DX1_xmin50637_ymin43774_MPP-0.2500.png.tensor,0.949491,0.430693,0.362762,0.321237,0.186615,0.108034,0.213940
bcss,TCGA-GM-A2DF-DX1_xmin50637_ymin43774_MPP-0.2500.png.tensor,0.959591,0.427534,0.356431,0.313319,0.186615,0.108034,0.181504
bcss,TCGA-GM-A2DF-DX1_xmin50637_ymin43774_MPP-0.2500.png.tensor,0.969692,0.424005,0.350100,0.305400,0.186615,0.108034,0.133591
bcss,TCGA-GM-A2DF-DX1_xmin50637_ymin43774_MPP-0.2500.png.tensor,0.979793,0.419521,0.343769,0.297482,0.186615,0.108034,0.061353
bcss,TCGA-GM-A2DF-DX1_xmin50637_ymin43774_MPP-0.2500.png.tensor,0.989894,0.411488,0.337438,0.289634,0.186615,0.104526,0.020333
bcss,TCGA-GM-A2DF-DX1_xmin50637_ymin43774_MPP-0.2500.png.tensor,0.999998,0.401798,0.331106,0.281643,0.025961,0.022346,0.000000
bcss,TCGA-GM-A2DH-DX1_xmin50963_ymin56303_MPP-0.2500.png.tensor,0.000000,0.438023,0.585800,0.709345,0.414200,0.290655,0.561977
bcss,TCGA-GM-A2DH-DX1_xmin50963_ymin56303_MPP-0.2500.png.tensor,0.010099,0.444425,0.584067,0.708744,0.414200,0.288823,0.559376
bcss,TCGA-GM-A2DH-DX1_xmin50963_ymin56303_MPP-0.2500.png.tensor,0.020200,0.450050,0.582334,0.708030,0.414200,0.287010,0.557118
bcss,TCGA-GM-A2DH-DX1_xmin50963_ymin56303_MPP-0.2500.png.tensor,0.030302,0.455431,0.580600,0.708034,0.414200,0.284789,0.554934
bcss,TCGA-GM-A2DH-DX1_xmin50963_ymin56303_MPP-0.2500.png.tensor,0.040403,0.460081,0.578867,0.707738,0.414200,0.282678,0.553094
bcss,TCGA-GM-A2DH-DX1_xmin50963_ymin56303_MPP-0.2500.png.tensor,0.050505,0.464890,0.577134,0.707420,0.414200,0.280533,0.551126
bcss,TCGA-GM-A2DH-DX1_xmin50963_ymin56303_MPP-0.2500.png.tensor,0.060604,0.469712,0.575401,0.707673,0.414200,0.278039,0.549109
bcss,TCGA-GM-A2DH-DX1_xmin50963_ymin56303_MPP-0.2500.png.tensor,0.070705,0.474531,0.573667,0.707882,0.414200,0.275514,0.547050
bcss,TCGA-GM-A2DH-DX1_xmin50963_ymin56303_MPP-0.2500.png.tensor,0.080806,0.478971,0.571934,0.707590,0.414200,0.273206,0.545150
bcss,TCGA-GM-A2DH-DX1_xmin50963_ymin56303_MPP-0.2500.png.tensor,0.090908,0.483213,0.570200,0.707197,0.414200,0.270902,0.543319
bcss,TCGA-GM-A2DH-DX1_xmin50963_ymin56303_MPP-0.2500.png.tensor,0.101009,0.487630,0.568467,0.707120,0.414200,0.268371,0.541349
bcss,TCGA-GM-A2DH-DX1_xmin50963_ymin56303_MPP-0.2500.png.tensor,0.111111,0.491687,0.566734,0.707236,0.414200,0.265673,0.539532
bcss,TCGA-GM-A2DH-DX1_xmin50963_ymin56303_MPP-0.2500.png.tensor,0.121210,0.495349,0.565001,0.708166,0.414200,0.262451,0.537907
bcss,TCGA-GM-A2DH-DX1_xmin50963_ymin56303_MPP-0.2500.png.tensor,0.131311,0.499174,0.563267,0.708256,0.414200,0.259637,0.536143
bcss,TCGA-GM-A2DH-DX1_xmin50963_ymin56303_MPP-0.2500.png.tensor,0.141412,0.502679,0.561534,0.708408,0.414200,0.256721,0.534533
bcss,TCGA-GM-A2DH-DX1_xmin50963_ymin56303_MPP-0.2500.png.tensor,0.151514,0.506048,0.559800,0.708708,0.414200,0.253648,0.532959
bcss,TCGA-GM-A2DH-DX1_xmin50963_ymin56303_MPP-0.2500.png.tensor,0.161615,0.509373,0.558067,0.709373,0.414200,0.250283,0.531371
bcss,TCGA-GM-A2DH-DX1_xmin50963_ymin56303_MPP-0.2500.png.tensor,0.171717,0.512872,0.556334,0.709749,0.414200,0.247010,0.529643
bcss,TCGA-GM-A2DH-DX1_xmin50963_ymin56303_MPP-0.2500.png.tensor,0.181816,0.515831,0.554601,0.709810,0.414200,0.243850,0.528199
bcss,TCGA-GM-A2DH-DX1_xmin50963_ymin56303_MPP-0.2500.png.tensor,0.191917,0.518516,0.552867,0.710112,0.414200,0.240462,0.526886
bcss,TCGA-GM-A2DH-DX1_xmin50963_ymin56303_MPP-0.2500.png.tensor,0.202018,0.521235,0.551134,0.710442,0.414200,0.236970,0.525517
bcss,TCGA-GM-A2DH-DX1_xmin50963_ymin56303_MPP-0.2500.png.tensor,0.212120,0.524172,0.549400,0.710560,0.414200,0.233522,0.523988
bcss,TCGA-GM-A2DH-DX1_xmin50963_ymin56303_MPP-0.2500.png.tensor,0.222221,0.527250,0.547667,0.711015,0.414200,0.229769,0.522323
bcss,TCGA-GM-A2DH-DX1_xmin50963_ymin56303_MPP-0.2500.png.tensor,0.232323,0.530211,0.545934,0.711506,0.414200,0.225893,0.520688
bcss,TCGA-GM-A2DH-DX1_xmin50963_ymin56303_MPP-0.2500.png.tensor,0.242422,0.533354,0.544827,0.711001,0.413787,0.222572,0.518882
bcss,TCGA-GM-A2DH-DX1_xmin50963_ymin56303_MPP-0.2500.png.tensor,0.252523,0.536543,0.546083,0.710786,0.411781,0.218967,0.517013
bcss,TCGA-GM-A2DH-DX1_xmin50963_ymin56303_MPP-0.2500.png.tensor,0.262624,0.539611,0.547203,0.710588,0.409813,0.215251,0.515164
bcss,TCGA-GM-A2DH-DX1_xmin50963_ymin56303_MPP-0.2500.png.tensor,0.272726,0.542825,0.548014,0.709919,0.408003,0.211756,0.513166
bcss,TCGA-GM-A2DH-DX1_xmin50963_ymin56303_MPP-0.2500.png.tensor,0.282827,0.545791,0.549165,0.709295,0.405905,0.208131,0.511283
bcss,TCGA-GM-A2DH-DX1_xmin50963_ymin56303_MPP-0.2500.png.tensor,0.292929,0.548985,0.550089,0.708209,0.403907,0.204730,0.509187
bcss,TCGA-GM-A2DH-DX1_xmin50963_ymin56303_MPP-0.2500.png.tensor,0.303028,0.552007,0.550824,0.706964,0.401987,0.201344,0.507153
bcss,TCGA-GM-A2DH-DX1_xmin50963_ymin56303_MPP-0.2500.png.tensor,0.313129,0.555031,0.551836,0.705582,0.399809,0.197959,0.505056
bcss,TCGA-GM-A2DH-DX1_xmin50963_ymin56303_MPP-0.2500.png.tensor,0.323230,0.557954,0.552552,0.704300,0.397784,0.194397,0.502973
bcss,TCGA-GM-A2DH-DX1_xmin50963_ymin56303_MPP-0.2500.png.tensor,0.333332,0.560813,0.553201,0.703100,0.395750,0.190667,0.500871
bcss,TCGA-GM-A2DH-DX1_xmin50963_ymin56303_MPP-0.2500.png.tensor,0.343433,0.563387,0.553914,0.701780,0.393602,0.186913,0.498921
bcss,TCGA-GM-A2DH-DX1_xmin50963_ymin56303_MPP-0.2500.png.tensor,0.353532,0.565948,0.554551,0.700212,0.391447,0.183235,0.496929
bcss,TCGA-GM-A2DH-DX1_xmin50963_ymin56303_MPP-0.2500.png.tensor,0.363633,0.568696,0.555057,0.698169,0.389327,0.179812,0.494718
bcss,TCGA-GM-A2DH-DX1_xmin50963_ymin56303_MPP-0.2500.png.tensor,0.373735,0.571468,0.555577,0.696330,0.387126,0.176116,0.492421
bcss,TCGA-GM-A2DH-DX1_xmin50963_ymin56303_MPP-0.2500.png.tensor,0.383836,0.573832,0.555897,0.694564,0.385017,0.172239,0.490372
bcss,TCGA-GM-A2DH-DX1_xmin50963_ymin56303_MPP-0.2500.png.tensor,0.393938,0.576221,0.556227,0.692175,0.382828,0.168746,0.488249
bcss,TCGA-GM-A2DH-DX1_xmin50963_ymin56303_MPP-0.2500.png.tensor,0.404039,0.578290,0.556578,0.689762,0.380547,0.165156,0.486314
bcss,TCGA-GM-A2DH-DX1_xmin50963_ymin56303_MPP-0.2500.png.tensor,0.414138,0.580264,0.556914,0.687308,0.378201,0.161479,0.484386
bcss,TCGA-GM-A2DH-DX1_xmin50963_ymin56303_MPP-0.2500.png.tensor,0.424239,0.582702,0.557057,0.684353,0.375940,0.158106,0.481987
bcss,TCGA-GM-A2DH-DX1_xmin50963_ymin56303_MPP-0.2500.png.tensor,0.434341,0.584523,0.557113,0.681223,0.373676,0.154767,0.480071
bcss,TCGA-GM-A2DH-DX1_xmin50963_ymin56303_MPP-0.2500.png.tensor,0.444442,0.586374,0.557168,0.677716,0.371329,0.151646,0.478037
bcss,TCGA-GM-A2DH-DX1_xmin50963_ymin56303_MPP-0.2500.png.tensor,0.454544,0.588205,0.556741,0.674040,0.369338,0.148565,0.475956
bcss,TCGA-GM-A2DH-DX1_xmin50963_ymin56303_MPP-0.2500.png.tensor,0.464645,0.589886,0.556333,0.670082,0.367253,0.145630,0.473935
bcss,TCGA-GM-A2DH-DX1_xmin50963_ymin56303_MPP-0.2500.png.tensor,0.474744,0.591316,0.555738,0.665935,0.365267,0.142764,0.472067
bcss,TCGA-GM-A2DH-DX1_xmin50963_ymin56303_MPP-0.2500.png.tensor,0.484845,0.592866,0.555099,0.661448,0.363246,0.140114,0.470020
bcss,TCGA-GM-A2DH-DX1_xmin50963_ymin56303_MPP-0.2500.png.tensor,0.494947,0.594435,0.553879,0.657191,0.361718,0.137131,0.467852
bcss,TCGA-GM-A2DH-DX1_xmin50963_ymin56303_MPP-0.2500.png.tensor,0.505048,0.595781,0.553013,0.652536,0.359771,0.134428,0.465851
bcss,TCGA-GM-A2DH-DX1_xmin50963_ymin56303_MPP-0.2500.png.tensor,0.515150,0.596890,0.551845,0.647881,0.358054,0.131611,0.463993
bcss,TCGA-GM-A2DH-DX1_xmin50963_ymin56303_MPP-0.2500.png.tensor,0.525251,0.597984,0.550501,0.643188,0.356449,0.128716,0.462063
bcss,TCGA-GM-A2DH-DX1_xmin50963_ymin56303_MPP-0.2500.png.tensor,0.535350,0.598522,0.549029,0.637923,0.354914,0.126312,0.460659
bcss,TCGA-GM-A2DH-DX1_xmin50963_ymin56303_MPP-0.2500.png.tensor,0.545451,0.598888,0.547434,0.632752,0.353443,0.123695,0.459398
bcss,TCGA-GM-A2DH-DX1_xmin50963_ymin56303_MPP-0.2500.png.tensor,0.555553,0.599410,0.545589,0.627322,0.352188,0.121252,0.457871
bcss,TCGA-GM-A2DH-DX1_xmin50963_ymin56303_MPP-0.2500.png.tensor,0.565654,0.600086,0.543879,0.621628,0.350718,0.118998,0.456130
bcss,TCGA-GM-A2DH-DX1_xmin50963_ymin56303_MPP-0.2500.png.tensor,0.575756,0.600229,0.542029,0.615798,0.349345,0.116798,0.454913
bcss,TCGA-GM-A2DH-DX1_xmin50963_ymin56303_MPP-0.2500.png.tensor,0.585857,0.600339,0.539881,0.609734,0.348263,0.114772,0.453686
bcss,TCGA-GM-A2DH-DX1_xmin50963_ymin56303_MPP-0.2500.png.tensor,0.595956,0.600460,0.537645,0.603705,0.347238,0.112604,0.452379
bcss,TCGA-GM-A2DH-DX1_xmin50963_ymin56303_MPP-0.2500.png.tensor,0.606057,0.599924,0.535358,0.597595,0.346224,0.110426,0.451758
bcss,TCGA-GM-A2DH-DX1_xmin50963_ymin56303_MPP-0.2500.png.tensor,0.616159,0.599562,0.533043,0.591506,0.345192,0.108105,0.451012
bcss,TCGA-GM-A2DH-DX1_xmin50963_ymin56303_MPP-0.2500.png.tensor,0.626260,0.598731,0.530848,0.585069,0.343945,0.106124,0.450746
bcss,TCGA-GM-A2DH-DX1_xmin50963_ymin56303_MPP-0.2500.png.tensor,0.636362,0.597748,0.528486,0.578212,0.342857,0.104610,0.450622
bcss,TCGA-GM-A2DH-DX1_xmin50963_ymin56303_MPP-0.2500.png.tensor,0.646463,0.596732,0.525687,0.571605,0.342326,0.102658,0.450622
bcss,TCGA-GM-A2DH-DX1_xmin50963_ymin56303_MPP-0.2500.png.tensor,0.656562,0.595389,0.523142,0.565105,0.341394,0.100437,0.450622
bcss,TCGA-GM-A2DH-DX1_xmin50963_ymin56303_MPP-0.2500.png.tensor,0.666663,0.593679,0.520578,0.558123,0.340434,0.098802,0.450622
bcss,TCGA-GM-A2DH-DX1_xmin50963_ymin56303_MPP-0.2500.png.tensor,0.676765,0.591785,0.517875,0.551387,0.339629,0.096683,0.450622
bcss,TCGA-GM-A2DH-DX1_xmin50963_ymin56303_MPP-0.2500.png.tensor,0.686866,0.589847,0.515484,0.544853,0.338274,0.094105,0.450622
bcss,TCGA-GM-A2DH-DX1_xmin50963_ymin56303_MPP-0.2500.png.tensor,0.696968,0.588287,0.513505,0.537936,0.336147,0.091989,0.450622
bcss,TCGA-GM-A2DH-DX1_xmin50963_ymin56303_MPP-0.2500.png.tensor,0.707067,0.586754,0.511274,0.530976,0.334306,0.089803,0.450622
bcss,TCGA-GM-A2DH-DX1_xmin50963_ymin56303_MPP-0.2500.png.tensor,0.717168,0.585166,0.509209,0.523670,0.332039,0.088068,0.450622
bcss,TCGA-GM-A2DH-DX1_xmin50963_ymin56303_MPP-0.2500.png.tensor,0.727269,0.583674,0.506801,0.516460,0.330233,0.086028,0.450622
bcss,TCGA-GM-A2DH-DX1_xmin50963_ymin56303_MPP-0.2500.png.tensor,0.737371,0.581887,0.504850,0.509153,0.327419,0.084017,0.450622
bcss,TCGA-GM-A2DH-DX1_xmin50963_ymin56303_MPP-0.2500.png.tensor,0.747472,0.580487,0.502566,0.501831,0.325037,0.081875,0.450622
bcss,TCGA-GM-A2DH-DX1_xmin50963_ymin56303_MPP-0.2500.png.tensor,0.757574,0.578884,0.500164,0.494494,0.322701,0.079585,0.450622
bcss,TCGA-GM-A2DH-DX1_xmin50963_ymin56303_MPP-0.2500.png.tensor,0.767673,0.577507,0.498222,0.486674,0.319172,0.078141,0.450622
bcss,TCGA-GM-A2DH-DX1_xmin50963_ymin56303_MPP-0.2500.png.tensor,0.777774,0.576539,0.496023,0.478705,0.315900,0.076893,0.450622
bcss,TCGA-GM-A2DH-DX1_xmin50963_ymin56303_MPP-0.2500.png.tensor,0.787875,0.575426,0.493579,0.470493,0.312895,0.076102,0.450622
bcss,TCGA-GM-A2DH-DX1_xmin50963_ymin56303_MPP-0.2500.png.tensor,0.797977,0.573735,0.491633,0.462434,0.308356,0.074852,0.450622
bcss,TCGA-GM-A2DH-DX1_xmin50963_ymin56303_MPP-0.2500.png.tensor,0.808078,0.572084,0.489303,0.454303,0.304338,0.073660,0.450622
bcss,TCGA-GM-A2DH-DX1_xmin50963_ymin56303_MPP-0.2500.png.tensor,0.818180,0.570403,0.487254,0.446008,0.299103,0.072783,0.450622
bcss,TCGA-GM-A2DH-DX1_xmin50963_ymin56303_MPP-0.2500.png.tensor,0.828279,0.568768,0.484685,0.437596,0.294768,0.072153,0.450622
bcss,TCGA-GM-A2DH-DX1_xmin50963_ymin56303_MPP-0.2500.png.tensor,0.838380,0.567165,0.482457,0.429167,0.288834,0.071488,0.450622
bcss,TCGA-GM-A2DH-DX1_xmin50963_ymin56303_MPP-0.2500.png.tensor,0.848481,0.566183,0.480210,0.420656,0.282170,0.071006,0.450622
bcss,TCGA-GM-A2DH-DX1_xmin50963_ymin56303_MPP-0.2500.png.tensor,0.858583,0.565361,0.477461,0.412201,0.276330,0.070255,0.450622
bcss,TCGA-GM-A2DH-DX1_xmin50963_ymin56303_MPP-0.2500.png.tensor,0.868684,0.564500,0.474915,0.403689,0.268821,0.069608,0.450622
bcss,TCGA-GM-A2DH-DX1_xmin50963_ymin56303_MPP-0.2500.png.tensor,0.878786,0.563843,0.472381,0.395287,0.260007,0.068401,0.450622
bcss,TCGA-GM-A2DH-DX1_xmin50963_ymin56303_MPP-0.2500.png.tensor,0.888885,0.563590,0.470141,0.387114,0.248275,0.065949,0.450622
bcss,TCGA-GM-A2DH-DX1_xmin50963_ymin56303_MPP-0.2500.png.tensor,0.898986,0.563423,0.467545,0.378709,0.235953,0.064146,0.450622
bcss,TCGA-GM-A2DH-DX1_xmin50963_ymin56303_MPP-0.2500.png.tensor,0.909087,0.563469,0.464583,0.370401,0.222906,0.061414,0.450622
bcss,TCGA-GM-A2DH-DX1_xmin50963_ymin56303_MPP-0.2500.png.tensor,0.919189,0.563748,0.461241,0.362099,0.208945,0.057954,0.450622
bcss,TCGA-GM-A2DH-DX1_xmin50963_ymin56303_MPP-0.2500.png.tensor,0.929290,0.563804,0.457543,0.353503,0.193515,0.055589,0.450622
bcss,TCGA-GM-A2DH-DX1_xmin50963_ymin56303_MPP-0.2500.png.tensor,0.939392,0.563525,0.453175,0.344674,0.178469,0.054357,0.450622
bcss,TCGA-GM-A2DH-DX1_xmin50963_ymin56303_MPP-0.2500.png.tensor,0.949491,0.563205,0.448377,0.335681,0.161675,0.054280,0.450622
bcss,TCGA-GM-A2DH-DX1_xmin50963_ymin56303_MPP-0.2500.png.tensor,0.959592,0.563052,0.442819,0.326676,0.145874,0.054280,0.450622
bcss,TCGA-GM-A2DH-DX1_xmin50963_ymin56303_MPP-0.2500.png.tensor,0.969693,0.562642,0.436501,0.317671,0.132079,0.054280,0.450622
bcss,TCGA-GM-A2DH-DX1_xmin50963_ymin56303_MPP-0.2500.png.tensor,0.979795,0.562421,0.429866,0.308666,0.112316,0.054280,0.450622
bcss,TCGA-GM-A2DH-DX1_xmin50963_ymin56303_MPP-0.2500.png.tensor,0.989896,0.561720,0.422152,0.299662,0.106472,0.054280,0.450622
bcss,TCGA-GM-A2DH-DX1_xmin50963_ymin56303_MPP-0.2500.png.tensor,0.999998,0.561975,0.414202,0.290657,0.106472,0.054280,0.450622
bcss,TCGA-GM-A2DI-DX1_xmin22802_ymin51060_MPP-0.2500.png.tensor,0.000000,0.607976,0.573895,0.577455,0.426105,0.422545,0.392024
bcss,TCGA-GM-A2DI-DX1_xmin22802_ymin51060_MPP-0.2500.png.tensor,0.010085,0.609886,0.572405,0.576792,0.426105,0.422091,0.389949
bcss,TCGA-GM-A2DI-DX1_xmin22802_ymin51060_MPP-0.2500.png.tensor,0.020187,0.612098,0.570912,0.576769,0.426105,0.421300,0.387690
bcss,TCGA-GM-A2DI-DX1_xmin22802_ymin51060_MPP-0.2500.png.tensor,0.030289,0.613602,0.569419,0.576618,0.426105,0.420558,0.385751
bcss,TCGA-GM-A2DI-DX1_xmin22802_ymin51060_MPP-0.2500.png.tensor,0.040391,0.615636,0.567926,0.577159,0.426105,0.419439,0.383481
bcss,TCGA-GM-A2DI-DX1_xmin22802_ymin51060_MPP-0.2500.png.tensor,0.050494,0.616185,0.566433,0.575795,0.426105,0.419301,0.381959
bcss,TCGA-GM-A2DI-DX1_xmin22802_ymin51060_MPP-0.2500.png.tensor,0.060596,0.617618,0.564940,0.576466,0.426105,0.418075,0.379920
bcss,TCGA-GM-A2DI-DX1_xmin22802_ymin51060_MPP-0.2500.png.tensor,0.070698,0.619086,0.563447,0.575164,0.426105,0.417885,0.377829
bcss,TCGA-GM-A2DI-DX1_xmin22802_ymin51060_MPP-0.2500.png.tensor,0.080800,0.620166,0.561954,0.576205,0.426105,0.416417,0.375902
bcss,TCGA-GM-A2DI-DX1_xmin22802_ymin51060_MPP-0.2500.png.tensor,0.090903,0.620254,0.560461,0.576161,0.426105,0.415512,0.374475
bcss,TCGA-GM-A2DI-DX1_xmin22802_ymin51060_MPP-0.2500.png.tensor,0.101005,0.620059,0.558968,0.574763,0.426105,0.415340,0.373150
bcss,TCGA-GM-A2DI-DX1_xmin22802_ymin51060_MPP-0.2500.png.tensor,0.111107,0.619193,0.557475,0.573456,0.426105,0.415113,0.372211
bcss,TCGA-GM-A2DI-DX1_xmin22802_ymin51060_MPP-0.2500.png.tensor,0.121209,0.618290,0.555982,0.573220,0.426105,0.414271,0.371228
bcss,TCGA-GM-A2DI-DX1_xmin22802_ymin51060_MPP-0.2500.png.tensor,0.131294,0.617901,0.554491,0.572440,0.426105,0.413726,0.369983
bcss,TCGA-GM-A2DI-DX1_xmin22802_ymin51060_MPP-0.2500.png.tensor,0.141396,0.617706,0.552998,0.572324,0.426105,0.412778,0.368536
bcss,TCGA-GM-A2DI-DX1_xmin22802_ymin51060_MPP-0.2500.png.tensor,0.151499,0.616415,0.551505,0.571023,0.426105,0.412506,0.367748
bcss,TCGA-GM-A2DI-DX1_xmin22802_ymin51060_MPP-0.2500.png.tensor,0.161601,0.615442,0.550012,0.570096,0.426105,0.412005,0.366748
bcss,TCGA-GM-A2DI-DX1_xmin22802_ymin51060_MPP-0.2500.png.tensor,0.171703,0.615212,0.548519,0.568968,0.426105,0.411612,0.365215
bcss,TCGA-GM-A2DI-DX1_xmin22802_ymin51060_MPP-0.2500.png.tensor,0.181805,0.613991,0.547026,0.568765,0.426105,0.410645,0.364340
bcss,TCGA-GM-A2DI-DX1_xmin22802_ymin51060_MPP-0.2500.png.tensor,0.191908,0.613832,0.545533,0.568494,0.426105,0.409695,0.362749
bcss,TCGA-GM-A2DI-DX1_xmin22802_ymin51060_MPP-0.2500.png.tensor,0.202010,0.612611,0.544040,0.568217,0.426105,0.408726,0.361782
bcss,TCGA-GM-A2DI-DX1_xmin22802_ymin51060_MPP-0.2500.png.tensor,0.212112,0.611390,0.542547,0.568133,0.426105,0.407609,0.360789
bcss,TCGA-GM-A2DI-DX1_xmin22802_ymin51060_MPP-0.2500.png.tensor,0.222214,0.610665,0.541054,0.567515,0.426105,0.406806,0.359364
bcss,TCGA-GM-A2DI-DX1_xmin22802_ymin51060_MPP-0.2500.png.tensor,0.232317,0.609621,0.539561,0.566349,0.426105,0.406339,0.358226
bcss,TCGA-GM-A2DI-DX1_xmin22802_ymin51060_MPP-0.2500.png.tensor,0.242419,0.608153,0.538068,0.566049,0.426105,0.405288,0.357328
bcss,TCGA-GM-A2DI-DX1_xmin22802_ymin51060_MPP-0.2500.png.tensor,0.252503,0.606631,0.536578,0.565667,0.426105,0.404266,0.356447
bcss,TCGA-GM-A2DI-DX1_xmin22802_ymin51060_MPP-0.2500.png.tensor,0.262606,0.604950,0.535085,0.564701,0.426105,0.403610,0.355558
bcss,TCGA-GM-A2DI-DX1_xmin22802_ymin51060_MPP-0.2500.png.tensor,0.272708,0.603340,0.533592,0.564346,0.426105,0.402515,0.354697
bcss,TCGA-GM-A2DI-DX1_xmin22802_ymin51060_MPP-0.2500.png.tensor,0.282810,0.601483,0.532099,0.563633,0.426105,0.401638,0.353938
bcss,TCGA-GM-A2DI-DX1_xmin22802_ymin51060_MPP-0.2500.png.tensor,0.292912,0.600580,0.530606,0.562982,0.426105,0.400694,0.352498
bcss,TCGA-GM-A2DI-DX1_xmin22802_ymin51060_MPP-0.2500.png.tensor,0.303015,0.598900,0.529113,0.562725,0.426105,0.399439,0.351501
bcss,TCGA-GM-A2DI-DX1_xmin22802_ymin51060_MPP-0.2500.png.tensor,0.313117,0.597714,0.527619,0.562040,0.426105,0.398459,0.350246
bcss,TCGA-GM-A2DI-DX1_xmin22802_ymin51060_MPP-0.2500.png.tensor,0.323219,0.596316,0.526126,0.561540,0.426105,0.397312,0.349052
bcss,TCGA-GM-A2DI-DX1_xmin22802_ymin51060_MPP-0.2500.png.tensor,0.333322,0.594140,0.524633,0.560344,0.426105,0.396653,0.348328
bcss,TCGA-GM-A2DI-DX1_xmin22802_ymin51060_MPP-0.2500.png.tensor,0.343424,0.592566,0.523140,0.559646,0.426105,0.395595,0.347264
bcss,TCGA-GM-A2DI-DX1_xmin22802_ymin51060_MPP-0.2500.png.tensor,0.353526,0.590956,0.521647,0.557594,0.426105,0.395550,0.346078
bcss,TCGA-GM-A2DI-DX1_xmin22802_ymin51060_MPP-0.2500.png.tensor,0.363628,0.588886,0.520154,0.556588,0.426105,0.394682,0.345325
bcss,TCGA-GM-A2DI-DX1_xmin22802_ymin51060_MPP-0.2500.png.tensor,0.373731,0.587240,0.518661,0.556076,0.426105,0.393392,0.344095
bcss,TCGA-GM-A2DI-DX1_xmin22802_ymin51060_MPP-0.2500.png.tensor,0.383815,0.585542,0.517171,0.556274,0.426105,0.391487,0.342912
bcss,TCGA-GM-A2DI-DX1_xmin22802_ymin51060_MPP-0.2500.png.tensor,0.393917,0.583826,0.515678,0.555460,0.426105,0.390349,0.341673
bcss,TCGA-GM-A2DI-DX1_xmin22802_ymin51060_MPP-0.2500.png.tensor,0.404020,0.581260,0.514185,0.555455,0.426105,0.388495,0.341175
bcss,TCGA-GM-A2DI-DX1_xmin22802_ymin51060_MPP-0.2500.png.tensor,0.414122,0.579084,0.512692,0.555112,0.426105,0.386865,0.340349
bcss,TCGA-GM-A2DI-DX1_xmin22802_ymin51060_MPP-0.2500.png.tensor,0.424224,0.577545,0.511199,0.554419,0.426105,0.385482,0.338885
bcss,TCGA-GM-A2DI-DX1_xmin22802_ymin51060_MPP-0.2500.png.tensor,0.434326,0.575935,0.509706,0.553309,0.426105,0.384417,0.337440
bcss,TCGA-GM-A2DI-DX1_xmin22802_ymin51060_MPP-0.2500.png.tensor,0.444429,0.574467,0.508213,0.552828,0.426105,0.382749,0.335796
bcss,TCGA-GM-A2DI-DX1_xmin22802_ymin51060_MPP-0.2500.png.tensor,0.454531,0.573034,0.506720,0.551361,0.426105,0.381922,0.334058
bcss,TCGA-GM-A2DI-DX1_xmin22802_ymin51060_MPP-0.2500.png.tensor,0.464633,0.571707,0.505227,0.549648,0.426105,0.381294,0.332144
bcss,TCGA-GM-A2DI-DX1_xmin22802_ymin51060_MPP-0.2500.png.tensor,0.474736,0.569955,0.503734,0.547755,0.426105,0.380813,0.330465
bcss,TCGA-GM-A2DI-DX1_xmin22802_ymin51060_MPP-0.2500.png.tensor,0.484838,0.568168,0.502241,0.547813,0.426105,0.378419,0.328930
bcss,TCGA-GM-A2DI-DX1_xmin22802_ymin51060_MPP-0.2500.png.tensor,0.494940,0.566735,0.500748,0.546007,0.426105,0.377776,0.327028
bcss,TCGA-GM-A2DI-DX1_xmin22802_ymin51060_MPP-0.2500.png.tensor,0.505025,0.564824,0.499257,0.545212,0.426105,0.376088,0.325329
bcss,TCGA-GM-A2DI-DX1_xmin22802_ymin51060_MPP-0.2500.png.tensor,0.515127,0.563179,0.497764,0.544128,0.426105,0.374625,0.323506
bcss,TCGA-GM-A2DI-DX1_xmin22802_ymin51060_MPP-0.2500.png.tensor,0.525229,0.561180,0.496271,0.542857,0.426105,0.373295,0.321821
bcss,TCGA-GM-A2DI-DX1_xmin22802_ymin51060_MPP-0.2500.png.tensor,0.535331,0.559074,0.494778,0.541613,0.426105,0.371879,0.320179
bcss,TCGA-GM-A2DI-DX1_xmin22802_ymin51060_MPP-0.2500.png.tensor,0.545434,0.557217,0.493285,0.541699,0.426105,0.368937,0.318297
bcss,TCGA-GM-A2DI-DX1_xmin22802_ymin51060_MPP-0.2500.png.tensor,0.555536,0.555005,0.491792,0.539051,0.426105,0.368937,0.316543
bcss,TCGA-GM-A2DI-DX1_xmin22802_ymin51060_MPP-0.2500.png.tensor,0.565638,0.553431,0.490299,0.538395,0.426105,0.366644,0.314165
bcss,TCGA-GM-A2DI-DX1_xmin22802_ymin51060_MPP-0.2500.png.tensor,0.575740,0.551891,0.488806,0.537245,0.426105,0.364823,0.311580
bcss,TCGA-GM-A2DI-DX1_xmin22802_ymin51060_MPP-0.2500.png.tensor,0.585843,0.550883,0.487313,0.535158,0.426105,0.364046,0.308169
bcss,TCGA-GM-A2DI-DX1_xmin22802_ymin51060_MPP-0.2500.png.tensor,0.595945,0.549450,0.485820,0.534248,0.426105,0.361773,0.305193
bcss,TCGA-GM-A2DI-DX1_xmin22802_ymin51060_MPP-0.2500.png.tensor,0.606047,0.546672,0.484327,0.533403,0.426105,0.359301,0.303648
bcss,TCGA-GM-A2DI-DX1_xmin22802_ymin51060_MPP-0.2500.png.tensor,0.616149,0.545204,0.482834,0.531851,0.426105,0.357619,0.300470
bcss,TCGA-GM-A2DI-DX1_xmin22802_ymin51060_MPP-0.2500.png.tensor,0.626234,0.543824,0.481344,0.529710,0.426105,0.356642,0.296924
bcss,TCGA-GM-A2DI-DX1_xmin22802_ymin51060_MPP-0.2500.png.tensor,0.636336,0.542249,0.479851,0.527760,0.426105,0.355340,0.293440
bcss,TCGA-GM-A2DI-DX1_xmin22802_ymin51060_MPP-0.2500.png.tensor,0.646439,0.540533,0.478358,0.526621,0.426105,0.352818,0.289909
bcss,TCGA-GM-A2DI-DX1_xmin22802_ymin51060_MPP-0.2500.png.tensor,0.656541,0.538640,0.476865,0.523796,0.426105,0.352601,0.286546
bcss,TCGA-GM-A2DI-DX1_xmin22802_ymin51060_MPP-0.2500.png.tensor,0.666643,0.537384,0.475372,0.522045,0.426105,0.350762,0.281970
bcss,TCGA-GM-A2DI-DX1_xmin22802_ymin51060_MPP-0.2500.png.tensor,0.676745,0.535561,0.473879,0.520114,0.426105,0.349084,0.277966
bcss,TCGA-GM-A2DI-DX1_xmin22802_ymin51060_MPP-0.2500.png.tensor,0.686848,0.533031,0.472386,0.518525,0.426105,0.346753,0.274812
bcss,TCGA-GM-A2DI-DX1_xmin22802_ymin51060_MPP-0.2500.png.tensor,0.696950,0.530784,0.470893,0.517191,0.426105,0.343845,0.271029
bcss,TCGA-GM-A2DI-DX1_xmin22802_ymin51060_MPP-0.2500.png.tensor,0.707052,0.528608,0.469400,0.514036,0.426105,0.343845,0.266807
bcss,TCGA-GM-A2DI-DX1_xmin22802_ymin51060_MPP-0.2500.png.tensor,0.717154,0.526184,0.467907,0.511142,0.426105,0.343384,0.262789
bcss,TCGA-GM-A2DI-DX1_xmin22802_ymin51060_MPP-0.2500.png.tensor,0.727257,0.524256,0.466414,0.509598,0.426105,0.340413,0.257539
bcss,TCGA-GM-A2DI-DX1_xmin22802_ymin51060_MPP-0.2500.png.tensor,0.737359,0.521938,0.464921,0.506626,0.426105,0.339932,0.252592
bcss,TCGA-GM-A2DI-DX1_xmin22802_ymin51060_MPP-0.2500.png.tensor,0.747461,0.519762,0.463428,0.503867,0.426105,0.338992,0.247006
bcss,TCGA-GM-A2DI-DX1_xmin22802_ymin51060_MPP-0.2500.png.tensor,0.757546,0.516684,0.461937,0.501494,0.426105,0.337189,0.242802
bcss,TCGA-GM-A2DI-DX1_xmin22802_ymin51060_MPP-0.2500.png.tensor,0.767648,0.514720,0.460444,0.498485,0.426105,0.336584,0.235952
bcss,TCGA-GM-A2DI-DX1_xmin22802_ymin51060_MPP-0.2500.png.tensor,0.777750,0.511659,0.458951,0.495184,0.426105,0.336584,0.230800
bcss,TCGA-GM-A2DI-DX1_xmin22802_ymin51060_MPP-0.2500.png.tensor,0.787853,0.508280,0.457458,0.491882,0.426105,0.336584,0.225965
bcss,TCGA-GM-A2DI-DX1_xmin22802_ymin51060_MPP-0.2500.png.tensor,0.797955,0.504759,0.455965,0.488580,0.426105,0.336584,0.220996
bcss,TCGA-GM-A2DI-DX1_xmin22802_ymin51060_MPP-0.2500.png.tensor,0.808057,0.501203,0.454472,0.485278,0.426105,0.336584,0.215589
bcss,TCGA-GM-A2DI-DX1_xmin22802_ymin51060_MPP-0.2500.png.tensor,0.818159,0.498390,0.452979,0.481977,0.426105,0.336584,0.207419
bcss,TCGA-GM-A2DI-DX1_xmin22802_ymin51060_MPP-0.2500.png.tensor,0.828262,0.495258,0.451486,0.478675,0.426105,0.336584,0.199444
bcss,TCGA-GM-A2DI-DX1_xmin22802_ymin51060_MPP-0.2500.png.tensor,0.838364,0.491561,0.449993,0.475373,0.426105,0.336584,0.191971
bcss,TCGA-GM-A2DI-DX1_xmin22802_ymin51060_MPP-0.2500.png.tensor,0.848466,0.487722,0.448500,0.472072,0.426105,0.336584,0.184195
bcss,TCGA-GM-A2DI-DX1_xmin22802_ymin51060_MPP-0.2500.png.tensor,0.858568,0.484413,0.447007,0.468770,0.426105,0.336584,0.173358
bcss,TCGA-GM-A2DI-DX1_xmin22802_ymin51060_MPP-0.2500.png.tensor,0.868671,0.480857,0.445514,0.465468,0.426105,0.336584,0.161751
bcss,TCGA-GM-A2DI-DX1_xmin22802_ymin51060_MPP-0.2500.png.tensor,0.878755,0.476540,0.444024,0.462172,0.426105,0.336584,0.151444
bcss,TCGA-GM-A2DI-DX1_xmin22802_ymin51060_MPP-0.2500.png.tensor,0.888857,0.470719,0.442531,0.458870,0.426105,0.336584,0.145151
bcss,TCGA-GM-A2DI-DX1_xmin22802_ymin51060_MPP-0.2500.png.tensor,0.898960,0.464616,0.441038,0.455569,0.426105,0.336584,0.140756
bcss,TCGA-GM-A2DI-DX1_xmin22802_ymin51060_MPP-0.2500.png.tensor,0.909062,0.458547,0.439545,0.452267,0.426105,0.336584,0.134189
bcss,TCGA-GM-A2DI-DX1_xmin22802_ymin51060_MPP-0.2500.png.tensor,0.919164,0.452514,0.438052,0.448965,0.426105,0.336584,0.125848
bcss,TCGA-GM-A2DI-DX1_xmin22802_ymin51060_MPP-0.2500.png.tensor,0.929266,0.445809,0.436559,0.445663,0.426105,0.336584,0.119750
bcss,TCGA-GM-A2DI-DX1_xmin22802_ymin51060_MPP-0.2500.png.tensor,0.939369,0.440023,0.435066,0.442362,0.426105,0.336584,0.104142
bcss,TCGA-GM-A2DI-DX1_xmin22802_ymin51060_MPP-0.2500.png.tensor,0.949471,0.433884,0.433573,0.439060,0.426105,0.336584,0.085604
bcss,TCGA-GM-A2DI-DX1_xmin22802_ymin51060_MPP-0.2500.png.tensor,0.959573,0.426117,0.432080,0.435758,0.426105,0.336584,0.077705
bcss,TCGA-GM-A2DI-DX1_xmin22802_ymin51060_MPP-0.2500.png.tensor,0.969676,0.417820,0.430587,0.432456,0.426105,0.336584,0.073143
bcss,TCGA-GM-A2DI-DX1_xmin22802_ymin51060_MPP-0.2500.png.tensor,0.979778,0.409557,0.429094,0.429155,0.426105,0.336584,0.064194
bcss,TCGA-GM-A2DI-DX1_xmin22802_ymin51060_MPP-0.2500.png.tensor,0.989880,0.400623,0.427600,0.425853,0.426105,0.336584,0.064194
bcss,TCGA-GM-A2DI-DX1_xmin22802_ymin51060_MPP-0.2500.png.tensor,0.999982,0.392042,0.426107,0.422551,0.426105,0.336584,0.000000
bcss,TCGA-GM-A3XL-DX1_xmin29910_ymin15820_MPP-0.2500.png.tensor,0.000000,0.549217,0.711149,0.836949,0.288851,0.163051,0.450783
bcss,TCGA-GM-A3XL-DX1_xmin29910_ymin15820_MPP-0.2500.png.tensor,0.010101,0.554872,0.706884,0.836247,0.288851,0.159968,0.447424
bcss,TCGA-GM-A3XL-DX1_xmin29910_ymin15820_MPP-0.2500.png.tensor,0.020201,0.559846,0.702618,0.835025,0.288851,0.157086,0.444344
bcss,TCGA-GM-A3XL-DX1_xmin29910_ymin15820_MPP-0.2500.png.tensor,0.030302,0.564544,0.698353,0.834179,0.288851,0.153950,0.441341
bcss,TCGA-GM-A3XL-DX1_xmin29910_ymin15820_MPP-0.2500.png.tensor,0.040403,0.569389,0.694087,0.833136,0.288851,0.150851,0.438199
bcss,TCGA-GM-A3XL-DX1_xmin29910_ymin15820_MPP-0.2500.png.tensor,0.050505,0.574180,0.689821,0.831798,0.288851,0.147841,0.435019
bcss,TCGA-GM-A3XL-DX1_xmin29910_ymin15820_MPP-0.2500.png.tensor,0.060605,0.578754,0.685556,0.829989,0.288851,0.145017,0.431886
bcss,TCGA-GM-A3XL-DX1_xmin29910_ymin15820_MPP-0.2500.png.tensor,0.070706,0.582832,0.681290,0.828594,0.288851,0.141909,0.428952
bcss,TCGA-GM-A3XL-DX1_xmin29910_ymin15820_MPP-0.2500.png.tensor,0.080807,0.586861,0.677025,0.826861,0.288851,0.138917,0.425980
bcss,TCGA-GM-A3XL-DX1_xmin29910_ymin15820_MPP-0.2500.png.tensor,0.090909,0.590754,0.672758,0.825050,0.288851,0.135901,0.423014
bcss,TCGA-GM-A3XL-DX1_xmin29910_ymin15820_MPP-0.2500.png.tensor,0.101010,0.594590,0.668493,0.823231,0.288851,0.132821,0.420018
bcss,TCGA-GM-A3XL-DX1_xmin29910_ymin15820_MPP-0.2500.png.tensor,0.111110,0.598439,0.664227,0.821195,0.288851,0.129794,0.416944
bcss,TCGA-GM-A3XL-DX1_xmin29910_ymin15820_MPP-0.2500.png.tensor,0.121211,0.602041,0.659962,0.819269,0.288851,0.126635,0.413937
bcss,TCGA-GM-A3XL-DX1_xmin29910_ymin15820_MPP-0.2500.png.tensor,0.131311,0.605133,0.655696,0.817223,0.288851,0.123472,0.411159
bcss,TCGA-GM-A3XL-DX1_xmin29910_ymin15820_MPP-0.2500.png.tensor,0.141414,0.608092,0.651430,0.815006,0.288851,0.120332,0.408390
bcss,TCGA-GM-A3XL-DX1_xmin29910_ymin15820_MPP-0.2500.png.tensor,0.151514,0.611062,0.647165,0.812688,0.288851,0.117179,0.405550
bcss,TCGA-GM-A3XL-DX1_xmin29910_ymin15820_MPP-0.2500.png.tensor,0.161615,0.613557,0.643074,0.810758,0.288747,0.113718,0.402924
bcss,TCGA-GM-A3XL-DX1_xmin29910_ymin15820_MPP-0.2500.png.tensor,0.171716,0.615865,0.639911,0.808169,0.288080,0.110570,0.400346
bcss,TCGA-GM-A3XL-DX1_xmin29910_ymin15820_MPP-0.2500.png.tensor,0.181818,0.618073,0.637024,0.805442,0.287227,0.107428,0.397767
bcss,TCGA-GM-A3XL-DX1_xmin29910_ymin15820_MPP-0.2500.png.tensor,0.191919,0.619774,0.634278,0.802677,0.286267,0.104232,0.395437
bcss,TCGA-GM-A3XL-DX1_xmin29910_ymin15820_MPP-0.2500.png.tensor,0.202019,0.621735,0.631419,0.799606,0.285353,0.101147,0.392885
bcss,TCGA-GM-A3XL-DX1_xmin29910_ymin15820_MPP-0.2500.png.tensor,0.212120,0.623643,0.628948,0.796492,0.284169,0.098009,0.390296
bcss,TCGA-GM-A3XL-DX1_xmin29910_ymin15820_MPP-0.2500.png.tensor,0.222220,0.625236,0.626506,0.793317,0.282936,0.094830,0.387850
bcss,TCGA-GM-A3XL-DX1_xmin29910_ymin15820_MPP-0.2500.png.tensor,0.232323,0.626480,0.624409,0.789834,0.281446,0.091767,0.385565
bcss,TCGA-GM-A3XL-DX1_xmin29910_ymin15820_MPP-0.2500.png.tensor,0.242423,0.627303,0.622279,0.786538,0.279938,0.088499,0.383496
bcss,TCGA-GM-A3XL-DX1_xmin29910_ymin15820_MPP-0.2500.png.tensor,0.252524,0.627788,0.620184,0.782835,0.278365,0.085415,0.381596
bcss,TCGA-GM-A3XL-DX1_xmin29910_ymin15820_MPP-0.2500.png.tensor,0.262625,0.628332,0.618525,0.778943,0.276455,0.082376,0.379605
bcss,TCGA-GM-A3XL-DX1_xmin29910_ymin15820_MPP-0.2500.png.tensor,0.272727,0.628554,0.616624,0.774937,0.274656,0.079328,0.377783
bcss,TCGA-GM-A3XL-DX1_xmin29910_ymin15820_MPP-0.2500.png.tensor,0.282827,0.628554,0.614877,0.770495,0.272700,0.076501,0.376061
bcss,TCGA-GM-A3XL-DX1_xmin29910_ymin15820_MPP-0.2500.png.tensor,0.292928,0.628288,0.613172,0.765791,0.270659,0.073777,0.374478
bcss,TCGA-GM-A3XL-DX1_xmin29910_ymin15820_MPP-0.2500.png.tensor,0.303029,0.627845,0.611358,0.760720,0.268637,0.071238,0.372976
bcss,TCGA-GM-A3XL-DX1_xmin29910_ymin15820_MPP-0.2500.png.tensor,0.313129,0.627098,0.609384,0.755298,0.266672,0.068881,0.371650
bcss,TCGA-GM-A3XL-DX1_xmin29910_ymin15820_MPP-0.2500.png.tensor,0.323232,0.626473,0.607204,0.749811,0.264799,0.066499,0.370199
bcss,TCGA-GM-A3XL-DX1_xmin29910_ymin15820_MPP-0.2500.png.tensor,0.333332,0.625510,0.604737,0.744029,0.263086,0.064267,0.368955
bcss,TCGA-GM-A3XL-DX1_xmin29910_ymin15820_MPP-0.2500.png.tensor,0.343433,0.624257,0.602036,0.737842,0.261498,0.062276,0.367891
bcss,TCGA-GM-A3XL-DX1_xmin29910_ymin15820_MPP-0.2500.png.tensor,0.353533,0.622792,0.599351,0.731590,0.259848,0.060272,0.366953
bcss,TCGA-GM-A3XL-DX1_xmin29910_ymin15820_MPP-0.2500.png.tensor,0.363636,0.621000,0.596523,0.725071,0.258258,0.058413,0.366254
bcss,TCGA-GM-A3XL-DX1_xmin29910_ymin15820_MPP-0.2500.png.tensor,0.373736,0.619240,0.593361,0.718218,0.256884,0.056762,0.365492
bcss,TCGA-GM-A3XL-DX1_xmin29910_ymin15820_MPP-0.2500.png.tensor,0.383837,0.617168,0.590052,0.711348,0.255583,0.055072,0.364961
bcss,TCGA-GM-A3XL-DX1_xmin29910_ymin15820_MPP-0.2500.png.tensor,0.393938,0.614857,0.586507,0.704358,0.254434,0.053423,0.364631
bcss,TCGA-GM-A3XL-DX1_xmin29910_ymin15820_MPP-0.2500.png.tensor,0.404038,0.612703,0.582876,0.697034,0.253319,0.051999,0.364150
bcss,TCGA-GM-A3XL-DX1_xmin29910_ymin15820_MPP-0.2500.png.tensor,0.414141,0.610773,0.579442,0.689849,0.251996,0.050406,0.363455
bcss,TCGA-GM-A3XL-DX1_xmin29910_ymin15820_MPP-0.2500.png.tensor,0.424241,0.608564,0.575987,0.682498,0.250646,0.048902,0.362963
bcss,TCGA-GM-A3XL-DX1_xmin29910_ymin15820_MPP-0.2500.png.tensor,0.434342,0.606449,0.572485,0.674945,0.249288,0.047524,0.362391
bcss,TCGA-GM-A3XL-DX1_xmin29910_ymin15820_MPP-0.2500.png.tensor,0.444442,0.604115,0.568693,0.667236,0.248143,0.046235,0.361985
bcss,TCGA-GM-A3XL-DX1_xmin29910_ymin15820_MPP-0.2500.png.tensor,0.454545,0.601858,0.564770,0.659598,0.247075,0.044832,0.361505
bcss,TCGA-GM-A3XL-DX1_xmin29910_ymin15820_MPP-0.2500.png.tensor,0.464645,0.599615,0.560955,0.651690,0.245866,0.043631,0.360996
bcss,TCGA-GM-A3XL-DX1_xmin29910_ymin15820_MPP-0.2500.png.tensor,0.474746,0.597534,0.556937,0.643849,0.244803,0.042319,0.360298
bcss,TCGA-GM-A3XL-DX1_xmin29910_ymin15820_MPP-0.2500.png.tensor,0.484847,0.595511,0.552995,0.635860,0.243626,0.041099,0.359529
bcss,TCGA-GM-A3XL-DX1_xmin29910_ymin15820_MPP-0.2500.png.tensor,0.494947,0.593419,0.549005,0.627663,0.242449,0.040036,0.358788
bcss,TCGA-GM-A3XL-DX1_xmin29910_ymin15820_MPP-0.2500.png.tensor,0.505049,0.591241,0.544635,0.619247,0.241606,0.039150,0.358100
bcss,TCGA-GM-A3XL-DX1_xmin29910_ymin15820_MPP-0.2500.png.tensor,0.515150,0.589251,0.540164,0.610956,0.240834,0.038100,0.357202
bcss,TCGA-GM-A3XL-DX1_xmin29910_ymin15820_MPP-0.2500.png.tensor,0.525251,0.587186,0.535987,0.602597,0.239719,0.037075,0.356341
bcss,TCGA-GM-A3XL-DX1_xmin29910_ymin15820_MPP-0.2500.png.tensor,0.535351,0.584956,0.531849,0.594162,0.238514,0.036090,0.355603
bcss,TCGA-GM-A3XL-DX1_xmin29910_ymin15820_MPP-0.2500.png.tensor,0.545454,0.582778,0.527534,0.585608,0.237449,0.035188,0.354804
bcss,TCGA-GM-A3XL-DX1_xmin29910_ymin15820_MPP-0.2500.png.tensor,0.555554,0.580614,0.523415,0.577054,0.236116,0.034248,0.353928
bcss,TCGA-GM-A3XL-DX1_xmin29910_ymin15820_MPP-0.2500.png.tensor,0.565655,0.578591,0.519530,0.568423,0.234452,0.033353,0.352869
bcss,TCGA-GM-A3XL-DX1_xmin29910_ymin15820_MPP-0.2500.png.tensor,0.575756,0.576506,0.515516,0.559664,0.232860,0.032566,0.351804
bcss,TCGA-GM-A3XL-DX1_xmin29910_ymin15820_MPP-0.2500.png.tensor,0.585856,0.574497,0.511486,0.550984,0.231211,0.031645,0.350638
bcss,TCGA-GM-A3XL-DX1_xmin29910_ymin15820_MPP-0.2500.png.tensor,0.595958,0.572230,0.507446,0.542263,0.229489,0.030726,0.349694
bcss,TCGA-GM-A3XL-DX1_xmin29910_ymin15820_MPP-0.2500.png.tensor,0.606059,0.570135,0.503428,0.533545,0.227654,0.029760,0.348505
bcss,TCGA-GM-A3XL-DX1_xmin29910_ymin15820_MPP-0.2500.png.tensor,0.616160,0.568014,0.499432,0.524644,0.225692,0.028980,0.347286
bcss,TCGA-GM-A3XL-DX1_xmin29910_ymin15820_MPP-0.2500.png.tensor,0.626260,0.565899,0.495216,0.515794,0.223919,0.028090,0.345977
bcss,TCGA-GM-A3XL-DX1_xmin29910_ymin15820_MPP-0.2500.png.tensor,0.636363,0.564127,0.491225,0.506922,0.221737,0.027179,0.344133
bcss,TCGA-GM-A3XL-DX1_xmin29910_ymin15820_MPP-0.2500.png.tensor,0.646463,0.561652,0.487481,0.498030,0.219082,0.026246,0.343186
bcss,TCGA-GM-A3XL-DX1_xmin29910_ymin15820_MPP-0.2500.png.tensor,0.656564,0.559459,0.483814,0.489072,0.216158,0.025354,0.341779
bcss,TCGA-GM-A3XL-DX1_xmin29910_ymin15820_MPP-0.2500.png.tensor,0.666664,0.556984,0.479876,0.479965,0.213464,0.024633,0.340670
bcss,TCGA-GM-A3XL-DX1_xmin29910_ymin15820_MPP-0.2500.png.tensor,0.676765,0.554899,0.476320,0.471004,0.210011,0.023639,0.338945
bcss,TCGA-GM-A3XL-DX1_xmin29910_ymin15820_MPP-0.2500.png.tensor,0.686867,0.552776,0.472916,0.461827,0.206090,0.022925,0.337141
bcss,TCGA-GM-A3XL-DX1_xmin29910_ymin15820_MPP-0.2500.png.tensor,0.696968,0.551002,0.469381,0.452744,0.202128,0.022009,0.334626
bcss,TCGA-GM-A3XL-DX1_xmin29910_ymin15820_MPP-0.2500.png.tensor,0.707069,0.548878,0.465661,0.443601,0.198206,0.021133,0.332552
bcss,TCGA-GM-A3XL-DX1_xmin29910_ymin15820_MPP-0.2500.png.tensor,0.717169,0.547062,0.462285,0.434429,0.193397,0.020246,0.329790
bcss,TCGA-GM-A3XL-DX1_xmin29910_ymin15820_MPP-0.2500.png.tensor,0.727272,0.545021,0.458704,0.425140,0.188604,0.019506,0.327231
bcss,TCGA-GM-A3XL-DX1_xmin29910_ymin15820_MPP-0.2500.png.tensor,0.737372,0.542700,0.454824,0.415800,0.184014,0.018807,0.324998
bcss,TCGA-GM-A3XL-DX1_xmin29910_ymin15820_MPP-0.2500.png.tensor,0.747473,0.540412,0.451226,0.406459,0.178500,0.018056,0.322531
bcss,TCGA-GM-A3XL-DX1_xmin29910_ymin15820_MPP-0.2500.png.tensor,0.757573,0.538123,0.447328,0.397110,0.173144,0.017259,0.319858
bcss,TCGA-GM-A3XL-DX1_xmin29910_ymin15820_MPP-0.2500.png.tensor,0.767674,0.535769,0.443358,0.387633,0.167479,0.016666,0.317095
bcss,TCGA-GM-A3XL-DX1_xmin29910_ymin15820_MPP-0.2500.png.tensor,0.777776,0.533424,0.439094,0.378137,0.161955,0.016060,0.314059
bcss,TCGA-GM-A3XL-DX1_xmin29910_ymin15820_MPP-0.2500.png.tensor,0.787877,0.531031,0.434810,0.368545,0.155957,0.015627,0.310844
bcss,TCGA-GM-A3XL-DX1_xmin29910_ymin15820_MPP-0.2500.png.tensor,0.797978,0.528329,0.430725,0.358999,0.148865,0.015034,0.308033
bcss,TCGA-GM-A3XL-DX1_xmin29910_ymin15820_MPP-0.2500.png.tensor,0.808078,0.525474,0.426101,0.349464,0.142432,0.014351,0.305409
bcss,TCGA-GM-A3XL-DX1_xmin29910_ymin15820_MPP-0.2500.png.tensor,0.818180,0.522443,0.421172,0.339759,0.136121,0.014057,0.302915
bcss,TCGA-GM-A3XL-DX1_xmin29910_ymin15820_MPP-0.2500.png.tensor,0.828281,0.519787,0.416257,0.330145,0.129028,0.013466,0.299074
bcss,TCGA-GM-A3XL-DX1_xmin29910_ymin15820_MPP-0.2500.png.tensor,0.838382,0.516961,0.411152,0.320536,0.121637,0.012788,0.295249
bcss,TCGA-GM-A3XL-DX1_xmin29910_ymin15820_MPP-0.2500.png.tensor,0.848482,0.513762,0.405470,0.310827,0.115163,0.012346,0.292077
bcss,TCGA-GM-A3XL-DX1_xmin29910_ymin15820_MPP-0.2500.png.tensor,0.858583,0.510195,0.399688,0.301110,0.108119,0.011873,0.289932
bcss,TCGA-GM-A3XL-DX1_xmin29910_ymin15820_MPP-0.2500.png.tensor,0.868685,0.506597,0.393357,0.291311,0.102079,0.011630,0.287451
bcss,TCGA-GM-A3XL-DX1_xmin29910_ymin15820_MPP-0.2500.png.tensor,0.878786,0.502991,0.386699,0.281527,0.096382,0.011296,0.284634
bcss,TCGA-GM-A3XL-DX1_xmin29910_ymin15820_MPP-0.2500.png.tensor,0.888887,0.499168,0.380056,0.271734,0.089588,0.010936,0.282178
bcss,TCGA-GM-A3XL-DX1_xmin29910_ymin15820_MPP-0.2500.png.tensor,0.898987,0.495346,0.372976,0.261922,0.083592,0.010603,0.279387
bcss,TCGA-GM-A3XL-DX1_xmin29910_ymin15820_MPP-0.2500.png.tensor,0.909089,0.491456,0.365660,0.252050,0.077560,0.010516,0.276186
bcss,TCGA-GM-A3XL-DX1_xmin29910_ymin15820_MPP-0.2500.png.tensor,0.919190,0.487532,0.358110,0.242184,0.071469,0.010374,0.272617
bcss,TCGA-GM-A3XL-DX1_xmin29910_ymin15820_MPP-0.2500.png.tensor,0.929291,0.483627,0.350264,0.232353,0.065733,0.009949,0.267727
bcss,TCGA-GM-A3XL-DX1_xmin29910_ymin15820_MPP-0.2500.png.tensor,0.939391,0.479339,0.342290,0.222489,0.059147,0.009656,0.264219
bcss,TCGA-GM-A3XL-DX1_xmin29910_ymin15820_MPP-0.2500.png.tensor,0.949492,0.475080,0.334123,0.212629,0.051834,0.009210,0.259243
bcss,TCGA-GM-A3XL-DX1_xmin29910_ymin15820_MPP-0.2500.png.tensor,0.959594,0.470991,0.325646,0.202713,0.044678,0.009210,0.249858
bcss,TCGA-GM-A3XL-DX1_xmin29910_ymin15820_MPP-0.2500.png.tensor,0.969695,0.466735,0.316802,0.192798,0.038840,0.009210,0.236721
bcss,TCGA-GM-A3XL-DX1_xmin29910_ymin15820_MPP-0.2500.png.tensor,0.979795,0.462096,0.307705,0.182883,0.033413,0.009210,0.220002
bcss,TCGA-GM-A3XL-DX1_xmin29910_ymin15820_MPP-0.2500.png.tensor,0.989896,0.456530,0.298289,0.172969,0.032941,0.009210,0.210615
bcss,TCGA-GM-A3XL-DX1_xmin29910_ymin15820_MPP-0.2500.png.tensor,0.999998,0.450784,0.288852,0.163053,0.032941,0.009210,0.000000
bcss,TCGA-HN-A2NL-DX1_xmin11931_ymin5764_MPP-0.2500.png.tensor,0.000000,0.506688,0.559346,0.522703,0.440654,0.477297,0.493312
bcss,TCGA-HN-A2NL-DX1_xmin11931_ymin5764_MPP-0.2500.png.tensor,0.010096,0.510801,0.558147,0.526673,0.440654,0.475060,0.491151
bcss,TCGA-HN-A2NL-DX1_xmin11931_ymin5764_MPP-0.2500.png.tensor,0.020202,0.513236,0.556948,0.530322,0.440654,0.472941,0.489817
bcss,TCGA-HN-A2NL-DX1_xmin11931_ymin5764_MPP-0.2500.png.tensor,0.030297,0.515042,0.555750,0.533600,0.440654,0.470969,0.488770
bcss,TCGA-HN-A2NL-DX1_xmin11931_ymin5764_MPP-0.2500.png.tensor,0.040403,0.516601,0.554550,0.536914,0.440654,0.468937,0.487834
bcss,TCGA-HN-A2NL-DX1_xmin11931_ymin5764_MPP-0.2500.png.tensor,0.050499,0.518834,0.553352,0.540710,0.440654,0.466607,0.486549
bcss,TCGA-HN-A2NL-DX1_xmin11931_ymin5764_MPP-0.2500.png.tensor,0.060605,0.521035,0.552152,0.543948,0.440654,0.464525,0.485242
bcss,TCGA-HN-A2NL-DX1_xmin11931_ymin5764_MPP-0.2500.png.tensor,0.070701,0.522969,0.550954,0.548563,0.440654,0.461656,0.484038
bcss,TCGA-HN-A2NL-DX1_xmin11931_ymin5764_MPP-0.2500.png.tensor,0.080807,0.525020,0.549755,0.552792,0.440654,0.458934,0.482747
bcss,TCGA-HN-A2NL-DX1_xmin11931_ymin5764_MPP-0.2500.png.tensor,0.090902,0.527017,0.548734,0.555724,0.440557,0.456866,0.481430
bcss,TCGA-HN-A2NL-DX1_xmin11931_ymin5764_MPP-0.2500.png.tensor,0.101008,0.528834,0.549209,0.559981,0.439624,0.454013,0.480239
bcss,TCGA-HN-A2NL-DX1_xmin11931_ymin5764_MPP-0.2500.png.tensor,0.111104,0.530596,0.549541,0.562688,0.438752,0.451968,0.478998
bcss,TCGA-HN-A2NL-DX1_xmin11931_ymin5764_MPP-0.2500.png.tensor,0.121210,0.531964,0.550413,0.566791,0.437551,0.449081,0.477997
bcss,TCGA-HN-A2NL-DX1_xmin11931_ymin5764_MPP-0.2500.png.tensor,0.131306,0.533855,0.551367,0.570809,0.436276,0.446177,0.476653
bcss,TCGA-HN-A2NL-DX1_xmin11931_ymin5764_MPP-0.2500.png.tensor,0.141412,0.535115,0.552611,0.573450,0.434802,0.444005,0.475651
bcss,TCGA-HN-A2NL-DX1_xmin11931_ymin5764_MPP-0.2500.png.tensor,0.151507,0.536835,0.554253,0.576915,0.433058,0.441297,0.474342
bcss,TCGA-HN-A2NL-DX1_xmin11931_ymin5764_MPP-0.2500.png.tensor,0.161614,0.538053,0.555566,0.579879,0.431469,0.438822,0.473289
bcss,TCGA-HN-A2NL-DX1_xmin11931_ymin5764_MPP-0.2500.png.tensor,0.171709,0.539196,0.556303,0.582114,0.430188,0.436728,0.472296
bcss,TCGA-HN-A2NL-DX1_xmin11931_ymin5764_MPP-0.2500.png.tensor,0.181815,0.541012,0.557340,0.586323,0.428692,0.433373,0.470844
bcss,TCGA-HN-A2NL-DX1_xmin11931_ymin5764_MPP-0.2500.png.tensor,0.191911,0.542220,0.558037,0.590653,0.427370,0.429862,0.469739
bcss,TCGA-HN-A2NL-DX1_xmin11931_ymin5764_MPP-0.2500.png.tensor,0.202017,0.543202,0.559070,0.593055,0.425803,0.427469,0.468717
bcss,TCGA-HN-A2NL-DX1_xmin11931_ymin5764_MPP-0.2500.png.tensor,0.212112,0.544196,0.561120,0.595520,0.423551,0.424975,0.467703
bcss,TCGA-HN-A2NL-DX1_xmin11931_ymin5764_MPP-0.2500.png.tensor,0.222219,0.545948,0.562339,0.596970,0.421775,0.423068,0.466158
bcss,TCGA-HN-A2NL-DX1_xmin11931_ymin5764_MPP-0.2500.png.tensor,0.232314,0.546877,0.562990,0.599552,0.420322,0.420374,0.465068
bcss,TCGA-HN-A2NL-DX1_xmin11931_ymin5764_MPP-0.2500.png.tensor,0.242420,0.548266,0.563911,0.602044,0.418651,0.417668,0.463731
bcss,TCGA-HN-A2NL-DX1_xmin11931_ymin5764_MPP-0.2500.png.tensor,0.252516,0.549324,0.564060,0.604545,0.417453,0.414883,0.462495
bcss,TCGA-HN-A2NL-DX1_xmin11931_ymin5764_MPP-0.2500.png.tensor,0.262622,0.550798,0.564358,0.606814,0.416119,0.412178,0.461014
bcss,TCGA-HN-A2NL-DX1_xmin11931_ymin5764_MPP-0.2500.png.tensor,0.272718,0.551749,0.565468,0.609108,0.414192,0.409382,0.459789
bcss,TCGA-HN-A2NL-DX1_xmin11931_ymin5764_MPP-0.2500.png.tensor,0.282824,0.552539,0.566189,0.612105,0.412480,0.406015,0.458688
bcss,TCGA-HN-A2NL-DX1_xmin11931_ymin5764_MPP-0.2500.png.tensor,0.292919,0.553405,0.566916,0.614090,0.410717,0.403269,0.457496
bcss,TCGA-HN-A2NL-DX1_xmin11931_ymin5764_MPP-0.2500.png.tensor,0.303025,0.554238,0.567295,0.617230,0.409149,0.399614,0.456286
bcss,TCGA-HN-A2NL-DX1_xmin11931_ymin5764_MPP-0.2500.png.tensor,0.313121,0.555979,0.568172,0.618350,0.407176,0.397323,0.454359
bcss,TCGA-HN-A2NL-DX1_xmin11931_ymin5764_MPP-0.2500.png.tensor,0.323227,0.556770,0.567790,0.620858,0.406072,0.393937,0.453089
bcss,TCGA-HN-A2NL-DX1_xmin11931_ymin5764_MPP-0.2500.png.tensor,0.333323,0.557486,0.568130,0.621789,0.404395,0.391633,0.451871
bcss,TCGA-HN-A2NL-DX1_xmin11931_ymin5764_MPP-0.2500.png.tensor,0.343429,0.558362,0.568341,0.622617,0.402763,0.389335,0.450450
bcss,TCGA-HN-A2NL-DX1_xmin11931_ymin5764_MPP-0.2500.png.tensor,0.353524,0.558714,0.568875,0.623877,0.400831,0.386632,0.449417
bcss,TCGA-HN-A2NL-DX1_xmin11931_ymin5764_MPP-0.2500.png.tensor,0.363631,0.559462,0.569303,0.626393,0.398920,0.382855,0.448026
bcss,TCGA-HN-A2NL-DX1_xmin11931_ymin5764_MPP-0.2500.png.tensor,0.373726,0.560285,0.568892,0.627423,0.397619,0.380144,0.446524
bcss,TCGA-HN-A2NL-DX1_xmin11931_ymin5764_MPP-0.2500.png.tensor,0.383832,0.560391,0.568543,0.628099,0.396223,0.377630,0.445470
bcss,TCGA-HN-A2NL-DX1_xmin11931_ymin5764_MPP-0.2500.png.tensor,0.393928,0.560829,0.568346,0.629700,0.394656,0.374270,0.444300
bcss,TCGA-HN-A2NL-DX1_xmin11931_ymin5764_MPP-0.2500.png.tensor,0.404034,0.561748,0.568220,0.629931,0.392976,0.371944,0.442551
bcss,TCGA-HN-A2NL-DX1_xmin11931_ymin5764_MPP-0.2500.png.tensor,0.414129,0.562015,0.567925,0.630509,0.391383,0.369245,0.441311
bcss,TCGA-HN-A2NL-DX1_xmin11931_ymin5764_MPP-0.2500.png.tensor,0.424236,0.562058,0.567275,0.631358,0.390041,0.366212,0.440232
bcss,TCGA-HN-A2NL-DX1_xmin11931_ymin5764_MPP-0.2500.png.tensor,0.434331,0.562111,0.566592,0.631262,0.388683,0.363909,0.439108
bcss,TCGA-HN-A2NL-DX1_xmin11931_ymin5764_MPP-0.2500.png.tensor,0.444437,0.561705,0.565965,0.631997,0.387222,0.360772,0.438350
bcss,TCGA-HN-A2NL-DX1_xmin11931_ymin5764_MPP-0.2500.png.tensor,0.454533,0.561951,0.565158,0.632028,0.385874,0.358167,0.437061
bcss,TCGA-HN-A2NL-DX1_xmin11931_ymin5764_MPP-0.2500.png.tensor,0.464639,0.562143,0.564981,0.632877,0.383885,0.354697,0.435651
bcss,TCGA-HN-A2NL-DX1_xmin11931_ymin5764_MPP-0.2500.png.tensor,0.474735,0.561876,0.564325,0.632177,0.382278,0.352571,0.434661
bcss,TCGA-HN-A2NL-DX1_xmin11931_ymin5764_MPP-0.2500.png.tensor,0.484841,0.561470,0.563270,0.632442,0.380992,0.349421,0.433839
bcss,TCGA-HN-A2NL-DX1_xmin11931_ymin5764_MPP-0.2500.png.tensor,0.494936,0.560968,0.561718,0.632642,0.380150,0.346213,0.432882
bcss,TCGA-HN-A2NL-DX1_xmin11931_ymin5764_MPP-0.2500.png.tensor,0.505042,0.560776,0.560782,0.632189,0.378648,0.343531,0.431780
bcss,TCGA-HN-A2NL-DX1_xmin11931_ymin5764_MPP-0.2500.png.tensor,0.515138,0.559804,0.559518,0.630908,0.377426,0.341594,0.431269
bcss,TCGA-HN-A2NL-DX1_xmin11931_ymin5764_MPP-0.2500.png.tensor,0.525244,0.559441,0.558348,0.629186,0.376048,0.340036,0.430264
bcss,TCGA-HN-A2NL-DX1_xmin11931_ymin5764_MPP-0.2500.png.tensor,0.535340,0.557721,0.556630,0.627739,0.375204,0.338117,0.430264
bcss,TCGA-HN-A2NL-DX1_xmin11931_ymin5764_MPP-0.2500.png.tensor,0.545446,0.556332,0.554980,0.625388,0.374244,0.337104,0.430132
bcss,TCGA-HN-A2NL-DX1_xmin11931_ymin5764_MPP-0.2500.png.tensor,0.555541,0.554270,0.553042,0.624709,0.373568,0.334167,0.430132
bcss,TCGA-HN-A2NL-DX1_xmin11931_ymin5764_MPP-0.2500.png.tensor,0.565648,0.553159,0.551241,0.622982,0.372699,0.332297,0.430132
bcss,TCGA-HN-A2NL-DX1_xmin11931_ymin5764_MPP-0.2500.png.tensor,0.575743,0.551866,0.549421,0.621236,0.371816,0.330364,0.430132
bcss,TCGA-HN-A2NL-DX1_xmin11931_ymin5764_MPP-0.2500.png.tensor,0.585849,0.550990,0.547040,0.618793,0.371562,0.329174,0.430132
bcss,TCGA-HN-A2NL-DX1_xmin11931_ymin5764_MPP-0.2500.png.tensor,0.595945,0.549292,0.545231,0.617112,0.370591,0.326986,0.429727
bcss,TCGA-HN-A2NL-DX1_xmin11931_ymin5764_MPP-0.2500.png.tensor,0.606051,0.547540,0.542717,0.614416,0.370462,0.325969,0.429727
bcss,TCGA-HN-A2NL-DX1_xmin11931_ymin5764_MPP-0.2500.png.tensor,0.616146,0.545606,0.540198,0.611139,0.370337,0.325660,0.429727
bcss,TCGA-HN-A2NL-DX1_xmin11931_ymin5764_MPP-0.2500.png.tensor,0.626253,0.544324,0.537577,0.609184,0.370337,0.323562,0.429727
bcss,TCGA-HN-A2NL-DX1_xmin11931_ymin5764_MPP-0.2500.png.tensor,0.636348,0.541856,0.534959,0.605631,0.370337,0.323550,0.429727
bcss,TCGA-HN-A2NL-DX1_xmin11931_ymin5764_MPP-0.2500.png.tensor,0.646454,0.539570,0.532338,0.602606,0.370337,0.322783,0.429727
bcss,TCGA-HN-A2NL-DX1_xmin11931_ymin5764_MPP-0.2500.png.tensor,0.656550,0.538149,0.529720,0.599952,0.370337,0.321437,0.429727
bcss,TCGA-HN-A2NL-DX1_xmin11931_ymin5764_MPP-0.2500.png.tensor,0.666656,0.536547,0.527099,0.597325,0.370337,0.319965,0.429727
bcss,TCGA-HN-A2NL-DX1_xmin11931_ymin5764_MPP-0.2500.png.tensor,0.676751,0.534058,0.524481,0.594538,0.370337,0.318653,0.429727
bcss,TCGA-HN-A2NL-DX1_xmin11931_ymin5764_MPP-0.2500.png.tensor,0.686858,0.532113,0.521860,0.591448,0.370337,0.317734,0.429727
bcss,TCGA-HN-A2NL-DX1_xmin11931_ymin5764_MPP-0.2500.png.tensor,0.696953,0.530351,0.519242,0.588341,0.370337,0.316788,0.429727
bcss,TCGA-HN-A2NL-DX1_xmin11931_ymin5764_MPP-0.2500.png.tensor,0.707059,0.528193,0.516621,0.585471,0.370337,0.315365,0.429727
bcss,TCGA-HN-A2NL-DX1_xmin11931_ymin5764_MPP-0.2500.png.tensor,0.717155,0.526152,0.514003,0.582025,0.370337,0.314868,0.429727
bcss,TCGA-HN-A2NL-DX1_xmin11931_ymin5764_MPP-0.2500.png.tensor,0.727261,0.524144,0.511383,0.578794,0.370337,0.313930,0.429727
bcss,TCGA-HN-A2NL-DX1_xmin11931_ymin5764_MPP-0.2500.png.tensor,0.737357,0.521526,0.508765,0.575213,0.370337,0.313597,0.429727
bcss,TCGA-HN-A2NL-DX1_xmin11931_ymin5764_MPP-0.2500.png.tensor,0.747463,0.519347,0.506144,0.571510,0.370337,0.313469,0.429727
bcss,TCGA-HN-A2NL-DX1_xmin11931_ymin5764_MPP-0.2500.png.tensor,0.757558,0.517413,0.503526,0.568043,0.370337,0.312850,0.429727
bcss,TCGA-HN-A2NL-DX1_xmin11931_ymin5764_MPP-0.2500.png.tensor,0.767664,0.515298,0.500905,0.564260,0.370337,0.312850,0.429727
bcss,TCGA-HN-A2NL-DX1_xmin11931_ymin5764_MPP-0.2500.png.tensor,0.777760,0.512959,0.498287,0.560482,0.370337,0.312850,0.429727
bcss,TCGA-HN-A2NL-DX1_xmin11931_ymin5764_MPP-0.2500.png.tensor,0.787866,0.511249,0.495666,0.556699,0.370337,0.312850,0.429727
bcss,TCGA-HN-A2NL-DX1_xmin11931_ymin5764_MPP-0.2500.png.tensor,0.797962,0.509230,0.493048,0.552920,0.370337,0.312850,0.429727
bcss,TCGA-HN-A2NL-DX1_xmin11931_ymin5764_MPP-0.2500.png.tensor,0.808068,0.507457,0.490427,0.549138,0.370337,0.312850,0.429727
bcss,TCGA-HN-A2NL-DX1_xmin11931_ymin5764_MPP-0.2500.png.tensor,0.818163,0.505737,0.487809,0.545359,0.370337,0.312850,0.429727
bcss,TCGA-HN-A2NL-DX1_xmin11931_ymin5764_MPP-0.2500.png.tensor,0.828270,0.504092,0.485189,0.541576,0.370337,0.312850,0.429727
bcss,TCGA-HN-A2NL-DX1_xmin11931_ymin5764_MPP-0.2500.png.tensor,0.838365,0.502756,0.482571,0.537797,0.370337,0.312850,0.429727
bcss,TCGA-HN-A2NL-DX1_xmin11931_ymin5764_MPP-0.2500.png.tensor,0.848471,0.501709,0.479950,0.534015,0.370337,0.312850,0.429727
bcss,TCGA-HN-A2NL-DX1_xmin11931_ymin5764_MPP-0.2500.png.tensor,0.858567,0.500865,0.477332,0.530236,0.370337,0.312850,0.429727
bcss,TCGA-HN-A2NL-DX1_xmin11931_ymin5764_MPP-0.2500.png.tensor,0.868673,0.500075,0.474711,0.526453,0.370337,0.312850,0.429727
bcss,TCGA-HN-A2NL-DX1_xmin11931_ymin5764_MPP-0.2500.png.tensor,0.878768,0.499551,0.472093,0.522674,0.370337,0.312850,0.429727
bcss,TCGA-HN-A2NL-DX1_xmin11931_ymin5764_MPP-0.2500.png.tensor,0.888875,0.498868,0.469472,0.518892,0.370337,0.312850,0.429727
bcss,TCGA-HN-A2NL-DX1_xmin11931_ymin5764_MPP-0.2500.png.tensor,0.898970,0.498280,0.466854,0.515113,0.370337,0.312850,0.429727
bcss,TCGA-HN-A2NL-DX1_xmin11931_ymin5764_MPP-0.2500.png.tensor,0.909076,0.497682,0.464233,0.511330,0.370337,0.312850,0.429727
bcss,TCGA-HN-A2NL-DX1_xmin11931_ymin5764_MPP-0.2500.png.tensor,0.919172,0.497201,0.461615,0.507551,0.370337,0.312850,0.429727
bcss,TCGA-HN-A2NL-DX1_xmin11931_ymin5764_MPP-0.2500.png.tensor,0.929278,0.497393,0.458994,0.503769,0.370337,0.312850,0.429727
bcss,TCGA-HN-A2NL-DX1_xmin11931_ymin5764_MPP-0.2500.png.tensor,0.939374,0.497639,0.456376,0.499990,0.370337,0.312850,0.429727
bcss,TCGA-HN-A2NL-DX1_xmin11931_ymin5764_MPP-0.2500.png.tensor,0.949480,0.497297,0.453756,0.496207,0.370337,0.312850,0.429727
bcss,TCGA-HN-A2NL-DX1_xmin11931_ymin5764_MPP-0.2500.png.tensor,0.959575,0.496667,0.451138,0.492428,0.370337,0.312850,0.429727
bcss,TCGA-HN-A2NL-DX1_xmin11931_ymin5764_MPP-0.2500.png.tensor,0.969681,0.496325,0.448517,0.488646,0.370337,0.312850,0.429727
bcss,TCGA-HN-A2NL-DX1_xmin11931_ymin5764_MPP-0.2500.png.tensor,0.979777,0.495161,0.445899,0.484867,0.370337,0.312850,0.429727
bcss,TCGA-HN-A2NL-DX1_xmin11931_ymin5764_MPP-0.2500.png.tensor,0.989883,0.494263,0.443278,0.481084,0.370337,0.312850,0.429727
bcss,TCGA-HN-A2NL-DX1_xmin11931_ymin5764_MPP-0.2500.png.tensor,0.999989,0.493323,0.440657,0.477301,0.370337,0.312850,0.000000
bcss,TCGA-LL-A441-DX1_xmin82006_ymin43121_MPP-0.2500.png.tensor,0.000000,0.403120,0.731164,0.795679,0.268836,0.204321,0.596880
bcss,TCGA-LL-A441-DX1_xmin82006_ymin43121_MPP-0.2500.png.tensor,0.010098,0.409194,0.726496,0.796221,0.268836,0.201031,0.594800
bcss,TCGA-LL-A441-DX1_xmin82006_ymin43121_MPP-0.2500.png.tensor,0.020200,0.414969,0.721825,0.795864,0.268836,0.198131,0.592830
bcss,TCGA-LL-A441-DX1_xmin82006_ymin43121_MPP-0.2500.png.tensor,0.030302,0.420356,0.717155,0.795216,0.268836,0.195321,0.591020
bcss,TCGA-LL-A441-DX1_xmin82006_ymin43121_MPP-0.2500.png.tensor,0.040403,0.425504,0.713185,0.794032,0.268471,0.192730,0.589282
bcss,TCGA-LL-A441-DX1_xmin82006_ymin43121_MPP-0.2500.png.tensor,0.050501,0.430543,0.709631,0.792447,0.267880,0.190297,0.587590
bcss,TCGA-LL-A441-DX1_xmin82006_ymin43121_MPP-0.2500.png.tensor,0.060603,0.435620,0.706222,0.791494,0.267198,0.187474,0.585830
bcss,TCGA-LL-A441-DX1_xmin82006_ymin43121_MPP-0.2500.png.tensor,0.070705,0.440845,0.702857,0.789427,0.266478,0.185188,0.583951
bcss,TCGA-LL-A441-DX1_xmin82006_ymin43121_MPP-0.2500.png.tensor,0.080806,0.445795,0.699473,0.787712,0.265752,0.182662,0.582183
bcss,TCGA-LL-A441-DX1_xmin82006_ymin43121_MPP-0.2500.png.tensor,0.090908,0.450682,0.696319,0.785825,0.264884,0.180173,0.580409
bcss,TCGA-LL-A441-DX1_xmin82006_ymin43121_MPP-0.2500.png.tensor,0.101006,0.455538,0.692809,0.783849,0.264196,0.177680,0.578603
bcss,TCGA-LL-A441-DX1_xmin82006_ymin43121_MPP-0.2500.png.tensor,0.111108,0.460305,0.689544,0.781422,0.263352,0.175382,0.576822
bcss,TCGA-LL-A441-DX1_xmin82006_ymin43121_MPP-0.2500.png.tensor,0.121210,0.465298,0.686623,0.778837,0.262294,0.173121,0.574851
bcss,TCGA-LL-A441-DX1_xmin82006_ymin43121_MPP-0.2500.png.tensor,0.131311,0.470248,0.683300,0.776450,0.261442,0.170694,0.572887
bcss,TCGA-LL-A441-DX1_xmin82006_ymin43121_MPP-0.2500.png.tensor,0.141413,0.474719,0.680052,0.773634,0.260527,0.168460,0.571140
bcss,TCGA-LL-A441-DX1_xmin82006_ymin43121_MPP-0.2500.png.tensor,0.151511,0.479356,0.676691,0.771024,0.259658,0.166052,0.569255
bcss,TCGA-LL-A441-DX1_xmin82006_ymin43121_MPP-0.2500.png.tensor,0.161613,0.483863,0.673666,0.768389,0.258566,0.163600,0.567397
bcss,TCGA-LL-A441-DX1_xmin82006_ymin43121_MPP-0.2500.png.tensor,0.171715,0.488813,0.670720,0.765210,0.257400,0.161416,0.565236
bcss,TCGA-LL-A441-DX1_xmin82006_ymin43121_MPP-0.2500.png.tensor,0.181816,0.493475,0.667712,0.762273,0.256243,0.159030,0.563189
bcss,TCGA-LL-A441-DX1_xmin82006_ymin43121_MPP-0.2500.png.tensor,0.191918,0.497847,0.664684,0.759579,0.255069,0.156435,0.561277
bcss,TCGA-LL-A441-DX1_xmin82006_ymin43121_MPP-0.2500.png.tensor,0.202016,0.502872,0.661890,0.756041,0.253720,0.154304,0.558904
bcss,TCGA-LL-A441-DX1_xmin82006_ymin43121_MPP-0.2500.png.tensor,0.212118,0.507413,0.659060,0.752733,0.252359,0.151971,0.556771
bcss,TCGA-LL-A441-DX1_xmin82006_ymin43121_MPP-0.2500.png.tensor,0.222219,0.511793,0.656256,0.749375,0.250945,0.149610,0.554698
bcss,TCGA-LL-A441-DX1_xmin82006_ymin43121_MPP-0.2500.png.tensor,0.232321,0.516377,0.653019,0.745602,0.249776,0.147456,0.552433
bcss,TCGA-LL-A441-DX1_xmin82006_ymin43121_MPP-0.2500.png.tensor,0.242423,0.520686,0.650163,0.741828,0.248325,0.145246,0.550288
bcss,TCGA-LL-A441-DX1_xmin82006_ymin43121_MPP-0.2500.png.tensor,0.252521,0.525302,0.647201,0.737963,0.246906,0.143039,0.547880
bcss,TCGA-LL-A441-DX1_xmin82006_ymin43121_MPP-0.2500.png.tensor,0.262623,0.529512,0.644359,0.734266,0.245366,0.140656,0.545681
bcss,TCGA-LL-A441-DX1_xmin82006_ymin43121_MPP-0.2500.png.tensor,0.272724,0.534061,0.641346,0.730273,0.243900,0.138410,0.543187
bcss,TCGA-LL-A441-DX1_xmin82006_ymin43121_MPP-0.2500.png.tensor,0.282826,0.538321,0.638342,0.726124,0.242387,0.136209,0.540827
bcss,TCGA-LL-A441-DX1_xmin82006_ymin43121_MPP-0.2500.png.tensor,0.292928,0.542750,0.634843,0.721501,0.241181,0.134281,0.538274
bcss,TCGA-LL-A441-DX1_xmin82006_ymin43121_MPP-0.2500.png.tensor,0.303026,0.546964,0.631443,0.717125,0.239870,0.132121,0.535809
bcss,TCGA-LL-A441-DX1_xmin82006_ymin43121_MPP-0.2500.png.tensor,0.313128,0.550949,0.628065,0.712520,0.238503,0.130064,0.533434
bcss,TCGA-LL-A441-DX1_xmin82006_ymin43121_MPP-0.2500.png.tensor,0.323229,0.554835,0.624383,0.708113,0.237321,0.127798,0.531063
bcss,TCGA-LL-A441-DX1_xmin82006_ymin43121_MPP-0.2500.png.tensor,0.333331,0.558729,0.620787,0.703167,0.236037,0.125867,0.528614
bcss,TCGA-LL-A441-DX1_xmin82006_ymin43121_MPP-0.2500.png.tensor,0.343433,0.563017,0.617584,0.698073,0.234415,0.123990,0.525786
bcss,TCGA-LL-A441-DX1_xmin82006_ymin43121_MPP-0.2500.png.tensor,0.353531,0.566949,0.614114,0.693414,0.232951,0.121720,0.523150
bcss,TCGA-LL-A441-DX1_xmin82006_ymin43121_MPP-0.2500.png.tensor,0.363633,0.570744,0.610420,0.688477,0.231614,0.119595,0.520535
bcss,TCGA-LL-A441-DX1_xmin82006_ymin43121_MPP-0.2500.png.tensor,0.373734,0.574440,0.606732,0.683749,0.230229,0.117233,0.517910
bcss,TCGA-LL-A441-DX1_xmin82006_ymin43121_MPP-0.2500.png.tensor,0.383836,0.578122,0.603167,0.678969,0.228699,0.114837,0.515216
bcss,TCGA-LL-A441-DX1_xmin82006_ymin43121_MPP-0.2500.png.tensor,0.393938,0.581641,0.599876,0.673786,0.226892,0.112693,0.512563
bcss,TCGA-LL-A441-DX1_xmin82006_ymin43121_MPP-0.2500.png.tensor,0.404036,0.585461,0.596360,0.668828,0.225215,0.110290,0.509581
bcss,TCGA-LL-A441-DX1_xmin82006_ymin43121_MPP-0.2500.png.tensor,0.414137,0.588798,0.593110,0.663697,0.223250,0.107949,0.506895
bcss,TCGA-LL-A441-DX1_xmin82006_ymin43121_MPP-0.2500.png.tensor,0.424239,0.591782,0.589662,0.658436,0.221389,0.105640,0.504421
bcss,TCGA-LL-A441-DX1_xmin82006_ymin43121_MPP-0.2500.png.tensor,0.434341,0.595027,0.585948,0.652853,0.219697,0.103532,0.501638
bcss,TCGA-LL-A441-DX1_xmin82006_ymin43121_MPP-0.2500.png.tensor,0.444442,0.598068,0.582114,0.647268,0.218050,0.101349,0.498931
bcss,TCGA-LL-A441-DX1_xmin82006_ymin43121_MPP-0.2500.png.tensor,0.454541,0.601105,0.577961,0.641516,0.216637,0.099242,0.496122
bcss,TCGA-LL-A441-DX1_xmin82006_ymin43121_MPP-0.2500.png.tensor,0.464642,0.604082,0.573652,0.635390,0.215316,0.097402,0.493274
bcss,TCGA-LL-A441-DX1_xmin82006_ymin43121_MPP-0.2500.png.tensor,0.474744,0.606700,0.569355,0.629369,0.213931,0.095390,0.490652
bcss,TCGA-LL-A441-DX1_xmin82006_ymin43121_MPP-0.2500.png.tensor,0.484846,0.609304,0.564764,0.623426,0.212777,0.093224,0.487938
bcss,TCGA-LL-A441-DX1_xmin82006_ymin43121_MPP-0.2500.png.tensor,0.494947,0.611999,0.560251,0.617381,0.211499,0.091073,0.485032
bcss,TCGA-LL-A441-DX1_xmin82006_ymin43121_MPP-0.2500.png.tensor,0.505046,0.614480,0.555619,0.611095,0.210293,0.089080,0.482218
bcss,TCGA-LL-A441-DX1_xmin82006_ymin43121_MPP-0.2500.png.tensor,0.515147,0.616978,0.550973,0.604959,0.209049,0.086846,0.479264
bcss,TCGA-LL-A441-DX1_xmin82006_ymin43121_MPP-0.2500.png.tensor,0.525249,0.619096,0.546207,0.598266,0.207877,0.085104,0.476603
bcss,TCGA-LL-A441-DX1_xmin82006_ymin43121_MPP-0.2500.png.tensor,0.535351,0.621227,0.541011,0.591754,0.207118,0.083091,0.473801
bcss,TCGA-LL-A441-DX1_xmin82006_ymin43121_MPP-0.2500.png.tensor,0.545452,0.623063,0.536054,0.585147,0.206061,0.081094,0.471192
bcss,TCGA-LL-A441-DX1_xmin82006_ymin43121_MPP-0.2500.png.tensor,0.555550,0.624874,0.530991,0.578429,0.205078,0.079134,0.468507
bcss,TCGA-LL-A441-DX1_xmin82006_ymin43121_MPP-0.2500.png.tensor,0.565652,0.626146,0.525764,0.571613,0.204236,0.077192,0.466307
bcss,TCGA-LL-A441-DX1_xmin82006_ymin43121_MPP-0.2500.png.tensor,0.575754,0.627312,0.520067,0.564549,0.203909,0.075450,0.464119
bcss,TCGA-LL-A441-DX1_xmin82006_ymin43121_MPP-0.2500.png.tensor,0.585856,0.628415,0.514363,0.557594,0.203573,0.073492,0.461928
bcss,TCGA-LL-A441-DX1_xmin82006_ymin43121_MPP-0.2500.png.tensor,0.595957,0.629525,0.508953,0.550501,0.202856,0.071605,0.459599
bcss,TCGA-LL-A441-DX1_xmin82006_ymin43121_MPP-0.2500.png.tensor,0.606055,0.630420,0.503458,0.543507,0.202214,0.069501,0.457427
bcss,TCGA-LL-A441-DX1_xmin82006_ymin43121_MPP-0.2500.png.tensor,0.616157,0.630945,0.497853,0.536279,0.201678,0.067587,0.455559
bcss,TCGA-LL-A441-DX1_xmin82006_ymin43121_MPP-0.2500.png.tensor,0.626259,0.631294,0.492171,0.528740,0.201216,0.065985,0.453957
bcss,TCGA-LL-A441-DX1_xmin82006_ymin43121_MPP-0.2500.png.tensor,0.636360,0.631354,0.486570,0.521257,0.200618,0.064217,0.452517
bcss,TCGA-LL-A441-DX1_xmin82006_ymin43121_MPP-0.2500.png.tensor,0.646462,0.631484,0.480654,0.513553,0.200431,0.062661,0.451008
bcss,TCGA-LL-A441-DX1_xmin82006_ymin43121_MPP-0.2500.png.tensor,0.656560,0.631484,0.474841,0.505736,0.200085,0.061182,0.449622
bcss,TCGA-LL-A441-DX1_xmin82006_ymin43121_MPP-0.2500.png.tensor,0.666662,0.631029,0.468782,0.498107,0.200085,0.059327,0.448762
bcss,TCGA-LL-A441-DX1_xmin82006_ymin43121_MPP-0.2500.png.tensor,0.676764,0.631280,0.462880,0.490112,0.199842,0.057923,0.446747
bcss,TCGA-LL-A441-DX1_xmin82006_ymin43121_MPP-0.2500.png.tensor,0.686865,0.630832,0.456815,0.481918,0.199842,0.056746,0.445676
bcss,TCGA-LL-A441-DX1_xmin82006_ymin43121_MPP-0.2500.png.tensor,0.696967,0.630638,0.450751,0.473923,0.199842,0.055161,0.444269
bcss,TCGA-LL-A441-DX1_xmin82006_ymin43121_MPP-0.2500.png.tensor,0.707065,0.630660,0.444689,0.465819,0.199842,0.053659,0.442329
bcss,TCGA-LL-A441-DX1_xmin82006_ymin43121_MPP-0.2500.png.tensor,0.717167,0.630677,0.438625,0.457469,0.199842,0.052478,0.440251
bcss,TCGA-LL-A441-DX1_xmin82006_ymin43121_MPP-0.2500.png.tensor,0.727269,0.631287,0.432561,0.448753,0.199842,0.051882,0.436909
bcss,TCGA-LL-A441-DX1_xmin82006_ymin43121_MPP-0.2500.png.tensor,0.737370,0.631727,0.426496,0.440102,0.199842,0.051116,0.433619
bcss,TCGA-LL-A441-DX1_xmin82006_ymin43121_MPP-0.2500.png.tensor,0.747472,0.631709,0.420432,0.431379,0.199842,0.050430,0.431023
bcss,TCGA-LL-A441-DX1_xmin82006_ymin43121_MPP-0.2500.png.tensor,0.757570,0.632069,0.414370,0.422616,0.199842,0.049779,0.427425
bcss,TCGA-LL-A441-DX1_xmin82006_ymin43121_MPP-0.2500.png.tensor,0.767672,0.632432,0.408306,0.413606,0.199842,0.049592,0.423460
bcss,TCGA-LL-A441-DX1_xmin82006_ymin43121_MPP-0.2500.png.tensor,0.777773,0.633281,0.402242,0.404601,0.199842,0.049380,0.418079
bcss,TCGA-LL-A441-DX1_xmin82006_ymin43121_MPP-0.2500.png.tensor,0.787875,0.633940,0.396178,0.395497,0.199842,0.049380,0.412639
bcss,TCGA-LL-A441-DX1_xmin82006_ymin43121_MPP-0.2500.png.tensor,0.797977,0.634084,0.390113,0.386394,0.199842,0.049376,0.407914
bcss,TCGA-LL-A441-DX1_xmin82006_ymin43121_MPP-0.2500.png.tensor,0.808075,0.634401,0.384051,0.377310,0.199842,0.049333,0.402236
bcss,TCGA-LL-A441-DX1_xmin82006_ymin43121_MPP-0.2500.png.tensor,0.818177,0.634793,0.377987,0.368205,0.199842,0.049333,0.395726
bcss,TCGA-LL-A441-DX1_xmin82006_ymin43121_MPP-0.2500.png.tensor,0.828278,0.634958,0.371923,0.359100,0.199842,0.049333,0.389129
bcss,TCGA-LL-A441-DX1_xmin82006_ymin43121_MPP-0.2500.png.tensor,0.838380,0.634828,0.365859,0.349995,0.199842,0.049333,0.382573
bcss,TCGA-LL-A441-DX1_xmin82006_ymin43121_MPP-0.2500.png.tensor,0.848482,0.634902,0.359794,0.340890,0.199842,0.049333,0.374521
bcss,TCGA-LL-A441-DX1_xmin82006_ymin43121_MPP-0.2500.png.tensor,0.858580,0.634507,0.353732,0.331788,0.199842,0.049333,0.366902
bcss,TCGA-LL-A441-DX1_xmin82006_ymin43121_MPP-0.2500.png.tensor,0.868682,0.633848,0.347668,0.322683,0.199842,0.049333,0.359241
bcss,TCGA-LL-A441-DX1_xmin82006_ymin43121_MPP-0.2500.png.tensor,0.878783,0.632492,0.341604,0.313578,0.199842,0.049333,0.353052
bcss,TCGA-LL-A441-DX1_xmin82006_ymin43121_MPP-0.2500.png.tensor,0.888885,0.630529,0.335540,0.304473,0.199842,0.049333,0.348586
bcss,TCGA-LL-A441-DX1_xmin82006_ymin43121_MPP-0.2500.png.tensor,0.898987,0.627876,0.329475,0.295368,0.199842,0.049333,0.346100
bcss,TCGA-LL-A441-DX1_xmin82006_ymin43121_MPP-0.2500.png.tensor,0.909085,0.624733,0.323413,0.286266,0.199842,0.049333,0.346100
bcss,TCGA-LL-A441-DX1_xmin82006_ymin43121_MPP-0.2500.png.tensor,0.919187,0.621220,0.317349,0.277161,0.199842,0.049333,0.346100
bcss,TCGA-LL-A441-DX1_xmin82006_ymin43121_MPP-0.2500.png.tensor,0.929288,0.617390,0.311285,0.268448,0.199842,0.046562,0.346100
bcss,TCGA-LL-A441-DX1_xmin82006_ymin43121_MPP-0.2500.png.tensor,0.939390,0.612926,0.305221,0.260145,0.199842,0.039490,0.346100
bcss,TCGA-LL-A441-DX1_xmin82006_ymin43121_MPP-0.2500.png.tensor,0.949492,0.609117,0.299157,0.251358,0.199842,0.034366,0.346100
bcss,TCGA-LL-A441-DX1_xmin82006_ymin43121_MPP-0.2500.png.tensor,0.959590,0.605249,0.293094,0.242394,0.199842,0.028922,0.346100
bcss,TCGA-LL-A441-DX1_xmin82006_ymin43121_MPP-0.2500.png.tensor,0.969691,0.601665,0.287030,0.233019,0.199842,0.026570,0.346100
bcss,TCGA-LL-A441-DX1_xmin82006_ymin43121_MPP-0.2500.png.tensor,0.979793,0.598371,0.280966,0.223455,0.199842,0.026570,0.346100
bcss,TCGA-LL-A441-DX1_xmin82006_ymin43121_MPP-0.2500.png.tensor,0.989895,0.597846,0.275422,0.213890,0.174121,0.026570,0.346100
bcss,TCGA-LL-A441-DX1_xmin82006_ymin43121_MPP-0.2500.png.tensor,0.999996,0.596884,0.268838,0.204325,0.099438,0.026570,0.000000
bcss,TCGA-LL-A5YO-DX1_xmin36631_ymin44396_MPP-0.2500.png.tensor,0.000000,0.671918,0.654145,0.666543,0.345855,0.333457,0.328082
bcss,TCGA-LL-A5YO-DX1_xmin36631_ymin44396_MPP-0.2500.png.tensor,0.010098,0.672598,0.651032,0.668429,0.345855,0.330805,0.325985
bcss,TCGA-LL-A5YO-DX1_xmin36631_ymin44396_MPP-0.2500.png.tensor,0.020197,0.674099,0.647918,0.670688,0.345855,0.327909,0.323426
bcss,TCGA-LL-A5YO-DX1_xmin36631_ymin44396_MPP-0.2500.png.tensor,0.030301,0.675895,0.647987,0.672206,0.344214,0.325333,0.320649
bcss,TCGA-LL-A5YO-DX1_xmin36631_ymin44396_MPP-0.2500.png.tensor,0.040400,0.676702,0.649277,0.675040,0.341902,0.322018,0.318351
bcss,TCGA-LL-A5YO-DX1_xmin36631_ymin44396_MPP-0.2500.png.tensor,0.050504,0.677351,0.651717,0.677577,0.338934,0.318788,0.316077
bcss,TCGA-LL-A5YO-DX1_xmin36631_ymin44396_MPP-0.2500.png.tensor,0.060603,0.678183,0.654117,0.680367,0.335926,0.315355,0.313652
bcss,TCGA-LL-A5YO-DX1_xmin36631_ymin44396_MPP-0.2500.png.tensor,0.070701,0.678587,0.657132,0.683476,0.332521,0.311675,0.311411
bcss,TCGA-LL-A5YO-DX1_xmin36631_ymin44396_MPP-0.2500.png.tensor,0.080806,0.679123,0.660742,0.685786,0.328716,0.308349,0.309041
bcss,TCGA-LL-A5YO-DX1_xmin36631_ymin44396_MPP-0.2500.png.tensor,0.090904,0.679160,0.664117,0.688499,0.324957,0.304728,0.306906
bcss,TCGA-LL-A5YO-DX1_xmin36631_ymin44396_MPP-0.2500.png.tensor,0.101009,0.679230,0.668258,0.691100,0.320686,0.301087,0.304699
bcss,TCGA-LL-A5YO-DX1_xmin36631_ymin44396_MPP-0.2500.png.tensor,0.111107,0.679419,0.672531,0.693473,0.316246,0.297492,0.302374
bcss,TCGA-LL-A5YO-DX1_xmin36631_ymin44396_MPP-0.2500.png.tensor,0.121205,0.678978,0.676200,0.695689,0.312047,0.293904,0.300354
bcss,TCGA-LL-A5YO-DX1_xmin36631_ymin44396_MPP-0.2500.png.tensor,0.131310,0.678240,0.680554,0.697180,0.307355,0.290649,0.298455
bcss,TCGA-LL-A5YO-DX1_xmin36631_ymin44396_MPP-0.2500.png.tensor,0.141408,0.677761,0.684223,0.699197,0.302952,0.287011,0.296362
bcss,TCGA-LL-A5YO-DX1_xmin36631_ymin44396_MPP-0.2500.png.tensor,0.151513,0.677477,0.688000,0.700303,0.298379,0.283823,0.294107
bcss,TCGA-LL-A5YO-DX1_xmin36631_ymin44396_MPP-0.2500.png.tensor,0.161611,0.676923,0.691467,0.700881,0.293883,0.280875,0.291956
bcss,TCGA-LL-A5YO-DX1_xmin36631_ymin44396_MPP-0.2500.png.tensor,0.171716,0.676601,0.694671,0.702164,0.289434,0.277427,0.289614
bcss,TCGA-LL-A5YO-DX1_xmin36631_ymin44396_MPP-0.2500.png.tensor,0.181814,0.676399,0.696813,0.703651,0.285527,0.273771,0.287141
bcss,TCGA-LL-A5YO-DX1_xmin36631_ymin44396_MPP-0.2500.png.tensor,0.191913,0.676349,0.699281,0.705605,0.281319,0.269735,0.284512
bcss,TCGA-LL-A5YO-DX1_xmin36631_ymin44396_MPP-0.2500.png.tensor,0.202017,0.676242,0.701289,0.707081,0.277293,0.265895,0.281843
bcss,TCGA-LL-A5YO-DX1_xmin36631_ymin44396_MPP-0.2500.png.tensor,0.212115,0.675700,0.702328,0.708583,0.273778,0.261941,0.279396
bcss,TCGA-LL-A5YO-DX1_xmin36631_ymin44396_MPP-0.2500.png.tensor,0.222220,0.675050,0.703875,0.709235,0.269845,0.258429,0.276937
bcss,TCGA-LL-A5YO-DX1_xmin36631_ymin44396_MPP-0.2500.png.tensor,0.232318,0.673701,0.704753,0.709977,0.266246,0.254768,0.274892
bcss,TCGA-LL-A5YO-DX1_xmin36631_ymin44396_MPP-0.2500.png.tensor,0.242417,0.672832,0.705647,0.710718,0.262540,0.251010,0.272468
bcss,TCGA-LL-A5YO-DX1_xmin36631_ymin44396_MPP-0.2500.png.tensor,0.252521,0.672031,0.706053,0.711374,0.259058,0.247205,0.269927
bcss,TCGA-LL-A5YO-DX1_xmin36631_ymin44396_MPP-0.2500.png.tensor,0.262620,0.670808,0.705808,0.712255,0.255925,0.243146,0.267606
bcss,TCGA-LL-A5YO-DX1_xmin36631_ymin44396_MPP-0.2500.png.tensor,0.272724,0.669755,0.706165,0.712899,0.252288,0.239134,0.265093
bcss,TCGA-LL-A5YO-DX1_xmin36631_ymin44396_MPP-0.2500.png.tensor,0.282823,0.668545,0.706263,0.712793,0.248731,0.235535,0.262628
bcss,TCGA-LL-A5YO-DX1_xmin36631_ymin44396_MPP-0.2500.png.tensor,0.292927,0.667631,0.706021,0.712529,0.245312,0.231943,0.259889
bcss,TCGA-LL-A5YO-DX1_xmin36631_ymin44396_MPP-0.2500.png.tensor,0.303026,0.666471,0.705665,0.711985,0.241877,0.228449,0.257244
bcss,TCGA-LL-A5YO-DX1_xmin36631_ymin44396_MPP-0.2500.png.tensor,0.313124,0.665475,0.704398,0.711884,0.239005,0.224530,0.254400
bcss,TCGA-LL-A5YO-DX1_xmin36631_ymin44396_MPP-0.2500.png.tensor,0.323229,0.664675,0.703989,0.711370,0.235410,0.220797,0.251325
bcss,TCGA-LL-A5YO-DX1_xmin36631_ymin44396_MPP-0.2500.png.tensor,0.333327,0.663666,0.702977,0.710777,0.232161,0.217012,0.248312
bcss,TCGA-LL-A5YO-DX1_xmin36631_ymin44396_MPP-0.2500.png.tensor,0.343432,0.662311,0.701819,0.710028,0.228921,0.213227,0.245455
bcss,TCGA-LL-A5YO-DX1_xmin36631_ymin44396_MPP-0.2500.png.tensor,0.353530,0.661176,0.700316,0.709160,0.225849,0.209420,0.242368
bcss,TCGA-LL-A5YO-DX1_xmin36631_ymin44396_MPP-0.2500.png.tensor,0.363628,0.660193,0.698729,0.708383,0.222746,0.205418,0.239048
bcss,TCGA-LL-A5YO-DX1_xmin36631_ymin44396_MPP-0.2500.png.tensor,0.373733,0.658737,0.697028,0.706741,0.219630,0.201977,0.236008
bcss,TCGA-LL-A5YO-DX1_xmin36631_ymin44396_MPP-0.2500.png.tensor,0.383831,0.657980,0.694905,0.705143,0.216758,0.198389,0.232297
bcss,TCGA-LL-A5YO-DX1_xmin36631_ymin44396_MPP-0.2500.png.tensor,0.393936,0.657016,0.693054,0.703991,0.213562,0.194311,0.228625
bcss,TCGA-LL-A5YO-DX1_xmin36631_ymin44396_MPP-0.2500.png.tensor,0.404034,0.655768,0.690901,0.702639,0.210516,0.190266,0.225080
bcss,TCGA-LL-A5YO-DX1_xmin36631_ymin44396_MPP-0.2500.png.tensor,0.414133,0.654305,0.688892,0.700906,0.207240,0.186405,0.221579
bcss,TCGA-LL-A5YO-DX1_xmin36631_ymin44396_MPP-0.2500.png.tensor,0.424237,0.652837,0.687028,0.698955,0.203721,0.182596,0.217972
bcss,TCGA-LL-A5YO-DX1_xmin36631_ymin44396_MPP-0.2500.png.tensor,0.434336,0.651299,0.684899,0.695918,0.200313,0.179615,0.214299
bcss,TCGA-LL-A5YO-DX1_xmin36631_ymin44396_MPP-0.2500.png.tensor,0.444440,0.649237,0.682357,0.692644,0.197150,0.176734,0.210960
bcss,TCGA-LL-A5YO-DX1_xmin36631_ymin44396_MPP-0.2500.png.tensor,0.454539,0.646955,0.679522,0.690316,0.194143,0.172883,0.207704
bcss,TCGA-LL-A5YO-DX1_xmin36631_ymin44396_MPP-0.2500.png.tensor,0.464643,0.645008,0.676197,0.686765,0.191475,0.170026,0.204003
bcss,TCGA-LL-A5YO-DX1_xmin36631_ymin44396_MPP-0.2500.png.tensor,0.474742,0.643053,0.673009,0.683815,0.188578,0.166489,0.200175
bcss,TCGA-LL-A5YO-DX1_xmin36631_ymin44396_MPP-0.2500.png.tensor,0.484840,0.640721,0.669709,0.680270,0.185676,0.163393,0.196557
bcss,TCGA-LL-A5YO-DX1_xmin36631_ymin44396_MPP-0.2500.png.tensor,0.494945,0.637790,0.665866,0.676802,0.183192,0.160091,0.193393
bcss,TCGA-LL-A5YO-DX1_xmin36631_ymin44396_MPP-0.2500.png.tensor,0.505043,0.635508,0.662402,0.672762,0.180228,0.157238,0.189442
bcss,TCGA-LL-A5YO-DX1_xmin36631_ymin44396_MPP-0.2500.png.tensor,0.515148,0.633056,0.658554,0.668740,0.177532,0.154242,0.185499
bcss,TCGA-LL-A5YO-DX1_xmin36631_ymin44396_MPP-0.2500.png.tensor,0.525246,0.629829,0.654672,0.665003,0.174761,0.150823,0.182203
bcss,TCGA-LL-A5YO-DX1_xmin36631_ymin44396_MPP-0.2500.png.tensor,0.535344,0.626929,0.650292,0.660988,0.172406,0.147555,0.178422
bcss,TCGA-LL-A5YO-DX1_xmin36631_ymin44396_MPP-0.2500.png.tensor,0.545449,0.624023,0.646349,0.655994,0.169460,0.145214,0.174470
bcss,TCGA-LL-A5YO-DX1_xmin36631_ymin44396_MPP-0.2500.png.tensor,0.555547,0.621048,0.642322,0.650769,0.166482,0.143031,0.170420
bcss,TCGA-LL-A5YO-DX1_xmin36631_ymin44396_MPP-0.2500.png.tensor,0.565652,0.617776,0.637682,0.645640,0.164064,0.140630,0.166517
bcss,TCGA-LL-A5YO-DX1_xmin36631_ymin44396_MPP-0.2500.png.tensor,0.575750,0.614385,0.632734,0.640559,0.161899,0.138065,0.162566
bcss,TCGA-LL-A5YO-DX1_xmin36631_ymin44396_MPP-0.2500.png.tensor,0.585855,0.610622,0.628009,0.635938,0.159354,0.134813,0.158886
bcss,TCGA-LL-A5YO-DX1_xmin36631_ymin44396_MPP-0.2500.png.tensor,0.595953,0.606726,0.622798,0.630894,0.157288,0.131927,0.155172
bcss,TCGA-LL-A5YO-DX1_xmin36631_ymin44396_MPP-0.2500.png.tensor,0.606051,0.602616,0.617873,0.625591,0.154755,0.129223,0.151542
bcss,TCGA-LL-A5YO-DX1_xmin36631_ymin44396_MPP-0.2500.png.tensor,0.616156,0.598374,0.612978,0.620111,0.152042,0.126600,0.147913
bcss,TCGA-LL-A5YO-DX1_xmin36631_ymin44396_MPP-0.2500.png.tensor,0.626254,0.594554,0.607646,0.614446,0.149774,0.124090,0.143508
bcss,TCGA-LL-A5YO-DX1_xmin36631_ymin44396_MPP-0.2500.png.tensor,0.636359,0.590286,0.601915,0.608701,0.147922,0.121544,0.139443
bcss,TCGA-LL-A5YO-DX1_xmin36631_ymin44396_MPP-0.2500.png.tensor,0.646457,0.585710,0.596140,0.602714,0.146033,0.119201,0.135635
bcss,TCGA-LL-A5YO-DX1_xmin36631_ymin44396_MPP-0.2500.png.tensor,0.656556,0.581524,0.590328,0.596631,0.144086,0.116860,0.131016
bcss,TCGA-LL-A5YO-DX1_xmin36631_ymin44396_MPP-0.2500.png.tensor,0.666660,0.576878,0.584520,0.590468,0.142010,0.114490,0.126808
bcss,TCGA-LL-A5YO-DX1_xmin36631_ymin44396_MPP-0.2500.png.tensor,0.676759,0.571747,0.578644,0.584009,0.139914,0.112437,0.123087
bcss,TCGA-LL-A5YO-DX1_xmin36631_ymin44396_MPP-0.2500.png.tensor,0.686863,0.566887,0.572295,0.577500,0.138432,0.110324,0.118641
bcss,TCGA-LL-A5YO-DX1_xmin36631_ymin44396_MPP-0.2500.png.tensor,0.696962,0.561681,0.566128,0.570855,0.136560,0.108304,0.114557
bcss,TCGA-LL-A5YO-DX1_xmin36631_ymin44396_MPP-0.2500.png.tensor,0.707060,0.556259,0.559583,0.563914,0.135202,0.106648,0.110537
bcss,TCGA-LL-A5YO-DX1_xmin36631_ymin44396_MPP-0.2500.png.tensor,0.717165,0.550656,0.552824,0.557188,0.134117,0.104485,0.106504
bcss,TCGA-LL-A5YO-DX1_xmin36631_ymin44396_MPP-0.2500.png.tensor,0.727263,0.545285,0.546314,0.550269,0.132505,0.102525,0.101791
bcss,TCGA-LL-A5YO-DX1_xmin36631_ymin44396_MPP-0.2500.png.tensor,0.737368,0.538962,0.539512,0.543188,0.131316,0.100713,0.098498
bcss,TCGA-LL-A5YO-DX1_xmin36631_ymin44396_MPP-0.2500.png.tensor,0.747466,0.532961,0.532637,0.535944,0.130184,0.099090,0.094325
bcss,TCGA-LL-A5YO-DX1_xmin36631_ymin44396_MPP-0.2500.png.tensor,0.757571,0.526841,0.525927,0.528420,0.128609,0.097896,0.090063
bcss,TCGA-LL-A5YO-DX1_xmin36631_ymin44396_MPP-0.2500.png.tensor,0.767669,0.520058,0.518911,0.520579,0.127566,0.097294,0.086847
bcss,TCGA-LL-A5YO-DX1_xmin36631_ymin44396_MPP-0.2500.png.tensor,0.777767,0.513074,0.511553,0.513017,0.127197,0.096009,0.083735
bcss,TCGA-LL-A5YO-DX1_xmin36631_ymin44396_MPP-0.2500.png.tensor,0.787872,0.506171,0.504085,0.505417,0.127042,0.094677,0.080233
bcss,TCGA-LL-A5YO-DX1_xmin36631_ymin44396_MPP-0.2500.png.tensor,0.797970,0.499162,0.496742,0.497714,0.126573,0.093482,0.076585
bcss,TCGA-LL-A5YO-DX1_xmin36631_ymin44396_MPP-0.2500.png.tensor,0.808075,0.491704,0.489315,0.489786,0.126261,0.092734,0.073710
bcss,TCGA-LL-A5YO-DX1_xmin36631_ymin44396_MPP-0.2500.png.tensor,0.818173,0.484191,0.481815,0.481972,0.126129,0.091602,0.070710
bcss,TCGA-LL-A5YO-DX1_xmin36631_ymin44396_MPP-0.2500.png.tensor,0.828272,0.476626,0.474334,0.473882,0.125923,0.091141,0.067455
bcss,TCGA-LL-A5YO-DX1_xmin36631_ymin44396_MPP-0.2500.png.tensor,0.838376,0.468564,0.466821,0.465701,0.125778,0.090887,0.065388
bcss,TCGA-LL-A5YO-DX1_xmin36631_ymin44396_MPP-0.2500.png.tensor,0.848475,0.460319,0.459263,0.457439,0.125778,0.090887,0.063647
bcss,TCGA-LL-A5YO-DX1_xmin36631_ymin44396_MPP-0.2500.png.tensor,0.858579,0.451992,0.451701,0.449171,0.125778,0.090887,0.061912
bcss,TCGA-LL-A5YO-DX1_xmin36631_ymin44396_MPP-0.2500.png.tensor,0.868678,0.443684,0.444143,0.440908,0.125778,0.090887,0.059822
bcss,TCGA-LL-A5YO-DX1_xmin36631_ymin44396_MPP-0.2500.png.tensor,0.878782,0.435105,0.436580,0.432640,0.125778,0.090887,0.058495
bcss,TCGA-LL-A5YO-DX1_xmin36631_ymin44396_MPP-0.2500.png.tensor,0.888880,0.426557,0.429022,0.424377,0.125778,0.090887,0.056836
bcss,TCGA-LL-A5YO-DX1_xmin36631_ymin44396_MPP-0.2500.png.tensor,0.898979,0.417820,0.421464,0.416115,0.125778,0.090887,0.055603
bcss,TCGA-LL-A5YO-DX1_xmin36631_ymin44396_MPP-0.2500.png.tensor,0.909083,0.409052,0.413901,0.407847,0.125778,0.090887,0.054602
bcss,TCGA-LL-A5YO-DX1_xmin36631_ymin44396_MPP-0.2500.png.tensor,0.919182,0.400076,0.406343,0.399584,0.125778,0.090887,0.054258
bcss,TCGA-LL-A5YO-DX1_xmin36631_ymin44396_MPP-0.2500.png.tensor,0.929286,0.390954,0.398780,0.391316,0.125778,0.090887,0.054258
bcss,TCGA-LL-A5YO-DX1_xmin36631_ymin44396_MPP-0.2500.png.tensor,0.939385,0.381890,0.391222,0.383054,0.125778,0.090887,0.054258
bcss,TCGA-LL-A5YO-DX1_xmin36631_ymin44396_MPP-0.2500.png.tensor,0.949483,0.372649,0.383664,0.374791,0.125778,0.090887,0.054258
bcss,TCGA-LL-A5YO-DX1_xmin36631_ymin44396_MPP-0.2500.png.tensor,0.959588,0.363691,0.376101,0.366523,0.125778,0.090887,0.054258
bcss,TCGA-LL-A5YO-DX1_xmin36631_ymin44396_MPP-0.2500.png.tensor,0.969686,0.354639,0.368543,0.358260,0.125778,0.090887,0.054258
bcss,TCGA-LL-A5YO-DX1_xmin36631_ymin44396_MPP-0.2500.png.tensor,0.979791,0.345581,0.360981,0.349992,0.125778,0.090887,0.054258
bcss,TCGA-LL-A5YO-DX1_xmin36631_ymin44396_MPP-0.2500.png.tensor,0.989889,0.336277,0.353423,0.341730,0.125778,0.090887,0.054258
bcss,TCGA-LL-A5YO-DX1_xmin36631_ymin44396_MPP-0.2500.png.tensor,0.999994,0.328089,0.345860,0.333462,0.111105,0.090887,0.000000
bcss,TCGA-LL-A73Y-DX1_xmin68117_ymin49445_MPP-0.2500.png.tensor,0.000000,0.773149,0.701192,0.753175,0.298808,0.246825,0.226851
bcss,TCGA-LL-A73Y-DX1_xmin68117_ymin49445_MPP-0.2500.png.tensor,0.010098,0.775065,0.697128,0.755030,0.298808,0.243305,0.223097
bcss,TCGA-LL-A73Y-DX1_xmin68117_ymin49445_MPP-0.2500.png.tensor,0.020197,0.775314,0.695512,0.757266,0.297559,0.239519,0.220109
bcss,TCGA-LL-A73Y-DX1_xmin68117_ymin49445_MPP-0.2500.png.tensor,0.030295,0.775931,0.695290,0.758728,0.295566,0.236052,0.216876
bcss,TCGA-LL-A73Y-DX1_xmin68117_ymin49445_MPP-0.2500.png.tensor,0.040394,0.775357,0.695744,0.761132,0.293178,0.232022,0.214199
bcss,TCGA-LL-A73Y-DX1_xmin68117_ymin49445_MPP-0.2500.png.tensor,0.050503,0.773993,0.696379,0.763283,0.290642,0.228036,0.211873
bcss,TCGA-LL-A73Y-DX1_xmin68117_ymin49445_MPP-0.2500.png.tensor,0.060601,0.773549,0.698521,0.765390,0.287251,0.223991,0.209017
bcss,TCGA-LL-A73Y-DX1_xmin68117_ymin49445_MPP-0.2500.png.tensor,0.070700,0.772673,0.701030,0.767548,0.283589,0.219831,0.206324
bcss,TCGA-LL-A73Y-DX1_xmin68117_ymin49445_MPP-0.2500.png.tensor,0.080798,0.771385,0.703577,0.768556,0.279826,0.216205,0.203801
bcss,TCGA-LL-A73Y-DX1_xmin68117_ymin49445_MPP-0.2500.png.tensor,0.090907,0.769242,0.705225,0.769822,0.276471,0.212353,0.201671
bcss,TCGA-LL-A73Y-DX1_xmin68117_ymin49445_MPP-0.2500.png.tensor,0.101006,0.767218,0.706244,0.771476,0.273394,0.208201,0.199458
bcss,TCGA-LL-A73Y-DX1_xmin68117_ymin49445_MPP-0.2500.png.tensor,0.111104,0.765973,0.708661,0.773680,0.269460,0.203646,0.196746
bcss,TCGA-LL-A73Y-DX1_xmin68117_ymin49445_MPP-0.2500.png.tensor,0.121202,0.763992,0.710168,0.775200,0.265953,0.199377,0.194386
bcss,TCGA-LL-A73Y-DX1_xmin68117_ymin49445_MPP-0.2500.png.tensor,0.131311,0.762499,0.711553,0.776292,0.262433,0.195249,0.191692
bcss,TCGA-LL-A73Y-DX1_xmin68117_ymin49445_MPP-0.2500.png.tensor,0.141410,0.760561,0.713597,0.777085,0.258448,0.191203,0.189194
bcss,TCGA-LL-A73Y-DX1_xmin68117_ymin49445_MPP-0.2500.png.tensor,0.151508,0.757411,0.716142,0.777712,0.254073,0.187158,0.187351
bcss,TCGA-LL-A73Y-DX1_xmin68117_ymin49445_MPP-0.2500.png.tensor,0.161607,0.754890,0.717712,0.777225,0.250175,0.183681,0.185087
bcss,TCGA-LL-A73Y-DX1_xmin68117_ymin49445_MPP-0.2500.png.tensor,0.171705,0.752216,0.719755,0.776952,0.245896,0.179989,0.182861
bcss,TCGA-LL-A73Y-DX1_xmin68117_ymin49445_MPP-0.2500.png.tensor,0.181814,0.750290,0.721545,0.776966,0.241662,0.176027,0.180122
bcss,TCGA-LL-A73Y-DX1_xmin68117_ymin49445_MPP-0.2500.png.tensor,0.191913,0.747768,0.723448,0.777166,0.237256,0.171854,0.177686
bcss,TCGA-LL-A73Y-DX1_xmin68117_ymin49445_MPP-0.2500.png.tensor,0.202011,0.745852,0.725387,0.777242,0.232716,0.167654,0.174807
bcss,TCGA-LL-A73Y-DX1_xmin68117_ymin49445_MPP-0.2500.png.tensor,0.212109,0.743568,0.727612,0.777968,0.227879,0.162934,0.172088
bcss,TCGA-LL-A73Y-DX1_xmin68117_ymin49445_MPP-0.2500.png.tensor,0.222219,0.740862,0.729552,0.777271,0.223094,0.159001,0.169566
bcss,TCGA-LL-A73Y-DX1_xmin68117_ymin49445_MPP-0.2500.png.tensor,0.232317,0.738340,0.730524,0.777175,0.218819,0.154577,0.166852
bcss,TCGA-LL-A73Y-DX1_xmin68117_ymin49445_MPP-0.2500.png.tensor,0.242415,0.735732,0.733320,0.776040,0.213226,0.150723,0.164136
bcss,TCGA-LL-A73Y-DX1_xmin68117_ymin49445_MPP-0.2500.png.tensor,0.252514,0.733058,0.734791,0.774761,0.208368,0.146859,0.161394
bcss,TCGA-LL-A73Y-DX1_xmin68117_ymin49445_MPP-0.2500.png.tensor,0.262623,0.730136,0.736819,0.773718,0.202994,0.142725,0.158731
bcss,TCGA-LL-A73Y-DX1_xmin68117_ymin49445_MPP-0.2500.png.tensor,0.272721,0.727766,0.737461,0.772858,0.198429,0.138356,0.155624
bcss,TCGA-LL-A73Y-DX1_xmin68117_ymin49445_MPP-0.2500.png.tensor,0.282820,0.725504,0.738944,0.770935,0.193148,0.134604,0.152345
bcss,TCGA-LL-A73Y-DX1_xmin68117_ymin49445_MPP-0.2500.png.tensor,0.292918,0.723176,0.739649,0.769253,0.188268,0.130575,0.149023
bcss,TCGA-LL-A73Y-DX1_xmin68117_ymin49445_MPP-0.2500.png.tensor,0.303017,0.721109,0.740589,0.767341,0.183077,0.126594,0.145431
bcss,TCGA-LL-A73Y-DX1_xmin68117_ymin49445_MPP-0.2500.png.tensor,0.313126,0.718815,0.741859,0.765370,0.177488,0.122533,0.141876
bcss,TCGA-LL-A73Y-DX1_xmin68117_ymin49445_MPP-0.2500.png.tensor,0.323224,0.716423,0.743022,0.762979,0.171816,0.118667,0.138299
bcss,TCGA-LL-A73Y-DX1_xmin68117_ymin49445_MPP-0.2500.png.tensor,0.333323,0.714615,0.743080,0.761239,0.166802,0.114196,0.134179
bcss,TCGA-LL-A73Y-DX1_xmin68117_ymin49445_MPP-0.2500.png.tensor,0.343421,0.712483,0.742794,0.758897,0.161895,0.110046,0.130180
bcss,TCGA-LL-A73Y-DX1_xmin68117_ymin49445_MPP-0.2500.png.tensor,0.353530,0.710535,0.742734,0.756685,0.156654,0.105659,0.125898
bcss,TCGA-LL-A73Y-DX1_xmin68117_ymin49445_MPP-0.2500.png.tensor,0.363628,0.708597,0.743330,0.753274,0.150737,0.102081,0.121488
bcss,TCGA-LL-A73Y-DX1_xmin68117_ymin49445_MPP-0.2500.png.tensor,0.373727,0.706963,0.743175,0.749974,0.145229,0.098299,0.116687
bcss,TCGA-LL-A73Y-DX1_xmin68117_ymin49445_MPP-0.2500.png.tensor,0.383825,0.705350,0.742004,0.746534,0.140365,0.094508,0.111716
bcss,TCGA-LL-A73Y-DX1_xmin68117_ymin49445_MPP-0.2500.png.tensor,0.393934,0.703207,0.740828,0.742759,0.135337,0.090858,0.107010
bcss,TCGA-LL-A73Y-DX1_xmin68117_ymin49445_MPP-0.2500.png.tensor,0.404033,0.700707,0.739247,0.738846,0.130484,0.087208,0.102433
bcss,TCGA-LL-A73Y-DX1_xmin68117_ymin49445_MPP-0.2500.png.tensor,0.414131,0.698639,0.736589,0.735149,0.126384,0.083248,0.097353
bcss,TCGA-LL-A73Y-DX1_xmin68117_ymin49445_MPP-0.2500.png.tensor,0.424230,0.695858,0.733881,0.730307,0.122183,0.080144,0.092709
bcss,TCGA-LL-A73Y-DX1_xmin68117_ymin49445_MPP-0.2500.png.tensor,0.434328,0.692903,0.731464,0.725340,0.117574,0.077039,0.088055
bcss,TCGA-LL-A73Y-DX1_xmin68117_ymin49445_MPP-0.2500.png.tensor,0.444437,0.689375,0.727490,0.720207,0.114192,0.073962,0.083723
bcss,TCGA-LL-A73Y-DX1_xmin68117_ymin49445_MPP-0.2500.png.tensor,0.454536,0.686225,0.723777,0.715336,0.110452,0.070540,0.078912
bcss,TCGA-LL-A73Y-DX1_xmin68117_ymin49445_MPP-0.2500.png.tensor,0.464634,0.682426,0.719565,0.709916,0.107038,0.067501,0.074517
bcss,TCGA-LL-A73Y-DX1_xmin68117_ymin49445_MPP-0.2500.png.tensor,0.474732,0.678129,0.714596,0.703844,0.104213,0.064966,0.070422
bcss,TCGA-LL-A73Y-DX1_xmin68117_ymin49445_MPP-0.2500.png.tensor,0.484842,0.673713,0.709377,0.697780,0.101513,0.062315,0.066286
bcss,TCGA-LL-A73Y-DX1_xmin68117_ymin49445_MPP-0.2500.png.tensor,0.494940,0.669134,0.703986,0.691780,0.098881,0.059503,0.062148
bcss,TCGA-LL-A73Y-DX1_xmin68117_ymin49445_MPP-0.2500.png.tensor,0.505038,0.664015,0.697943,0.684929,0.096803,0.057436,0.058377
bcss,TCGA-LL-A73Y-DX1_xmin68117_ymin49445_MPP-0.2500.png.tensor,0.515137,0.657835,0.691572,0.677957,0.094975,0.055409,0.055541
bcss,TCGA-LL-A73Y-DX1_xmin68117_ymin49445_MPP-0.2500.png.tensor,0.525246,0.651644,0.685200,0.671278,0.093061,0.052976,0.052615
bcss,TCGA-LL-A73Y-DX1_xmin68117_ymin49445_MPP-0.2500.png.tensor,0.535344,0.645290,0.678506,0.663823,0.091420,0.051283,0.049731
bcss,TCGA-LL-A73Y-DX1_xmin68117_ymin49445_MPP-0.2500.png.tensor,0.545443,0.638396,0.671542,0.656885,0.090004,0.048946,0.047296
bcss,TCGA-LL-A73Y-DX1_xmin68117_ymin49445_MPP-0.2500.png.tensor,0.555541,0.631436,0.664428,0.649376,0.088691,0.047146,0.044839
bcss,TCGA-LL-A73Y-DX1_xmin68117_ymin49445_MPP-0.2500.png.tensor,0.565650,0.624552,0.657056,0.641448,0.087605,0.045732,0.042185
bcss,TCGA-LL-A73Y-DX1_xmin68117_ymin49445_MPP-0.2500.png.tensor,0.575749,0.616878,0.649314,0.633577,0.086913,0.044195,0.040333
bcss,TCGA-LL-A73Y-DX1_xmin68117_ymin49445_MPP-0.2500.png.tensor,0.585847,0.609399,0.641572,0.625052,0.086187,0.043373,0.038145
bcss,TCGA-LL-A73Y-DX1_xmin68117_ymin49445_MPP-0.2500.png.tensor,0.595945,0.601617,0.633529,0.616912,0.085798,0.042034,0.036243
bcss,TCGA-LL-A73Y-DX1_xmin68117_ymin49445_MPP-0.2500.png.tensor,0.606044,0.593943,0.625498,0.608878,0.085373,0.040491,0.034091
bcss,TCGA-LL-A73Y-DX1_xmin68117_ymin49445_MPP-0.2500.png.tensor,0.616153,0.585955,0.617488,0.600153,0.084888,0.039755,0.032229
bcss,TCGA-LL-A73Y-DX1_xmin68117_ymin49445_MPP-0.2500.png.tensor,0.626251,0.577675,0.609264,0.591652,0.084673,0.038691,0.030649
bcss,TCGA-LL-A73Y-DX1_xmin68117_ymin49445_MPP-0.2500.png.tensor,0.636350,0.569352,0.601015,0.582868,0.084482,0.037959,0.029069
bcss,TCGA-LL-A73Y-DX1_xmin68117_ymin49445_MPP-0.2500.png.tensor,0.646448,0.560791,0.592623,0.574348,0.084482,0.036811,0.027732
bcss,TCGA-LL-A73Y-DX1_xmin68117_ymin49445_MPP-0.2500.png.tensor,0.656557,0.551915,0.584387,0.565114,0.084241,0.036620,0.026746
bcss,TCGA-LL-A73Y-DX1_xmin68117_ymin49445_MPP-0.2500.png.tensor,0.666656,0.542834,0.575990,0.556415,0.084241,0.035631,0.026036
bcss,TCGA-LL-A73Y-DX1_xmin68117_ymin49445_MPP-0.2500.png.tensor,0.676754,0.534078,0.567593,0.547047,0.084241,0.035614,0.024772
bcss,TCGA-LL-A73Y-DX1_xmin68117_ymin49445_MPP-0.2500.png.tensor,0.686853,0.525062,0.559196,0.537948,0.084241,0.035166,0.023837
bcss,TCGA-LL-A73Y-DX1_xmin68117_ymin49445_MPP-0.2500.png.tensor,0.696962,0.515775,0.550790,0.528739,0.084241,0.034855,0.023276
bcss,TCGA-LL-A73Y-DX1_xmin68117_ymin49445_MPP-0.2500.png.tensor,0.707060,0.506738,0.542393,0.519453,0.084241,0.034670,0.022276
bcss,TCGA-LL-A73Y-DX1_xmin68117_ymin49445_MPP-0.2500.png.tensor,0.717159,0.497592,0.533996,0.510276,0.084241,0.034279,0.021387
bcss,TCGA-LL-A73Y-DX1_xmin68117_ymin49445_MPP-0.2500.png.tensor,0.727257,0.488467,0.525599,0.500967,0.084241,0.034100,0.020395
bcss,TCGA-LL-A73Y-DX1_xmin68117_ymin49445_MPP-0.2500.png.tensor,0.737355,0.479148,0.517202,0.491557,0.084241,0.034100,0.019695
bcss,TCGA-LL-A73Y-DX1_xmin68117_ymin49445_MPP-0.2500.png.tensor,0.747465,0.469732,0.508796,0.482196,0.084241,0.033984,0.019064
bcss,TCGA-LL-A73Y-DX1_xmin68117_ymin49445_MPP-0.2500.png.tensor,0.757563,0.460066,0.500399,0.472818,0.084241,0.033915,0.018935
bcss,TCGA-LL-A73Y-DX1_xmin68117_ymin49445_MPP-0.2500.png.tensor,0.767661,0.450639,0.492002,0.463431,0.084241,0.033858,0.018358
bcss,TCGA-LL-A73Y-DX1_xmin68117_ymin49445_MPP-0.2500.png.tensor,0.777760,0.440974,0.483605,0.454016,0.084241,0.033858,0.018181
bcss,TCGA-LL-A73Y-DX1_xmin68117_ymin49445_MPP-0.2500.png.tensor,0.787869,0.431406,0.475199,0.444592,0.084241,0.033858,0.017804
bcss,TCGA-LL-A73Y-DX1_xmin68117_ymin49445_MPP-0.2500.png.tensor,0.797967,0.421762,0.466802,0.435177,0.084241,0.033858,0.017489
bcss,TCGA-LL-A73Y-DX1_xmin68117_ymin49445_MPP-0.2500.png.tensor,0.808066,0.411988,0.458405,0.425763,0.084241,0.033858,0.017489
bcss,TCGA-LL-A73Y-DX1_xmin68117_ymin49445_MPP-0.2500.png.tensor,0.818164,0.402431,0.450008,0.416348,0.084241,0.033858,0.017117
bcss,TCGA-LL-A73Y-DX1_xmin68117_ymin49445_MPP-0.2500.png.tensor,0.828273,0.392668,0.441602,0.406923,0.084241,0.033858,0.017117
bcss,TCGA-LL-A73Y-DX1_xmin68117_ymin49445_MPP-0.2500.png.tensor,0.838372,0.382916,0.433205,0.397509,0.084241,0.033858,0.017117
bcss,TCGA-LL-A73Y-DX1_xmin68117_ymin49445_MPP-0.2500.png.tensor,0.848470,0.373510,0.424808,0.388094,0.084241,0.033858,0.016031
bcss,TCGA-LL-A73Y-DX1_xmin68117_ymin49445_MPP-0.2500.png.tensor,0.858568,0.363888,0.416411,0.378680,0.084241,0.033858,0.015497
bcss,TCGA-LL-A73Y-DX1_xmin68117_ymin49445_MPP-0.2500.png.tensor,0.868667,0.354223,0.408014,0.369265,0.084241,0.033858,0.015077
bcss,TCGA-LL-A73Y-DX1_xmin68117_ymin49445_MPP-0.2500.png.tensor,0.878776,0.344633,0.399608,0.359841,0.084241,0.033858,0.014087
bcss,TCGA-LL-A73Y-DX1_xmin68117_ymin49445_MPP-0.2500.png.tensor,0.888874,0.334924,0.391211,0.350426,0.084241,0.033858,0.013611
bcss,TCGA-LL-A73Y-DX1_xmin68117_ymin49445_MPP-0.2500.png.tensor,0.898973,0.325281,0.382814,0.341011,0.084241,0.033858,0.012692
bcss,TCGA-LL-A73Y-DX1_xmin68117_ymin49445_MPP-0.2500.png.tensor,0.909071,0.315594,0.374417,0.331597,0.084241,0.033858,0.011922
bcss,TCGA-LL-A73Y-DX1_xmin68117_ymin49445_MPP-0.2500.png.tensor,0.919180,0.305896,0.366011,0.322172,0.084241,0.033858,0.010949
bcss,TCGA-LL-A73Y-DX1_xmin68117_ymin49445_MPP-0.2500.png.tensor,0.929279,0.295949,0.357614,0.312758,0.084241,0.033858,0.010877
bcss,TCGA-LL-A73Y-DX1_xmin68117_ymin49445_MPP-0.2500.png.tensor,0.939377,0.285980,0.349217,0.303343,0.084241,0.033858,0.010877
bcss,TCGA-LL-A73Y-DX1_xmin68117_ymin49445_MPP-0.2500.png.tensor,0.949476,0.276055,0.340820,0.293928,0.084241,0.033858,0.010877
bcss,TCGA-LL-A73Y-DX1_xmin68117_ymin49445_MPP-0.2500.png.tensor,0.959585,0.266227,0.332414,0.284504,0.084241,0.033858,0.010877
bcss,TCGA-LL-A73Y-DX1_xmin68117_ymin49445_MPP-0.2500.png.tensor,0.969683,0.256454,0.324017,0.275089,0.084241,0.033858,0.010877
bcss,TCGA-LL-A73Y-DX1_xmin68117_ymin49445_MPP-0.2500.png.tensor,0.979782,0.246788,0.315620,0.265675,0.084241,0.033858,0.006757
bcss,TCGA-LL-A73Y-DX1_xmin68117_ymin49445_MPP-0.2500.png.tensor,0.989880,0.236841,0.307223,0.256260,0.084241,0.033858,0.006079
bcss,TCGA-LL-A73Y-DX1_xmin68117_ymin49445_MPP-0.2500.png.tensor,0.999989,0.226862,0.298818,0.246835,0.049374,0.033858,0.000000
bcss,TCGA-LL-A740-DX1_xmin39436_ymin24080_MPP-0.2500.png.tensor,0.000000,0.782588,0.725120,0.775662,0.274880,0.224338,0.217412
bcss,TCGA-LL-A740-DX1_xmin39436_ymin24080_MPP-0.2500.png.tensor,0.010101,0.784873,0.720572,0.774520,0.274880,0.222102,0.213374
bcss,TCGA-LL-A740-DX1_xmin39436_ymin24080_MPP-0.2500.png.tensor,0.020202,0.785792,0.716024,0.772555,0.274880,0.220240,0.209950
bcss,TCGA-LL-A740-DX1_xmin39436_ymin24080_MPP-0.2500.png.tensor,0.030303,0.786601,0.711476,0.770160,0.274880,0.218561,0.206506
bcss,TCGA-LL-A740-DX1_xmin39436_ymin24080_MPP-0.2500.png.tensor,0.040403,0.786666,0.706928,0.767431,0.274880,0.217020,0.203389
bcss,TCGA-LL-A740-DX1_xmin39436_ymin24080_MPP-0.2500.png.tensor,0.050504,0.786913,0.702381,0.764799,0.274880,0.215396,0.200102
bcss,TCGA-LL-A740-DX1_xmin39436_ymin24080_MPP-0.2500.png.tensor,0.060605,0.786616,0.697833,0.761959,0.274880,0.213847,0.197036
bcss,TCGA-LL-A740-DX1_xmin39436_ymin24080_MPP-0.2500.png.tensor,0.070706,0.785767,0.693285,0.758648,0.274880,0.212518,0.194199
bcss,TCGA-LL-A740-DX1_xmin39436_ymin24080_MPP-0.2500.png.tensor,0.080807,0.784637,0.688737,0.755822,0.274880,0.210897,0.191455
bcss,TCGA-LL-A740-DX1_xmin39436_ymin24080_MPP-0.2500.png.tensor,0.090908,0.783698,0.684189,0.753186,0.274880,0.209134,0.188543
bcss,TCGA-LL-A740-DX1_xmin39436_ymin24080_MPP-0.2500.png.tensor,0.101009,0.781865,0.679642,0.750249,0.274880,0.207499,0.186060
bcss,TCGA-LL-A740-DX1_xmin39436_ymin24080_MPP-0.2500.png.tensor,0.111109,0.779901,0.675094,0.746728,0.274880,0.206156,0.183596
bcss,TCGA-LL-A740-DX1_xmin39436_ymin24080_MPP-0.2500.png.tensor,0.121210,0.777495,0.670546,0.743465,0.274880,0.204635,0.181331
bcss,TCGA-LL-A740-DX1_xmin39436_ymin24080_MPP-0.2500.png.tensor,0.131311,0.775350,0.665998,0.740216,0.274880,0.203070,0.178861
bcss,TCGA-LL-A740-DX1_xmin39436_ymin24080_MPP-0.2500.png.tensor,0.141412,0.773205,0.661450,0.736668,0.274880,0.201644,0.176333
bcss,TCGA-LL-A740-DX1_xmin39436_ymin24080_MPP-0.2500.png.tensor,0.151513,0.770820,0.656903,0.732842,0.274880,0.200347,0.173886
bcss,TCGA-LL-A740-DX1_xmin39436_ymin24080_MPP-0.2500.png.tensor,0.161614,0.768092,0.652355,0.729118,0.274880,0.198957,0.171580
bcss,TCGA-LL-A740-DX1_xmin39436_ymin24080_MPP-0.2500.png.tensor,0.171715,0.765023,0.647807,0.725586,0.274880,0.197418,0.169429
bcss,TCGA-LL-A740-DX1_xmin39436_ymin24080_MPP-0.2500.png.tensor,0.181815,0.762105,0.643259,0.722086,0.274880,0.195822,0.167132
bcss,TCGA-LL-A740-DX1_xmin39436_ymin24080_MPP-0.2500.png.tensor,0.191916,0.759076,0.638711,0.718285,0.274880,0.194371,0.164844
bcss,TCGA-LL-A740-DX1_xmin39436_ymin24080_MPP-0.2500.png.tensor,0.202017,0.756279,0.634164,0.714514,0.274880,0.192866,0.162357
bcss,TCGA-LL-A740-DX1_xmin39436_ymin24080_MPP-0.2500.png.tensor,0.212118,0.753360,0.629616,0.711133,0.274880,0.191074,0.159879
bcss,TCGA-LL-A740-DX1_xmin39436_ymin24080_MPP-0.2500.png.tensor,0.222219,0.750181,0.625068,0.707187,0.274880,0.189598,0.157500
bcss,TCGA-LL-A740-DX1_xmin39436_ymin24080_MPP-0.2500.png.tensor,0.232320,0.746991,0.620520,0.703544,0.274880,0.187887,0.155076
bcss,TCGA-LL-A740-DX1_xmin39436_ymin24080_MPP-0.2500.png.tensor,0.242421,0.743732,0.615972,0.699797,0.274880,0.186198,0.152623
bcss,TCGA-LL-A740-DX1_xmin39436_ymin24080_MPP-0.2500.png.tensor,0.252521,0.740552,0.611425,0.695907,0.274880,0.184560,0.150062
bcss,TCGA-LL-A740-DX1_xmin39436_ymin24080_MPP-0.2500.png.tensor,0.262622,0.737111,0.606877,0.692234,0.274880,0.182729,0.147597
bcss,TCGA-LL-A740-DX1_xmin39436_ymin24080_MPP-0.2500.png.tensor,0.272723,0.733701,0.602329,0.688396,0.274880,0.180962,0.145053
bcss,TCGA-LL-A740-DX1_xmin39436_ymin24080_MPP-0.2500.png.tensor,0.282824,0.730431,0.597781,0.684384,0.274880,0.179265,0.142333
bcss,TCGA-LL-A740-DX1_xmin39436_ymin24080_MPP-0.2500.png.tensor,0.292925,0.726759,0.593233,0.680277,0.274880,0.177587,0.139820
bcss,TCGA-LL-A740-DX1_xmin39436_ymin24080_MPP-0.2500.png.tensor,0.303026,0.723309,0.588686,0.676453,0.274880,0.175659,0.137073
bcss,TCGA-LL-A740-DX1_xmin39436_ymin24080_MPP-0.2500.png.tensor,0.313127,0.719557,0.585599,0.672182,0.273816,0.173998,0.134468
bcss,TCGA-LL-A740-DX1_xmin39436_ymin24080_MPP-0.2500.png.tensor,0.323227,0.715664,0.582641,0.667634,0.272626,0.172492,0.131886
bcss,TCGA-LL-A740-DX1_xmin39436_ymin24080_MPP-0.2500.png.tensor,0.333328,0.711631,0.579496,0.663447,0.271540,0.170671,0.129333
bcss,TCGA-LL-A740-DX1_xmin39436_ymin24080_MPP-0.2500.png.tensor,0.343429,0.707105,0.576603,0.658957,0.270228,0.169023,0.127075
bcss,TCGA-LL-A740-DX1_xmin39436_ymin24080_MPP-0.2500.png.tensor,0.353530,0.702710,0.573337,0.654489,0.269165,0.167308,0.124655
bcss,TCGA-LL-A740-DX1_xmin39436_ymin24080_MPP-0.2500.png.tensor,0.363631,0.698456,0.570247,0.649852,0.267928,0.165670,0.122040
bcss,TCGA-LL-A740-DX1_xmin39436_ymin24080_MPP-0.2500.png.tensor,0.373732,0.693961,0.567104,0.645398,0.266695,0.163834,0.119528
bcss,TCGA-LL-A740-DX1_xmin39436_ymin24080_MPP-0.2500.png.tensor,0.383833,0.689093,0.563690,0.640477,0.265640,0.162317,0.117245
bcss,TCGA-LL-A740-DX1_xmin39436_ymin24080_MPP-0.2500.png.tensor,0.393933,0.684036,0.560453,0.635062,0.264405,0.161156,0.115038
bcss,TCGA-LL-A740-DX1_xmin39436_ymin24080_MPP-0.2500.png.tensor,0.404034,0.679279,0.556854,0.629952,0.263432,0.159700,0.112497
bcss,TCGA-LL-A740-DX1_xmin39436_ymin24080_MPP-0.2500.png.tensor,0.414135,0.673970,0.553533,0.624642,0.262187,0.158364,0.110351
bcss,TCGA-LL-A740-DX1_xmin39436_ymin24080_MPP-0.2500.png.tensor,0.424236,0.668369,0.549778,0.619501,0.261275,0.156836,0.108380
bcss,TCGA-LL-A740-DX1_xmin39436_ymin24080_MPP-0.2500.png.tensor,0.434337,0.663060,0.545677,0.613874,0.260638,0.155681,0.106070
bcss,TCGA-LL-A740-DX1_xmin39436_ymin24080_MPP-0.2500.png.tensor,0.444438,0.657319,0.541612,0.608423,0.259944,0.154328,0.104075
bcss,TCGA-LL-A740-DX1_xmin39436_ymin24080_MPP-0.2500.png.tensor,0.454539,0.651548,0.537656,0.602604,0.259126,0.153260,0.102044
bcss,TCGA-LL-A740-DX1_xmin39436_ymin24080_MPP-0.2500.png.tensor,0.464639,0.645777,0.533229,0.596606,0.258715,0.152320,0.099929
bcss,TCGA-LL-A740-DX1_xmin39436_ymin24080_MPP-0.2500.png.tensor,0.474740,0.639694,0.528642,0.590324,0.258441,0.151614,0.098021
bcss,TCGA-LL-A740-DX1_xmin39436_ymin24080_MPP-0.2500.png.tensor,0.484841,0.633491,0.524091,0.584056,0.258122,0.150867,0.096154
bcss,TCGA-LL-A740-DX1_xmin39436_ymin24080_MPP-0.2500.png.tensor,0.494942,0.626997,0.519279,0.577871,0.258049,0.150007,0.094516
bcss,TCGA-LL-A740-DX1_xmin39436_ymin24080_MPP-0.2500.png.tensor,0.505048,0.619975,0.514389,0.571707,0.258049,0.149088,0.093321
bcss,TCGA-LL-A740-DX1_xmin39436_ymin24080_MPP-0.2500.png.tensor,0.515149,0.613279,0.509501,0.565529,0.258049,0.148148,0.091759
bcss,TCGA-LL-A740-DX1_xmin39436_ymin24080_MPP-0.2500.png.tensor,0.525250,0.605931,0.504613,0.558930,0.258049,0.147613,0.090805
bcss,TCGA-LL-A740-DX1_xmin39436_ymin24080_MPP-0.2500.png.tensor,0.535350,0.598924,0.499725,0.552395,0.258049,0.146984,0.089452
bcss,TCGA-LL-A740-DX1_xmin39436_ymin24080_MPP-0.2500.png.tensor,0.545451,0.592018,0.494837,0.545640,0.258049,0.146570,0.087934
bcss,TCGA-LL-A740-DX1_xmin39436_ymin24080_MPP-0.2500.png.tensor,0.555552,0.584820,0.489950,0.538788,0.258049,0.146246,0.086666
bcss,TCGA-LL-A740-DX1_xmin39436_ymin24080_MPP-0.2500.png.tensor,0.565653,0.577281,0.485062,0.532131,0.258049,0.145682,0.085735
bcss,TCGA-LL-A740-DX1_xmin39436_ymin24080_MPP-0.2500.png.tensor,0.575754,0.569862,0.480174,0.525282,0.258049,0.145318,0.084610
bcss,TCGA-LL-A740-DX1_xmin39436_ymin24080_MPP-0.2500.png.tensor,0.585855,0.562303,0.475286,0.518555,0.258049,0.144790,0.083608
bcss,TCGA-LL-A740-DX1_xmin39436_ymin24080_MPP-0.2500.png.tensor,0.595956,0.554703,0.470398,0.511543,0.258049,0.144587,0.082599
bcss,TCGA-LL-A740-DX1_xmin39436_ymin24080_MPP-0.2500.png.tensor,0.606056,0.547054,0.465511,0.504551,0.258049,0.144348,0.081610
bcss,TCGA-LL-A740-DX1_xmin39436_ymin24080_MPP-0.2500.png.tensor,0.616157,0.539615,0.460623,0.497366,0.258049,0.144348,0.080288
bcss,TCGA-LL-A740-DX1_xmin39436_ymin24080_MPP-0.2500.png.tensor,0.626258,0.531925,0.455735,0.490182,0.258049,0.144348,0.079231
bcss,TCGA-LL-A740-DX1_xmin39436_ymin24080_MPP-0.2500.png.tensor,0.636359,0.524235,0.450847,0.482997,0.258049,0.144348,0.078106
bcss,TCGA-LL-A740-DX1_xmin39436_ymin24080_MPP-0.2500.png.tensor,0.646460,0.516535,0.445959,0.475812,0.258049,0.144348,0.076937
bcss,TCGA-LL-A740-DX1_xmin39436_ymin24080_MPP-0.2500.png.tensor,0.656561,0.508664,0.441071,0.468627,0.258049,0.144348,0.075963
bcss,TCGA-LL-A740-DX1_xmin39436_ymin24080_MPP-0.2500.png.tensor,0.666662,0.500683,0.436184,0.461442,0.258049,0.144348,0.075091
bcss,TCGA-LL-A740-DX1_xmin39436_ymin24080_MPP-0.2500.png.tensor,0.676763,0.492712,0.431296,0.454258,0.258049,0.144348,0.074132
bcss,TCGA-LL-A740-DX1_xmin39436_ymin24080_MPP-0.2500.png.tensor,0.686863,0.484711,0.426408,0.447073,0.258049,0.144348,0.073181
bcss,TCGA-LL-A740-DX1_xmin39436_ymin24080_MPP-0.2500.png.tensor,0.696964,0.476810,0.421520,0.439888,0.258049,0.144348,0.071996
bcss,TCGA-LL-A740-DX1_xmin39436_ymin24080_MPP-0.2500.png.tensor,0.707065,0.468708,0.416632,0.432703,0.258049,0.144348,0.071056
bcss,TCGA-LL-A740-DX1_xmin39436_ymin24080_MPP-0.2500.png.tensor,0.717166,0.460546,0.411744,0.425519,0.258049,0.144348,0.070169
bcss,TCGA-LL-A740-DX1_xmin39436_ymin24080_MPP-0.2500.png.tensor,0.727267,0.452374,0.406857,0.418334,0.258049,0.144348,0.069233
bcss,TCGA-LL-A740-DX1_xmin39436_ymin24080_MPP-0.2500.png.tensor,0.737368,0.444091,0.401969,0.411149,0.258049,0.144348,0.068441
bcss,TCGA-LL-A740-DX1_xmin39436_ymin24080_MPP-0.2500.png.tensor,0.747469,0.435728,0.397081,0.403964,0.258049,0.144348,0.067727
bcss,TCGA-LL-A740-DX1_xmin39436_ymin24080_MPP-0.2500.png.tensor,0.757569,0.427536,0.392193,0.396779,0.258049,0.144348,0.066631
bcss,TCGA-LL-A740-DX1_xmin39436_ymin24080_MPP-0.2500.png.tensor,0.767670,0.419093,0.387305,0.389595,0.258049,0.144348,0.065956
bcss,TCGA-LL-A740-DX1_xmin39436_ymin24080_MPP-0.2500.png.tensor,0.777771,0.410619,0.382417,0.382410,0.258049,0.144348,0.065275
bcss,TCGA-LL-A740-DX1_xmin39436_ymin24080_MPP-0.2500.png.tensor,0.787872,0.402015,0.377530,0.375225,0.258049,0.144348,0.064764
bcss,TCGA-LL-A740-DX1_xmin39436_ymin24080_MPP-0.2500.png.tensor,0.797973,0.393501,0.372642,0.368040,0.258049,0.144348,0.064162
bcss,TCGA-LL-A740-DX1_xmin39436_ymin24080_MPP-0.2500.png.tensor,0.808074,0.384988,0.367754,0.360856,0.258049,0.144348,0.063299
bcss,TCGA-LL-A740-DX1_xmin39436_ymin24080_MPP-0.2500.png.tensor,0.818175,0.376434,0.362866,0.353671,0.258049,0.144348,0.062671
bcss,TCGA-LL-A740-DX1_xmin39436_ymin24080_MPP-0.2500.png.tensor,0.828275,0.368151,0.357978,0.346486,0.258049,0.144348,0.061062
bcss,TCGA-LL-A740-DX1_xmin39436_ymin24080_MPP-0.2500.png.tensor,0.838376,0.359668,0.353090,0.339301,0.258049,0.144348,0.059846
bcss,TCGA-LL-A740-DX1_xmin39436_ymin24080_MPP-0.2500.png.tensor,0.848477,0.351144,0.348203,0.332116,0.258049,0.144348,0.058676
bcss,TCGA-LL-A740-DX1_xmin39436_ymin24080_MPP-0.2500.png.tensor,0.858578,0.343012,0.343315,0.324932,0.258049,0.144348,0.055934
bcss,TCGA-LL-A740-DX1_xmin39436_ymin24080_MPP-0.2500.png.tensor,0.868679,0.334448,0.338427,0.317747,0.258049,0.144348,0.054385
bcss,TCGA-LL-A740-DX1_xmin39436_ymin24080_MPP-0.2500.png.tensor,0.878780,0.326146,0.333539,0.310562,0.258049,0.144348,0.051479
bcss,TCGA-LL-A740-DX1_xmin39436_ymin24080_MPP-0.2500.png.tensor,0.888881,0.317642,0.328651,0.303377,0.258049,0.144348,0.048937
bcss,TCGA-LL-A740-DX1_xmin39436_ymin24080_MPP-0.2500.png.tensor,0.898981,0.309138,0.323764,0.296193,0.258049,0.144348,0.045974
bcss,TCGA-LL-A740-DX1_xmin39436_ymin24080_MPP-0.2500.png.tensor,0.909082,0.300424,0.318876,0.289008,0.258049,0.144348,0.043442
bcss,TCGA-LL-A740-DX1_xmin39436_ymin24080_MPP-0.2500.png.tensor,0.919183,0.291689,0.313988,0.281823,0.258049,0.144348,0.040432
bcss,TCGA-LL-A740-DX1_xmin39436_ymin24080_MPP-0.2500.png.tensor,0.929284,0.283377,0.309100,0.274638,0.258049,0.144348,0.033520
bcss,TCGA-LL-A740-DX1_xmin39436_ymin24080_MPP-0.2500.png.tensor,0.939385,0.275014,0.304212,0.268443,0.258049,0.136188,0.024828
bcss,TCGA-LL-A740-DX1_xmin39436_ymin24080_MPP-0.2500.png.tensor,0.949486,0.266249,0.299324,0.262191,0.258049,0.125320,0.016604
bcss,TCGA-LL-A740-DX1_xmin39436_ymin24080_MPP-0.2500.png.tensor,0.959587,0.256911,0.294437,0.256265,0.258049,0.104989,0.011296
bcss,TCGA-LL-A740-DX1_xmin39436_ymin24080_MPP-0.2500.png.tensor,0.969687,0.247212,0.289549,0.249966,0.258049,0.077266,0.008434
bcss,TCGA-LL-A740-DX1_xmin39436_ymin24080_MPP-0.2500.png.tensor,0.979788,0.237433,0.284661,0.242301,0.258049,0.055614,0.004701
bcss,TCGA-LL-A740-DX1_xmin39436_ymin24080_MPP-0.2500.png.tensor,0.989889,0.227523,0.279773,0.233780,0.258049,0.033079,0.000000
bcss,TCGA-LL-A740-DX1_xmin39436_ymin24080_MPP-0.2500.png.tensor,0.999995,0.217417,0.274885,0.224343,0.000000,0.000000,0.000000
bcss,TCGA-OL-A5D6-DX1_xmin115108_ymin40554_MPP-0.2500.png.tensor,0.000000,0.780336,0.729987,0.808848,0.270013,0.191152,0.219664
bcss,TCGA-OL-A5D6-DX1_xmin115108_ymin40554_MPP-0.2500.png.tensor,0.010098,0.782079,0.725573,0.807060,0.269896,0.188905,0.215924
bcss,TCGA-OL-A5D6-DX1_xmin115108_ymin40554_MPP-0.2500.png.tensor,0.020196,0.783904,0.720926,0.804048,0.269896,0.187235,0.212064
bcss,TCGA-OL-A5D6-DX1_xmin115108_ymin40554_MPP-0.2500.png.tensor,0.030300,0.784776,0.716276,0.801992,0.269896,0.185037,0.208615
bcss,TCGA-OL-A5D6-DX1_xmin115108_ymin40554_MPP-0.2500.png.tensor,0.040398,0.785249,0.711629,0.799377,0.269896,0.183085,0.205301
bcss,TCGA-OL-A5D6-DX1_xmin115108_ymin40554_MPP-0.2500.png.tensor,0.050503,0.786216,0.706978,0.797184,0.269896,0.180867,0.201654
bcss,TCGA-OL-A5D6-DX1_xmin115108_ymin40554_MPP-0.2500.png.tensor,0.060600,0.786554,0.702331,0.794058,0.269896,0.179100,0.198270
bcss,TCGA-OL-A5D6-DX1_xmin115108_ymin40554_MPP-0.2500.png.tensor,0.070705,0.787304,0.697681,0.791278,0.269896,0.177107,0.194586
bcss,TCGA-OL-A5D6-DX1_xmin115108_ymin40554_MPP-0.2500.png.tensor,0.080803,0.787858,0.693034,0.788170,0.269896,0.175251,0.190927
bcss,TCGA-OL-A5D6-DX1_xmin115108_ymin40554_MPP-0.2500.png.tensor,0.090907,0.787852,0.688384,0.785293,0.269896,0.173223,0.187498
bcss,TCGA-OL-A5D6-DX1_xmin115108_ymin40554_MPP-0.2500.png.tensor,0.101005,0.788811,0.683737,0.781700,0.269896,0.171551,0.183454
bcss,TCGA-OL-A5D6-DX1_xmin115108_ymin40554_MPP-0.2500.png.tensor,0.111110,0.789507,0.679087,0.777871,0.269896,0.169971,0.179462
bcss,TCGA-OL-A5D6-DX1_xmin115108_ymin40554_MPP-0.2500.png.tensor,0.121207,0.789656,0.674440,0.774941,0.269896,0.167846,0.175696
bcss,TCGA-OL-A5D6-DX1_xmin115108_ymin40554_MPP-0.2500.png.tensor,0.131312,0.790258,0.669789,0.771105,0.269896,0.166190,0.171573
bcss,TCGA-OL-A5D6-DX1_xmin115108_ymin40554_MPP-0.2500.png.tensor,0.141410,0.790582,0.665142,0.767137,0.269896,0.164575,0.167526
bcss,TCGA-OL-A5D6-DX1_xmin115108_ymin40554_MPP-0.2500.png.tensor,0.151508,0.790839,0.660495,0.762809,0.269896,0.163134,0.163417
bcss,TCGA-OL-A5D6-DX1_xmin115108_ymin40554_MPP-0.2500.png.tensor,0.161612,0.790873,0.655845,0.758710,0.269896,0.161518,0.159336
bcss,TCGA-OL-A5D6-DX1_xmin115108_ymin40554_MPP-0.2500.png.tensor,0.171710,0.791265,0.651198,0.755364,0.269896,0.159412,0.154952
bcss,TCGA-OL-A5D6-DX1_xmin115108_ymin40554_MPP-0.2500.png.tensor,0.181814,0.791001,0.646548,0.751373,0.269896,0.157645,0.150848
bcss,TCGA-OL-A5D6-DX1_xmin115108_ymin40554_MPP-0.2500.png.tensor,0.191912,0.791042,0.641901,0.746907,0.269896,0.156130,0.146463
bcss,TCGA-OL-A5D6-DX1_xmin115108_ymin40554_MPP-0.2500.png.tensor,0.202017,0.790981,0.637250,0.742681,0.269896,0.154423,0.142022
bcss,TCGA-OL-A5D6-DX1_xmin115108_ymin40554_MPP-0.2500.png.tensor,0.212115,0.790643,0.632603,0.738785,0.269896,0.152467,0.137650
bcss,TCGA-OL-A5D6-DX1_xmin115108_ymin40554_MPP-0.2500.png.tensor,0.222219,0.790406,0.627953,0.734396,0.269896,0.150773,0.133092
bcss,TCGA-OL-A5D6-DX1_xmin115108_ymin40554_MPP-0.2500.png.tensor,0.232317,0.790204,0.623306,0.729842,0.269896,0.149146,0.128402
bcss,TCGA-OL-A5D6-DX1_xmin115108_ymin40554_MPP-0.2500.png.tensor,0.242422,0.789088,0.618656,0.725455,0.269896,0.147361,0.124180
bcss,TCGA-OL-A5D6-DX1_xmin115108_ymin40554_MPP-0.2500.png.tensor,0.252519,0.787885,0.614009,0.721110,0.269896,0.145504,0.119908
bcss,TCGA-OL-A5D6-DX1_xmin115108_ymin40554_MPP-0.2500.png.tensor,0.262624,0.786202,0.609359,0.717487,0.269896,0.143103,0.115840
bcss,TCGA-OL-A5D6-DX1_xmin115108_ymin40554_MPP-0.2500.png.tensor,0.272722,0.784080,0.604712,0.712840,0.269896,0.141342,0.111965
bcss,TCGA-OL-A5D6-DX1_xmin115108_ymin40554_MPP-0.2500.png.tensor,0.282826,0.781072,0.600061,0.708256,0.269896,0.139485,0.108597
bcss,TCGA-OL-A5D6-DX1_xmin115108_ymin40554_MPP-0.2500.png.tensor,0.292924,0.778004,0.595414,0.702988,0.269896,0.138061,0.105176
bcss,TCGA-OL-A5D6-DX1_xmin115108_ymin40554_MPP-0.2500.png.tensor,0.303022,0.774368,0.590767,0.697843,0.269896,0.136509,0.102060
bcss,TCGA-OL-A5D6-DX1_xmin115108_ymin40554_MPP-0.2500.png.tensor,0.313126,0.770089,0.586117,0.692993,0.269896,0.134692,0.099322
bcss,TCGA-OL-A5D6-DX1_xmin115108_ymin40554_MPP-0.2500.png.tensor,0.323224,0.765642,0.581470,0.687914,0.269896,0.132994,0.096632
bcss,TCGA-OL-A5D6-DX1_xmin115108_ymin40554_MPP-0.2500.png.tensor,0.333329,0.760633,0.576820,0.682908,0.269896,0.131186,0.094274
bcss,TCGA-OL-A5D6-DX1_xmin115108_ymin40554_MPP-0.2500.png.tensor,0.343427,0.755510,0.572173,0.677749,0.269896,0.129442,0.091933
bcss,TCGA-OL-A5D6-DX1_xmin115108_ymin40554_MPP-0.2500.png.tensor,0.353531,0.750218,0.567522,0.671846,0.269896,0.128216,0.089650
bcss,TCGA-OL-A5D6-DX1_xmin115108_ymin40554_MPP-0.2500.png.tensor,0.363629,0.744770,0.562875,0.666508,0.269896,0.126510,0.087422
bcss,TCGA-OL-A5D6-DX1_xmin115108_ymin40554_MPP-0.2500.png.tensor,0.373734,0.738343,0.558225,0.660996,0.269896,0.124885,0.085895
bcss,TCGA-OL-A5D6-DX1_xmin115108_ymin40554_MPP-0.2500.png.tensor,0.383831,0.732151,0.553578,0.655065,0.269896,0.123550,0.084129
bcss,TCGA-OL-A5D6-DX1_xmin115108_ymin40554_MPP-0.2500.png.tensor,0.393936,0.725751,0.548928,0.648895,0.269896,0.122364,0.082479
bcss,TCGA-OL-A5D6-DX1_xmin115108_ymin40554_MPP-0.2500.png.tensor,0.404034,0.719208,0.544281,0.642413,0.269896,0.121404,0.080894
bcss,TCGA-OL-A5D6-DX1_xmin115108_ymin40554_MPP-0.2500.png.tensor,0.414138,0.712415,0.539631,0.635867,0.269896,0.120461,0.079465
bcss,TCGA-OL-A5D6-DX1_xmin115108_ymin40554_MPP-0.2500.png.tensor,0.424236,0.706197,0.534984,0.629331,0.269896,0.119481,0.077487
bcss,TCGA-OL-A5D6-DX1_xmin115108_ymin40554_MPP-0.2500.png.tensor,0.434334,0.699533,0.530336,0.622713,0.269896,0.118537,0.075830
bcss,TCGA-OL-A5D6-DX1_xmin115108_ymin40554_MPP-0.2500.png.tensor,0.444438,0.692632,0.525686,0.616203,0.269896,0.117458,0.074326
bcss,TCGA-OL-A5D6-DX1_xmin115108_ymin40554_MPP-0.2500.png.tensor,0.454536,0.685873,0.521039,0.609474,0.269896,0.116544,0.072649
bcss,TCGA-OL-A5D6-DX1_xmin115108_ymin40554_MPP-0.2500.png.tensor,0.464641,0.678689,0.516389,0.602724,0.269896,0.115612,0.071291
bcss,TCGA-OL-A5D6-DX1_xmin115108_ymin40554_MPP-0.2500.png.tensor,0.474739,0.671632,0.511742,0.595564,0.269896,0.115038,0.069768
bcss,TCGA-OL-A5D6-DX1_xmin115108_ymin40554_MPP-0.2500.png.tensor,0.484843,0.664420,0.507092,0.588807,0.269896,0.114045,0.068327
bcss,TCGA-OL-A5D6-DX1_xmin115108_ymin40554_MPP-0.2500.png.tensor,0.494941,0.656648,0.502445,0.582138,0.269896,0.112931,0.067393
bcss,TCGA-OL-A5D6-DX1_xmin115108_ymin40554_MPP-0.2500.png.tensor,0.505046,0.649071,0.497794,0.575476,0.269896,0.111759,0.066214
bcss,TCGA-OL-A5D6-DX1_xmin115108_ymin40554_MPP-0.2500.png.tensor,0.515143,0.641717,0.493147,0.568493,0.269896,0.110874,0.064756
bcss,TCGA-OL-A5D6-DX1_xmin115108_ymin40554_MPP-0.2500.png.tensor,0.525248,0.634100,0.488497,0.561231,0.269896,0.110240,0.063522
bcss,TCGA-OL-A5D6-DX1_xmin115108_ymin40554_MPP-0.2500.png.tensor,0.535346,0.626246,0.483850,0.554103,0.269896,0.109439,0.062469
bcss,TCGA-OL-A5D6-DX1_xmin115108_ymin40554_MPP-0.2500.png.tensor,0.545450,0.618359,0.479200,0.546439,0.269896,0.109188,0.061417
bcss,TCGA-OL-A5D6-DX1_xmin115108_ymin40554_MPP-0.2500.png.tensor,0.555548,0.610410,0.474553,0.538547,0.269896,0.109188,0.060414
bcss,TCGA-OL-A5D6-DX1_xmin115108_ymin40554_MPP-0.2500.png.tensor,0.565653,0.602103,0.469903,0.530816,0.269896,0.108995,0.059733
bcss,TCGA-OL-A5D6-DX1_xmin115108_ymin40554_MPP-0.2500.png.tensor,0.575750,0.593898,0.465255,0.523111,0.269896,0.108770,0.058945
bcss,TCGA-OL-A5D6-DX1_xmin115108_ymin40554_MPP-0.2500.png.tensor,0.585848,0.585531,0.460608,0.515506,0.269896,0.108411,0.058270
bcss,TCGA-OL-A5D6-DX1_xmin115108_ymin40554_MPP-0.2500.png.tensor,0.595953,0.577035,0.455958,0.507593,0.269896,0.108411,0.057717
bcss,TCGA-OL-A5D6-DX1_xmin115108_ymin40554_MPP-0.2500.png.tensor,0.606051,0.568505,0.451311,0.499684,0.269896,0.108411,0.057223
bcss,TCGA-OL-A5D6-DX1_xmin115108_ymin40554_MPP-0.2500.png.tensor,0.616155,0.559671,0.446661,0.491771,0.269896,0.108411,0.057043
bcss,TCGA-OL-A5D6-DX1_xmin115108_ymin40554_MPP-0.2500.png.tensor,0.626253,0.550776,0.442014,0.483862,0.269896,0.108411,0.057018
bcss,TCGA-OL-A5D6-DX1_xmin115108_ymin40554_MPP-0.2500.png.tensor,0.636357,0.541983,0.437364,0.475949,0.269896,0.108411,0.056716
bcss,TCGA-OL-A5D6-DX1_xmin115108_ymin40554_MPP-0.2500.png.tensor,0.646455,0.532940,0.432717,0.468040,0.269896,0.108411,0.056716
bcss,TCGA-OL-A5D6-DX1_xmin115108_ymin40554_MPP-0.2500.png.tensor,0.656560,0.523984,0.428066,0.460127,0.269896,0.108411,0.056716
bcss,TCGA-OL-A5D6-DX1_xmin115108_ymin40554_MPP-0.2500.png.tensor,0.666658,0.514805,0.423419,0.452218,0.269896,0.108411,0.056716
bcss,TCGA-OL-A5D6-DX1_xmin115108_ymin40554_MPP-0.2500.png.tensor,0.676762,0.505728,0.418769,0.444305,0.269896,0.108411,0.056716
bcss,TCGA-OL-A5D6-DX1_xmin115108_ymin40554_MPP-0.2500.png.tensor,0.686860,0.496604,0.414122,0.436396,0.269896,0.108411,0.056716
bcss,TCGA-OL-A5D6-DX1_xmin115108_ymin40554_MPP-0.2500.png.tensor,0.696965,0.487256,0.409472,0.428483,0.269896,0.108411,0.056716
bcss,TCGA-OL-A5D6-DX1_xmin115108_ymin40554_MPP-0.2500.png.tensor,0.707062,0.478402,0.404825,0.420574,0.269896,0.108411,0.056716
bcss,TCGA-OL-A5D6-DX1_xmin115108_ymin40554_MPP-0.2500.png.tensor,0.717160,0.469156,0.400178,0.412666,0.269896,0.108411,0.056716
bcss,TCGA-OL-A5D6-DX1_xmin115108_ymin40554_MPP-0.2500.png.tensor,0.727265,0.459889,0.395527,0.404752,0.269896,0.108411,0.056716
bcss,TCGA-OL-A5D6-DX1_xmin115108_ymin40554_MPP-0.2500.png.tensor,0.737363,0.451062,0.390880,0.396844,0.269896,0.108411,0.056716
bcss,TCGA-OL-A5D6-DX1_xmin115108_ymin40554_MPP-0.2500.png.tensor,0.747467,0.441958,0.386230,0.388930,0.269896,0.108411,0.056716
bcss,TCGA-OL-A5D6-DX1_xmin115108_ymin40554_MPP-0.2500.png.tensor,0.757565,0.432806,0.381583,0.381022,0.269896,0.108411,0.056716
bcss,TCGA-OL-A5D6-DX1_xmin115108_ymin40554_MPP-0.2500.png.tensor,0.767669,0.423891,0.376933,0.373108,0.269896,0.108411,0.056716
bcss,TCGA-OL-A5D6-DX1_xmin115108_ymin40554_MPP-0.2500.png.tensor,0.777767,0.415172,0.372286,0.365200,0.269896,0.108411,0.056716
bcss,TCGA-OL-A5D6-DX1_xmin115108_ymin40554_MPP-0.2500.png.tensor,0.787872,0.406298,0.367636,0.357286,0.269896,0.108411,0.056716
bcss,TCGA-OL-A5D6-DX1_xmin115108_ymin40554_MPP-0.2500.png.tensor,0.797970,0.397565,0.362989,0.349378,0.269896,0.108411,0.056716
bcss,TCGA-OL-A5D6-DX1_xmin115108_ymin40554_MPP-0.2500.png.tensor,0.808074,0.389056,0.358338,0.341464,0.269896,0.108411,0.056716
bcss,TCGA-OL-A5D6-DX1_xmin115108_ymin40554_MPP-0.2500.png.tensor,0.818172,0.380864,0.353691,0.333556,0.269896,0.108411,0.056648
bcss,TCGA-OL-A5D6-DX1_xmin115108_ymin40554_MPP-0.2500.png.tensor,0.828277,0.372760,0.349041,0.325642,0.269896,0.108411,0.054192
bcss,TCGA-OL-A5D6-DX1_xmin115108_ymin40554_MPP-0.2500.png.tensor,0.838374,0.364460,0.344394,0.317734,0.269896,0.108411,0.052057
bcss,TCGA-OL-A5D6-DX1_xmin115108_ymin40554_MPP-0.2500.png.tensor,0.848479,0.356627,0.339744,0.309820,0.269896,0.108411,0.048018
bcss,TCGA-OL-A5D6-DX1_xmin115108_ymin40554_MPP-0.2500.png.tensor,0.858577,0.348178,0.335097,0.301912,0.269896,0.108411,0.045633
bcss,TCGA-OL-A5D6-DX1_xmin115108_ymin40554_MPP-0.2500.png.tensor,0.868675,0.339446,0.330450,0.294003,0.269896,0.108411,0.043912
bcss,TCGA-OL-A5D6-DX1_xmin115108_ymin40554_MPP-0.2500.png.tensor,0.878779,0.330409,0.325799,0.286090,0.269896,0.108411,0.043107
bcss,TCGA-OL-A5D6-DX1_xmin115108_ymin40554_MPP-0.2500.png.tensor,0.888877,0.321122,0.321152,0.278759,0.269896,0.105811,0.042960
bcss,TCGA-OL-A5D6-DX1_xmin115108_ymin40554_MPP-0.2500.png.tensor,0.898981,0.311788,0.316502,0.271508,0.269896,0.102271,0.042960
bcss,TCGA-OL-A5D6-DX1_xmin115108_ymin40554_MPP-0.2500.png.tensor,0.909079,0.302529,0.311855,0.264454,0.269896,0.096889,0.042960
bcss,TCGA-OL-A5D6-DX1_xmin115108_ymin40554_MPP-0.2500.png.tensor,0.919184,0.293127,0.307205,0.256703,0.269896,0.094445,0.042960
bcss,TCGA-OL-A5D6-DX1_xmin115108_ymin40554_MPP-0.2500.png.tensor,0.929282,0.283624,0.302558,0.249187,0.269896,0.089677,0.042960
bcss,TCGA-OL-A5D6-DX1_xmin115108_ymin40554_MPP-0.2500.png.tensor,0.939386,0.274209,0.297908,0.241306,0.269896,0.086280,0.042960
bcss,TCGA-OL-A5D6-DX1_xmin115108_ymin40554_MPP-0.2500.png.tensor,0.949484,0.264611,0.293261,0.233118,0.269896,0.084627,0.042960
bcss,TCGA-OL-A5D6-DX1_xmin115108_ymin40554_MPP-0.2500.png.tensor,0.959589,0.254993,0.288610,0.224823,0.269896,0.083393,0.042960
bcss,TCGA-OL-A5D6-DX1_xmin115108_ymin40554_MPP-0.2500.png.tensor,0.969686,0.245544,0.283963,0.216566,0.269896,0.080812,0.042960
bcss,TCGA-OL-A5D6-DX1_xmin115108_ymin40554_MPP-0.2500.png.tensor,0.979791,0.236440,0.279313,0.208095,0.269896,0.080812,0.042960
bcss,TCGA-OL-A5D6-DX1_xmin115108_ymin40554_MPP-0.2500.png.tensor,0.989889,0.227505,0.274666,0.199629,0.269896,0.080812,0.042960
bcss,TCGA-OL-A5D6-DX1_xmin115108_ymin40554_MPP-0.2500.png.tensor,0.999993,0.219658,0.270016,0.191158,0.268569,0.080812,0.042960
bcss,TCGA-OL-A5D7-DX1_xmin114443_ymin22490_MPP-0.2500.png.tensor,0.000000,0.363687,0.635691,0.888886,0.364309,0.111114,0.636313
bcss,TCGA-OL-A5D7-DX1_xmin114443_ymin22490_MPP-0.2500.png.tensor,0.010100,0.370392,0.632950,0.882992,0.364309,0.110123,0.634317
bcss,TCGA-OL-A5D7-DX1_xmin114443_ymin22490_MPP-0.2500.png.tensor,0.020202,0.377361,0.630208,0.877188,0.364309,0.109066,0.632145
bcss,TCGA-OL-A5D7-DX1_xmin114443_ymin22490_MPP-0.2500.png.tensor,0.030303,0.384234,0.627467,0.871443,0.364309,0.107956,0.629978
bcss,TCGA-OL-A5D7-DX1_xmin114443_ymin22490_MPP-0.2500.png.tensor,0.040403,0.390870,0.624726,0.865545,0.364309,0.106902,0.627888
bcss,TCGA-OL-A5D7-DX1_xmin114443_ymin22490_MPP-0.2500.png.tensor,0.050505,0.397483,0.621985,0.859685,0.364309,0.105806,0.625767
bcss,TCGA-OL-A5D7-DX1_xmin114443_ymin22490_MPP-0.2500.png.tensor,0.060606,0.403924,0.619243,0.853893,0.364309,0.104650,0.623691
bcss,TCGA-OL-A5D7-DX1_xmin114443_ymin22490_MPP-0.2500.png.tensor,0.070706,0.410181,0.616502,0.848146,0.364309,0.103445,0.621668
bcss,TCGA-OL-A5D7-DX1_xmin114443_ymin22490_MPP-0.2500.png.tensor,0.080808,0.416377,0.613761,0.842649,0.364309,0.102077,0.619634
bcss,TCGA-OL-A5D7-DX1_xmin114443_ymin22490_MPP-0.2500.png.tensor,0.090909,0.422645,0.611020,0.837112,0.364309,0.100701,0.617517
bcss,TCGA-OL-A5D7-DX1_xmin114443_ymin22490_MPP-0.2500.png.tensor,0.101009,0.428852,0.608279,0.831488,0.364309,0.099343,0.615385
bcss,TCGA-OL-A5D7-DX1_xmin114443_ymin22490_MPP-0.2500.png.tensor,0.111111,0.434833,0.605537,0.825963,0.364309,0.097898,0.613332
bcss,TCGA-OL-A5D7-DX1_xmin114443_ymin22490_MPP-0.2500.png.tensor,0.121212,0.440774,0.602796,0.820551,0.364309,0.096355,0.611255
bcss,TCGA-OL-A5D7-DX1_xmin114443_ymin22490_MPP-0.2500.png.tensor,0.131312,0.446830,0.600055,0.814952,0.364309,0.094885,0.609062
bcss,TCGA-OL-A5D7-DX1_xmin114443_ymin22490_MPP-0.2500.png.tensor,0.141414,0.452814,0.597314,0.809574,0.364309,0.093251,0.606861
bcss,TCGA-OL-A5D7-DX1_xmin114443_ymin22490_MPP-0.2500.png.tensor,0.151515,0.458778,0.594572,0.804455,0.364309,0.091425,0.604619
bcss,TCGA-OL-A5D7-DX1_xmin114443_ymin22490_MPP-0.2500.png.tensor,0.161615,0.464496,0.591831,0.799142,0.364309,0.089671,0.602469
bcss,TCGA-OL-A5D7-DX1_xmin114443_ymin22490_MPP-0.2500.png.tensor,0.171717,0.470395,0.589090,0.793634,0.364309,0.087991,0.600157
bcss,TCGA-OL-A5D7-DX1_xmin114443_ymin22490_MPP-0.2500.png.tensor,0.181818,0.475881,0.586349,0.788445,0.364309,0.086076,0.598042
bcss,TCGA-OL-A5D7-DX1_xmin114443_ymin22490_MPP-0.2500.png.tensor,0.191918,0.481597,0.583608,0.783342,0.364309,0.084060,0.595730
bcss,TCGA-OL-A5D7-DX1_xmin114443_ymin22490_MPP-0.2500.png.tensor,0.202020,0.487030,0.580866,0.778191,0.364309,0.082022,0.593538
bcss,TCGA-OL-A5D7-DX1_xmin114443_ymin22490_MPP-0.2500.png.tensor,0.212121,0.492420,0.578125,0.772910,0.364309,0.080015,0.591316
bcss,TCGA-OL-A5D7-DX1_xmin114443_ymin22490_MPP-0.2500.png.tensor,0.222221,0.497697,0.575384,0.767879,0.364309,0.077795,0.589110
bcss,TCGA-OL-A5D7-DX1_xmin114443_ymin22490_MPP-0.2500.png.tensor,0.232323,0.502945,0.572643,0.763027,0.364309,0.075400,0.586864
bcss,TCGA-OL-A5D7-DX1_xmin114443_ymin22490_MPP-0.2500.png.tensor,0.242424,0.508383,0.569901,0.758353,0.364309,0.072823,0.584433
bcss,TCGA-OL-A5D7-DX1_xmin114443_ymin22490_MPP-0.2500.png.tensor,0.252524,0.513770,0.567160,0.753444,0.364309,0.070334,0.581971
bcss,TCGA-OL-A5D7-DX1_xmin114443_ymin22490_MPP-0.2500.png.tensor,0.262626,0.518865,0.564419,0.748497,0.364309,0.067803,0.579638
bcss,TCGA-OL-A5D7-DX1_xmin114443_ymin22490_MPP-0.2500.png.tensor,0.272726,0.523699,0.561678,0.743293,0.364309,0.065378,0.577420
bcss,TCGA-OL-A5D7-DX1_xmin114443_ymin22490_MPP-0.2500.png.tensor,0.282827,0.528456,0.558937,0.737930,0.364309,0.062995,0.575196
bcss,TCGA-OL-A5D7-DX1_xmin114443_ymin22490_MPP-0.2500.png.tensor,0.292929,0.533099,0.556713,0.732377,0.363943,0.060679,0.572986
bcss,TCGA-OL-A5D7-DX1_xmin114443_ymin22490_MPP-0.2500.png.tensor,0.303030,0.537552,0.558654,0.726732,0.360579,0.058362,0.570850
bcss,TCGA-OL-A5D7-DX1_xmin114443_ymin22490_MPP-0.2500.png.tensor,0.313130,0.541807,0.561150,0.720812,0.356712,0.056177,0.568793
bcss,TCGA-OL-A5D7-DX1_xmin114443_ymin22490_MPP-0.2500.png.tensor,0.323232,0.545957,0.563718,0.714678,0.352676,0.054084,0.566755
bcss,TCGA-OL-A5D7-DX1_xmin114443_ymin22490_MPP-0.2500.png.tensor,0.333333,0.549704,0.566614,0.708206,0.348272,0.052181,0.564956
bcss,TCGA-OL-A5D7-DX1_xmin114443_ymin22490_MPP-0.2500.png.tensor,0.343433,0.553274,0.569351,0.701594,0.343853,0.050328,0.563236
bcss,TCGA-OL-A5D7-DX1_xmin114443_ymin22490_MPP-0.2500.png.tensor,0.353535,0.556651,0.572190,0.694665,0.339217,0.048660,0.561607
bcss,TCGA-OL-A5D7-DX1_xmin114443_ymin22490_MPP-0.2500.png.tensor,0.363636,0.559681,0.574933,0.687530,0.334510,0.047102,0.560206
bcss,TCGA-OL-A5D7-DX1_xmin114443_ymin22490_MPP-0.2500.png.tensor,0.373736,0.562371,0.577453,0.680314,0.329829,0.045560,0.559029
bcss,TCGA-OL-A5D7-DX1_xmin114443_ymin22490_MPP-0.2500.png.tensor,0.383838,0.564832,0.580726,0.672953,0.324384,0.044083,0.557998
bcss,TCGA-OL-A5D7-DX1_xmin114443_ymin22490_MPP-0.2500.png.tensor,0.393939,0.566833,0.583654,0.665388,0.319041,0.042725,0.557311
bcss,TCGA-OL-A5D7-DX1_xmin114443_ymin22490_MPP-0.2500.png.tensor,0.404039,0.568564,0.586607,0.657786,0.313497,0.041353,0.556824
bcss,TCGA-OL-A5D7-DX1_xmin114443_ymin22490_MPP-0.2500.png.tensor,0.414141,0.570244,0.589519,0.649911,0.307796,0.040166,0.556356
bcss,TCGA-OL-A5D7-DX1_xmin114443_ymin22490_MPP-0.2500.png.tensor,0.424242,0.571569,0.592172,0.641940,0.302120,0.039021,0.556211
bcss,TCGA-OL-A5D7-DX1_xmin114443_ymin22490_MPP-0.2500.png.tensor,0.434342,0.572799,0.594844,0.633647,0.296224,0.038120,0.556113
bcss,TCGA-OL-A5D7-DX1_xmin114443_ymin22490_MPP-0.2500.png.tensor,0.444444,0.574056,0.596942,0.625333,0.290631,0.037204,0.556016
bcss,TCGA-OL-A5D7-DX1_xmin114443_ymin22490_MPP-0.2500.png.tensor,0.454545,0.575598,0.598457,0.616877,0.285365,0.036385,0.555642
bcss,TCGA-OL-A5D7-DX1_xmin114443_ymin22490_MPP-0.2500.png.tensor,0.464645,0.577210,0.599648,0.608257,0.280204,0.035688,0.555191
bcss,TCGA-OL-A5D7-DX1_xmin114443_ymin22490_MPP-0.2500.png.tensor,0.474747,0.578526,0.600454,0.599432,0.275208,0.035160,0.554973
bcss,TCGA-OL-A5D7-DX1_xmin114443_ymin22490_MPP-0.2500.png.tensor,0.484848,0.580016,0.600755,0.590612,0.270509,0.034606,0.554619
bcss,TCGA-OL-A5D7-DX1_xmin114443_ymin22490_MPP-0.2500.png.tensor,0.494948,0.581493,0.600960,0.581624,0.265716,0.034197,0.554260
bcss,TCGA-OL-A5D7-DX1_xmin114443_ymin22490_MPP-0.2500.png.tensor,0.505050,0.582862,0.600566,0.572591,0.261333,0.033815,0.553986
bcss,TCGA-OL-A5D7-DX1_xmin114443_ymin22490_MPP-0.2500.png.tensor,0.515150,0.584387,0.600161,0.563444,0.256779,0.033537,0.553543
bcss,TCGA-OL-A5D7-DX1_xmin114443_ymin22490_MPP-0.2500.png.tensor,0.525251,0.585703,0.599257,0.554236,0.252556,0.033309,0.553285
bcss,TCGA-OL-A5D7-DX1_xmin114443_ymin22490_MPP-0.2500.png.tensor,0.535353,0.587074,0.598293,0.545070,0.248214,0.033027,0.552959
bcss,TCGA-OL-A5D7-DX1_xmin114443_ymin22490_MPP-0.2500.png.tensor,0.545453,0.588588,0.597253,0.535807,0.243763,0.032840,0.552491
bcss,TCGA-OL-A5D7-DX1_xmin114443_ymin22490_MPP-0.2500.png.tensor,0.555554,0.589995,0.595891,0.526391,0.239472,0.032815,0.552090
bcss,TCGA-OL-A5D7-DX1_xmin114443_ymin22490_MPP-0.2500.png.tensor,0.565656,0.591332,0.594516,0.517043,0.234995,0.032711,0.551762
bcss,TCGA-OL-A5D7-DX1_xmin114443_ymin22490_MPP-0.2500.png.tensor,0.575756,0.592855,0.592795,0.507691,0.230715,0.032608,0.551169
bcss,TCGA-OL-A5D7-DX1_xmin114443_ymin22490_MPP-0.2500.png.tensor,0.585857,0.594127,0.590824,0.498277,0.226526,0.032574,0.550930
bcss,TCGA-OL-A5D7-DX1_xmin114443_ymin22490_MPP-0.2500.png.tensor,0.595959,0.595551,0.588510,0.488834,0.222552,0.032574,0.550417
bcss,TCGA-OL-A5D7-DX1_xmin114443_ymin22490_MPP-0.2500.png.tensor,0.606060,0.596915,0.586324,0.479390,0.218212,0.032574,0.549996
bcss,TCGA-OL-A5D7-DX1_xmin114443_ymin22490_MPP-0.2500.png.tensor,0.616160,0.598266,0.583729,0.469948,0.214178,0.032574,0.549537
bcss,TCGA-OL-A5D7-DX1_xmin114443_ymin22490_MPP-0.2500.png.tensor,0.626262,0.599925,0.580900,0.460505,0.210238,0.032574,0.548680
bcss,TCGA-OL-A5D7-DX1_xmin114443_ymin22490_MPP-0.2500.png.tensor,0.636363,0.601371,0.577678,0.451061,0.206619,0.032574,0.548026
bcss,TCGA-OL-A5D7-DX1_xmin114443_ymin22490_MPP-0.2500.png.tensor,0.646463,0.602810,0.574246,0.441619,0.203090,0.032574,0.547375
bcss,TCGA-OL-A5D7-DX1_xmin114443_ymin22490_MPP-0.2500.png.tensor,0.656565,0.604190,0.570666,0.432176,0.199570,0.032574,0.546748
bcss,TCGA-OL-A5D7-DX1_xmin114443_ymin22490_MPP-0.2500.png.tensor,0.666666,0.605910,0.566864,0.422733,0.196169,0.032574,0.545603
bcss,TCGA-OL-A5D7-DX1_xmin114443_ymin22490_MPP-0.2500.png.tensor,0.676766,0.607447,0.562742,0.413290,0.193052,0.032574,0.544636
bcss,TCGA-OL-A5D7-DX1_xmin114443_ymin22490_MPP-0.2500.png.tensor,0.686868,0.609060,0.558446,0.403847,0.190008,0.032574,0.543515
bcss,TCGA-OL-A5D7-DX1_xmin114443_ymin22490_MPP-0.2500.png.tensor,0.696969,0.610639,0.554071,0.394404,0.186895,0.032574,0.542357
bcss,TCGA-OL-A5D7-DX1_xmin114443_ymin22490_MPP-0.2500.png.tensor,0.707069,0.612191,0.549389,0.384962,0.184091,0.032574,0.541155
bcss,TCGA-OL-A5D7-DX1_xmin114443_ymin22490_MPP-0.2500.png.tensor,0.717171,0.613601,0.544388,0.375518,0.181648,0.032574,0.540144
bcss,TCGA-OL-A5D7-DX1_xmin114443_ymin22490_MPP-0.2500.png.tensor,0.727272,0.615095,0.539513,0.366075,0.178794,0.032574,0.538877
bcss,TCGA-OL-A5D7-DX1_xmin114443_ymin22490_MPP-0.2500.png.tensor,0.737372,0.616349,0.534052,0.356633,0.176838,0.032574,0.537993
bcss,TCGA-OL-A5D7-DX1_xmin114443_ymin22490_MPP-0.2500.png.tensor,0.747474,0.618062,0.528426,0.347189,0.175051,0.032574,0.536091
bcss,TCGA-OL-A5D7-DX1_xmin114443_ymin22490_MPP-0.2500.png.tensor,0.757575,0.619529,0.522741,0.337746,0.173235,0.032574,0.534609
bcss,TCGA-OL-A5D7-DX1_xmin114443_ymin22490_MPP-0.2500.png.tensor,0.767675,0.620872,0.516993,0.328304,0.171401,0.032574,0.533191
bcss,TCGA-OL-A5D7-DX1_xmin114443_ymin22490_MPP-0.2500.png.tensor,0.777777,0.622284,0.510873,0.318861,0.170234,0.032574,0.531522
bcss,TCGA-OL-A5D7-DX1_xmin114443_ymin22490_MPP-0.2500.png.tensor,0.787878,0.623677,0.504792,0.309417,0.168864,0.032574,0.529773
bcss,TCGA-OL-A5D7-DX1_xmin114443_ymin22490_MPP-0.2500.png.tensor,0.797978,0.625431,0.498598,0.299975,0.167639,0.032574,0.526914
bcss,TCGA-OL-A5D7-DX1_xmin114443_ymin22490_MPP-0.2500.png.tensor,0.808080,0.626930,0.492213,0.290532,0.166779,0.032574,0.524441
bcss,TCGA-OL-A5D7-DX1_xmin114443_ymin22490_MPP-0.2500.png.tensor,0.818181,0.628465,0.485711,0.281089,0.166147,0.032574,0.521529
bcss,TCGA-OL-A5D7-DX1_xmin114443_ymin22490_MPP-0.2500.png.tensor,0.828281,0.629844,0.479068,0.271646,0.165854,0.032574,0.518826
bcss,TCGA-OL-A5D7-DX1_xmin114443_ymin22490_MPP-0.2500.png.tensor,0.838382,0.631000,0.472317,0.262203,0.165854,0.032574,0.516422
bcss,TCGA-OL-A5D7-DX1_xmin114443_ymin22490_MPP-0.2500.png.tensor,0.848484,0.632198,0.465567,0.252760,0.165854,0.032574,0.513575
bcss,TCGA-OL-A5D7-DX1_xmin114443_ymin22490_MPP-0.2500.png.tensor,0.858584,0.633341,0.458817,0.243317,0.165854,0.032574,0.510491
bcss,TCGA-OL-A5D7-DX1_xmin114443_ymin22490_MPP-0.2500.png.tensor,0.868685,0.634463,0.452066,0.233874,0.165854,0.032574,0.507025
bcss,TCGA-OL-A5D7-DX1_xmin114443_ymin22490_MPP-0.2500.png.tensor,0.878787,0.635651,0.445315,0.224431,0.165854,0.032574,0.502716
bcss,TCGA-OL-A5D7-DX1_xmin114443_ymin22490_MPP-0.2500.png.tensor,0.888887,0.636457,0.438565,0.214989,0.165854,0.032574,0.499332
bcss,TCGA-OL-A5D7-DX1_xmin114443_ymin22490_MPP-0.2500.png.tensor,0.898988,0.637316,0.431815,0.205545,0.165854,0.032574,0.495016
bcss,TCGA-OL-A5D7-DX1_xmin114443_ymin22490_MPP-0.2500.png.tensor,0.909090,0.638193,0.425064,0.196102,0.165854,0.032574,0.489600
bcss,TCGA-OL-A5D7-DX1_xmin114443_ymin22490_MPP-0.2500.png.tensor,0.919190,0.638699,0.418314,0.186660,0.165854,0.032574,0.485234
bcss,TCGA-OL-A5D7-DX1_xmin114443_ymin22490_MPP-0.2500.png.tensor,0.929291,0.639156,0.411563,0.177217,0.165854,0.032574,0.479820
bcss,TCGA-OL-A5D7-DX1_xmin114443_ymin22490_MPP-0.2500.png.tensor,0.939393,0.639561,0.404813,0.167773,0.165854,0.032574,0.473117
bcss,TCGA-OL-A5D7-DX1_xmin114443_ymin22490_MPP-0.2500.png.tensor,0.949493,0.639447,0.398063,0.158331,0.165854,0.032574,0.468864
bcss,TCGA-OL-A5D7-DX1_xmin114443_ymin22490_MPP-0.2500.png.tensor,0.959594,0.639466,0.391312,0.148888,0.165854,0.032574,0.460936
bcss,TCGA-OL-A5D7-DX1_xmin114443_ymin22490_MPP-0.2500.png.tensor,0.969696,0.639196,0.384561,0.139444,0.165854,0.032574,0.452322
bcss,TCGA-OL-A5D7-DX1_xmin114443_ymin22490_MPP-0.2500.png.tensor,0.979796,0.638631,0.377811,0.130002,0.165854,0.032574,0.442557
bcss,TCGA-OL-A5D7-DX1_xmin114443_ymin22490_MPP-0.2500.png.tensor,0.989897,0.637415,0.371061,0.120559,0.165854,0.032574,0.441315
bcss,TCGA-OL-A5D7-DX1_xmin114443_ymin22490_MPP-0.2500.png.tensor,0.999999,0.636311,0.364310,0.111116,0.165854,0.032574,0.200704
bcss,TCGA-OL-A5RW-DX1_xmin5772_ymin6839_MPP-0.2500.png.tensor,0.000000,0.709415,0.758379,0.720333,0.241621,0.279667,0.290585
bcss,TCGA-OL-A5RW-DX1_xmin5772_ymin6839_MPP-0.2500.png.tensor,0.010079,0.713302,0.754902,0.721653,0.240747,0.276757,0.286489
bcss,TCGA-OL-A5RW-DX1_xmin5772_ymin6839_MPP-0.2500.png.tensor,0.020190,0.715577,0.750380,0.724158,0.240379,0.273175,0.283125
bcss,TCGA-OL-A5RW-DX1_xmin5772_ymin6839_MPP-0.2500.png.tensor,0.030300,0.717725,0.745403,0.723979,0.240239,0.270902,0.279756
bcss,TCGA-OL-A5RW-DX1_xmin5772_ymin6839_MPP-0.2500.png.tensor,0.040379,0.719968,0.740211,0.723663,0.240215,0.268660,0.276256
bcss,TCGA-OL-A5RW-DX1_xmin5772_ymin6839_MPP-0.2500.png.tensor,0.050490,0.721169,0.735393,0.722841,0.239986,0.266630,0.273241
bcss,TCGA-OL-A5RW-DX1_xmin5772_ymin6839_MPP-0.2500.png.tensor,0.060600,0.721611,0.730135,0.723069,0.239986,0.263997,0.270575
bcss,TCGA-OL-A5RW-DX1_xmin5772_ymin6839_MPP-0.2500.png.tensor,0.070679,0.721453,0.725107,0.722963,0.239872,0.261494,0.268172
bcss,TCGA-OL-A5RW-DX1_xmin5772_ymin6839_MPP-0.2500.png.tensor,0.080790,0.721706,0.720562,0.721563,0.239482,0.259633,0.265437
bcss,TCGA-OL-A5RW-DX1_xmin5772_ymin6839_MPP-0.2500.png.tensor,0.090900,0.721580,0.715702,0.721772,0.239258,0.256845,0.262918
bcss,TCGA-OL-A5RW-DX1_xmin5772_ymin6839_MPP-0.2500.png.tensor,0.100979,0.720916,0.710741,0.720236,0.239094,0.254973,0.260648
bcss,TCGA-OL-A5RW-DX1_xmin5772_ymin6839_MPP-0.2500.png.tensor,0.111090,0.719210,0.705862,0.717547,0.238871,0.253698,0.258867
bcss,TCGA-OL-A5RW-DX1_xmin5772_ymin6839_MPP-0.2500.png.tensor,0.121201,0.718073,0.700654,0.717447,0.238829,0.250922,0.256777
bcss,TCGA-OL-A5RW-DX1_xmin5772_ymin6839_MPP-0.2500.png.tensor,0.131280,0.717220,0.695721,0.717024,0.238639,0.248275,0.254446
bcss,TCGA-OL-A5RW-DX1_xmin5772_ymin6839_MPP-0.2500.png.tensor,0.141390,0.715893,0.691015,0.716251,0.238302,0.245761,0.252328
bcss,TCGA-OL-A5RW-DX1_xmin5772_ymin6839_MPP-0.2500.png.tensor,0.151501,0.714882,0.686212,0.714739,0.238013,0.243622,0.249972
bcss,TCGA-OL-A5RW-DX1_xmin5772_ymin6839_MPP-0.2500.png.tensor,0.161580,0.713965,0.682079,0.714554,0.237329,0.240651,0.247466
bcss,TCGA-OL-A5RW-DX1_xmin5772_ymin6839_MPP-0.2500.png.tensor,0.171690,0.712575,0.678274,0.712586,0.236419,0.238673,0.245270
bcss,TCGA-OL-A5RW-DX1_xmin5772_ymin6839_MPP-0.2500.png.tensor,0.181801,0.711311,0.673393,0.710795,0.236145,0.236538,0.242895
bcss,TCGA-OL-A5RW-DX1_xmin5772_ymin6839_MPP-0.2500.png.tensor,0.191912,0.709668,0.669712,0.708502,0.235122,0.234661,0.240694
bcss,TCGA-OL-A5RW-DX1_xmin5772_ymin6839_MPP-0.2500.png.tensor,0.201991,0.707804,0.664958,0.706855,0.234755,0.232341,0.238587
bcss,TCGA-OL-A5RW-DX1_xmin5772_ymin6839_MPP-0.2500.png.tensor,0.212101,0.706667,0.660900,0.704870,0.233926,0.230167,0.235940
bcss,TCGA-OL-A5RW-DX1_xmin5772_ymin6839_MPP-0.2500.png.tensor,0.222212,0.704834,0.656424,0.703447,0.233344,0.227574,0.233681
bcss,TCGA-OL-A5RW-DX1_xmin5772_ymin6839_MPP-0.2500.png.tensor,0.232291,0.702844,0.652173,0.701078,0.232613,0.225540,0.231491
bcss,TCGA-OL-A5RW-DX1_xmin5772_ymin6839_MPP-0.2500.png.tensor,0.242401,0.700632,0.648355,0.698881,0.231564,0.223327,0.229348
bcss,TCGA-OL-A5RW-DX1_xmin5772_ymin6839_MPP-0.2500.png.tensor,0.252512,0.698357,0.644278,0.696712,0.230660,0.221036,0.227223
bcss,TCGA-OL-A5RW-DX1_xmin5772_ymin6839_MPP-0.2500.png.tensor,0.262591,0.696367,0.640847,0.694139,0.229305,0.218967,0.224831
bcss,TCGA-OL-A5RW-DX1_xmin5772_ymin6839_MPP-0.2500.png.tensor,0.272701,0.694850,0.637106,0.693549,0.228114,0.215466,0.222010
bcss,TCGA-OL-A5RW-DX1_xmin5772_ymin6839_MPP-0.2500.png.tensor,0.282812,0.692891,0.632700,0.693370,0.227352,0.211580,0.219525
bcss,TCGA-OL-A5RW-DX1_xmin5772_ymin6839_MPP-0.2500.png.tensor,0.292891,0.691975,0.628924,0.692573,0.226136,0.208032,0.216146
bcss,TCGA-OL-A5RW-DX1_xmin5772_ymin6839_MPP-0.2500.png.tensor,0.303002,0.691027,0.624974,0.690387,0.224998,0.205365,0.212728
bcss,TCGA-OL-A5RW-DX1_xmin5772_ymin6839_MPP-0.2500.png.tensor,0.313112,0.690016,0.621987,0.688502,0.223123,0.202400,0.209236
bcss,TCGA-OL-A5RW-DX1_xmin5772_ymin6839_MPP-0.2500.png.tensor,0.323191,0.688025,0.619365,0.686434,0.220937,0.199496,0.206386
bcss,TCGA-OL-A5RW-DX1_xmin5772_ymin6839_MPP-0.2500.png.tensor,0.333302,0.685561,0.616609,0.685127,0.218772,0.195920,0.203782
bcss,TCGA-OL-A5RW-DX1_xmin5772_ymin6839_MPP-0.2500.png.tensor,0.343412,0.684803,0.614019,0.684778,0.216414,0.191503,0.199788
bcss,TCGA-OL-A5RW-DX1_xmin5772_ymin6839_MPP-0.2500.png.tensor,0.353523,0.683286,0.611186,0.682373,0.214170,0.188538,0.196237
bcss,TCGA-OL-A5RW-DX1_xmin5772_ymin6839_MPP-0.2500.png.tensor,0.363602,0.681548,0.609288,0.680476,0.211135,0.185096,0.192793
bcss,TCGA-OL-A5RW-DX1_xmin5772_ymin6839_MPP-0.2500.png.tensor,0.373712,0.680411,0.606487,0.679245,0.208707,0.180995,0.188761
bcss,TCGA-OL-A5RW-DX1_xmin5772_ymin6839_MPP-0.2500.png.tensor,0.383823,0.678705,0.603119,0.677560,0.206661,0.177127,0.185058
bcss,TCGA-OL-A5RW-DX1_xmin5772_ymin6839_MPP-0.2500.png.tensor,0.393902,0.677156,0.600784,0.674606,0.203709,0.174195,0.181098
bcss,TCGA-OL-A5RW-DX1_xmin5772_ymin6839_MPP-0.2500.png.tensor,0.404013,0.676524,0.598091,0.671193,0.200942,0.171531,0.176218
bcss,TCGA-OL-A5RW-DX1_xmin5772_ymin6839_MPP-0.2500.png.tensor,0.414123,0.675829,0.596082,0.668111,0.197495,0.168493,0.171224
bcss,TCGA-OL-A5RW-DX1_xmin5772_ymin6839_MPP-0.2500.png.tensor,0.424202,0.674281,0.593426,0.666144,0.194507,0.164398,0.166813
bcss,TCGA-OL-A5RW-DX1_xmin5772_ymin6839_MPP-0.2500.png.tensor,0.434313,0.672449,0.590395,0.664182,0.191726,0.160135,0.162469
bcss,TCGA-OL-A5RW-DX1_xmin5772_ymin6839_MPP-0.2500.png.tensor,0.444423,0.671058,0.587783,0.660641,0.188466,0.157136,0.157577
bcss,TCGA-OL-A5RW-DX1_xmin5772_ymin6839_MPP-0.2500.png.tensor,0.454502,0.669573,0.584233,0.655826,0.185964,0.155215,0.152621
bcss,TCGA-OL-A5RW-DX1_xmin5772_ymin6839_MPP-0.2500.png.tensor,0.464613,0.666730,0.582271,0.652639,0.181866,0.151680,0.148699
bcss,TCGA-OL-A5RW-DX1_xmin5772_ymin6839_MPP-0.2500.png.tensor,0.474724,0.665213,0.580101,0.650301,0.177808,0.147201,0.143372
bcss,TCGA-OL-A5RW-DX1_xmin5772_ymin6839_MPP-0.2500.png.tensor,0.484803,0.662464,0.576232,0.646168,0.175259,0.144310,0.139090
bcss,TCGA-OL-A5RW-DX1_xmin5772_ymin6839_MPP-0.2500.png.tensor,0.494913,0.658989,0.572511,0.641319,0.172442,0.141990,0.135306
bcss,TCGA-OL-A5RW-DX1_xmin5772_ymin6839_MPP-0.2500.png.tensor,0.505024,0.657156,0.569210,0.636862,0.169086,0.139180,0.129691
bcss,TCGA-OL-A5RW-DX1_xmin5772_ymin6839_MPP-0.2500.png.tensor,0.515134,0.654250,0.565318,0.632838,0.166200,0.135805,0.124984
bcss,TCGA-OL-A5RW-DX1_xmin5772_ymin6839_MPP-0.2500.png.tensor,0.525213,0.651311,0.561144,0.628934,0.163509,0.132185,0.120093
bcss,TCGA-OL-A5RW-DX1_xmin5772_ymin6839_MPP-0.2500.png.tensor,0.535324,0.648025,0.557571,0.623452,0.160032,0.130081,0.115379
bcss,TCGA-OL-A5RW-DX1_xmin5772_ymin6839_MPP-0.2500.png.tensor,0.545434,0.644171,0.553596,0.619132,0.156842,0.126605,0.111026
bcss,TCGA-OL-A5RW-DX1_xmin5772_ymin6839_MPP-0.2500.png.tensor,0.555513,0.640284,0.550168,0.613804,0.152918,0.124131,0.106572
bcss,TCGA-OL-A5RW-DX1_xmin5772_ymin6839_MPP-0.2500.png.tensor,0.565624,0.635735,0.545159,0.609507,0.150605,0.120329,0.102661
bcss,TCGA-OL-A5RW-DX1_xmin5772_ymin6839_MPP-0.2500.png.tensor,0.575735,0.631690,0.541947,0.604230,0.146064,0.117500,0.097997
bcss,TCGA-OL-A5RW-DX1_xmin5772_ymin6839_MPP-0.2500.png.tensor,0.585814,0.627362,0.537297,0.598686,0.143064,0.114885,0.093447
bcss,TCGA-OL-A5RW-DX1_xmin5772_ymin6839_MPP-0.2500.png.tensor,0.595924,0.622243,0.533362,0.592842,0.139003,0.112479,0.089559
bcss,TCGA-OL-A5RW-DX1_xmin5772_ymin6839_MPP-0.2500.png.tensor,0.606035,0.618515,0.529034,0.587595,0.135230,0.109194,0.083808
bcss,TCGA-OL-A5RW-DX1_xmin5772_ymin6839_MPP-0.2500.png.tensor,0.616114,0.613618,0.524187,0.581819,0.131966,0.106457,0.079207
bcss,TCGA-OL-A5RW-DX1_xmin5772_ymin6839_MPP-0.2500.png.tensor,0.626224,0.608373,0.518989,0.575891,0.128965,0.103741,0.074869
bcss,TCGA-OL-A5RW-DX1_xmin5772_ymin6839_MPP-0.2500.png.tensor,0.636335,0.603065,0.514329,0.569479,0.125056,0.101539,0.070319
bcss,TCGA-OL-A5RW-DX1_xmin5772_ymin6839_MPP-0.2500.png.tensor,0.646414,0.597409,0.509562,0.563556,0.121110,0.098557,0.066125
bcss,TCGA-OL-A5RW-DX1_xmin5772_ymin6839_MPP-0.2500.png.tensor,0.656524,0.592101,0.503838,0.556305,0.118289,0.097296,0.061069
bcss,TCGA-OL-A5RW-DX1_xmin5772_ymin6839_MPP-0.2500.png.tensor,0.666635,0.585972,0.498429,0.549804,0.114825,0.094833,0.056961
bcss,TCGA-OL-A5RW-DX1_xmin5772_ymin6839_MPP-0.2500.png.tensor,0.676746,0.580221,0.492627,0.543257,0.111752,0.092286,0.051999
bcss,TCGA-OL-A5RW-DX1_xmin5772_ymin6839_MPP-0.2500.png.tensor,0.686825,0.573112,0.486235,0.535585,0.109462,0.091414,0.048893
bcss,TCGA-OL-A5RW-DX1_xmin5772_ymin6839_MPP-0.2500.png.tensor,0.696935,0.566856,0.480528,0.528111,0.105848,0.090114,0.044190
bcss,TCGA-OL-A5RW-DX1_xmin5772_ymin6839_MPP-0.2500.png.tensor,0.707046,0.559652,0.473728,0.520844,0.103852,0.088370,0.040759
bcss,TCGA-OL-A5RW-DX1_xmin5772_ymin6839_MPP-0.2500.png.tensor,0.717125,0.553239,0.467188,0.514511,0.101296,0.084898,0.035742
bcss,TCGA-OL-A5RW-DX1_xmin5772_ymin6839_MPP-0.2500.png.tensor,0.727235,0.545213,0.460144,0.507460,0.099429,0.082435,0.033229
bcss,TCGA-OL-A5RW-DX1_xmin5772_ymin6839_MPP-0.2500.png.tensor,0.737346,0.537251,0.453907,0.499058,0.095884,0.082358,0.030416
bcss,TCGA-OL-A5RW-DX1_xmin5772_ymin6839_MPP-0.2500.png.tensor,0.747425,0.529131,0.446869,0.491563,0.093690,0.080528,0.027771
bcss,TCGA-OL-A5RW-DX1_xmin5772_ymin6839_MPP-0.2500.png.tensor,0.757536,0.520979,0.439471,0.483760,0.092003,0.079129,0.024863
bcss,TCGA-OL-A5RW-DX1_xmin5772_ymin6839_MPP-0.2500.png.tensor,0.767646,0.512385,0.432531,0.475868,0.089183,0.077797,0.022644
bcss,TCGA-OL-A5RW-DX1_xmin5772_ymin6839_MPP-0.2500.png.tensor,0.777725,0.504013,0.425304,0.467357,0.086813,0.077797,0.019838
bcss,TCGA-OL-A5RW-DX1_xmin5772_ymin6839_MPP-0.2500.png.tensor,0.787836,0.494724,0.416948,0.458820,0.086813,0.077797,0.018784
bcss,TCGA-OL-A5RW-DX1_xmin5772_ymin6839_MPP-0.2500.png.tensor,0.797946,0.485687,0.408789,0.450282,0.086329,0.077797,0.017193
bcss,TCGA-OL-A5RW-DX1_xmin5772_ymin6839_MPP-0.2500.png.tensor,0.808025,0.476303,0.400450,0.441771,0.086329,0.077797,0.016267
bcss,TCGA-OL-A5RW-DX1_xmin5772_ymin6839_MPP-0.2500.png.tensor,0.818136,0.467077,0.392085,0.433234,0.086329,0.077797,0.014673
bcss,TCGA-OL-A5RW-DX1_xmin5772_ymin6839_MPP-0.2500.png.tensor,0.828246,0.457409,0.383720,0.424697,0.086329,0.077797,0.014034
bcss,TCGA-OL-A5RW-DX1_xmin5772_ymin6839_MPP-0.2500.png.tensor,0.838357,0.447930,0.375355,0.416159,0.086329,0.077797,0.013219
bcss,TCGA-OL-A5RW-DX1_xmin5772_ymin6839_MPP-0.2500.png.tensor,0.848436,0.438357,0.367017,0.407648,0.086329,0.077797,0.012435
bcss,TCGA-OL-A5RW-DX1_xmin5772_ymin6839_MPP-0.2500.png.tensor,0.858547,0.428815,0.358652,0.399111,0.086329,0.077797,0.011379
bcss,TCGA-OL-A5RW-DX1_xmin5772_ymin6839_MPP-0.2500.png.tensor,0.868657,0.419084,0.350287,0.390574,0.086329,0.077797,0.010815
bcss,TCGA-OL-A5RW-DX1_xmin5772_ymin6839_MPP-0.2500.png.tensor,0.878736,0.409510,0.341948,0.382063,0.086329,0.077797,0.009620
bcss,TCGA-OL-A5RW-DX1_xmin5772_ymin6839_MPP-0.2500.png.tensor,0.888847,0.399716,0.333583,0.373525,0.086329,0.077797,0.008798
bcss,TCGA-OL-A5RW-DX1_xmin5772_ymin6839_MPP-0.2500.png.tensor,0.898957,0.390047,0.325218,0.364988,0.086329,0.077797,0.007669
bcss,TCGA-OL-A5RW-DX1_xmin5772_ymin6839_MPP-0.2500.png.tensor,0.909036,0.380221,0.316879,0.356477,0.086329,0.077797,0.006924
bcss,TCGA-OL-A5RW-DX1_xmin5772_ymin6839_MPP-0.2500.png.tensor,0.919147,0.370616,0.308514,0.347940,0.086329,0.077797,0.005076
bcss,TCGA-OL-A5RW-DX1_xmin5772_ymin6839_MPP-0.2500.png.tensor,0.929258,0.360506,0.300149,0.339402,0.086329,0.077797,0.005076
bcss,TCGA-OL-A5RW-DX1_xmin5772_ymin6839_MPP-0.2500.png.tensor,0.939336,0.350490,0.291811,0.330891,0.086329,0.077797,0.005076
bcss,TCGA-OL-A5RW-DX1_xmin5772_ymin6839_MPP-0.2500.png.tensor,0.949447,0.340569,0.283446,0.322354,0.086329,0.077797,0.005076
bcss,TCGA-OL-A5RW-DX1_xmin5772_ymin6839_MPP-0.2500.png.tensor,0.959558,0.330648,0.275081,0.313817,0.086329,0.077797,0.004431
bcss,TCGA-OL-A5RW-DX1_xmin5772_ymin6839_MPP-0.2500.png.tensor,0.969637,0.320632,0.266742,0.305306,0.086329,0.077797,0.004431
bcss,TCGA-OL-A5RW-DX1_xmin5772_ymin6839_MPP-0.2500.png.tensor,0.979747,0.310585,0.258377,0.296768,0.086329,0.077797,0.004431
bcss,TCGA-OL-A5RW-DX1_xmin5772_ymin6839_MPP-0.2500.png.tensor,0.989858,0.300474,0.250012,0.288231,0.086329,0.077797,0.004431
bcss,TCGA-OL-A5RW-DX1_xmin5772_ymin6839_MPP-0.2500.png.tensor,0.999968,0.290616,0.241647,0.279694,0.086329,0.077797,0.000000
bcss,TCGA-OL-A66I-DX1_xmin38433_ymin22957_MPP-0.2500.png.tensor,0.000000,0.468213,0.671287,0.816334,0.328713,0.183666,0.531787
bcss,TCGA-OL-A66I-DX1_xmin38433_ymin22957_MPP-0.2500.png.tensor,0.010097,0.474297,0.667828,0.814126,0.328713,0.181555,0.529035
bcss,TCGA-OL-A66I-DX1_xmin38433_ymin22957_MPP-0.2500.png.tensor,0.020199,0.480307,0.664367,0.811143,0.328713,0.179794,0.526270
bcss,TCGA-OL-A66I-DX1_xmin38433_ymin22957_MPP-0.2500.png.tensor,0.030301,0.485926,0.660997,0.807341,0.328666,0.178418,0.523647
bcss,TCGA-OL-A66I-DX1_xmin38433_ymin22957_MPP-0.2500.png.tensor,0.040403,0.491682,0.658317,0.803660,0.328259,0.176951,0.520894
bcss,TCGA-OL-A66I-DX1_xmin38433_ymin22957_MPP-0.2500.png.tensor,0.050500,0.497423,0.655758,0.798845,0.327780,0.176051,0.518096
bcss,TCGA-OL-A66I-DX1_xmin38433_ymin22957_MPP-0.2500.png.tensor,0.060603,0.502885,0.653237,0.794046,0.327270,0.175122,0.515383
bcss,TCGA-OL-A66I-DX1_xmin38433_ymin22957_MPP-0.2500.png.tensor,0.070705,0.508524,0.650695,0.789698,0.326760,0.173929,0.512508
bcss,TCGA-OL-A66I-DX1_xmin38433_ymin22957_MPP-0.2500.png.tensor,0.080807,0.514152,0.648228,0.785615,0.326198,0.172567,0.509590
bcss,TCGA-OL-A66I-DX1_xmin38433_ymin22957_MPP-0.2500.png.tensor,0.090909,0.519673,0.646107,0.780586,0.325433,0.171694,0.506662
bcss,TCGA-OL-A66I-DX1_xmin38433_ymin22957_MPP-0.2500.png.tensor,0.101006,0.525620,0.644657,0.775562,0.324279,0.170801,0.503430
bcss,TCGA-OL-A66I-DX1_xmin38433_ymin22957_MPP-0.2500.png.tensor,0.111108,0.531278,0.642637,0.770594,0.323418,0.169854,0.500286
bcss,TCGA-OL-A66I-DX1_xmin38433_ymin22957_MPP-0.2500.png.tensor,0.121210,0.536808,0.640694,0.766125,0.322494,0.168602,0.497137
bcss,TCGA-OL-A66I-DX1_xmin38433_ymin22957_MPP-0.2500.png.tensor,0.131312,0.542251,0.639087,0.760679,0.321355,0.167883,0.493977
bcss,TCGA-OL-A66I-DX1_xmin38433_ymin22957_MPP-0.2500.png.tensor,0.141409,0.547307,0.637771,0.755430,0.320020,0.167034,0.490959
bcss,TCGA-OL-A66I-DX1_xmin38433_ymin22957_MPP-0.2500.png.tensor,0.151511,0.552211,0.636614,0.750206,0.318559,0.166148,0.487959
bcss,TCGA-OL-A66I-DX1_xmin38433_ymin22957_MPP-0.2500.png.tensor,0.161613,0.557105,0.634701,0.745033,0.317513,0.165210,0.484900
bcss,TCGA-OL-A66I-DX1_xmin38433_ymin22957_MPP-0.2500.png.tensor,0.171715,0.561736,0.633365,0.739873,0.316095,0.164242,0.481921
bcss,TCGA-OL-A66I-DX1_xmin38433_ymin22957_MPP-0.2500.png.tensor,0.181817,0.566258,0.632086,0.734449,0.314606,0.163411,0.478934
bcss,TCGA-OL-A66I-DX1_xmin38433_ymin22957_MPP-0.2500.png.tensor,0.191914,0.570717,0.630826,0.729300,0.313069,0.162391,0.475909
bcss,TCGA-OL-A66I-DX1_xmin38433_ymin22957_MPP-0.2500.png.tensor,0.202016,0.575122,0.629279,0.723756,0.311671,0.161591,0.472847
bcss,TCGA-OL-A66I-DX1_xmin38433_ymin22957_MPP-0.2500.png.tensor,0.212119,0.579517,0.628132,0.718014,0.309985,0.160896,0.469707
bcss,TCGA-OL-A66I-DX1_xmin38433_ymin22957_MPP-0.2500.png.tensor,0.222221,0.583863,0.626927,0.712335,0.308291,0.160143,0.466519
bcss,TCGA-OL-A66I-DX1_xmin38433_ymin22957_MPP-0.2500.png.tensor,0.232318,0.587921,0.625777,0.706477,0.306519,0.159488,0.463439
bcss,TCGA-OL-A66I-DX1_xmin38433_ymin22957_MPP-0.2500.png.tensor,0.242420,0.592208,0.624021,0.700766,0.305098,0.158716,0.460120
bcss,TCGA-OL-A66I-DX1_xmin38433_ymin22957_MPP-0.2500.png.tensor,0.252522,0.596760,0.622647,0.694977,0.303383,0.157976,0.456538
bcss,TCGA-OL-A66I-DX1_xmin38433_ymin22957_MPP-0.2500.png.tensor,0.262624,0.601096,0.620844,0.689388,0.301911,0.157080,0.453003
bcss,TCGA-OL-A66I-DX1_xmin38433_ymin22957_MPP-0.2500.png.tensor,0.272726,0.605423,0.619599,0.683266,0.300016,0.156526,0.449372
bcss,TCGA-OL-A66I-DX1_xmin38433_ymin22957_MPP-0.2500.png.tensor,0.282823,0.609882,0.617770,0.677676,0.298475,0.155587,0.445551
bcss,TCGA-OL-A66I-DX1_xmin38433_ymin22957_MPP-0.2500.png.tensor,0.292925,0.614228,0.615794,0.671651,0.296994,0.154927,0.441703
bcss,TCGA-OL-A66I-DX1_xmin38433_ymin22957_MPP-0.2500.png.tensor,0.303027,0.618320,0.613663,0.665600,0.295580,0.154266,0.437919
bcss,TCGA-OL-A66I-DX1_xmin38433_ymin22957_MPP-0.2500.png.tensor,0.313129,0.622382,0.611213,0.660182,0.294357,0.153126,0.434052
bcss,TCGA-OL-A66I-DX1_xmin38433_ymin22957_MPP-0.2500.png.tensor,0.323226,0.626126,0.608970,0.653975,0.292946,0.152536,0.430299
bcss,TCGA-OL-A66I-DX1_xmin38433_ymin22957_MPP-0.2500.png.tensor,0.333328,0.629787,0.607007,0.648194,0.291281,0.151607,0.426497
bcss,TCGA-OL-A66I-DX1_xmin38433_ymin22957_MPP-0.2500.png.tensor,0.343430,0.633282,0.604627,0.642130,0.289882,0.150864,0.422705
bcss,TCGA-OL-A66I-DX1_xmin38433_ymin22957_MPP-0.2500.png.tensor,0.353533,0.636972,0.602563,0.636188,0.288195,0.150004,0.418646
bcss,TCGA-OL-A66I-DX1_xmin38433_ymin22957_MPP-0.2500.png.tensor,0.363635,0.640888,0.599912,0.629679,0.286915,0.149562,0.414278
bcss,TCGA-OL-A66I-DX1_xmin38433_ymin22957_MPP-0.2500.png.tensor,0.373732,0.644143,0.597550,0.623716,0.285366,0.148673,0.410297
bcss,TCGA-OL-A66I-DX1_xmin38433_ymin22957_MPP-0.2500.png.tensor,0.383834,0.647069,0.594825,0.618103,0.284059,0.147468,0.406445
bcss,TCGA-OL-A66I-DX1_xmin38433_ymin22957_MPP-0.2500.png.tensor,0.393936,0.650329,0.591878,0.612329,0.282890,0.146356,0.402203
bcss,TCGA-OL-A66I-DX1_xmin38433_ymin22957_MPP-0.2500.png.tensor,0.404038,0.652904,0.588595,0.606306,0.281964,0.145414,0.398385
bcss,TCGA-OL-A66I-DX1_xmin38433_ymin22957_MPP-0.2500.png.tensor,0.414135,0.655786,0.585073,0.600629,0.281212,0.144148,0.394174
bcss,TCGA-OL-A66I-DX1_xmin38433_ymin22957_MPP-0.2500.png.tensor,0.424237,0.658498,0.581997,0.594527,0.280044,0.143203,0.389959
bcss,TCGA-OL-A66I-DX1_xmin38433_ymin22957_MPP-0.2500.png.tensor,0.434339,0.661053,0.578941,0.588658,0.278818,0.142019,0.385739
bcss,TCGA-OL-A66I-DX1_xmin38433_ymin22957_MPP-0.2500.png.tensor,0.444441,0.663069,0.575827,0.583155,0.277598,0.140463,0.381843
bcss,TCGA-OL-A66I-DX1_xmin38433_ymin22957_MPP-0.2500.png.tensor,0.454543,0.665164,0.572365,0.577002,0.276654,0.139444,0.377738
bcss,TCGA-OL-A66I-DX1_xmin38433_ymin22957_MPP-0.2500.png.tensor,0.464640,0.667450,0.569084,0.571287,0.275505,0.137981,0.373297
bcss,TCGA-OL-A66I-DX1_xmin38433_ymin22957_MPP-0.2500.png.tensor,0.474742,0.669515,0.565806,0.565434,0.274308,0.136590,0.368891
bcss,TCGA-OL-A66I-DX1_xmin38433_ymin22957_MPP-0.2500.png.tensor,0.484844,0.671218,0.562461,0.559932,0.273129,0.134804,0.364670
bcss,TCGA-OL-A66I-DX1_xmin38433_ymin22957_MPP-0.2500.png.tensor,0.494947,0.672736,0.558450,0.554187,0.272561,0.133186,0.360461
bcss,TCGA-OL-A66I-DX1_xmin38433_ymin22957_MPP-0.2500.png.tensor,0.505044,0.673896,0.554893,0.548461,0.271515,0.131488,0.356439
bcss,TCGA-OL-A66I-DX1_xmin38433_ymin22957_MPP-0.2500.png.tensor,0.515146,0.674924,0.551526,0.542457,0.270227,0.130002,0.352392
bcss,TCGA-OL-A66I-DX1_xmin38433_ymin22957_MPP-0.2500.png.tensor,0.525248,0.676020,0.548254,0.536972,0.268783,0.127905,0.348096
bcss,TCGA-OL-A66I-DX1_xmin38433_ymin22957_MPP-0.2500.png.tensor,0.535350,0.676411,0.545052,0.531154,0.267202,0.126076,0.344346
bcss,TCGA-OL-A66I-DX1_xmin38433_ymin22957_MPP-0.2500.png.tensor,0.545452,0.676823,0.541498,0.525067,0.265938,0.124461,0.340462
bcss,TCGA-OL-A66I-DX1_xmin38433_ymin22957_MPP-0.2500.png.tensor,0.555549,0.677150,0.538193,0.519267,0.264338,0.122454,0.336468
bcss,TCGA-OL-A66I-DX1_xmin38433_ymin22957_MPP-0.2500.png.tensor,0.565651,0.677062,0.534909,0.512964,0.262638,0.120929,0.332766
bcss,TCGA-OL-A66I-DX1_xmin38433_ymin22957_MPP-0.2500.png.tensor,0.575753,0.677239,0.531356,0.506994,0.261173,0.118939,0.328573
bcss,TCGA-OL-A66I-DX1_xmin38433_ymin22957_MPP-0.2500.png.tensor,0.585855,0.677141,0.528229,0.500680,0.259123,0.117267,0.324513
bcss,TCGA-OL-A66I-DX1_xmin38433_ymin22957_MPP-0.2500.png.tensor,0.595952,0.676783,0.524412,0.494835,0.257826,0.114936,0.320551
bcss,TCGA-OL-A66I-DX1_xmin38433_ymin22957_MPP-0.2500.png.tensor,0.606054,0.675687,0.520477,0.488749,0.256610,0.112785,0.317356
bcss,TCGA-OL-A66I-DX1_xmin38433_ymin22957_MPP-0.2500.png.tensor,0.616156,0.674767,0.517155,0.482366,0.254533,0.110910,0.313740
bcss,TCGA-OL-A66I-DX1_xmin38433_ymin22957_MPP-0.2500.png.tensor,0.626258,0.674150,0.514105,0.475482,0.251978,0.109603,0.309543
bcss,TCGA-OL-A66I-DX1_xmin38433_ymin22957_MPP-0.2500.png.tensor,0.636361,0.673465,0.510550,0.468216,0.249976,0.108747,0.305172
bcss,TCGA-OL-A66I-DX1_xmin38433_ymin22957_MPP-0.2500.png.tensor,0.646458,0.672540,0.506847,0.460939,0.248073,0.107864,0.300934
bcss,TCGA-OL-A66I-DX1_xmin38433_ymin22957_MPP-0.2500.png.tensor,0.656560,0.671218,0.502803,0.453382,0.246550,0.107333,0.296999
bcss,TCGA-OL-A66I-DX1_xmin38433_ymin22957_MPP-0.2500.png.tensor,0.666662,0.669525,0.498805,0.445628,0.244865,0.107063,0.293396
bcss,TCGA-OL-A66I-DX1_xmin38433_ymin22957_MPP-0.2500.png.tensor,0.676764,0.667518,0.494786,0.438046,0.243109,0.106510,0.290043
bcss,TCGA-OL-A66I-DX1_xmin38433_ymin22957_MPP-0.2500.png.tensor,0.686861,0.665370,0.490405,0.430383,0.241821,0.106060,0.286697
bcss,TCGA-OL-A66I-DX1_xmin38433_ymin22957_MPP-0.2500.png.tensor,0.696963,0.663040,0.485664,0.422611,0.241036,0.105750,0.283414
bcss,TCGA-OL-A66I-DX1_xmin38433_ymin22957_MPP-0.2500.png.tensor,0.707065,0.660505,0.480886,0.414677,0.240262,0.105696,0.280288
bcss,TCGA-OL-A66I-DX1_xmin38433_ymin22957_MPP-0.2500.png.tensor,0.717167,0.657950,0.476516,0.406743,0.238710,0.105639,0.276965
bcss,TCGA-OL-A66I-DX1_xmin38433_ymin22957_MPP-0.2500.png.tensor,0.727269,0.655121,0.471936,0.398775,0.237428,0.105639,0.273884
bcss,TCGA-OL-A66I-DX1_xmin38433_ymin22957_MPP-0.2500.png.tensor,0.737366,0.652023,0.467201,0.390811,0.236347,0.105639,0.271088
bcss,TCGA-OL-A66I-DX1_xmin38433_ymin22957_MPP-0.2500.png.tensor,0.747468,0.649223,0.462151,0.382844,0.235798,0.105639,0.267466
bcss,TCGA-OL-A66I-DX1_xmin38433_ymin22957_MPP-0.2500.png.tensor,0.757570,0.646120,0.457280,0.374876,0.234837,0.105639,0.264170
bcss,TCGA-OL-A66I-DX1_xmin38433_ymin22957_MPP-0.2500.png.tensor,0.767672,0.642635,0.452153,0.366908,0.234340,0.105639,0.261422
bcss,TCGA-OL-A66I-DX1_xmin38433_ymin22957_MPP-0.2500.png.tensor,0.777770,0.638450,0.446827,0.358944,0.234254,0.105639,0.260015
bcss,TCGA-OL-A66I-DX1_xmin38433_ymin22957_MPP-0.2500.png.tensor,0.787872,0.634300,0.441457,0.350977,0.234254,0.105639,0.258352
bcss,TCGA-OL-A66I-DX1_xmin38433_ymin22957_MPP-0.2500.png.tensor,0.797974,0.630012,0.436088,0.343009,0.234254,0.105639,0.256877
bcss,TCGA-OL-A66I-DX1_xmin38433_ymin22957_MPP-0.2500.png.tensor,0.808076,0.625960,0.430719,0.335041,0.234254,0.105639,0.254544
bcss,TCGA-OL-A66I-DX1_xmin38433_ymin22957_MPP-0.2500.png.tensor,0.818178,0.621761,0.425350,0.327074,0.234254,0.105639,0.252571
bcss,TCGA-OL-A66I-DX1_xmin38433_ymin22957_MPP-0.2500.png.tensor,0.828275,0.616881,0.419983,0.319110,0.234254,0.105639,0.251723
bcss,TCGA-OL-A66I-DX1_xmin38433_ymin22957_MPP-0.2500.png.tensor,0.838377,0.611879,0.414614,0.311142,0.234254,0.105639,0.251723
bcss,TCGA-OL-A66I-DX1_xmin38433_ymin22957_MPP-0.2500.png.tensor,0.848479,0.606877,0.409245,0.303174,0.234254,0.105639,0.251723
bcss,TCGA-OL-A66I-DX1_xmin38433_ymin22957_MPP-0.2500.png.tensor,0.858581,0.601640,0.403876,0.295207,0.234254,0.105639,0.251723
bcss,TCGA-OL-A66I-DX1_xmin38433_ymin22957_MPP-0.2500.png.tensor,0.868678,0.596868,0.398509,0.287243,0.234254,0.105639,0.251723
bcss,TCGA-OL-A66I-DX1_xmin38433_ymin22957_MPP-0.2500.png.tensor,0.878780,0.592247,0.393140,0.279275,0.234254,0.105639,0.250369
bcss,TCGA-OL-A66I-DX1_xmin38433_ymin22957_MPP-0.2500.png.tensor,0.888882,0.587480,0.387771,0.271307,0.234254,0.105639,0.249329
bcss,TCGA-OL-A66I-DX1_xmin38433_ymin22957_MPP-0.2500.png.tensor,0.898984,0.582684,0.382402,0.263340,0.234254,0.105639,0.247418
bcss,TCGA-OL-A66I-DX1_xmin38433_ymin22957_MPP-0.2500.png.tensor,0.909086,0.577153,0.377033,0.255372,0.234254,0.105639,0.247418
bcss,TCGA-OL-A66I-DX1_xmin38433_ymin22957_MPP-0.2500.png.tensor,0.919184,0.571490,0.371666,0.247408,0.234254,0.105639,0.247418
bcss,TCGA-OL-A66I-DX1_xmin38433_ymin22957_MPP-0.2500.png.tensor,0.929286,0.565764,0.366297,0.239440,0.234254,0.105639,0.247418
bcss,TCGA-OL-A66I-DX1_xmin38433_ymin22957_MPP-0.2500.png.tensor,0.939388,0.559303,0.360928,0.231473,0.234254,0.105639,0.247418
bcss,TCGA-OL-A66I-DX1_xmin38433_ymin22957_MPP-0.2500.png.tensor,0.949490,0.553518,0.355559,0.223505,0.234254,0.105639,0.247418
bcss,TCGA-OL-A66I-DX1_xmin38433_ymin22957_MPP-0.2500.png.tensor,0.959587,0.548462,0.350435,0.215541,0.231246,0.105639,0.247418
bcss,TCGA-OL-A66I-DX1_xmin38433_ymin22957_MPP-0.2500.png.tensor,0.969689,0.543450,0.345188,0.207573,0.228235,0.105639,0.247418
bcss,TCGA-OL-A66I-DX1_xmin38433_ymin22957_MPP-0.2500.png.tensor,0.979791,0.538438,0.339697,0.199606,0.228235,0.105639,0.247418
bcss,TCGA-OL-A66I-DX1_xmin38433_ymin22957_MPP-0.2500.png.tensor,0.989893,0.533837,0.334206,0.191638,0.228235,0.105639,0.247418
bcss,TCGA-OL-A66I-DX1_xmin38433_ymin22957_MPP-0.2500.png.tensor,0.999995,0.531782,0.328716,0.183670,0.228235,0.105639,0.247418
bcss,TCGA-OL-A66P-DX1_xmin30143_ymin20310_MPP-0.2500.png.tensor,0.000000,0.404668,0.636258,0.754673,0.363742,0.245327,0.595332
bcss,TCGA-OL-A66P-DX1_xmin30143_ymin20310_MPP-0.2500.png.tensor,0.010100,0.409970,0.633505,0.753193,0.363742,0.243476,0.593627
bcss,TCGA-OL-A66P-DX1_xmin30143_ymin20310_MPP-0.2500.png.tensor,0.020202,0.415435,0.630753,0.751598,0.363742,0.241645,0.591802
bcss,TCGA-OL-A66P-DX1_xmin30143_ymin20310_MPP-0.2500.png.tensor,0.030302,0.421280,0.628000,0.750228,0.363742,0.239661,0.589746
bcss,TCGA-OL-A66P-DX1_xmin30143_ymin20310_MPP-0.2500.png.tensor,0.040404,0.427140,0.625247,0.748491,0.363742,0.237825,0.587637
bcss,TCGA-OL-A66P-DX1_xmin30143_ymin20310_MPP-0.2500.png.tensor,0.050504,0.432741,0.622495,0.746761,0.363742,0.235947,0.585613
bcss,TCGA-OL-A66P-DX1_xmin30143_ymin20310_MPP-0.2500.png.tensor,0.060606,0.438288,0.619742,0.745301,0.363742,0.233885,0.583586
bcss,TCGA-OL-A66P-DX1_xmin30143_ymin20310_MPP-0.2500.png.tensor,0.070706,0.443759,0.616989,0.743397,0.363742,0.232017,0.581551
bcss,TCGA-OL-A66P-DX1_xmin30143_ymin20310_MPP-0.2500.png.tensor,0.080808,0.449413,0.614237,0.741742,0.363742,0.229972,0.579374
bcss,TCGA-OL-A66P-DX1_xmin30143_ymin20310_MPP-0.2500.png.tensor,0.090908,0.454918,0.611484,0.739613,0.363742,0.228143,0.577228
bcss,TCGA-OL-A66P-DX1_xmin30143_ymin20310_MPP-0.2500.png.tensor,0.101009,0.460122,0.608731,0.737597,0.363742,0.226209,0.575201
bcss,TCGA-OL-A66P-DX1_xmin30143_ymin20310_MPP-0.2500.png.tensor,0.111110,0.465366,0.607280,0.735334,0.363010,0.224372,0.573104
bcss,TCGA-OL-A66P-DX1_xmin30143_ymin20310_MPP-0.2500.png.tensor,0.121211,0.470553,0.605877,0.732950,0.362234,0.222560,0.570995
bcss,TCGA-OL-A66P-DX1_xmin30143_ymin20310_MPP-0.2500.png.tensor,0.131311,0.475742,0.604476,0.730690,0.361438,0.220635,0.568834
bcss,TCGA-OL-A66P-DX1_xmin30143_ymin20310_MPP-0.2500.png.tensor,0.141413,0.480782,0.603519,0.728244,0.360366,0.218772,0.566709
bcss,TCGA-OL-A66P-DX1_xmin30143_ymin20310_MPP-0.2500.png.tensor,0.151513,0.485714,0.602136,0.725995,0.359518,0.216750,0.564596
bcss,TCGA-OL-A66P-DX1_xmin30143_ymin20310_MPP-0.2500.png.tensor,0.161615,0.490627,0.600875,0.723799,0.358578,0.214646,0.562443
bcss,TCGA-OL-A66P-DX1_xmin30143_ymin20310_MPP-0.2500.png.tensor,0.171715,0.495414,0.599733,0.721038,0.357543,0.212834,0.560316
bcss,TCGA-OL-A66P-DX1_xmin30143_ymin20310_MPP-0.2500.png.tensor,0.181817,0.499991,0.598550,0.718089,0.356506,0.211091,0.558264
bcss,TCGA-OL-A66P-DX1_xmin30143_ymin20310_MPP-0.2500.png.tensor,0.191917,0.504655,0.597398,0.715153,0.355426,0.209296,0.556107
bcss,TCGA-OL-A66P-DX1_xmin30143_ymin20310_MPP-0.2500.png.tensor,0.202019,0.509125,0.596410,0.712133,0.354214,0.207508,0.554016
bcss,TCGA-OL-A66P-DX1_xmin30143_ymin20310_MPP-0.2500.png.tensor,0.212121,0.513571,0.595030,0.708734,0.353221,0.205915,0.551887
bcss,TCGA-OL-A66P-DX1_xmin30143_ymin20310_MPP-0.2500.png.tensor,0.222221,0.517627,0.593682,0.705613,0.352182,0.204103,0.549951
bcss,TCGA-OL-A66P-DX1_xmin30143_ymin20310_MPP-0.2500.png.tensor,0.232323,0.521593,0.592553,0.702166,0.350972,0.202454,0.548028
bcss,TCGA-OL-A66P-DX1_xmin30143_ymin20310_MPP-0.2500.png.tensor,0.242423,0.525430,0.591249,0.698795,0.349846,0.200711,0.546134
bcss,TCGA-OL-A66P-DX1_xmin30143_ymin20310_MPP-0.2500.png.tensor,0.252525,0.529306,0.589643,0.695659,0.348891,0.198764,0.544164
bcss,TCGA-OL-A66P-DX1_xmin30143_ymin20310_MPP-0.2500.png.tensor,0.262625,0.532800,0.588052,0.691912,0.347900,0.197179,0.542402
bcss,TCGA-OL-A66P-DX1_xmin30143_ymin20310_MPP-0.2500.png.tensor,0.272726,0.536573,0.586469,0.688135,0.346875,0.195570,0.540395
bcss,TCGA-OL-A66P-DX1_xmin30143_ymin20310_MPP-0.2500.png.tensor,0.282827,0.540039,0.584823,0.684354,0.345866,0.193918,0.538549
bcss,TCGA-OL-A66P-DX1_xmin30143_ymin20310_MPP-0.2500.png.tensor,0.292928,0.543401,0.583134,0.680629,0.344859,0.192180,0.536723
bcss,TCGA-OL-A66P-DX1_xmin30143_ymin20310_MPP-0.2500.png.tensor,0.303028,0.546843,0.581545,0.676921,0.343751,0.190379,0.534785
bcss,TCGA-OL-A66P-DX1_xmin30143_ymin20310_MPP-0.2500.png.tensor,0.313130,0.550101,0.579420,0.672911,0.342999,0.188744,0.532922
bcss,TCGA-OL-A66P-DX1_xmin30143_ymin20310_MPP-0.2500.png.tensor,0.323230,0.553293,0.577365,0.668859,0.342175,0.187093,0.531055
bcss,TCGA-OL-A66P-DX1_xmin30143_ymin20310_MPP-0.2500.png.tensor,0.333332,0.556572,0.575272,0.664909,0.341353,0.185314,0.529067
bcss,TCGA-OL-A66P-DX1_xmin30143_ymin20310_MPP-0.2500.png.tensor,0.343432,0.559661,0.573326,0.660861,0.340395,0.183556,0.527159
bcss,TCGA-OL-A66P-DX1_xmin30143_ymin20310_MPP-0.2500.png.tensor,0.353534,0.562741,0.571337,0.656824,0.339439,0.181733,0.525204
bcss,TCGA-OL-A66P-DX1_xmin30143_ymin20310_MPP-0.2500.png.tensor,0.363634,0.565480,0.569260,0.652935,0.338522,0.179738,0.523454
bcss,TCGA-OL-A66P-DX1_xmin30143_ymin20310_MPP-0.2500.png.tensor,0.373736,0.568553,0.567015,0.648812,0.337710,0.177864,0.521380
bcss,TCGA-OL-A66P-DX1_xmin30143_ymin20310_MPP-0.2500.png.tensor,0.383836,0.571357,0.564780,0.644679,0.336864,0.175937,0.519454
bcss,TCGA-OL-A66P-DX1_xmin30143_ymin20310_MPP-0.2500.png.tensor,0.393938,0.574276,0.562576,0.640540,0.335963,0.173950,0.517369
bcss,TCGA-OL-A66P-DX1_xmin30143_ymin20310_MPP-0.2500.png.tensor,0.404040,0.577256,0.560530,0.636220,0.334898,0.172048,0.515162
bcss,TCGA-OL-A66P-DX1_xmin30143_ymin20310_MPP-0.2500.png.tensor,0.414140,0.580119,0.558629,0.631743,0.333675,0.170215,0.512984
bcss,TCGA-OL-A66P-DX1_xmin30143_ymin20310_MPP-0.2500.png.tensor,0.424242,0.583003,0.556576,0.627022,0.332540,0.168529,0.510707
bcss,TCGA-OL-A66P-DX1_xmin30143_ymin20310_MPP-0.2500.png.tensor,0.434342,0.585872,0.554947,0.622594,0.330989,0.166524,0.508362
bcss,TCGA-OL-A66P-DX1_xmin30143_ymin20310_MPP-0.2500.png.tensor,0.444443,0.588702,0.553075,0.617837,0.329600,0.164741,0.505967
bcss,TCGA-OL-A66P-DX1_xmin30143_ymin20310_MPP-0.2500.png.tensor,0.454544,0.591602,0.551301,0.613161,0.328072,0.162820,0.503416
bcss,TCGA-OL-A66P-DX1_xmin30143_ymin20310_MPP-0.2500.png.tensor,0.464645,0.594627,0.549228,0.608506,0.326764,0.160805,0.500657
bcss,TCGA-OL-A66P-DX1_xmin30143_ymin20310_MPP-0.2500.png.tensor,0.474745,0.597342,0.547408,0.603804,0.325165,0.158758,0.498087
bcss,TCGA-OL-A66P-DX1_xmin30143_ymin20310_MPP-0.2500.png.tensor,0.484847,0.600226,0.545649,0.598908,0.323444,0.156819,0.495250
bcss,TCGA-OL-A66P-DX1_xmin30143_ymin20310_MPP-0.2500.png.tensor,0.494947,0.603126,0.543911,0.594009,0.321633,0.154806,0.492284
bcss,TCGA-OL-A66P-DX1_xmin30143_ymin20310_MPP-0.2500.png.tensor,0.505049,0.605791,0.542094,0.588630,0.319828,0.153195,0.489431
bcss,TCGA-OL-A66P-DX1_xmin30143_ymin20310_MPP-0.2500.png.tensor,0.515149,0.608876,0.540275,0.583151,0.317951,0.151621,0.486030
bcss,TCGA-OL-A66P-DX1_xmin30143_ymin20310_MPP-0.2500.png.tensor,0.525251,0.611562,0.538325,0.577358,0.316131,0.150309,0.482906
bcss,TCGA-OL-A66P-DX1_xmin30143_ymin20310_MPP-0.2500.png.tensor,0.535351,0.614170,0.536097,0.571309,0.314532,0.149217,0.479723
bcss,TCGA-OL-A66P-DX1_xmin30143_ymin20310_MPP-0.2500.png.tensor,0.545453,0.616571,0.533733,0.565235,0.313011,0.148102,0.476636
bcss,TCGA-OL-A66P-DX1_xmin30143_ymin20310_MPP-0.2500.png.tensor,0.555553,0.618849,0.531042,0.558903,0.311788,0.147229,0.473533
bcss,TCGA-OL-A66P-DX1_xmin30143_ymin20310_MPP-0.2500.png.tensor,0.565655,0.620907,0.527624,0.552580,0.311346,0.146303,0.470555
bcss,TCGA-OL-A66P-DX1_xmin30143_ymin20310_MPP-0.2500.png.tensor,0.575755,0.622805,0.524234,0.546113,0.310850,0.145505,0.467622
bcss,TCGA-OL-A66P-DX1_xmin30143_ymin20310_MPP-0.2500.png.tensor,0.585857,0.624577,0.520505,0.539580,0.310738,0.144745,0.464688
bcss,TCGA-OL-A66P-DX1_xmin30143_ymin20310_MPP-0.2500.png.tensor,0.595957,0.625912,0.516741,0.532835,0.310665,0.144211,0.462158
bcss,TCGA-OL-A66P-DX1_xmin30143_ymin20310_MPP-0.2500.png.tensor,0.606059,0.627578,0.512916,0.525788,0.310665,0.144032,0.459072
bcss,TCGA-OL-A66P-DX1_xmin30143_ymin20310_MPP-0.2500.png.tensor,0.616160,0.628668,0.509090,0.518802,0.310665,0.143764,0.456561
bcss,TCGA-OL-A66P-DX1_xmin30143_ymin20310_MPP-0.2500.png.tensor,0.626261,0.629759,0.505266,0.511656,0.310665,0.143697,0.453942
bcss,TCGA-OL-A66P-DX1_xmin30143_ymin20310_MPP-0.2500.png.tensor,0.636362,0.630640,0.501441,0.504470,0.310665,0.143679,0.451452
bcss,TCGA-OL-A66P-DX1_xmin30143_ymin20310_MPP-0.2500.png.tensor,0.646462,0.631213,0.497616,0.497273,0.310665,0.143679,0.449244
bcss,TCGA-OL-A66P-DX1_xmin30143_ymin20310_MPP-0.2500.png.tensor,0.656564,0.631640,0.493791,0.490074,0.310665,0.143679,0.447132
bcss,TCGA-OL-A66P-DX1_xmin30143_ymin20310_MPP-0.2500.png.tensor,0.666664,0.631784,0.489966,0.482876,0.310665,0.143679,0.445292
bcss,TCGA-OL-A66P-DX1_xmin30143_ymin20310_MPP-0.2500.png.tensor,0.676766,0.631745,0.486141,0.475677,0.310665,0.143679,0.443670
bcss,TCGA-OL-A66P-DX1_xmin30143_ymin20310_MPP-0.2500.png.tensor,0.686866,0.631549,0.482316,0.468479,0.310665,0.143679,0.442142
bcss,TCGA-OL-A66P-DX1_xmin30143_ymin20310_MPP-0.2500.png.tensor,0.696968,0.631427,0.478491,0.461280,0.310665,0.143679,0.440443
bcss,TCGA-OL-A66P-DX1_xmin30143_ymin20310_MPP-0.2500.png.tensor,0.707068,0.631640,0.474666,0.454083,0.310665,0.143679,0.438001
bcss,TCGA-OL-A66P-DX1_xmin30143_ymin20310_MPP-0.2500.png.tensor,0.717170,0.631820,0.470841,0.446884,0.310665,0.143679,0.435492
bcss,TCGA-OL-A66P-DX1_xmin30143_ymin20310_MPP-0.2500.png.tensor,0.727270,0.631923,0.467017,0.439686,0.310665,0.143679,0.432895
bcss,TCGA-OL-A66P-DX1_xmin30143_ymin20310_MPP-0.2500.png.tensor,0.737372,0.631959,0.463191,0.432767,0.310665,0.143145,0.430268
bcss,TCGA-OL-A66P-DX1_xmin30143_ymin20310_MPP-0.2500.png.tensor,0.747472,0.631815,0.459367,0.425731,0.310665,0.142804,0.427762
bcss,TCGA-OL-A66P-DX1_xmin30143_ymin20310_MPP-0.2500.png.tensor,0.757574,0.631275,0.455542,0.418515,0.310665,0.142804,0.425867
bcss,TCGA-OL-A66P-DX1_xmin30143_ymin20310_MPP-0.2500.png.tensor,0.767674,0.630719,0.451717,0.411380,0.310665,0.142631,0.423826
bcss,TCGA-OL-A66P-DX1_xmin30143_ymin20310_MPP-0.2500.png.tensor,0.777776,0.630298,0.447892,0.404159,0.310665,0.142631,0.421321
bcss,TCGA-OL-A66P-DX1_xmin30143_ymin20310_MPP-0.2500.png.tensor,0.787876,0.629553,0.444067,0.396941,0.310665,0.142631,0.419331
bcss,TCGA-OL-A66P-DX1_xmin30143_ymin20310_MPP-0.2500.png.tensor,0.797978,0.628464,0.440242,0.389720,0.310665,0.142631,0.417974
bcss,TCGA-OL-A66P-DX1_xmin30143_ymin20310_MPP-0.2500.png.tensor,0.808079,0.627017,0.436417,0.382500,0.310665,0.142631,0.417387
bcss,TCGA-OL-A66P-DX1_xmin30143_ymin20310_MPP-0.2500.png.tensor,0.818179,0.625583,0.432592,0.375281,0.310665,0.142631,0.416783
bcss,TCGA-OL-A66P-DX1_xmin30143_ymin20310_MPP-0.2500.png.tensor,0.828281,0.624054,0.428767,0.368061,0.310665,0.142631,0.416366
bcss,TCGA-OL-A66P-DX1_xmin30143_ymin20310_MPP-0.2500.png.tensor,0.838381,0.622338,0.424942,0.360842,0.310665,0.142631,0.416197
bcss,TCGA-OL-A66P-DX1_xmin30143_ymin20310_MPP-0.2500.png.tensor,0.848483,0.621018,0.421117,0.353622,0.310665,0.142631,0.415188
bcss,TCGA-OL-A66P-DX1_xmin30143_ymin20310_MPP-0.2500.png.tensor,0.858583,0.619704,0.417292,0.346403,0.310665,0.142631,0.413816
bcss,TCGA-OL-A66P-DX1_xmin30143_ymin20310_MPP-0.2500.png.tensor,0.868685,0.618178,0.413467,0.339183,0.310665,0.142631,0.412937
bcss,TCGA-OL-A66P-DX1_xmin30143_ymin20310_MPP-0.2500.png.tensor,0.878785,0.616631,0.409642,0.331964,0.310665,0.142631,0.412093
bcss,TCGA-OL-A66P-DX1_xmin30143_ymin20310_MPP-0.2500.png.tensor,0.888887,0.614844,0.405817,0.324744,0.310665,0.142631,0.411836
bcss,TCGA-OL-A66P-DX1_xmin30143_ymin20310_MPP-0.2500.png.tensor,0.898987,0.613276,0.401993,0.317525,0.310665,0.142631,0.411139
bcss,TCGA-OL-A66P-DX1_xmin30143_ymin20310_MPP-0.2500.png.tensor,0.909089,0.611637,0.398167,0.310305,0.310665,0.142631,0.410106
bcss,TCGA-OL-A66P-DX1_xmin30143_ymin20310_MPP-0.2500.png.tensor,0.919189,0.610141,0.394343,0.303086,0.310665,0.142631,0.408373
bcss,TCGA-OL-A66P-DX1_xmin30143_ymin20310_MPP-0.2500.png.tensor,0.929291,0.608917,0.390518,0.295866,0.310665,0.142631,0.403926
bcss,TCGA-OL-A66P-DX1_xmin30143_ymin20310_MPP-0.2500.png.tensor,0.939391,0.607528,0.386693,0.288647,0.310665,0.142631,0.399349
bcss,TCGA-OL-A66P-DX1_xmin30143_ymin20310_MPP-0.2500.png.tensor,0.949493,0.606294,0.382868,0.281427,0.310665,0.142631,0.391455
bcss,TCGA-OL-A66P-DX1_xmin30143_ymin20310_MPP-0.2500.png.tensor,0.959593,0.604993,0.379043,0.274208,0.310665,0.142631,0.380441
bcss,TCGA-OL-A66P-DX1_xmin30143_ymin20310_MPP-0.2500.png.tensor,0.969695,0.603299,0.375218,0.266988,0.310665,0.142631,0.368552
bcss,TCGA-OL-A66P-DX1_xmin30143_ymin20310_MPP-0.2500.png.tensor,0.979795,0.601535,0.371393,0.259769,0.310665,0.142631,0.346467
bcss,TCGA-OL-A66P-DX1_xmin30143_ymin20310_MPP-0.2500.png.tensor,0.989896,0.598768,0.367568,0.252548,0.310665,0.142631,0.328261
bcss,TCGA-OL-A66P-DX1_xmin30143_ymin20310_MPP-0.2500.png.tensor,0.999998,0.595331,0.363743,0.245328,0.310665,0.142631,0.318725
bcss,TCGA-OL-A6VO-DX1_xmin88416_ymin188485_MPP-0.2500.png.tensor,0.000000,0.484554,0.703508,0.720387,0.296492,0.279613,0.515446
bcss,TCGA-OL-A6VO-DX1_xmin88416_ymin188485_MPP-0.2500.png.tensor,0.010098,0.489239,0.699398,0.722351,0.296492,0.276372,0.513234
bcss,TCGA-OL-A6VO-DX1_xmin88416_ymin188485_MPP-0.2500.png.tensor,0.020201,0.493331,0.695286,0.723652,0.296492,0.273403,0.511285
bcss,TCGA-OL-A6VO-DX1_xmin88416_ymin188485_MPP-0.2500.png.tensor,0.030299,0.496979,0.691176,0.725228,0.296492,0.270230,0.509522
bcss,TCGA-OL-A6VO-DX1_xmin88416_ymin188485_MPP-0.2500.png.tensor,0.040402,0.500218,0.687064,0.726945,0.296492,0.266917,0.507929
bcss,TCGA-OL-A6VO-DX1_xmin88416_ymin188485_MPP-0.2500.png.tensor,0.050500,0.503361,0.682954,0.728966,0.296492,0.263374,0.506361
bcss,TCGA-OL-A6VO-DX1_xmin88416_ymin188485_MPP-0.2500.png.tensor,0.060603,0.505994,0.678842,0.730707,0.296492,0.259902,0.505030
bcss,TCGA-OL-A6VO-DX1_xmin88416_ymin188485_MPP-0.2500.png.tensor,0.070706,0.508463,0.674730,0.731499,0.296492,0.256866,0.503757
bcss,TCGA-OL-A6VO-DX1_xmin88416_ymin188485_MPP-0.2500.png.tensor,0.080804,0.510981,0.670620,0.733066,0.296492,0.253342,0.502426
bcss,TCGA-OL-A6VO-DX1_xmin88416_ymin188485_MPP-0.2500.png.tensor,0.090907,0.513441,0.666508,0.733904,0.296492,0.250140,0.501103
bcss,TCGA-OL-A6VO-DX1_xmin88416_ymin188485_MPP-0.2500.png.tensor,0.101005,0.515528,0.662397,0.734228,0.296492,0.247153,0.499949
bcss,TCGA-OL-A6VO-DX1_xmin88416_ymin188485_MPP-0.2500.png.tensor,0.111108,0.517685,0.658285,0.734865,0.296492,0.243921,0.498735
bcss,TCGA-OL-A6VO-DX1_xmin88416_ymin188485_MPP-0.2500.png.tensor,0.121211,0.519382,0.654173,0.735355,0.296492,0.240699,0.497747
bcss,TCGA-OL-A6VO-DX1_xmin88416_ymin188485_MPP-0.2500.png.tensor,0.131309,0.521286,0.650063,0.735760,0.296492,0.237452,0.496633
bcss,TCGA-OL-A6VO-DX1_xmin88416_ymin188485_MPP-0.2500.png.tensor,0.141412,0.523773,0.645951,0.736372,0.296492,0.234006,0.495151
bcss,TCGA-OL-A6VO-DX1_xmin88416_ymin188485_MPP-0.2500.png.tensor,0.151510,0.525658,0.641841,0.736793,0.296492,0.230592,0.493976
bcss,TCGA-OL-A6VO-DX1_xmin88416_ymin188485_MPP-0.2500.png.tensor,0.161613,0.527668,0.637729,0.736813,0.296492,0.227333,0.492674
bcss,TCGA-OL-A6VO-DX1_xmin88416_ymin188485_MPP-0.2500.png.tensor,0.171716,0.529577,0.633617,0.736833,0.296492,0.223996,0.491459
bcss,TCGA-OL-A6VO-DX1_xmin88416_ymin188485_MPP-0.2500.png.tensor,0.181814,0.531692,0.629507,0.736007,0.296492,0.221094,0.490064
bcss,TCGA-OL-A6VO-DX1_xmin88416_ymin188485_MPP-0.2500.png.tensor,0.191917,0.533885,0.625416,0.735573,0.296479,0.217875,0.488587
bcss,TCGA-OL-A6VO-DX1_xmin88416_ymin188485_MPP-0.2500.png.tensor,0.202015,0.535339,0.622670,0.734984,0.295624,0.214674,0.487535
bcss,TCGA-OL-A6VO-DX1_xmin88416_ymin188485_MPP-0.2500.png.tensor,0.212118,0.536624,0.619682,0.734482,0.294899,0.211334,0.486560
bcss,TCGA-OL-A6VO-DX1_xmin88416_ymin188485_MPP-0.2500.png.tensor,0.222221,0.538147,0.616574,0.733776,0.294233,0.208038,0.485401
bcss,TCGA-OL-A6VO-DX1_xmin88416_ymin188485_MPP-0.2500.png.tensor,0.232319,0.539757,0.613635,0.732395,0.293441,0.205098,0.484156
bcss,TCGA-OL-A6VO-DX1_xmin88416_ymin188485_MPP-0.2500.png.tensor,0.242422,0.540868,0.610794,0.731025,0.292561,0.202069,0.483204
bcss,TCGA-OL-A6VO-DX1_xmin88416_ymin188485_MPP-0.2500.png.tensor,0.252520,0.541808,0.608101,0.729760,0.291560,0.198890,0.482364
bcss,TCGA-OL-A6VO-DX1_xmin88416_ymin188485_MPP-0.2500.png.tensor,0.262623,0.542818,0.605494,0.728164,0.290472,0.195847,0.481426
bcss,TCGA-OL-A6VO-DX1_xmin88416_ymin188485_MPP-0.2500.png.tensor,0.272726,0.543900,0.602790,0.726619,0.289421,0.192684,0.480428
bcss,TCGA-OL-A6VO-DX1_xmin88416_ymin188485_MPP-0.2500.png.tensor,0.282824,0.544924,0.599957,0.724403,0.288431,0.189902,0.479434
bcss,TCGA-OL-A6VO-DX1_xmin88416_ymin188485_MPP-0.2500.png.tensor,0.292927,0.546695,0.597221,0.722501,0.287342,0.186816,0.477900
bcss,TCGA-OL-A6VO-DX1_xmin88416_ymin188485_MPP-0.2500.png.tensor,0.303025,0.547185,0.594480,0.720775,0.286228,0.183517,0.477219
bcss,TCGA-OL-A6VO-DX1_xmin88416_ymin188485_MPP-0.2500.png.tensor,0.313128,0.548204,0.591678,0.718680,0.285123,0.180387,0.476151
bcss,TCGA-OL-A6VO-DX1_xmin88416_ymin188485_MPP-0.2500.png.tensor,0.323231,0.549021,0.588940,0.716165,0.283938,0.177474,0.475182
bcss,TCGA-OL-A6VO-DX1_xmin88416_ymin188485_MPP-0.2500.png.tensor,0.333329,0.549631,0.586409,0.712942,0.282564,0.175005,0.474338
bcss,TCGA-OL-A6VO-DX1_xmin88416_ymin188485_MPP-0.2500.png.tensor,0.343432,0.550025,0.583556,0.709476,0.281390,0.172644,0.473663
bcss,TCGA-OL-A6VO-DX1_xmin88416_ymin188485_MPP-0.2500.png.tensor,0.353530,0.550626,0.581136,0.706889,0.279847,0.169532,0.472787
bcss,TCGA-OL-A6VO-DX1_xmin88416_ymin188485_MPP-0.2500.png.tensor,0.363633,0.550865,0.578187,0.703902,0.278669,0.166632,0.472167
bcss,TCGA-OL-A6VO-DX1_xmin88416_ymin188485_MPP-0.2500.png.tensor,0.373735,0.551388,0.575769,0.700067,0.277030,0.164316,0.471304
bcss,TCGA-OL-A6VO-DX1_xmin88416_ymin188485_MPP-0.2500.png.tensor,0.383834,0.552035,0.573552,0.696231,0.275174,0.161927,0.470309
bcss,TCGA-OL-A6VO-DX1_xmin88416_ymin188485_MPP-0.2500.png.tensor,0.393936,0.552595,0.571287,0.693098,0.273295,0.158876,0.469324
bcss,TCGA-OL-A6VO-DX1_xmin88416_ymin188485_MPP-0.2500.png.tensor,0.404035,0.553159,0.568788,0.689482,0.271550,0.156130,0.468344
bcss,TCGA-OL-A6VO-DX1_xmin88416_ymin188485_MPP-0.2500.png.tensor,0.414138,0.553792,0.566674,0.685210,0.269415,0.153846,0.467263
bcss,TCGA-OL-A6VO-DX1_xmin88416_ymin188485_MPP-0.2500.png.tensor,0.424240,0.554334,0.564838,0.681152,0.266963,0.151296,0.466225
bcss,TCGA-OL-A6VO-DX1_xmin88416_ymin188485_MPP-0.2500.png.tensor,0.434339,0.554733,0.562587,0.677143,0.264793,0.148614,0.465269
bcss,TCGA-OL-A6VO-DX1_xmin88416_ymin188485_MPP-0.2500.png.tensor,0.444441,0.554760,0.560458,0.672599,0.262432,0.146314,0.464577
bcss,TCGA-OL-A6VO-DX1_xmin88416_ymin188485_MPP-0.2500.png.tensor,0.454540,0.554985,0.558700,0.668232,0.259645,0.143770,0.463692
bcss,TCGA-OL-A6VO-DX1_xmin88416_ymin188485_MPP-0.2500.png.tensor,0.464642,0.555169,0.556779,0.663719,0.256903,0.141262,0.462838
bcss,TCGA-OL-A6VO-DX1_xmin88416_ymin188485_MPP-0.2500.png.tensor,0.474745,0.555123,0.554258,0.659236,0.254628,0.138630,0.462210
bcss,TCGA-OL-A6VO-DX1_xmin88416_ymin188485_MPP-0.2500.png.tensor,0.484843,0.555393,0.551821,0.653833,0.252182,0.136790,0.461227
bcss,TCGA-OL-A6VO-DX1_xmin88416_ymin188485_MPP-0.2500.png.tensor,0.494946,0.555164,0.549549,0.649289,0.249475,0.134023,0.460655
bcss,TCGA-OL-A6VO-DX1_xmin88416_ymin188485_MPP-0.2500.png.tensor,0.505045,0.554847,0.546590,0.644405,0.247353,0.131490,0.460120
bcss,TCGA-OL-A6VO-DX1_xmin88416_ymin188485_MPP-0.2500.png.tensor,0.515147,0.554205,0.544398,0.639309,0.244349,0.129067,0.460030
bcss,TCGA-OL-A6VO-DX1_xmin88416_ymin188485_MPP-0.2500.png.tensor,0.525246,0.553925,0.541479,0.633978,0.241985,0.126791,0.459363
bcss,TCGA-OL-A6VO-DX1_xmin88416_ymin188485_MPP-0.2500.png.tensor,0.535348,0.553292,0.538903,0.628170,0.239147,0.124926,0.459175
bcss,TCGA-OL-A6VO-DX1_xmin88416_ymin188485_MPP-0.2500.png.tensor,0.545451,0.553008,0.535952,0.622545,0.236595,0.122777,0.458619
bcss,TCGA-OL-A6VO-DX1_xmin88416_ymin188485_MPP-0.2500.png.tensor,0.555549,0.552654,0.533098,0.616375,0.233821,0.121148,0.458026
bcss,TCGA-OL-A6VO-DX1_xmin88416_ymin188485_MPP-0.2500.png.tensor,0.565652,0.552076,0.529733,0.610533,0.231504,0.119061,0.457773
bcss,TCGA-OL-A6VO-DX1_xmin88416_ymin188485_MPP-0.2500.png.tensor,0.575750,0.551879,0.526565,0.604794,0.228847,0.116758,0.457057
bcss,TCGA-OL-A6VO-DX1_xmin88416_ymin188485_MPP-0.2500.png.tensor,0.585853,0.551567,0.523010,0.598080,0.226524,0.115514,0.456377
bcss,TCGA-OL-A6VO-DX1_xmin88416_ymin188485_MPP-0.2500.png.tensor,0.595956,0.551668,0.519308,0.591713,0.224267,0.113779,0.455154
bcss,TCGA-OL-A6VO-DX1_xmin88416_ymin188485_MPP-0.2500.png.tensor,0.606054,0.551590,0.515355,0.585062,0.222217,0.112320,0.454099
bcss,TCGA-OL-A6VO-DX1_xmin88416_ymin188485_MPP-0.2500.png.tensor,0.616157,0.551122,0.511223,0.578569,0.220287,0.110575,0.453448
bcss,TCGA-OL-A6VO-DX1_xmin88416_ymin188485_MPP-0.2500.png.tensor,0.626255,0.550980,0.506960,0.571777,0.218433,0.109139,0.452410
bcss,TCGA-OL-A6VO-DX1_xmin88416_ymin188485_MPP-0.2500.png.tensor,0.636358,0.550760,0.502652,0.564964,0.216534,0.107647,0.451433
bcss,TCGA-OL-A6VO-DX1_xmin88416_ymin188485_MPP-0.2500.png.tensor,0.646461,0.550631,0.498345,0.557955,0.214524,0.106348,0.450218
bcss,TCGA-OL-A6VO-DX1_xmin88416_ymin188485_MPP-0.2500.png.tensor,0.656559,0.550397,0.493858,0.550653,0.212663,0.105405,0.449075
bcss,TCGA-OL-A6VO-DX1_xmin88416_ymin188485_MPP-0.2500.png.tensor,0.666662,0.550315,0.489328,0.543351,0.210749,0.104397,0.447697
bcss,TCGA-OL-A6VO-DX1_xmin88416_ymin188485_MPP-0.2500.png.tensor,0.676760,0.549989,0.484414,0.536087,0.209315,0.103275,0.446470
bcss,TCGA-OL-A6VO-DX1_xmin88416_ymin188485_MPP-0.2500.png.tensor,0.686863,0.549713,0.479538,0.528893,0.207722,0.101963,0.445195
bcss,TCGA-OL-A6VO-DX1_xmin88416_ymin188485_MPP-0.2500.png.tensor,0.696966,0.549732,0.474367,0.521756,0.206509,0.100468,0.443372
bcss,TCGA-OL-A6VO-DX1_xmin88416_ymin188485_MPP-0.2500.png.tensor,0.707064,0.549626,0.469489,0.514422,0.204717,0.099213,0.441654
bcss,TCGA-OL-A6VO-DX1_xmin88416_ymin188485_MPP-0.2500.png.tensor,0.717167,0.549296,0.464156,0.506820,0.203598,0.098337,0.440108
bcss,TCGA-OL-A6VO-DX1_xmin88416_ymin188485_MPP-0.2500.png.tensor,0.727265,0.549034,0.458834,0.499107,0.202380,0.097605,0.438379
bcss,TCGA-OL-A6VO-DX1_xmin88416_ymin188485_MPP-0.2500.png.tensor,0.737368,0.548429,0.453302,0.491361,0.201464,0.096873,0.437150
bcss,TCGA-OL-A6VO-DX1_xmin88416_ymin188485_MPP-0.2500.png.tensor,0.747471,0.547924,0.447960,0.483581,0.200097,0.096148,0.435520
bcss,TCGA-OL-A6VO-DX1_xmin88416_ymin188485_MPP-0.2500.png.tensor,0.757569,0.547341,0.442076,0.475504,0.199741,0.095986,0.434203
bcss,TCGA-OL-A6VO-DX1_xmin88416_ymin188485_MPP-0.2500.png.tensor,0.767672,0.546470,0.436231,0.467341,0.199263,0.095986,0.433153
bcss,TCGA-OL-A6VO-DX1_xmin88416_ymin188485_MPP-0.2500.png.tensor,0.777770,0.545667,0.430401,0.459527,0.198714,0.095208,0.431898
bcss,TCGA-OL-A6VO-DX1_xmin88416_ymin188485_MPP-0.2500.png.tensor,0.787873,0.545291,0.424546,0.451874,0.198167,0.093967,0.429625
bcss,TCGA-OL-A6VO-DX1_xmin88416_ymin188485_MPP-0.2500.png.tensor,0.797976,0.544290,0.419053,0.444049,0.196666,0.093029,0.428549
bcss,TCGA-OL-A6VO-DX1_xmin88416_ymin188485_MPP-0.2500.png.tensor,0.808074,0.543258,0.413394,0.435980,0.195450,0.092636,0.427471
bcss,TCGA-OL-A6VO-DX1_xmin88416_ymin188485_MPP-0.2500.png.tensor,0.818177,0.542414,0.407263,0.427815,0.195388,0.092455,0.425419
bcss,TCGA-OL-A6VO-DX1_xmin88416_ymin188485_MPP-0.2500.png.tensor,0.828275,0.541483,0.401258,0.419768,0.194960,0.091920,0.423972
bcss,TCGA-OL-A6VO-DX1_xmin88416_ymin188485_MPP-0.2500.png.tensor,0.838378,0.540170,0.395094,0.411522,0.194960,0.091920,0.423413
bcss,TCGA-OL-A6VO-DX1_xmin88416_ymin188485_MPP-0.2500.png.tensor,0.848481,0.539005,0.388931,0.403386,0.194960,0.091558,0.422235
bcss,TCGA-OL-A6VO-DX1_xmin88416_ymin188485_MPP-0.2500.png.tensor,0.858579,0.538129,0.382770,0.395219,0.194960,0.091270,0.419745
bcss,TCGA-OL-A6VO-DX1_xmin88416_ymin188485_MPP-0.2500.png.tensor,0.868682,0.537018,0.376606,0.387013,0.194960,0.091069,0.417755
bcss,TCGA-OL-A6VO-DX1_xmin88416_ymin188485_MPP-0.2500.png.tensor,0.878780,0.535656,0.370446,0.378822,0.194960,0.090788,0.416503
bcss,TCGA-OL-A6VO-DX1_xmin88416_ymin188485_MPP-0.2500.png.tensor,0.888883,0.534665,0.364282,0.370657,0.194960,0.090325,0.413504
bcss,TCGA-OL-A6VO-DX1_xmin88416_ymin188485_MPP-0.2500.png.tensor,0.898986,0.533187,0.358119,0.362556,0.194960,0.089446,0.411741
bcss,TCGA-OL-A6VO-DX1_xmin88416_ymin188485_MPP-0.2500.png.tensor,0.909084,0.531779,0.352213,0.354309,0.193559,0.089204,0.409602
bcss,TCGA-OL-A6VO-DX1_xmin88416_ymin188485_MPP-0.2500.png.tensor,0.919187,0.530770,0.346042,0.346008,0.193427,0.089204,0.405189
bcss,TCGA-OL-A6VO-DX1_xmin88416_ymin188485_MPP-0.2500.png.tensor,0.929285,0.529563,0.339865,0.337721,0.193321,0.089136,0.399757
bcss,TCGA-OL-A6VO-DX1_xmin88416_ymin188485_MPP-0.2500.png.tensor,0.939388,0.528352,0.333669,0.329420,0.193321,0.089136,0.393357
bcss,TCGA-OL-A6VO-DX1_xmin88416_ymin188485_MPP-0.2500.png.tensor,0.949491,0.526801,0.327576,0.321118,0.192295,0.089136,0.387440
bcss,TCGA-OL-A6VO-DX1_xmin88416_ymin188485_MPP-0.2500.png.tensor,0.959589,0.525062,0.321361,0.312820,0.192295,0.089136,0.380974
bcss,TCGA-OL-A6VO-DX1_xmin88416_ymin188485_MPP-0.2500.png.tensor,0.969692,0.522823,0.315144,0.304518,0.192295,0.089136,0.377909
bcss,TCGA-OL-A6VO-DX1_xmin88416_ymin188485_MPP-0.2500.png.tensor,0.979790,0.520451,0.308929,0.296220,0.192295,0.089136,0.375699
bcss,TCGA-OL-A6VO-DX1_xmin88416_ymin188485_MPP-0.2500.png.tensor,0.989893,0.517964,0.302712,0.287918,0.192295,0.089136,0.369439
bcss,TCGA-OL-A6VO-DX1_xmin88416_ymin188485_MPP-0.2500.png.tensor,0.999995,0.515450,0.296495,0.279617,0.192295,0.089136,0.000000
bcss,TCGA-OL-A97C-DX1_xmin68058_ymin32495_MPP-0.2500.png.tensor,0.000000,0.487064,0.689604,0.762027,0.310396,0.237973,0.512936
bcss,TCGA-OL-A97C-DX1_xmin68058_ymin32495_MPP-0.2500.png.tensor,0.010101,0.492779,0.685773,0.761127,0.310396,0.235754,0.510182
bcss,TCGA-OL-A97C-DX1_xmin68058_ymin32495_MPP-0.2500.png.tensor,0.020202,0.498349,0.681943,0.760097,0.310396,0.233555,0.507444
bcss,TCGA-OL-A97C-DX1_xmin68058_ymin32495_MPP-0.2500.png.tensor,0.030303,0.503864,0.678113,0.759010,0.310396,0.231340,0.504678
bcss,TCGA-OL-A97C-DX1_xmin68058_ymin32495_MPP-0.2500.png.tensor,0.040403,0.508904,0.674282,0.757632,0.310396,0.229230,0.502101
bcss,TCGA-OL-A97C-DX1_xmin68058_ymin32495_MPP-0.2500.png.tensor,0.050504,0.513858,0.670452,0.756255,0.310396,0.227075,0.499513
bcss,TCGA-OL-A97C-DX1_xmin68058_ymin32495_MPP-0.2500.png.tensor,0.060605,0.518307,0.666622,0.755401,0.310396,0.224595,0.497140
bcss,TCGA-OL-A97C-DX1_xmin68058_ymin32495_MPP-0.2500.png.tensor,0.070706,0.522764,0.662791,0.754099,0.310396,0.222302,0.494712
bcss,TCGA-OL-A97C-DX1_xmin68058_ymin32495_MPP-0.2500.png.tensor,0.080807,0.527003,0.658961,0.752503,0.310396,0.220119,0.492348
bcss,TCGA-OL-A97C-DX1_xmin68058_ymin32495_MPP-0.2500.png.tensor,0.090908,0.531230,0.655131,0.750987,0.310396,0.217843,0.489938
bcss,TCGA-OL-A97C-DX1_xmin68058_ymin32495_MPP-0.2500.png.tensor,0.101009,0.535311,0.651300,0.749178,0.310396,0.215679,0.487556
bcss,TCGA-OL-A97C-DX1_xmin68058_ymin32495_MPP-0.2500.png.tensor,0.111109,0.539155,0.647470,0.747595,0.310396,0.213338,0.485251
bcss,TCGA-OL-A97C-DX1_xmin68058_ymin32495_MPP-0.2500.png.tensor,0.121210,0.542807,0.643640,0.745788,0.310396,0.211072,0.483004
bcss,TCGA-OL-A97C-DX1_xmin68058_ymin32495_MPP-0.2500.png.tensor,0.131311,0.546496,0.639809,0.743778,0.310396,0.208869,0.480682
bcss,TCGA-OL-A97C-DX1_xmin68058_ymin32495_MPP-0.2500.png.tensor,0.141412,0.549798,0.635979,0.741389,0.310396,0.206835,0.478533
bcss,TCGA-OL-A97C-DX1_xmin68058_ymin32495_MPP-0.2500.png.tensor,0.151515,0.553009,0.632148,0.739146,0.310396,0.204666,0.476383
bcss,TCGA-OL-A97C-DX1_xmin68058_ymin32495_MPP-0.2500.png.tensor,0.161616,0.556008,0.628318,0.736561,0.310396,0.202650,0.474307
bcss,TCGA-OL-A97C-DX1_xmin68058_ymin32495_MPP-0.2500.png.tensor,0.171716,0.559089,0.624487,0.733850,0.310396,0.200660,0.472136
bcss,TCGA-OL-A97C-DX1_xmin68058_ymin32495_MPP-0.2500.png.tensor,0.181817,0.562011,0.620657,0.730998,0.310396,0.198707,0.470010
bcss,TCGA-OL-A97C-DX1_xmin68058_ymin32495_MPP-0.2500.png.tensor,0.191918,0.564589,0.616827,0.727751,0.310396,0.196950,0.468038
bcss,TCGA-OL-A97C-DX1_xmin68058_ymin32495_MPP-0.2500.png.tensor,0.202019,0.566858,0.612997,0.724643,0.310396,0.195062,0.466213
bcss,TCGA-OL-A97C-DX1_xmin68058_ymin32495_MPP-0.2500.png.tensor,0.212120,0.568906,0.609166,0.720972,0.310396,0.193482,0.464481
bcss,TCGA-OL-A97C-DX1_xmin68058_ymin32495_MPP-0.2500.png.tensor,0.222221,0.570828,0.605336,0.717285,0.310396,0.191872,0.462781
bcss,TCGA-OL-A97C-DX1_xmin68058_ymin32495_MPP-0.2500.png.tensor,0.232322,0.572573,0.601506,0.713629,0.310396,0.190198,0.461156
bcss,TCGA-OL-A97C-DX1_xmin68058_ymin32495_MPP-0.2500.png.tensor,0.242423,0.574240,0.597675,0.709749,0.310396,0.188629,0.459538
bcss,TCGA-OL-A97C-DX1_xmin68058_ymin32495_MPP-0.2500.png.tensor,0.252523,0.575779,0.593845,0.705728,0.310396,0.187111,0.457956
bcss,TCGA-OL-A97C-DX1_xmin68058_ymin32495_MPP-0.2500.png.tensor,0.262624,0.576867,0.590015,0.701334,0.310396,0.185804,0.456650
bcss,TCGA-OL-A97C-DX1_xmin68058_ymin32495_MPP-0.2500.png.tensor,0.272725,0.577904,0.586184,0.697058,0.310396,0.184380,0.455334
bcss,TCGA-OL-A97C-DX1_xmin68058_ymin32495_MPP-0.2500.png.tensor,0.282826,0.578652,0.582354,0.692514,0.310396,0.183103,0.454181
bcss,TCGA-OL-A97C-DX1_xmin68058_ymin32495_MPP-0.2500.png.tensor,0.292929,0.579145,0.578523,0.687869,0.310396,0.181859,0.453181
bcss,TCGA-OL-A97C-DX1_xmin68058_ymin32495_MPP-0.2500.png.tensor,0.303030,0.579743,0.574693,0.682982,0.310396,0.180755,0.452069
bcss,TCGA-OL-A97C-DX1_xmin68058_ymin32495_MPP-0.2500.png.tensor,0.313130,0.580300,0.570862,0.677962,0.310396,0.179714,0.450962
bcss,TCGA-OL-A97C-DX1_xmin68058_ymin32495_MPP-0.2500.png.tensor,0.323231,0.580805,0.567032,0.672568,0.310396,0.178919,0.449854
bcss,TCGA-OL-A97C-DX1_xmin68058_ymin32495_MPP-0.2500.png.tensor,0.333332,0.580971,0.563202,0.667300,0.310396,0.178006,0.448974
bcss,TCGA-OL-A97C-DX1_xmin68058_ymin32495_MPP-0.2500.png.tensor,0.343433,0.581148,0.559371,0.661892,0.310396,0.177171,0.448054
bcss,TCGA-OL-A97C-DX1_xmin68058_ymin32495_MPP-0.2500.png.tensor,0.353534,0.581462,0.555541,0.656336,0.310396,0.176423,0.446994
bcss,TCGA-OL-A97C-DX1_xmin68058_ymin32495_MPP-0.2500.png.tensor,0.363635,0.581344,0.551711,0.650516,0.310396,0.175860,0.446246
bcss,TCGA-OL-A97C-DX1_xmin68058_ymin32495_MPP-0.2500.png.tensor,0.373736,0.581281,0.547880,0.644682,0.310396,0.175290,0.445427
bcss,TCGA-OL-A97C-DX1_xmin68058_ymin32495_MPP-0.2500.png.tensor,0.383836,0.580964,0.544050,0.638692,0.310396,0.174827,0.444796
bcss,TCGA-OL-A97C-DX1_xmin68058_ymin32495_MPP-0.2500.png.tensor,0.393937,0.580901,0.540220,0.632715,0.310396,0.174339,0.443926
bcss,TCGA-OL-A97C-DX1_xmin68058_ymin32495_MPP-0.2500.png.tensor,0.404038,0.580646,0.536389,0.626372,0.310396,0.174142,0.443190
bcss,TCGA-OL-A97C-DX1_xmin68058_ymin32495_MPP-0.2500.png.tensor,0.414139,0.580532,0.532559,0.620156,0.310396,0.173828,0.442298
bcss,TCGA-OL-A97C-DX1_xmin68058_ymin32495_MPP-0.2500.png.tensor,0.424240,0.580392,0.528729,0.613688,0.310396,0.173723,0.441416
bcss,TCGA-OL-A97C-DX1_xmin68058_ymin32495_MPP-0.2500.png.tensor,0.434343,0.580552,0.524898,0.607494,0.310396,0.173370,0.440231
bcss,TCGA-OL-A97C-DX1_xmin68058_ymin32495_MPP-0.2500.png.tensor,0.444443,0.580633,0.521067,0.601043,0.310396,0.173238,0.439069
bcss,TCGA-OL-A97C-DX1_xmin68058_ymin32495_MPP-0.2500.png.tensor,0.454544,0.580545,0.517237,0.594442,0.310396,0.173238,0.438020
bcss,TCGA-OL-A97C-DX1_xmin68058_ymin32495_MPP-0.2500.png.tensor,0.464645,0.580353,0.513407,0.587845,0.310396,0.173234,0.437034
bcss,TCGA-OL-A97C-DX1_xmin68058_ymin32495_MPP-0.2500.png.tensor,0.474746,0.580678,0.509576,0.581244,0.310396,0.173234,0.435512
bcss,TCGA-OL-A97C-DX1_xmin68058_ymin32495_MPP-0.2500.png.tensor,0.484847,0.581002,0.505746,0.574642,0.310396,0.173234,0.433932
bcss,TCGA-OL-A97C-DX1_xmin68058_ymin32495_MPP-0.2500.png.tensor,0.494948,0.581021,0.501916,0.568041,0.310396,0.173234,0.432594
bcss,TCGA-OL-A97C-DX1_xmin68058_ymin32495_MPP-0.2500.png.tensor,0.505049,0.581242,0.498086,0.561440,0.310396,0.173234,0.430992
bcss,TCGA-OL-A97C-DX1_xmin68058_ymin32495_MPP-0.2500.png.tensor,0.515149,0.581666,0.494255,0.554839,0.310396,0.173234,0.429120
bcss,TCGA-OL-A97C-DX1_xmin68058_ymin32495_MPP-0.2500.png.tensor,0.525250,0.581884,0.490425,0.548238,0.310396,0.173234,0.427385
bcss,TCGA-OL-A97C-DX1_xmin68058_ymin32495_MPP-0.2500.png.tensor,0.535351,0.582035,0.486595,0.541636,0.310396,0.173234,0.425640
bcss,TCGA-OL-A97C-DX1_xmin68058_ymin32495_MPP-0.2500.png.tensor,0.545452,0.582168,0.482764,0.535035,0.310396,0.173234,0.423841
bcss,TCGA-OL-A97C-DX1_xmin68058_ymin32495_MPP-0.2500.png.tensor,0.555553,0.582356,0.478934,0.528434,0.310396,0.173234,0.421903
bcss,TCGA-OL-A97C-DX1_xmin68058_ymin32495_MPP-0.2500.png.tensor,0.565654,0.582703,0.475104,0.521833,0.310396,0.173234,0.419658
bcss,TCGA-OL-A97C-DX1_xmin68058_ymin32495_MPP-0.2500.png.tensor,0.575756,0.582709,0.471273,0.515230,0.310396,0.173234,0.417759
bcss,TCGA-OL-A97C-DX1_xmin68058_ymin32495_MPP-0.2500.png.tensor,0.585857,0.582572,0.467442,0.508629,0.310396,0.173234,0.415924
bcss,TCGA-OL-A97C-DX1_xmin68058_ymin32495_MPP-0.2500.png.tensor,0.595958,0.582650,0.463612,0.502028,0.310396,0.173234,0.413726
bcss,TCGA-OL-A97C-DX1_xmin68058_ymin32495_MPP-0.2500.png.tensor,0.606059,0.582343,0.459782,0.495426,0.310396,0.173234,0.411906
bcss,TCGA-OL-A97C-DX1_xmin68058_ymin32495_MPP-0.2500.png.tensor,0.616160,0.582181,0.455951,0.488825,0.310396,0.173234,0.409790
bcss,TCGA-OL-A97C-DX1_xmin68058_ymin32495_MPP-0.2500.png.tensor,0.626261,0.581956,0.452121,0.482224,0.310396,0.173234,0.407663
bcss,TCGA-OL-A97C-DX1_xmin68058_ymin32495_MPP-0.2500.png.tensor,0.636362,0.581617,0.448291,0.475623,0.310396,0.173234,0.405555
bcss,TCGA-OL-A97C-DX1_xmin68058_ymin32495_MPP-0.2500.png.tensor,0.646462,0.581340,0.444460,0.469021,0.310396,0.173234,0.403258
bcss,TCGA-OL-A97C-DX1_xmin68058_ymin32495_MPP-0.2500.png.tensor,0.656563,0.580879,0.440630,0.462420,0.310396,0.173234,0.401084
bcss,TCGA-OL-A97C-DX1_xmin68058_ymin32495_MPP-0.2500.png.tensor,0.666664,0.580027,0.436800,0.455819,0.310396,0.173234,0.399358
bcss,TCGA-OL-A97C-DX1_xmin68058_ymin32495_MPP-0.2500.png.tensor,0.676765,0.579392,0.432969,0.449218,0.310396,0.173234,0.397184
bcss,TCGA-OL-A97C-DX1_xmin68058_ymin32495_MPP-0.2500.png.tensor,0.686866,0.578839,0.429139,0.442616,0.310396,0.173234,0.394745
bcss,TCGA-OL-A97C-DX1_xmin68058_ymin32495_MPP-0.2500.png.tensor,0.696967,0.578005,0.425309,0.436015,0.310396,0.173234,0.392634
bcss,TCGA-OL-A97C-DX1_xmin68058_ymin32495_MPP-0.2500.png.tensor,0.707068,0.577356,0.421478,0.429414,0.310396,0.173234,0.390036
bcss,TCGA-OL-A97C-DX1_xmin68058_ymin32495_MPP-0.2500.png.tensor,0.717170,0.576634,0.417647,0.422812,0.310396,0.173234,0.387357
bcss,TCGA-OL-A97C-DX1_xmin68058_ymin32495_MPP-0.2500.png.tensor,0.727271,0.575605,0.413817,0.416210,0.310396,0.173234,0.385104
bcss,TCGA-OL-A97C-DX1_xmin68058_ymin32495_MPP-0.2500.png.tensor,0.737372,0.574639,0.409987,0.409609,0.310396,0.173234,0.382520
bcss,TCGA-OL-A97C-DX1_xmin68058_ymin32495_MPP-0.2500.png.tensor,0.747473,0.573875,0.406156,0.403008,0.310396,0.173234,0.379339
bcss,TCGA-OL-A97C-DX1_xmin68058_ymin32495_MPP-0.2500.png.tensor,0.757574,0.572333,0.402326,0.396407,0.310396,0.173234,0.377469
bcss,TCGA-OL-A97C-DX1_xmin68058_ymin32495_MPP-0.2500.png.tensor,0.767675,0.570315,0.398496,0.389805,0.310396,0.173234,0.376487
bcss,TCGA-OL-A97C-DX1_xmin68058_ymin32495_MPP-0.2500.png.tensor,0.777776,0.568574,0.394666,0.383204,0.310396,0.173234,0.374774
bcss,TCGA-OL-A97C-DX1_xmin68058_ymin32495_MPP-0.2500.png.tensor,0.787876,0.566253,0.390835,0.376603,0.310396,0.173234,0.374257
bcss,TCGA-OL-A97C-DX1_xmin68058_ymin32495_MPP-0.2500.png.tensor,0.797977,0.564069,0.387005,0.370002,0.310396,0.173234,0.373386
bcss,TCGA-OL-A97C-DX1_xmin68058_ymin32495_MPP-0.2500.png.tensor,0.808078,0.561760,0.383175,0.363400,0.310396,0.173234,0.372706
bcss,TCGA-OL-A97C-DX1_xmin68058_ymin32495_MPP-0.2500.png.tensor,0.818179,0.559336,0.379344,0.356799,0.310396,0.173234,0.372039
bcss,TCGA-OL-A97C-DX1_xmin68058_ymin32495_MPP-0.2500.png.tensor,0.828280,0.556466,0.375514,0.350198,0.310396,0.173234,0.372039
bcss,TCGA-OL-A97C-DX1_xmin68058_ymin32495_MPP-0.2500.png.tensor,0.838381,0.553887,0.371684,0.343597,0.310396,0.173234,0.372039
bcss,TCGA-OL-A97C-DX1_xmin68058_ymin32495_MPP-0.2500.png.tensor,0.848482,0.551106,0.367853,0.336995,0.310396,0.173234,0.372039
bcss,TCGA-OL-A97C-DX1_xmin68058_ymin32495_MPP-0.2500.png.tensor,0.858584,0.548337,0.364022,0.330393,0.310396,0.173234,0.372039
bcss,TCGA-OL-A97C-DX1_xmin68058_ymin32495_MPP-0.2500.png.tensor,0.868685,0.545415,0.360192,0.323792,0.310396,0.173234,0.372039
bcss,TCGA-OL-A97C-DX1_xmin68058_ymin32495_MPP-0.2500.png.tensor,0.878786,0.541981,0.356362,0.317191,0.310396,0.173234,0.372039
bcss,TCGA-OL-A97C-DX1_xmin68058_ymin32495_MPP-0.2500.png.tensor,0.888887,0.538561,0.352531,0.310589,0.310396,0.173234,0.372039
bcss,TCGA-OL-A97C-DX1_xmin68058_ymin32495_MPP-0.2500.png.tensor,0.898988,0.535300,0.348701,0.303988,0.310396,0.173234,0.372039
bcss,TCGA-OL-A97C-DX1_xmin68058_ymin32495_MPP-0.2500.png.tensor,0.909089,0.531998,0.344871,0.297387,0.310396,0.173234,0.372039
bcss,TCGA-OL-A97C-DX1_xmin68058_ymin32495_MPP-0.2500.png.tensor,0.919189,0.529028,0.341040,0.290786,0.310396,0.173234,0.372039
bcss,TCGA-OL-A97C-DX1_xmin68058_ymin32495_MPP-0.2500.png.tensor,0.929290,0.526154,0.337210,0.284184,0.310396,0.173234,0.372039
bcss,TCGA-OL-A97C-DX1_xmin68058_ymin32495_MPP-0.2500.png.tensor,0.939391,0.523361,0.333380,0.277583,0.310396,0.173234,0.372039
bcss,TCGA-OL-A97C-DX1_xmin68058_ymin32495_MPP-0.2500.png.tensor,0.949492,0.520952,0.329549,0.270982,0.310396,0.173234,0.372039
bcss,TCGA-OL-A97C-DX1_xmin68058_ymin32495_MPP-0.2500.png.tensor,0.959593,0.518802,0.325719,0.264381,0.310396,0.173234,0.372039
bcss,TCGA-OL-A97C-DX1_xmin68058_ymin32495_MPP-0.2500.png.tensor,0.969694,0.516396,0.321889,0.257779,0.310396,0.173234,0.372039
bcss,TCGA-OL-A97C-DX1_xmin68058_ymin32495_MPP-0.2500.png.tensor,0.979795,0.513873,0.318058,0.251178,0.310396,0.173234,0.372039
bcss,TCGA-OL-A97C-DX1_xmin68058_ymin32495_MPP-0.2500.png.tensor,0.989895,0.511977,0.314228,0.244577,0.310396,0.173234,0.372039
bcss,TCGA-OL-A97C-DX1_xmin68058_ymin32495_MPP-0.2500.png.tensor,0.999998,0.512934,0.310397,0.237974,0.310396,0.173234,0.372039
bcss,TCGA-S3-AA10-DX1_xmin43039_ymin23986_MPP-0.2500.png.tensor,0.000000,0.502415,0.604627,0.644602,0.395373,0.355398,0.497585
bcss,TCGA-S3-AA10-DX1_xmin43039_ymin23986_MPP-0.2500.png.tensor,0.010097,0.507161,0.602514,0.646380,0.395373,0.353025,0.495164
bcss,TCGA-S3-AA10-DX1_xmin43039_ymin23986_MPP-0.2500.png.tensor,0.020199,0.511373,0.600401,0.647105,0.395373,0.351140,0.492964
bcss,TCGA-S3-AA10-DX1_xmin43039_ymin23986_MPP-0.2500.png.tensor,0.030300,0.515684,0.598287,0.647258,0.395373,0.349510,0.490666
bcss,TCGA-S3-AA10-DX1_xmin43039_ymin23986_MPP-0.2500.png.tensor,0.040401,0.519722,0.596173,0.647082,0.395373,0.348018,0.488459
bcss,TCGA-S3-AA10-DX1_xmin43039_ymin23986_MPP-0.2500.png.tensor,0.050503,0.523480,0.594059,0.646540,0.395373,0.346686,0.486364
bcss,TCGA-S3-AA10-DX1_xmin43039_ymin23986_MPP-0.2500.png.tensor,0.060604,0.527276,0.591946,0.646608,0.395373,0.345001,0.484197
bcss,TCGA-S3-AA10-DX1_xmin43039_ymin23986_MPP-0.2500.png.tensor,0.070705,0.531118,0.589832,0.646053,0.395373,0.343615,0.481958
bcss,TCGA-S3-AA10-DX1_xmin43039_ymin23986_MPP-0.2500.png.tensor,0.080806,0.534270,0.587718,0.645432,0.395373,0.342235,0.480041
bcss,TCGA-S3-AA10-DX1_xmin43039_ymin23986_MPP-0.2500.png.tensor,0.090908,0.537506,0.585604,0.645242,0.395373,0.340586,0.478040
bcss,TCGA-S3-AA10-DX1_xmin43039_ymin23986_MPP-0.2500.png.tensor,0.101009,0.540613,0.583491,0.645076,0.395373,0.338887,0.476067
bcss,TCGA-S3-AA10-DX1_xmin43039_ymin23986_MPP-0.2500.png.tensor,0.111110,0.543123,0.581377,0.644884,0.395373,0.337164,0.474383
bcss,TCGA-S3-AA10-DX1_xmin43039_ymin23986_MPP-0.2500.png.tensor,0.121212,0.545579,0.579263,0.645023,0.395373,0.335214,0.472693
bcss,TCGA-S3-AA10-DX1_xmin43039_ymin23986_MPP-0.2500.png.tensor,0.131309,0.548152,0.577150,0.644531,0.395373,0.333581,0.470893
bcss,TCGA-S3-AA10-DX1_xmin43039_ymin23986_MPP-0.2500.png.tensor,0.141410,0.550268,0.575037,0.644279,0.395373,0.331770,0.469320
bcss,TCGA-S3-AA10-DX1_xmin43039_ymin23986_MPP-0.2500.png.tensor,0.151512,0.552527,0.572923,0.643876,0.395373,0.330005,0.467620
bcss,TCGA-S3-AA10-DX1_xmin43039_ymin23986_MPP-0.2500.png.tensor,0.161613,0.554938,0.570809,0.642661,0.395373,0.328681,0.465796
bcss,TCGA-S3-AA10-DX1_xmin43039_ymin23986_MPP-0.2500.png.tensor,0.171714,0.557001,0.568695,0.641161,0.395373,0.327497,0.464129
bcss,TCGA-S3-AA10-DX1_xmin43039_ymin23986_MPP-0.2500.png.tensor,0.181815,0.558988,0.566582,0.640423,0.395373,0.325819,0.462476
bcss,TCGA-S3-AA10-DX1_xmin43039_ymin23986_MPP-0.2500.png.tensor,0.191917,0.560770,0.564468,0.639354,0.395373,0.324303,0.460902
bcss,TCGA-S3-AA10-DX1_xmin43039_ymin23986_MPP-0.2500.png.tensor,0.202018,0.562704,0.562354,0.638862,0.395373,0.322387,0.459185
bcss,TCGA-S3-AA10-DX1_xmin43039_ymin23986_MPP-0.2500.png.tensor,0.212119,0.564373,0.560240,0.638156,0.395373,0.320558,0.457602
bcss,TCGA-S3-AA10-DX1_xmin43039_ymin23986_MPP-0.2500.png.tensor,0.222221,0.565891,0.558127,0.637086,0.395373,0.318915,0.456084
bcss,TCGA-S3-AA10-DX1_xmin43039_ymin23986_MPP-0.2500.png.tensor,0.232322,0.566992,0.556013,0.636109,0.395373,0.317169,0.454792
bcss,TCGA-S3-AA10-DX1_xmin43039_ymin23986_MPP-0.2500.png.tensor,0.242423,0.567526,0.553899,0.635118,0.395373,0.315385,0.453832
bcss,TCGA-S3-AA10-DX1_xmin43039_ymin23986_MPP-0.2500.png.tensor,0.252521,0.568904,0.552776,0.634401,0.394711,0.313371,0.452294
bcss,TCGA-S3-AA10-DX1_xmin43039_ymin23986_MPP-0.2500.png.tensor,0.262622,0.569982,0.552052,0.634102,0.393759,0.311017,0.450900
bcss,TCGA-S3-AA10-DX1_xmin43039_ymin23986_MPP-0.2500.png.tensor,0.272723,0.571061,0.550844,0.633245,0.393114,0.308981,0.449484
bcss,TCGA-S3-AA10-DX1_xmin43039_ymin23986_MPP-0.2500.png.tensor,0.282824,0.572041,0.549948,0.631957,0.392234,0.307189,0.448086
bcss,TCGA-S3-AA10-DX1_xmin43039_ymin23986_MPP-0.2500.png.tensor,0.292926,0.572408,0.549357,0.630429,0.391112,0.305515,0.447081
bcss,TCGA-S3-AA10-DX1_xmin43039_ymin23986_MPP-0.2500.png.tensor,0.303027,0.573086,0.548647,0.629139,0.390043,0.303621,0.445831
bcss,TCGA-S3-AA10-DX1_xmin43039_ymin23986_MPP-0.2500.png.tensor,0.313128,0.573536,0.548002,0.628067,0.388895,0.301514,0.444689
bcss,TCGA-S3-AA10-DX1_xmin43039_ymin23986_MPP-0.2500.png.tensor,0.323230,0.574138,0.547135,0.626884,0.387878,0.299425,0.443443
bcss,TCGA-S3-AA10-DX1_xmin43039_ymin23986_MPP-0.2500.png.tensor,0.333331,0.574906,0.546505,0.625505,0.386651,0.297421,0.441999
bcss,TCGA-S3-AA10-DX1_xmin43039_ymin23986_MPP-0.2500.png.tensor,0.343432,0.575568,0.545936,0.623975,0.385341,0.295469,0.440611
bcss,TCGA-S3-AA10-DX1_xmin43039_ymin23986_MPP-0.2500.png.tensor,0.353533,0.575701,0.545557,0.622085,0.383842,0.293735,0.439583
bcss,TCGA-S3-AA10-DX1_xmin43039_ymin23986_MPP-0.2500.png.tensor,0.363635,0.575902,0.545501,0.620755,0.382043,0.291506,0.438453
bcss,TCGA-S3-AA10-DX1_xmin43039_ymin23986_MPP-0.2500.png.tensor,0.373736,0.576155,0.545516,0.618984,0.380128,0.289557,0.437262
bcss,TCGA-S3-AA10-DX1_xmin43039_ymin23986_MPP-0.2500.png.tensor,0.383833,0.576011,0.545673,0.617316,0.378036,0.287462,0.436354
bcss,TCGA-S3-AA10-DX1_xmin43039_ymin23986_MPP-0.2500.png.tensor,0.393935,0.575849,0.545421,0.616057,0.376211,0.284958,0.435431
bcss,TCGA-S3-AA10-DX1_xmin43039_ymin23986_MPP-0.2500.png.tensor,0.404036,0.575852,0.545366,0.614442,0.374159,0.282668,0.434319
bcss,TCGA-S3-AA10-DX1_xmin43039_ymin23986_MPP-0.2500.png.tensor,0.414137,0.575796,0.545300,0.612707,0.372045,0.280402,0.433247
bcss,TCGA-S3-AA10-DX1_xmin43039_ymin23986_MPP-0.2500.png.tensor,0.424239,0.575724,0.545066,0.610769,0.370004,0.278232,0.432130
bcss,TCGA-S3-AA10-DX1_xmin43039_ymin23986_MPP-0.2500.png.tensor,0.434340,0.575440,0.544860,0.608664,0.367865,0.276133,0.431183
bcss,TCGA-S3-AA10-DX1_xmin43039_ymin23986_MPP-0.2500.png.tensor,0.444441,0.575254,0.544856,0.606642,0.365465,0.273882,0.430076
bcss,TCGA-S3-AA10-DX1_xmin43039_ymin23986_MPP-0.2500.png.tensor,0.454542,0.574842,0.544395,0.604671,0.363397,0.271501,0.429176
bcss,TCGA-S3-AA10-DX1_xmin43039_ymin23986_MPP-0.2500.png.tensor,0.464644,0.574687,0.544055,0.602254,0.361137,0.269447,0.427987
bcss,TCGA-S3-AA10-DX1_xmin43039_ymin23986_MPP-0.2500.png.tensor,0.474745,0.574085,0.543670,0.600098,0.358833,0.267065,0.427133
bcss,TCGA-S3-AA10-DX1_xmin43039_ymin23986_MPP-0.2500.png.tensor,0.484846,0.573915,0.543279,0.597877,0.356445,0.264654,0.425911
bcss,TCGA-S3-AA10-DX1_xmin43039_ymin23986_MPP-0.2500.png.tensor,0.494947,0.573502,0.542654,0.595665,0.354192,0.262137,0.424820
bcss,TCGA-S3-AA10-DX1_xmin43039_ymin23986_MPP-0.2500.png.tensor,0.505045,0.572813,0.542149,0.593142,0.351728,0.259833,0.423996
bcss,TCGA-S3-AA10-DX1_xmin43039_ymin23986_MPP-0.2500.png.tensor,0.515146,0.572189,0.541358,0.590259,0.349455,0.257803,0.423034
bcss,TCGA-S3-AA10-DX1_xmin43039_ymin23986_MPP-0.2500.png.tensor,0.525248,0.571814,0.540689,0.587941,0.346955,0.255090,0.421799
bcss,TCGA-S3-AA10-DX1_xmin43039_ymin23986_MPP-0.2500.png.tensor,0.535349,0.571333,0.539885,0.585239,0.344494,0.252673,0.420615
bcss,TCGA-S3-AA10-DX1_xmin43039_ymin23986_MPP-0.2500.png.tensor,0.545450,0.570959,0.538652,0.582467,0.342394,0.250226,0.419290
bcss,TCGA-S3-AA10-DX1_xmin43039_ymin23986_MPP-0.2500.png.tensor,0.555551,0.570395,0.537676,0.579572,0.339910,0.247806,0.418083
bcss,TCGA-S3-AA10-DX1_xmin43039_ymin23986_MPP-0.2500.png.tensor,0.565653,0.569589,0.536662,0.576152,0.337355,0.245879,0.417094
bcss,TCGA-S3-AA10-DX1_xmin43039_ymin23986_MPP-0.2500.png.tensor,0.575754,0.569123,0.535522,0.572802,0.334825,0.243776,0.415673
bcss,TCGA-S3-AA10-DX1_xmin43039_ymin23986_MPP-0.2500.png.tensor,0.585855,0.568098,0.534583,0.569479,0.331930,0.241539,0.414866
bcss,TCGA-S3-AA10-DX1_xmin43039_ymin23986_MPP-0.2500.png.tensor,0.595956,0.567496,0.533088,0.566134,0.329578,0.239217,0.413487
bcss,TCGA-S3-AA10-DX1_xmin43039_ymin23986_MPP-0.2500.png.tensor,0.606058,0.566682,0.531274,0.562698,0.327511,0.236891,0.412285
bcss,TCGA-S3-AA10-DX1_xmin43039_ymin23986_MPP-0.2500.png.tensor,0.616159,0.565687,0.529502,0.559190,0.325280,0.234536,0.411243
bcss,TCGA-S3-AA10-DX1_xmin43039_ymin23986_MPP-0.2500.png.tensor,0.626257,0.564703,0.528014,0.555199,0.322551,0.232704,0.410175
bcss,TCGA-S3-AA10-DX1_xmin43039_ymin23986_MPP-0.2500.png.tensor,0.636358,0.563685,0.526373,0.551477,0.319878,0.230396,0.409077
bcss,TCGA-S3-AA10-DX1_xmin43039_ymin23986_MPP-0.2500.png.tensor,0.646459,0.562803,0.524505,0.547361,0.317373,0.228514,0.407743
bcss,TCGA-S3-AA10-DX1_xmin43039_ymin23986_MPP-0.2500.png.tensor,0.656560,0.561966,0.522463,0.543310,0.314974,0.226427,0.406257
bcss,TCGA-S3-AA10-DX1_xmin43039_ymin23986_MPP-0.2500.png.tensor,0.666662,0.560540,0.520179,0.538972,0.312794,0.224643,0.405566
bcss,TCGA-S3-AA10-DX1_xmin43039_ymin23986_MPP-0.2500.png.tensor,0.676763,0.559128,0.518044,0.534476,0.310246,0.222993,0.404723
bcss,TCGA-S3-AA10-DX1_xmin43039_ymin23986_MPP-0.2500.png.tensor,0.686864,0.558049,0.515916,0.529857,0.307522,0.221432,0.403419
bcss,TCGA-S3-AA10-DX1_xmin43039_ymin23986_MPP-0.2500.png.tensor,0.696965,0.556895,0.513171,0.525237,0.305636,0.219769,0.402075
bcss,TCGA-S3-AA10-DX1_xmin43039_ymin23986_MPP-0.2500.png.tensor,0.707067,0.555877,0.510388,0.520835,0.303683,0.217620,0.400496
bcss,TCGA-S3-AA10-DX1_xmin43039_ymin23986_MPP-0.2500.png.tensor,0.717168,0.554359,0.507524,0.516086,0.301735,0.215930,0.399631
bcss,TCGA-S3-AA10-DX1_xmin43039_ymin23986_MPP-0.2500.png.tensor,0.727269,0.553250,0.505054,0.510911,0.298920,0.214897,0.397938
bcss,TCGA-S3-AA10-DX1_xmin43039_ymin23986_MPP-0.2500.png.tensor,0.737371,0.551990,0.501945,0.506102,0.297105,0.213086,0.396394
bcss,TCGA-S3-AA10-DX1_xmin43039_ymin23986_MPP-0.2500.png.tensor,0.747472,0.550662,0.498854,0.500749,0.295110,0.212208,0.394787
bcss,TCGA-S3-AA10-DX1_xmin43039_ymin23986_MPP-0.2500.png.tensor,0.757569,0.549034,0.495662,0.495450,0.293159,0.211150,0.393871
bcss,TCGA-S3-AA10-DX1_xmin43039_ymin23986_MPP-0.2500.png.tensor,0.767671,0.547426,0.492480,0.490495,0.291014,0.209257,0.392706
bcss,TCGA-S3-AA10-DX1_xmin43039_ymin23986_MPP-0.2500.png.tensor,0.777772,0.545620,0.489081,0.485086,0.289162,0.208210,0.391914
bcss,TCGA-S3-AA10-DX1_xmin43039_ymin23986_MPP-0.2500.png.tensor,0.787873,0.543815,0.486069,0.479748,0.286221,0.206897,0.390961
bcss,TCGA-S3-AA10-DX1_xmin43039_ymin23986_MPP-0.2500.png.tensor,0.797974,0.542063,0.482724,0.474497,0.283810,0.205238,0.389821
bcss,TCGA-S3-AA10-DX1_xmin43039_ymin23986_MPP-0.2500.png.tensor,0.808076,0.540167,0.479280,0.469074,0.281405,0.203851,0.389025
bcss,TCGA-S3-AA10-DX1_xmin43039_ymin23986_MPP-0.2500.png.tensor,0.818177,0.538361,0.475493,0.463215,0.279675,0.203511,0.387869
bcss,TCGA-S3-AA10-DX1_xmin43039_ymin23986_MPP-0.2500.png.tensor,0.828278,0.536299,0.471412,0.457463,0.278599,0.202819,0.387019
bcss,TCGA-S3-AA10-DX1_xmin43039_ymin23986_MPP-0.2500.png.tensor,0.838380,0.534418,0.467540,0.451565,0.276738,0.202490,0.385990
bcss,TCGA-S3-AA10-DX1_xmin43039_ymin23986_MPP-0.2500.png.tensor,0.848481,0.532507,0.463598,0.445877,0.274864,0.201428,0.384735
bcss,TCGA-S3-AA10-DX1_xmin43039_ymin23986_MPP-0.2500.png.tensor,0.858582,0.530300,0.459590,0.439941,0.272952,0.201090,0.384298
bcss,TCGA-S3-AA10-DX1_xmin43039_ymin23986_MPP-0.2500.png.tensor,0.868683,0.527662,0.455309,0.434088,0.271787,0.200379,0.384298
bcss,TCGA-S3-AA10-DX1_xmin43039_ymin23986_MPP-0.2500.png.tensor,0.878781,0.525399,0.450754,0.428038,0.271567,0.200379,0.384298
bcss,TCGA-S3-AA10-DX1_xmin43039_ymin23986_MPP-0.2500.png.tensor,0.888882,0.522769,0.446487,0.421984,0.270000,0.200379,0.384298
bcss,TCGA-S3-AA10-DX1_xmin43039_ymin23986_MPP-0.2500.png.tensor,0.898983,0.519782,0.441840,0.415931,0.270000,0.200379,0.384298
bcss,TCGA-S3-AA10-DX1_xmin43039_ymin23986_MPP-0.2500.png.tensor,0.909085,0.516910,0.437194,0.409878,0.270000,0.200379,0.384298
bcss,TCGA-S3-AA10-DX1_xmin43039_ymin23986_MPP-0.2500.png.tensor,0.919186,0.514204,0.432591,0.403825,0.269728,0.200379,0.384298
bcss,TCGA-S3-AA10-DX1_xmin43039_ymin23986_MPP-0.2500.png.tensor,0.929287,0.511309,0.428220,0.397772,0.267743,0.200379,0.384298
bcss,TCGA-S3-AA10-DX1_xmin43039_ymin23986_MPP-0.2500.png.tensor,0.939389,0.508186,0.423608,0.391719,0.267079,0.200379,0.384298
bcss,TCGA-S3-AA10-DX1_xmin43039_ymin23986_MPP-0.2500.png.tensor,0.949490,0.504875,0.418902,0.385666,0.267079,0.200379,0.384298
bcss,TCGA-S3-AA10-DX1_xmin43039_ymin23986_MPP-0.2500.png.tensor,0.959591,0.501389,0.414197,0.379613,0.267079,0.200379,0.384298
bcss,TCGA-S3-AA10-DX1_xmin43039_ymin23986_MPP-0.2500.png.tensor,0.969692,0.498524,0.409491,0.373560,0.267079,0.200379,0.384298
bcss,TCGA-S3-AA10-DX1_xmin43039_ymin23986_MPP-0.2500.png.tensor,0.979794,0.496030,0.404786,0.367506,0.267079,0.200379,0.384298
bcss,TCGA-S3-AA10-DX1_xmin43039_ymin23986_MPP-0.2500.png.tensor,0.989895,0.495246,0.400080,0.361453,0.267079,0.200379,0.384298
bcss,TCGA-S3-AA10-DX1_xmin43039_ymin23986_MPP-0.2500.png.tensor,0.999996,0.497589,0.395374,0.355400,0.267079,0.200379,0.000000
bcss,TCGA-S3-AA15-DX1_xmin55486_ymin28926_MPP-0.2500.png.tensor,0.000000,0.818904,0.707384,0.689566,0.292616,0.310434,0.181096
bcss,TCGA-S3-AA15-DX1_xmin55486_ymin28926_MPP-0.2500.png.tensor,0.010100,0.821220,0.703195,0.692364,0.292616,0.307086,0.176671
bcss,TCGA-S3-AA15-DX1_xmin55486_ymin28926_MPP-0.2500.png.tensor,0.020199,0.821720,0.699006,0.694285,0.292616,0.304118,0.173085
bcss,TCGA-S3-AA15-DX1_xmin55486_ymin28926_MPP-0.2500.png.tensor,0.030299,0.822054,0.694817,0.695973,0.292616,0.301207,0.169508
bcss,TCGA-S3-AA15-DX1_xmin55486_ymin28926_MPP-0.2500.png.tensor,0.040398,0.822239,0.690628,0.697554,0.292616,0.298291,0.165931
bcss,TCGA-S3-AA15-DX1_xmin55486_ymin28926_MPP-0.2500.png.tensor,0.050498,0.821832,0.686439,0.699192,0.292616,0.295283,0.162594
bcss,TCGA-S3-AA15-DX1_xmin55486_ymin28926_MPP-0.2500.png.tensor,0.060597,0.820331,0.682250,0.699932,0.292616,0.292689,0.159766
bcss,TCGA-S3-AA15-DX1_xmin55486_ymin28926_MPP-0.2500.png.tensor,0.070706,0.819006,0.678057,0.700640,0.292616,0.290052,0.156778
bcss,TCGA-S3-AA15-DX1_xmin55486_ymin28926_MPP-0.2500.png.tensor,0.080805,0.817690,0.673868,0.702074,0.292616,0.286965,0.153717
bcss,TCGA-S3-AA15-DX1_xmin55486_ymin28926_MPP-0.2500.png.tensor,0.090905,0.815448,0.669679,0.702915,0.292616,0.284136,0.151108
bcss,TCGA-S3-AA15-DX1_xmin55486_ymin28926_MPP-0.2500.png.tensor,0.101004,0.813039,0.665490,0.702623,0.292616,0.281873,0.148527
bcss,TCGA-S3-AA15-DX1_xmin55486_ymin28926_MPP-0.2500.png.tensor,0.111104,0.811056,0.661301,0.703210,0.292616,0.279065,0.145648
bcss,TCGA-S3-AA15-DX1_xmin55486_ymin28926_MPP-0.2500.png.tensor,0.121203,0.808258,0.657113,0.703307,0.292616,0.276471,0.143170
bcss,TCGA-S3-AA15-DX1_xmin55486_ymin28926_MPP-0.2500.png.tensor,0.131303,0.805737,0.652924,0.702387,0.292616,0.274402,0.140455
bcss,TCGA-S3-AA15-DX1_xmin55486_ymin28926_MPP-0.2500.png.tensor,0.141412,0.803208,0.648731,0.702038,0.292616,0.271949,0.137713
bcss,TCGA-S3-AA15-DX1_xmin55486_ymin28926_MPP-0.2500.png.tensor,0.151511,0.800502,0.644542,0.702575,0.292616,0.268918,0.134995
bcss,TCGA-S3-AA15-DX1_xmin55486_ymin28926_MPP-0.2500.png.tensor,0.161611,0.797092,0.640353,0.702583,0.292616,0.266129,0.132630
bcss,TCGA-S3-AA15-DX1_xmin55486_ymin28926_MPP-0.2500.png.tensor,0.171710,0.794090,0.636164,0.702271,0.292616,0.263466,0.129958
bcss,TCGA-S3-AA15-DX1_xmin55486_ymin28926_MPP-0.2500.png.tensor,0.181810,0.790699,0.631975,0.702449,0.292616,0.260438,0.127466
bcss,TCGA-S3-AA15-DX1_xmin55486_ymin28926_MPP-0.2500.png.tensor,0.191909,0.787289,0.627786,0.702561,0.292616,0.257374,0.124923
bcss,TCGA-S3-AA15-DX1_xmin55486_ymin28926_MPP-0.2500.png.tensor,0.202018,0.783444,0.623593,0.702249,0.292616,0.254496,0.122580
bcss,TCGA-S3-AA15-DX1_xmin55486_ymin28926_MPP-0.2500.png.tensor,0.212118,0.779553,0.619404,0.702015,0.292616,0.251498,0.120212
bcss,TCGA-S3-AA15-DX1_xmin55486_ymin28926_MPP-0.2500.png.tensor,0.222217,0.775550,0.617476,0.701419,0.291163,0.248654,0.117854
bcss,TCGA-S3-AA15-DX1_xmin55486_ymin28926_MPP-0.2500.png.tensor,0.232317,0.771973,0.615472,0.701090,0.289721,0.245562,0.115156
bcss,TCGA-S3-AA15-DX1_xmin55486_ymin28926_MPP-0.2500.png.tensor,0.242416,0.768156,0.613943,0.700039,0.287927,0.242863,0.112543
bcss,TCGA-S3-AA15-DX1_xmin55486_ymin28926_MPP-0.2500.png.tensor,0.252516,0.763597,0.611909,0.699078,0.286422,0.240032,0.110356
bcss,TCGA-S3-AA15-DX1_xmin55486_ymin28926_MPP-0.2500.png.tensor,0.262615,0.758909,0.610484,0.698539,0.284463,0.236836,0.108188
bcss,TCGA-S3-AA15-DX1_xmin55486_ymin28926_MPP-0.2500.png.tensor,0.272724,0.754674,0.609197,0.697435,0.282352,0.233938,0.105665
bcss,TCGA-S3-AA15-DX1_xmin55486_ymin28926_MPP-0.2500.png.tensor,0.282823,0.749356,0.607472,0.696040,0.280489,0.231163,0.103818
bcss,TCGA-S3-AA15-DX1_xmin55486_ymin28926_MPP-0.2500.png.tensor,0.292923,0.744482,0.605923,0.694404,0.278449,0.228481,0.101609
bcss,TCGA-S3-AA15-DX1_xmin55486_ymin28926_MPP-0.2500.png.tensor,0.303022,0.739257,0.604660,0.692437,0.276145,0.225957,0.099585
bcss,TCGA-S3-AA15-DX1_xmin55486_ymin28926_MPP-0.2500.png.tensor,0.313122,0.733716,0.602804,0.689941,0.274205,0.223745,0.097730
bcss,TCGA-S3-AA15-DX1_xmin55486_ymin28926_MPP-0.2500.png.tensor,0.323221,0.727952,0.600775,0.688119,0.272334,0.220969,0.095986
bcss,TCGA-S3-AA15-DX1_xmin55486_ymin28926_MPP-0.2500.png.tensor,0.333330,0.722402,0.597944,0.686278,0.271005,0.218118,0.093999
bcss,TCGA-S3-AA15-DX1_xmin55486_ymin28926_MPP-0.2500.png.tensor,0.343430,0.716398,0.595614,0.684136,0.269257,0.215413,0.092347
bcss,TCGA-S3-AA15-DX1_xmin55486_ymin28926_MPP-0.2500.png.tensor,0.353529,0.710357,0.593200,0.681579,0.267519,0.212945,0.090651
bcss,TCGA-S3-AA15-DX1_xmin55486_ymin28926_MPP-0.2500.png.tensor,0.363629,0.704483,0.590825,0.679038,0.265696,0.210385,0.088771
bcss,TCGA-S3-AA15-DX1_xmin55486_ymin28926_MPP-0.2500.png.tensor,0.373728,0.698275,0.588380,0.676550,0.263870,0.207702,0.087096
bcss,TCGA-S3-AA15-DX1_xmin55486_ymin28926_MPP-0.2500.png.tensor,0.383828,0.691789,0.585463,0.673314,0.262366,0.205536,0.085586
bcss,TCGA-S3-AA15-DX1_xmin55486_ymin28926_MPP-0.2500.png.tensor,0.393927,0.685599,0.583197,0.670944,0.260276,0.202584,0.083789
bcss,TCGA-S3-AA15-DX1_xmin55486_ymin28926_MPP-0.2500.png.tensor,0.404036,0.679290,0.580404,0.667732,0.258553,0.200235,0.082027
bcss,TCGA-S3-AA15-DX1_xmin55486_ymin28926_MPP-0.2500.png.tensor,0.414136,0.672989,0.577170,0.664535,0.257150,0.197795,0.080198
bcss,TCGA-S3-AA15-DX1_xmin55486_ymin28926_MPP-0.2500.png.tensor,0.424235,0.666429,0.573822,0.660754,0.255798,0.195778,0.078530
bcss,TCGA-S3-AA15-DX1_xmin55486_ymin28926_MPP-0.2500.png.tensor,0.434335,0.659313,0.570914,0.656709,0.254009,0.193922,0.077290
bcss,TCGA-S3-AA15-DX1_xmin55486_ymin28926_MPP-0.2500.png.tensor,0.444434,0.652364,0.567445,0.653115,0.252658,0.191592,0.075858
bcss,TCGA-S3-AA15-DX1_xmin55486_ymin28926_MPP-0.2500.png.tensor,0.454534,0.645266,0.564278,0.649266,0.250982,0.189410,0.074507
bcss,TCGA-S3-AA15-DX1_xmin55486_ymin28926_MPP-0.2500.png.tensor,0.464633,0.638187,0.560844,0.644690,0.249491,0.187825,0.073081
bcss,TCGA-S3-AA15-DX1_xmin55486_ymin28926_MPP-0.2500.png.tensor,0.474742,0.631507,0.557613,0.640347,0.247746,0.185951,0.071243
bcss,TCGA-S3-AA15-DX1_xmin55486_ymin28926_MPP-0.2500.png.tensor,0.484841,0.624576,0.554040,0.635740,0.246268,0.184265,0.069570
bcss,TCGA-S3-AA15-DX1_xmin55486_ymin28926_MPP-0.2500.png.tensor,0.494941,0.617553,0.549982,0.631161,0.245212,0.182485,0.067898
bcss,TCGA-S3-AA15-DX1_xmin55486_ymin28926_MPP-0.2500.png.tensor,0.505040,0.610363,0.546274,0.626299,0.243759,0.180918,0.066357
bcss,TCGA-S3-AA15-DX1_xmin55486_ymin28926_MPP-0.2500.png.tensor,0.515140,0.602932,0.542913,0.621660,0.241887,0.179055,0.064990
bcss,TCGA-S3-AA15-DX1_xmin55486_ymin28926_MPP-0.2500.png.tensor,0.525240,0.595742,0.538639,0.616434,0.240898,0.177732,0.063311
bcss,TCGA-S3-AA15-DX1_xmin55486_ymin28926_MPP-0.2500.png.tensor,0.535348,0.589024,0.534120,0.611438,0.240124,0.176097,0.061032
bcss,TCGA-S3-AA15-DX1_xmin55486_ymin28926_MPP-0.2500.png.tensor,0.545448,0.581871,0.529762,0.606136,0.239144,0.174732,0.059154
bcss,TCGA-S3-AA15-DX1_xmin55486_ymin28926_MPP-0.2500.png.tensor,0.555547,0.574718,0.525832,0.600592,0.237638,0.173578,0.057180
bcss,TCGA-S3-AA15-DX1_xmin55486_ymin28926_MPP-0.2500.png.tensor,0.565647,0.567509,0.521491,0.594671,0.236534,0.172804,0.055185
bcss,TCGA-S3-AA15-DX1_xmin55486_ymin28926_MPP-0.2500.png.tensor,0.575746,0.560115,0.517011,0.589070,0.235541,0.171616,0.053307
bcss,TCGA-S3-AA15-DX1_xmin55486_ymin28926_MPP-0.2500.png.tensor,0.585846,0.552684,0.512514,0.583257,0.234522,0.170626,0.051384
bcss,TCGA-S3-AA15-DX1_xmin55486_ymin28926_MPP-0.2500.png.tensor,0.595945,0.545290,0.507665,0.577327,0.233887,0.169730,0.049307
bcss,TCGA-S3-AA15-DX1_xmin55486_ymin28926_MPP-0.2500.png.tensor,0.606054,0.537183,0.502612,0.570921,0.233471,0.169387,0.048051
bcss,TCGA-S3-AA15-DX1_xmin55486_ymin28926_MPP-0.2500.png.tensor,0.616154,0.529307,0.497842,0.564850,0.232671,0.168596,0.046411
bcss,TCGA-S3-AA15-DX1_xmin55486_ymin28926_MPP-0.2500.png.tensor,0.626253,0.521190,0.492443,0.558598,0.232671,0.168005,0.045006
bcss,TCGA-S3-AA15-DX1_xmin55486_ymin28926_MPP-0.2500.png.tensor,0.636353,0.512870,0.487043,0.552024,0.232671,0.167823,0.043813
bcss,TCGA-S3-AA15-DX1_xmin55486_ymin28926_MPP-0.2500.png.tensor,0.646452,0.504716,0.481908,0.545700,0.232297,0.167278,0.042325
bcss,TCGA-S3-AA15-DX1_xmin55486_ymin28926_MPP-0.2500.png.tensor,0.656552,0.496433,0.476542,0.539202,0.232237,0.166954,0.040924
bcss,TCGA-S3-AA15-DX1_xmin55486_ymin28926_MPP-0.2500.png.tensor,0.666660,0.488196,0.471231,0.532803,0.232084,0.166452,0.039360
bcss,TCGA-S3-AA15-DX1_xmin55486_ymin28926_MPP-0.2500.png.tensor,0.676760,0.479634,0.466041,0.526781,0.231740,0.165345,0.038201
bcss,TCGA-S3-AA15-DX1_xmin55486_ymin28926_MPP-0.2500.png.tensor,0.686860,0.471240,0.460622,0.520257,0.231740,0.164970,0.036689
bcss,TCGA-S3-AA15-DX1_xmin55486_ymin28926_MPP-0.2500.png.tensor,0.696959,0.462678,0.455204,0.513489,0.231740,0.164970,0.035399
bcss,TCGA-S3-AA15-DX1_xmin55486_ymin28926_MPP-0.2500.png.tensor,0.707059,0.454358,0.449823,0.506722,0.231675,0.164970,0.033581
bcss,TCGA-S3-AA15-DX1_xmin55486_ymin28926_MPP-0.2500.png.tensor,0.717158,0.445574,0.444403,0.499955,0.231675,0.164970,0.032426
bcss,TCGA-S3-AA15-DX1_xmin55486_ymin28926_MPP-0.2500.png.tensor,0.727258,0.436864,0.438983,0.493188,0.231675,0.164970,0.031097
bcss,TCGA-S3-AA15-DX1_xmin55486_ymin28926_MPP-0.2500.png.tensor,0.737366,0.428071,0.433558,0.486414,0.231675,0.164970,0.029809
bcss,TCGA-S3-AA15-DX1_xmin55486_ymin28926_MPP-0.2500.png.tensor,0.747466,0.419269,0.428139,0.479647,0.231675,0.164970,0.028433
bcss,TCGA-S3-AA15-DX1_xmin55486_ymin28926_MPP-0.2500.png.tensor,0.757565,0.410096,0.422719,0.472880,0.231675,0.164970,0.027670
bcss,TCGA-S3-AA15-DX1_xmin55486_ymin28926_MPP-0.2500.png.tensor,0.767665,0.400867,0.417299,0.466112,0.231675,0.164970,0.027017
bcss,TCGA-S3-AA15-DX1_xmin55486_ymin28926_MPP-0.2500.png.tensor,0.777764,0.391787,0.411879,0.459345,0.231675,0.164970,0.025921
bcss,TCGA-S3-AA15-DX1_xmin55486_ymin28926_MPP-0.2500.png.tensor,0.787864,0.382558,0.406459,0.452578,0.231675,0.164970,0.025153
bcss,TCGA-S3-AA15-DX1_xmin55486_ymin28926_MPP-0.2500.png.tensor,0.797963,0.373219,0.401039,0.445810,0.231675,0.164970,0.024535
bcss,TCGA-S3-AA15-DX1_xmin55486_ymin28926_MPP-0.2500.png.tensor,0.808072,0.363925,0.395614,0.439037,0.231675,0.164970,0.023704
bcss,TCGA-S3-AA15-DX1_xmin55486_ymin28926_MPP-0.2500.png.tensor,0.818172,0.354604,0.390194,0.432270,0.231675,0.164970,0.022806
bcss,TCGA-S3-AA15-DX1_xmin55486_ymin28926_MPP-0.2500.png.tensor,0.828271,0.345135,0.384774,0.425502,0.231675,0.164970,0.022325
bcss,TCGA-S3-AA15-DX1_xmin55486_ymin28926_MPP-0.2500.png.tensor,0.838371,0.335888,0.379354,0.418735,0.231675,0.164970,0.021153
bcss,TCGA-S3-AA15-DX1_xmin55486_ymin28926_MPP-0.2500.png.tensor,0.848470,0.326603,0.373935,0.411968,0.231675,0.164970,0.019849
bcss,TCGA-S3-AA15-DX1_xmin55486_ymin28926_MPP-0.2500.png.tensor,0.858570,0.316967,0.368515,0.405200,0.231675,0.164970,0.019566
bcss,TCGA-S3-AA15-DX1_xmin55486_ymin28926_MPP-0.2500.png.tensor,0.868679,0.307507,0.363090,0.398427,0.231675,0.164970,0.018658
bcss,TCGA-S3-AA15-DX1_xmin55486_ymin28926_MPP-0.2500.png.tensor,0.878778,0.297760,0.357670,0.391660,0.231675,0.164970,0.018585
bcss,TCGA-S3-AA15-DX1_xmin55486_ymin28926_MPP-0.2500.png.tensor,0.888878,0.288309,0.352250,0.384892,0.231675,0.164970,0.017548
bcss,TCGA-S3-AA15-DX1_xmin55486_ymin28926_MPP-0.2500.png.tensor,0.898977,0.278598,0.346830,0.378125,0.231675,0.164970,0.017237
bcss,TCGA-S3-AA15-DX1_xmin55486_ymin28926_MPP-0.2500.png.tensor,0.909077,0.268999,0.341410,0.371358,0.231675,0.164970,0.016587
bcss,TCGA-S3-AA15-DX1_xmin55486_ymin28926_MPP-0.2500.png.tensor,0.919176,0.259363,0.335990,0.364591,0.231675,0.164970,0.015802
bcss,TCGA-S3-AA15-DX1_xmin55486_ymin28926_MPP-0.2500.png.tensor,0.929276,0.249727,0.330570,0.357823,0.231675,0.164970,0.014756
bcss,TCGA-S3-AA15-DX1_xmin55486_ymin28926_MPP-0.2500.png.tensor,0.939384,0.239896,0.325146,0.351050,0.231675,0.164970,0.014620
bcss,TCGA-S3-AA15-DX1_xmin55486_ymin28926_MPP-0.2500.png.tensor,0.949484,0.229945,0.319726,0.344282,0.231675,0.164970,0.014620
bcss,TCGA-S3-AA15-DX1_xmin55486_ymin28926_MPP-0.2500.png.tensor,0.959583,0.219975,0.314306,0.337515,0.231675,0.164970,0.014620
bcss,TCGA-S3-AA15-DX1_xmin55486_ymin28926_MPP-0.2500.png.tensor,0.969683,0.210098,0.308886,0.330748,0.231675,0.164970,0.014620
bcss,TCGA-S3-AA15-DX1_xmin55486_ymin28926_MPP-0.2500.png.tensor,0.979782,0.200128,0.303466,0.323981,0.231675,0.164970,0.014620
bcss,TCGA-S3-AA15-DX1_xmin55486_ymin28926_MPP-0.2500.png.tensor,0.989882,0.190473,0.298046,0.317213,0.231675,0.164970,0.014620
bcss,TCGA-S3-AA15-DX1_xmin55486_ymin28926_MPP-0.2500.png.tensor,0.999991,0.181106,0.292626,0.310443,0.000000,0.000000,0.000000
