testset,testset_idx,n_samples,is_source,is_target,is_clean,true_acc,acc_st_true,acc_ta_true,acc_st_tdc,acc_ta_tdc,err_st_tdc,err_ta_tdc,acc_st_mm,acc_ta_mm,err_st_mm,err_ta_mm,mano_fro_norm,est_ATC,err_ATC,err_ta_ATC,est_ATC-NE,err_ATC-NE,err_ta_ATC-NE,est_AC,err_AC,err_ta_AC,est_DOC,err_DOC,err_ta_DOC,est_COT,err_COT,err_ta_COT
val_source,0,10000,True,False,True,0.9722,0.9722,0.9737,0.9484752891692955,0.9502154089956486,0.023724710830704487,0.023484591004351407,0.9624146576398999,0.9624146576398999,0.009785342360100091,0.011285342360100148,0.9773692057625157,0.983199954032898,0.010999954032897996,0.00949995403289794,0.9811999797821045,0.008999979782104539,0.007499979782104482,0.9866337776184082,0.01443377761840825,0.012933777618408193,0.9861853718757629,0.013985371875762986,0.01248537187576293,0.9752749361637765,0.0030749361637765205,0.0015749361637764636
val_target,1,165028,False,True,True,0.7901568218726519,0.7901568218726519,0.8060389752042078,0.8071702204553668,0.8269757839969566,0.01701339858271489,0.02093680879274884,0.8408417463305676,0.8408417463305676,0.050684924457915725,0.03480277112635988,0.9032191033497788,0.9149719476699829,0.124815125797331,0.10893297246577516,0.8980414867401123,0.1078846648674604,0.09200251153590455,0.9376406669616699,0.14748384508901802,0.13160169175746217,0.9371922612190247,0.14703543934637275,0.1311532860148169,0.9993607708195648,0.20920394894691285,0.193321795615357
imagenet_val_source,2,6500,True,False,True,0.951076923076923,0.951076923076923,0.9552307692307692,0.9314482985369061,0.9341858039847233,0.019628624540016903,0.021044965246045932,0.9529349129502279,0.9531334527216248,0.0018579898733048772,0.0020973165091444645,0.9697191945016876,0.9735384583473206,0.022461535270397515,0.01830768911655134,0.9718461632728577,0.020769240195934624,0.01661539404208845,0.9801642894744873,0.029087366397564263,0.024933520243718088,0.979715883731842,0.028638960654919,0.024485114501072824,0.970248172452576,0.019171249375652955,0.01501740322180678
imagenet_val_target,3,6500,False,True,True,0.7766153846153846,0.7766153846153846,0.7938461538461539,0.7936154417223459,0.8190293394735604,0.017000057106961286,0.025183185627406512,0.8389100906824407,0.8389100906824407,0.062294706067056116,0.045063936836286844,0.9008134442449665,0.9133846163749695,0.13676923175958489,0.11953846252881561,0.8939999938011169,0.11738460918573235,0.10015383995496308,0.9360669255256653,0.1594515409102807,0.14222077167951142,0.93561851978302,0.15900313516763542,0.14177236593686615,0.9075924305380455,0.1309770459226609,0.11374627669189163
corr_source_fog_sev1,4,6500,True,False,False,0.8776923076923077,0.8776923076923077,0.8906153846153846,0.8475177304964538,0.864439461136978,0.030174577195853813,0.026175923478406582,0.8741854528142999,0.8751328642959835,0.0035068548780077258,0.015482520319401116,0.9261026359677336,0.9359999895095825,0.05830768181727486,0.04538460489419793,0.9189230799674988,0.04123077227519112,0.028307695352114193,0.9520559310913086,0.07436362339900093,0.06144054647592401,0.9516075253486633,0.07391521765635567,0.060992140733278744,0.9234073678061016,0.04571506011379389,0.03279198319071697
corr_source_fog_sev2,5,6500,True,False,False,0.8441538461538461,0.8441538461538461,0.8630769230769231,0.8018433179723502,0.8338838415994696,0.04231052818149594,0.029193081477453475,0.8361778364664199,0.8366521436455298,0.007976009687426289,0.02642477943139332,0.9063439858391968,0.9141538143157959,0.06999996816194975,0.051076891238872824,0.8936923146247864,0.04953846847094023,0.030615391547863302,0.9390076994895935,0.09485385333574736,0.07593077641267043,0.9385592937469482,0.0944054475931021,0.07548237067002517,0.9014462780570688,0.05729243190322264,0.03836935498014571
corr_source_fog_sev3,6,6500,True,False,False,0.796923076923077,0.796923076923077,0.827076923076923,0.729227761485826,0.78870452367008,0.06769531543725094,0.038372399406843005,0.7701252778751217,0.7703348833449072,0.026797799047955206,0.05674203973201586,0.8739499718230986,0.8796923160552979,0.0827692391322209,0.05261539297837481,0.8515384197235107,0.054615342800433786,0.0244614966465877,0.9167720675468445,0.11984899062376753,0.08969514446992144,0.9163236618041992,0.11940058488112226,0.08924673872727618,0.8727261230101014,0.07580304608702448,0.0456491999331784
corr_source_fog_sev4,7,6500,True,False,False,0.7606153846153846,0.7606153846153846,0.7996923076923077,0.6793986184477854,0.7621672168811479,0.08121676616759921,0.037525090811159845,0.7194096594642454,0.7198579476490925,0.04120572515113918,0.0798343600432152,0.8476588817781872,0.8533846139907837,0.09276922937539911,0.05369230629847599,0.8135384321212769,0.05292304750589227,0.013846124428969153,0.8985437154769897,0.13792833086160516,0.09885140778468204,0.8980953097343445,0.1374799251189599,0.09840300204203678,0.8481274977599474,0.08751211314456286,0.048435190067639744
corr_source_fog_sev5,8,6500,True,False,False,0.6321538461538462,0.6321538461538462,0.7509230769230769,0.4897769516728625,0.7657622383665428,0.14237689448098367,0.014839161443465865,0.5592046597202209,0.650689163226751,0.07294918643362525,0.10023391369632595,0.7645289514866583,0.7592307329177856,0.12707688676393947,0.00830765599470873,0.685692310333252,0.053538464179405776,0.06523076658982496,0.8392233848571777,0.20706953870333156,0.08830030793410082,0.8387749791145325,0.2066211329606863,0.08785190219145556,0.7662758508864556,0.13412200473260938,0.01535277396337864
corr_source_frost_sev1,9,6500,True,False,False,0.8787692307692307,0.8787692307692307,0.8924615384615384,0.8421802636266477,0.8620801071610201,0.036588967142583084,0.03038143130051829,0.8722840176307786,0.8723485207354936,0.006485213138452184,0.02011301772604479,0.9213352708761119,0.9306153655052185,0.05184613473598776,0.03815382704368009,0.9104615449905396,0.031692314221308804,0.018000006529001134,0.9494184255599976,0.07064919479076681,0.05695688709845914,0.9489700198173523,0.07020078904812155,0.05650848135581388,0.9333617876390128,0.05459255686978204,0.04090024917747437
corr_source_frost_sev2,10,6500,True,False,False,0.7744615384615384,0.7744615384615384,0.82,0.7161761801303574,0.7729653520072925,0.05828535833118098,0.0470346479927074,0.7613811174655424,0.7613811174655424,0.013080420995996045,0.05861888253445757,0.8564499470063317,0.857692301273346,0.08323076281180752,0.037692301273345996,0.821384608745575,0.04692307028403653,0.001384608745575,0.9032980799674988,0.12883654150596036,0.08329807996749883,0.9028496742248535,0.1283881357633151,0.08284967422485356,0.8671421946557574,0.09268065619421895,0.04714219465575742
corr_source_frost_sev3,11,6500,True,False,False,0.6884615384615385,0.6884615384615385,0.7767692307692308,0.6078389376740201,0.7318210702766854,0.08062260078751837,0.04494816049254535,0.6583434813256934,0.6585394283855939,0.030118057135845033,0.1182298023836369,0.8002429404290841,0.8029230833053589,0.11446154484382043,0.02615385253612812,0.7441538572311401,0.05569231876960168,0.03261537353809063,0.8666008114814758,0.17813927301993737,0.08983158071224506,0.8661524057388306,0.1776908672772921,0.0893831749695998,0.8067019911371209,0.11824045267558247,0.029932760367890165
corr_source_frost_sev4,12,6500,True,False,False,0.672,0.672,0.7621538461538462,0.5872636383394914,0.7185124511403018,0.08473636166050869,0.04364139501354436,0.641056153612985,0.6414687964431162,0.030943846387015084,0.12068504971073002,0.7902274928571869,0.787538468837738,0.115538468837738,0.025384622683891855,0.7281538248062134,0.05615382480621334,0.0340000213476328,0.8592339754104614,0.18723397541046138,0.09708012925661524,0.8587855696678162,0.18678556966781612,0.09663172351396998,0.7946236871143059,0.12262368711430582,0.032469840960459684
corr_source_frost_sev5,13,6500,True,False,False,0.6078461538461538,0.6078461538461538,0.7326153846153847,0.5146252285191957,0.7028101504400804,0.09322092532695814,0.02980523417530423,0.5637782393958484,0.613570147550518,0.044067914450305445,0.1190452370648667,0.7479514693021628,0.7364615201950073,0.1286153663488535,0.003846135579622656,0.662461519241333,0.054615365395179194,0.07015386537405166,0.8286776542663574,0.2208315004202036,0.09606226965097275,0.8282292485237122,0.22038309467755834,0.09561386390832749,0.7493075180750222,0.14146136422886835,0.016692133459637493
corr_source_motion_blur_sev1,14,6500,True,False,False,0.8970769230769231,0.8970769230769231,0.9075384615384615,0.8638349938821884,0.8810257129785185,0.033241929194734676,0.02651274855994301,0.8930436539552615,0.8931868180239008,0.004033269121661576,0.014351643514560752,0.9347563346634078,0.9418461322784424,0.04476920920151928,0.03430767073998087,0.9289230704307556,0.03184614735383251,0.0213846088922941,0.9573752284049988,0.060298305328075674,0.04983676686653726,0.9569268226623535,0.05984989958543041,0.049388361123892,0.940279692350316,0.04320276927339295,0.03274123081185454
corr_source_motion_blur_sev2,15,6500,True,False,False,0.8195384615384615,0.8195384615384615,0.8427692307692307,0.7971872686898593,0.8210899565399027,0.022351192848602208,0.021679274229328027,0.8134927540880669,0.8136009762345736,0.006045707450394677,0.0291682545346571,0.8906934985864046,0.8983076810836792,0.07876921954521765,0.055538450314448484,0.8769230842590332,0.057384622720571654,0.03415385348980249,0.928613543510437,0.10907508197197546,0.0858443127412063,0.9281651377677917,0.1086266762293302,0.08539590699856103,0.8812299988471886,0.06169153730872701,0.03846076807795784
corr_source_motion_blur_sev3,16,6500,True,False,False,0.6772307692307692,0.6772307692307692,0.7423076923076923,0.662551440329218,0.7420330907561349,0.014679328901551214,0.0002746015515574518,0.653583261768172,0.6802104519712258,0.02364750746259714,0.062097240336466575,0.8110474926002812,0.8158461451530457,0.13861537592227646,0.07353845284535332,0.7649230360984802,0.08769226686771103,0.02261534379078789,0.8743547201156616,0.19712395088489243,0.13204702780796929,0.8739063143730164,0.19667554514224717,0.13159862206532402,0.7587245822482198,0.08149381301745062,0.01641688994052748
corr_source_motion_blur_sev4,17,6500,True,False,False,0.5192307692307693,0.5192307692307693,0.6901538461538461,0.4695078879208854,0.734143677282827,0.04972288130988389,0.043989831128980916,0.4546094360952184,0.7028226333513903,0.06462133313555085,0.012668787197544162,0.7190700576378103,0.7116922736167908,0.1924615043860215,0.021538427462944654,0.6296923160552979,0.11046154682452858,0.060461530098548266,0.8110576868057251,0.2918269175749558,0.12090384065187898,0.8106092810630798,0.29137851183231056,0.12045543490923372,0.6395631444932415,0.1203323752624722,0.05059070166060464
corr_source_motion_blur_sev5,18,6500,True,False,False,0.43846153846153846,0.43846153846153846,0.6826153846153846,0.26897470039946736,0.8113878705241676,0.1694868380620711,0.12877248590878299,0.31118695152903353,0.754230886803899,0.12727458693250493,0.07161550218851442,0.6567017233968292,0.6332307457923889,0.19476920733085046,0.04938463882299571,0.5398461222648621,0.1013845838033236,0.14276926235052256,0.7667312026023865,0.328269664140848,0.08411581798700185,0.7662827968597412,0.32782125839820275,0.08366741224435659,0.5894255828984301,0.1509640444368916,0.09318980171695457
corr_source_brightness_sev1,19,6500,True,False,False,0.938923076923077,0.938923076923077,0.9433846153846154,0.9148580968280468,0.9188664764709946,0.02406498009503022,0.024518138913620757,0.9395564395004069,0.9397373047828936,0.0006333625773299323,0.0036473106017217427,0.9628227136317692,0.9693846106529236,0.030461533729846613,0.025999995268308207,0.9641538262367249,0.025230749313647882,0.020769210852109476,0.9760938882827759,0.03717081135969891,0.0327092728981605,0.9756454825401306,0.036722405617053644,0.03226086715551524,0.9668786798215308,0.02795560289845378,0.023494064436915374
corr_source_brightness_sev2,20,6500,True,False,False,0.9295384615384615,0.9295384615384615,0.9361538461538461,0.9007272112294943,0.9081295568086689,0.02881125030896725,0.0280242893451772,0.9308276004900353,0.9310354400263748,0.0012891389515737872,0.0051184061274712755,0.9571345082576589,0.9627692103385925,0.033230748800130994,0.026615364184746415,0.957076907157898,0.027538445619436414,0.020923061004051835,0.9723560810089111,0.0428176194704496,0.03620223485506502,0.9719076752662659,0.042369213727804333,0.035753829112419755,0.9639161616293378,0.03437770009087626,0.027762315475491683
corr_source_brightness_sev3,21,6500,True,False,False,0.9172307692307692,0.9172307692307692,0.9226153846153846,0.8867956841924987,0.8985643611675467,0.030435085038270526,0.024051023447837938,0.9151136116283105,0.915365487942312,0.0021171576024586747,0.007249896673072631,0.9468701247675291,0.9507691860198975,0.03353841678912828,0.028153801404512846,0.9415384531021118,0.024307683871342634,0.0189230684867272,0.9645705223083496,0.047339753077580426,0.041955137692964994,0.9641221165657043,0.04689134733493516,0.04150673195031973,0.9561320949947479,0.038901325763978756,0.033516710379363324
corr_source_brightness_sev4,22,6500,True,False,False,0.8946153846153846,0.8946153846153846,0.9075384615384615,0.8546255506607929,0.8784061235473519,0.03998983395459166,0.02913233799110959,0.8889393045918533,0.8890898459759903,0.00567608002353126,0.018448615562471238,0.9325144709494991,0.9367691874504089,0.042153802835024345,0.02923072591194742,0.9241538047790527,0.029538420163668144,0.016615343240591218,0.9555013179779053,0.06088593336252068,0.04796285643944376,0.95505291223526,0.06043752761987542,0.047514450696798494,0.9446203685171841,0.05000498390179953,0.0370819069787226
corr_source_brightness_sev5,23,6500,True,False,False,0.8670769230769231,0.8670769230769231,0.8843076923076924,0.8190406976744187,0.8422621061472185,0.04803622540250441,0.042045586160473825,0.8487835987011826,0.8489131661543599,0.018293324375740494,0.035394526153332495,0.9120348102129728,0.9239999651908875,0.05692304211396437,0.0396922728831951,0.9052307605743408,0.03815383749741774,0.02092306826664847,0.9440794587135315,0.07700253563660842,0.059771766405839144,0.9436310529708862,0.07655412989396315,0.05932336066319388,0.9265948818600799,0.0595179587831568,0.04228718955238753
corr_source_zoom_blur_sev1,24,6500,True,False,False,0.8647692307692307,0.8647692307692307,0.8835384615384615,0.8211824446862532,0.8377035437737425,0.0435867860829775,0.04583491776471904,0.8486829720808369,0.8488051047399856,0.016086258688393862,0.03473335679847589,0.9089157125610107,0.9156922698020935,0.05092303903286277,0.03215380826363201,0.8944615125656128,0.02969228179638206,0.010923051027151298,0.9400307536125183,0.07526152284328758,0.056492292074056816,0.939582347869873,0.07481311710064231,0.05604388633141155,0.9209596824605744,0.056190451691343624,0.03742122092211286
corr_source_zoom_blur_sev2,25,6500,True,False,False,0.8098461538461539,0.8098461538461539,0.8358461538461538,0.7765857331074723,0.8113645695770703,0.03326042073868163,0.024481584269083534,0.7930995014507515,0.7932810536466218,0.016746652395402406,0.04256510019953197,0.8755975845128416,0.8827692270278931,0.07292307318173918,0.04692307318173927,0.8507692217826843,0.040923067936530444,0.014923067936530532,0.9174079895019531,0.10756183565579924,0.08156183565579933,0.9169595837593079,0.10711342991315398,0.08111342991315407,0.8877558144454897,0.0779096605993358,0.05190966059933588
corr_source_zoom_blur_sev3,26,6500,True,False,False,0.7664615384615384,0.7664615384615384,0.809076923076923,0.7219819111285883,0.7723984644013936,0.04447962733295008,0.036678458675529435,0.7371052762363987,0.7373995068140671,0.029356262225139762,0.07167741626285595,0.8459803648923879,0.8507692217826843,0.08430768332114591,0.0416922987057613,0.8086153864860535,0.04215384802451505,0.0004615365908695601,0.8974385857582092,0.1309770472966708,0.0883616626812862,0.896990180015564,0.13052864155402555,0.08791325693864094,0.8675841241309444,0.10112258566940602,0.05850720105402141
corr_source_zoom_blur_sev4,27,6500,True,False,False,0.7183076923076923,0.7183076923076923,0.7809230769230769,0.6567472618309569,0.7428052900678775,0.06156043047673543,0.0381177868551994,0.6805776420619352,0.6806487876063019,0.03773005024575715,0.10027428931677507,0.8167341265745922,0.8169230818748474,0.0986153895671551,0.03600000495177047,0.761846125125885,0.043538432818192696,0.019076951797191932,0.876338005065918,0.15803031275822566,0.09541492814284103,0.8758895993232727,0.1575819070155804,0.09496652240019576,0.8373882833894942,0.11908059108180191,0.056465206466417284
corr_source_zoom_blur_sev5,28,6500,True,False,False,0.6616923076923077,0.6616923076923077,0.7484615384615385,0.560035445281347,0.7213870249928583,0.10165686241096072,0.027074513468680173,0.6117049413478775,0.6328227243514448,0.04998736634443024,0.11563881411009369,0.7842734590169997,0.7836923003196716,0.12199999262736394,0.03523076185813312,0.7186153531074524,0.0569230454151447,0.02984618535408612,0.8555874228477478,0.1938951151554401,0.10712588438620929,0.8551390171051025,0.19344670941279485,0.10667747864356403,0.804376030787474,0.1426837230951663,0.05591449232593548
corr_source_snow_sev1,29,6500,True,False,False,0.858,0.858,0.8790769230769231,0.8245931283905967,0.8403558422748258,0.033406871609403255,0.03872108080209724,0.8541125841894059,0.8542851065834639,0.0038874158105940415,0.024791816493459184,0.9096883174624162,0.9156922698020935,0.05769226980209352,0.03661534672517042,0.8961538076400757,0.0381538076400757,0.017076884563152595,0.9411715865135193,0.0831715865135193,0.0620946634365962,0.940723180770874,0.08272318077087404,0.061646257693950934,0.9269696893062656,0.06896968930626557,0.047892766229342465
corr_source_snow_sev2,30,6500,True,False,False,0.7187692307692307,0.7187692307692307,0.79,0.6820762368207623,0.7495889704931702,0.036692993948468366,0.04041102950682984,0.7200342907938106,0.7200785326694633,0.0012650600245799337,0.06992146733053672,0.8280838235262217,0.8333845734596252,0.11461534269039453,0.04338457345962521,0.7810769081115723,0.06230767734234155,0.00892309188842777,0.8865583539009094,0.1677891231316787,0.09655835390090939,0.8861099481582642,0.16734071738903344,0.09610994815826412,0.8452000542083815,0.1264308234391508,0.05520005420838148
corr_source_snow_sev3,31,6500,True,False,False,0.7409230769230769,0.7409230769230769,0.8012307692307692,0.6517320058079237,0.740550124369591,0.08919107111515323,0.06068064486117819,0.7144468315562725,0.7145926845825685,0.026476245366804374,0.08663808464820066,0.8321986648511138,0.8359999656677246,0.0950768887446477,0.03476919643695542,0.780923068523407,0.039999991600330076,0.02030770070736221,0.8878733515739441,0.14695027465086719,0.0866425823431749,0.8874249458312988,0.14650186890822192,0.08619417660052964,0.8577159545902364,0.11679287766715951,0.05648518535946723
corr_source_snow_sev4,32,6500,True,False,False,0.648,0.648,0.7552307692307693,0.5047158960202438,0.7440248981601751,0.14328410397975622,0.01120587107059412,0.597903410337334,0.6096294310802418,0.05009658966266606,0.14560133815052745,0.7671724387993146,0.7641538381576538,0.11615383815765379,0.008923068926884548,0.6906153559684753,0.04261535596847532,0.06461541326229392,0.8441619277000427,0.1961619277000427,0.08893115846927346,0.8437135219573975,0.19571352195739744,0.0884827527266282,0.8061251536523438,0.1581251536523438,0.05089438442157457
corr_source_snow_sev5,33,6500,True,False,False,0.563076923076923,0.563076923076923,0.716,0.36806427316093393,0.7589062091094662,0.1950126499159891,0.04290620910946619,0.4559086379851033,0.6474142059067024,0.10716828509181975,0.06858579409329757,0.6944730675267095,0.6738461256027222,0.11076920252579914,0.0421538743972778,0.5876923203468323,0.024615397269909245,0.1283076796531677,0.7889685034751892,0.22589158039826618,0.07296850347518924,0.788520097732544,0.22544317465562091,0.07252009773254398,0.7185784819523234,0.1555015588754004,0.0025784819523234637
corr_source_defocus_blur_sev1,34,6500,True,False,False,0.8704615384615385,0.8704615384615385,0.8829230769230769,0.8334529791816224,0.8590236740915611,0.03700855927991609,0.023899402831515815,0.8577791969731499,0.8579063009764792,0.012682341488388649,0.02501677594659768,0.9174612465704883,0.9249230623245239,0.05446152386298542,0.041999985401447004,0.9079999923706055,0.03753845390906696,0.025076915447528547,0.9462994337081909,0.07583789524665241,0.063376356785114,0.9458510279655457,0.07538948950400715,0.06292795104246873,0.9164152053456606,0.04595366688412206,0.033492128422583645
corr_source_defocus_blur_sev2,35,6500,True,False,False,0.8204615384615385,0.8204615384615385,0.8416923076923077,0.7687061943549915,0.8079748713419015,0.05175534410654692,0.03371743635040625,0.7946863486789967,0.7947574475770209,0.025775189782541785,0.0469348601152868,0.8836271755881602,0.8932307362556458,0.07276919779410729,0.05153842856333801,0.8663076758384705,0.045846137376931995,0.02461536814616272,0.924538791179657,0.10407725271811852,0.08284648348734924,0.9240903854370117,0.10362884697547325,0.08239807774470398,0.879388596514851,0.05892705805331255,0.03769628882254328
corr_source_defocus_blur_sev3,36,6500,True,False,False,0.6692307692307692,0.6692307692307692,0.7506153846153846,0.5900216919739696,0.7663923728941722,0.0792090772567996,0.015776988278787596,0.6058493933015867,0.6929022905862943,0.06338137592918247,0.057713094029090306,0.7933104483137613,0.7961538434028625,0.12692307417209336,0.045538458787477976,0.7310768961906433,0.061846126959874126,0.019538488424741263,0.8613595962524414,0.19212882702167222,0.11074421163705683,0.8609111905097961,0.19168042127902696,0.11029580589441157,0.7559941269146878,0.08676335768391863,0.005378742299303241
corr_source_defocus_blur_sev4,37,6500,True,False,False,0.5283076923076923,0.5283076923076923,0.7026153846153846,0.41036928344338464,0.8039368078163489,0.11793840886430762,0.10132142320096427,0.44763350372312466,0.7162257107470021,0.0806741885845676,0.0136103261316175,0.7173976954012258,0.7163076996803284,0.1880000073726361,0.013692315064943728,0.6266153454780579,0.0983076531703656,0.07600003913732678,0.8110432028770447,0.2827355105693524,0.10842781826166004,0.8105947971343994,0.28228710482670716,0.10797941251901477,0.6428660634082104,0.11455837110051814,0.059749321207174244
corr_source_defocus_blur_sev5,38,6500,True,False,False,0.42738461538461536,0.42738461538461536,0.6996923076923077,0.23943661971830987,0.8677362601104996,0.1879479956663055,0.16804395241819192,0.31897944829295755,0.7552943113865772,0.10840516709165782,0.055602003694269486,0.6493613875585524,0.634461522102356,0.2070769067177406,0.06523078558995177,0.5263077020645142,0.0989230866798988,0.17338460562779356,0.7641875147819519,0.33680289939733654,0.06449520708964418,0.7637391090393066,0.3363544936546913,0.06404680134699892,0.5581289899087508,0.13074437452413545,0.1415633177835569
corr_source_glass_blur_sev1,39,6500,True,False,False,0.854,0.854,0.8709230769230769,0.8438278192813945,0.8631575287039533,0.010172180718605484,0.007765548219123564,0.8661549781905508,0.8662863583046767,0.01215497819055078,0.004636718618400204,0.9174112236768719,0.9250769019126892,0.07107690191268923,0.0541538249896123,0.9110769033432007,0.0570769033432007,0.04015382642012377,0.946053147315979,0.09205314731597902,0.07513007039290209,0.9456047415733337,0.09160474157333376,0.07468166465025683,0.9043885135419585,0.0503885135419585,0.03346543661888157
corr_source_glass_blur_sev2,40,6500,True,False,False,0.756,0.756,0.7964615384615384,0.7942867742533852,0.8088037974806859,0.038286774253385225,0.012342259019147428,0.7845667434522251,0.7847296312536055,0.028566743452225096,0.011731907207932935,0.8678376194531151,0.871999979019165,0.11599997901916503,0.0755384405576266,0.8415384292602539,0.0855384292602539,0.04507689079871546,0.9119179248809814,0.15591792488098144,0.115456386419443,0.9114695191383362,0.15546951913833618,0.11500798067679774,0.8257862406934672,0.06978624069346717,0.029324702231928734
corr_source_glass_blur_sev3,41,6500,True,False,False,0.49938461538461537,0.49938461538461537,0.6795384615384615,0.7507207380357486,0.7592496918608189,0.2513361226511332,0.07971123032235738,0.65189803828449,0.6857452874204678,0.15251342289987463,0.006206825882006273,0.772389093283601,0.7816922664642334,0.282307651079618,0.10215380492577186,0.7192307710647583,0.21984615568014293,0.039692309526296765,0.8502746820449829,0.35089006666036754,0.17073622050652137,0.8498262763023376,0.3504416609177223,0.1702878147638761,0.6148259893178925,0.11544137393327708,0.06471247222056908
corr_source_glass_blur_sev4,42,6500,True,False,False,0.41646153846153844,0.41646153846153844,0.6904615384615385,0.6723856209150327,0.6995425073691997,0.2559240824534943,0.009080968907661191,0.561497047156065,0.6478176890543428,0.14503550869452653,0.04264384940719568,0.729463950661413,0.7398461699485779,0.32338463148703944,0.04938463148703942,0.6555384397506714,0.23907690128913295,0.03492309871086707,0.823228657245636,0.40676711878409755,0.13276711878409753,0.8227802515029907,0.4063187130414523,0.13231871304145226,0.5563141347448181,0.13985259628327962,0.1341474037167204
corr_source_glass_blur_sev5,43,6500,True,False,False,0.3596923076923077,0.3596923076923077,0.7123076923076923,0.5033387059636196,0.6411026028445586,0.14364639827131193,0.07120508946313375,0.40655261210617544,0.6833630145823746,0.04686030441386774,0.028944677725317725,0.6649218466978334,0.6603077054023743,0.30061539771006657,0.05199998690531804,0.5606153607368469,0.20092305304453922,0.15169233157084538,0.7788535952568054,0.4191612875644977,0.06654590294911311,0.7784051895141602,0.41871288182185246,0.06609749720646785,0.5140736733683275,0.15438136567601984,0.19823401893936476
corr_source_gaussian_noise_sev1,44,6500,True,False,False,0.8776923076923077,0.8776923076923077,0.8955384615384615,0.8606485539000877,0.8721132142864769,0.017043753792220007,0.023425247251984582,0.8863746891136399,0.8863746891136399,0.008682381421332264,0.009163772424821581,0.9291054500345349,0.935692310333252,0.05800000264094429,0.04015384879479045,0.9229230880737305,0.04523078038142281,0.027384626535268963,0.9534563422203064,0.07576403452799874,0.05791788068184489,0.9530079364776611,0.07531562878535347,0.05746947493919963,0.9349398844566714,0.05724757676436376,0.039401422918209916
corr_source_gaussian_noise_sev2,45,6500,True,False,False,0.8115384615384615,0.8115384615384615,0.8432307692307692,0.8121345029239766,0.8267628468106928,0.0005960413855150559,0.016467922420076442,0.8320468331779509,0.8320468331779509,0.020508371639489376,0.01118393605281831,0.8957989765348785,0.9033846259117126,0.0918461643732511,0.06015385668094342,0.8806153535842896,0.06907689204582801,0.03738458435352032,0.9313122034072876,0.11977374186882606,0.08808143417651837,0.9308637976646423,0.11932533612618079,0.0876330284338731,0.899015901113867,0.08747743957540544,0.05578513188309775
corr_source_gaussian_noise_sev3,46,6500,True,False,False,0.6933846153846154,0.6933846153846154,0.772,0.6958266452648475,0.749502423232578,0.0024420298802321216,0.022497576767422034,0.7032500794605729,0.7032785419246056,0.009865464075957564,0.06872145807539443,0.8342920312839728,0.8395384550094604,0.14615383962484507,0.06753845500946043,0.7935384511947632,0.1001538358101478,0.021538451194763164,0.8907424211502075,0.19735780576559214,0.1187424211502075,0.8902940154075623,0.19690940002294688,0.11829401540756224,0.8205482167425606,0.12716360135794524,0.0485482167425606
corr_source_gaussian_noise_sev4,47,6500,True,False,False,0.51,0.51,0.6918461538461539,0.3914872556297946,0.7622592407887666,0.11851274437020543,0.07041308694261272,0.46869669748096704,0.6568794045951396,0.04130330251903297,0.034966749251014284,0.7541382012626545,0.7641538381576538,0.2541538381576538,0.07230768431149992,0.6829230785369873,0.1729230785369873,0.008923075309166584,0.8407998085021973,0.33079980850219726,0.14895365465604338,0.840351402759552,0.330351402759552,0.1485052489133981,0.6707494621377191,0.16074946213771912,0.021096691708434756
corr_source_gaussian_noise_sev5,48,6500,True,False,False,0.2775384615384615,0.2775384615384615,0.7530769230769231,0.0,1.0,0.2775384615384615,0.2469230769230769,0.10817977026579206,0.8984903050191902,0.16935869127266945,0.14541338194226716,0.6967198418649916,0.7198461294174194,0.4423076678789579,0.033230793659503655,0.6135384440422058,0.3359999825037443,0.13953847903471728,0.8112973570823669,0.5337588955439054,0.058220434005443855,0.8108489513397217,0.5333104898012602,0.05777202826279859,0.41263621846698806,0.13509775692852655,0.34044070460993503
corr_source_shot_noise_sev1,49,6500,True,False,False,0.8721538461538462,0.8721538461538462,0.8916923076923077,0.8640335547011535,0.8730305385253577,0.008120291452692663,0.01866176916694995,0.885112581751677,0.885112581751677,0.012958735597830784,0.006579725940630721,0.9271487953842298,0.935076892375946,0.06292304622209988,0.04338458468363837,0.9203076958656311,0.048153849711784935,0.02861538817332343,0.9521703720092773,0.08001652585543118,0.06047806431696967,0.9517219662666321,0.07956812011278591,0.06002965857432441,0.9364643804717167,0.06431053431787048,0.04477207277940898
corr_source_shot_noise_sev2,50,6500,True,False,False,0.8043076923076923,0.8043076923076923,0.8307692307692308,0.7913722573447378,0.8090796714704296,0.012935434962954462,0.02168955929880123,0.8130579679100023,0.8130579679100023,0.00875027560231001,0.017711262859228527,0.8872800253720087,0.8970769047737122,0.09276921246601988,0.06630767400448134,0.8727692365646362,0.06846154425694395,0.042000005795405415,0.9262474179267883,0.12193972561909605,0.09547818715755751,0.9257990121841431,0.12149131987645079,0.09502978141491225,0.8918341598706511,0.08752646756295879,0.06106492910142025
corr_source_shot_noise_sev3,51,6500,True,False,False,0.6730769230769231,0.6730769230769231,0.7536923076923077,0.6750917244190787,0.747486625440296,0.002014801342155592,0.0062056822520116794,0.6932299459520163,0.6933932987201321,0.02015302287509313,0.06029900897217555,0.8319619072813272,0.8396922945976257,0.1666153715207026,0.08599998690531807,0.7935384511947632,0.12046152811784006,0.03984614350245552,0.8890054821968079,0.21592855911988473,0.1353131745045002,0.8885570764541626,0.21548015337723947,0.13486476876185494,0.809296791386466,0.1362198683095429,0.05560448369415838
corr_source_shot_noise_sev4,52,6500,True,False,False,0.4592307692307692,0.4592307692307692,0.68,0.3160621761658031,0.8051079047126432,0.1431685930649661,0.1251079047126431,0.39901528727586677,0.69506816511564,0.06021548195490245,0.015068165115639909,0.7469151311344132,0.7473846077919006,0.2881538385611314,0.06738460779190059,0.6700000166893005,0.21076924745853132,0.009999983310699512,0.8334493637084961,0.3742185944777269,0.15344936370849604,0.8330009579658508,0.3737701887350816,0.15300095796585078,0.6146782690222925,0.15544749979152328,0.06532173097770755
corr_source_shot_noise_sev5,53,6500,True,False,False,0.31323076923076926,0.31323076923076926,0.73,0.0,1.0,0.31323076923076926,0.27,0.16075947172156912,0.8525099321345044,0.15247129750920013,0.12250993213450445,0.7228844997010375,0.7429230809211731,0.42969231169040384,0.012923080921173113,0.6509230732917786,0.3376923040610093,0.07907692670822142,0.82696932554245,0.5137385563116807,0.09696932554244997,0.8265209197998047,0.5132901505690355,0.0965209197998047,0.45950750627436276,0.1462767370435935,0.2704924937256372
corr_source_impulse_noise_sev1,54,6500,True,False,False,0.8336923076923077,0.8336923076923077,0.8544615384615385,0.8132189154646704,0.8353270017637772,0.020473392227637333,0.01913453669776133,0.8379845371413103,0.8379845371413103,0.004292229449002538,0.016477001320228224,0.8994327076211667,0.9092307686805725,0.07553846098826478,0.054769230219034015,0.8858461380004883,0.05215383030818055,0.03138459953894979,0.9349802732467651,0.1012879655544574,0.08051873478522664,0.9345318675041199,0.10083955981181214,0.08007032904258138,0.9168131005887286,0.08312079289642083,0.06235156212719006
corr_source_impulse_noise_sev2,55,6500,True,False,False,0.7746153846153846,0.7746153846153846,0.8052307692307692,0.7581199847153227,0.787268135863353,0.01649539990006188,0.017962633367416214,0.7706206896773944,0.7706206896773944,0.003994694937990206,0.034610079553374806,0.8628708175369442,0.8732307553291321,0.09861537071374749,0.06799998609836289,0.8343076705932617,0.059692285977877124,0.029076901362492524,0.9097450375556946,0.13512965294030999,0.10451426832492539,0.9092966318130493,0.13468124719766472,0.10406586258228012,0.8855321886140378,0.11091680399865322,0.08030141938326862
corr_source_impulse_noise_sev3,56,6500,True,False,False,0.7093846153846154,0.7093846153846154,0.7683076923076924,0.6772486772486773,0.7426513727263353,0.03213593813593807,0.025656319581357057,0.6933133616448621,0.6933133616448621,0.016071253739753266,0.07499433066283023,0.8279291715959572,0.8296923041343689,0.1203076887497535,0.06138461182667654,0.7839999794960022,0.0746153641113868,0.01569228718830984,0.8850437998771667,0.17565918449255136,0.11673610756947439,0.8845953941345215,0.1752107787499061,0.11628770182682913,0.8423904728473018,0.13300585746268645,0.07408278053960948
corr_source_impulse_noise_sev4,57,6500,True,False,False,0.5213846153846153,0.5213846153846153,0.6943076923076923,0.32990750256937307,0.8003889246215266,0.19147711281524227,0.10608123231383426,0.44603454134213893,0.6584165609342358,0.0753500740424764,0.03589113137345645,0.7316615532809702,0.7366153597831726,0.21523074439855727,0.042307667475480315,0.6463077068328857,0.1249230914482704,0.04799998547480655,0.8238878846168518,0.30250326923223647,0.12958019230915951,0.8234394788742065,0.3020548634895912,0.12913178656651425,0.6926875062741363,0.171302890889521,0.0016201860335559592
corr_source_impulse_noise_sev5,58,6500,True,False,False,0.30938461538461537,0.30938461538461537,0.7349230769230769,0.0,1.0,0.30938461538461537,0.2650769230769231,0.11508972396619721,0.8886391342031437,0.19429489141841816,0.15371605728006676,0.6662386142547967,0.6721538305282593,0.3627692151436439,0.06276924639481762,0.563076913356781,0.25369229797216564,0.1718461635662959,0.7849175333976746,0.4755329180130592,0.04999445647459766,0.7844691276550293,0.47508451227041393,0.049546050731952396,0.4682729194097667,0.1588883040251513,0.2666501575133102
corr_source_contrast_sev1,59,6500,True,False,False,0.8864615384615384,0.8864615384615384,0.8986153846153846,0.8624431221561077,0.8715985799359657,0.024018416305430668,0.027016804679418915,0.8863824656689671,0.8865276316807794,7.907279257135524e-05,0.012087752934605178,0.9323012843767045,0.9403076767921448,0.05384613833060636,0.04169229217676018,0.927384614944458,0.040923076482919596,0.028769230329073414,0.9563285708427429,0.06986703238120451,0.057713186227358326,0.9558801651000977,0.06941862663855924,0.05726478048471306,0.9289822167594389,0.042520678297900516,0.030366832144054334
corr_source_contrast_sev2,60,6500,True,False,False,0.8463076923076923,0.8463076923076923,0.8578461538461538,0.8140850209815726,0.8279149201412158,0.03222267132611967,0.029931233704938,0.8368473240156822,0.8369216402695349,0.009460368292010135,0.020924513576618953,0.9080321930237594,0.9183076620101929,0.07199996970250055,0.06046150816403906,0.8990768790245056,0.0527691867168133,0.0412307251783518,0.9409774541854858,0.09466976187779352,0.08313130033933203,0.9405290484428406,0.09422135613514826,0.08268289459668676,0.8971906354946579,0.05088294318696562,0.039344481648504126
corr_source_contrast_sev3,61,6500,True,False,False,0.7469230769230769,0.7469230769230769,0.782,0.6721144024514811,0.7403654838670358,0.07480867447159578,0.041634516132964206,0.7047331552152907,0.704910069863319,0.04218992170778624,0.07708993013668097,0.8533375278035172,0.8647692203521729,0.11784614342909594,0.08276922035217282,0.8253846168518066,0.07846153992872973,0.04338461685180661,0.9039387106895447,0.15701563376646777,0.12193871068954465,0.9034903049468994,0.1565672280238225,0.12149030494689939,0.8241376634037669,0.07721458648069002,0.0421376634037669
corr_source_contrast_sev4,62,6500,True,False,False,0.5055384615384615,0.5055384615384615,0.6887692307692308,0.08823529411764708,0.9444256120994233,0.4173031674208144,0.25565638133019253,0.30335946007497816,0.7222499304364238,0.20217900146348333,0.033480699667193026,0.720398152368328,0.724307656288147,0.21876919474968548,0.03553842551891617,0.6347692012786865,0.12923073974022503,0.05400002949054428,0.8158039450645447,0.3102654835260832,0.12703471429531388,0.8153555393218994,0.3098170777834379,0.1265863085526686,0.6321477266522741,0.12660926511381265,0.056621504116956656
corr_source_contrast_sev5,63,6500,True,False,False,0.2676923076923077,0.2676923076923077,0.7535384615384615,0.0,0.9998461538461538,0.2676923076923077,0.24630769230769234,0.028138804141716878,0.9717160077980191,0.2395535035505908,0.21817754625955765,0.5341689431336218,0.5040000081062317,0.23630770041392402,0.2495384534322298,0.3769230842590332,0.10923077656672553,0.3766153772794283,0.6837915182113647,0.41609921051905707,0.06974694332709674,0.6833431124687195,0.4156508047764118,0.07019534906974201,0.41341805330066794,0.14572574560836027,0.34012040823779355
corr_source_elastic_transform_sev1,64,6500,True,False,False,0.9132307692307692,0.9132307692307692,0.9210769230769231,0.8871768532785483,0.8967243601709628,0.02605391595222084,0.02435256290596033,0.9152028046260975,0.9154502513798842,0.0019720353953283087,0.005626671697038899,0.9464925959657067,0.9524615406990051,0.03923077146823595,0.031384617622082,0.9459999799728394,0.032769210742070176,0.02492305689591623,0.9654648900032043,0.052234120772435166,0.04438796692628122,0.9650164842605591,0.0517857150297899,0.043939561183635956,0.953872698279003,0.04064192904823383,0.03279577520207988
corr_source_elastic_transform_sev2,65,6500,True,False,False,0.7481538461538462,0.7481538461538462,0.7913846153846154,0.7595419847328244,0.801486674189387,0.011388138578978246,0.010102058804771663,0.7917019878832094,0.7919205657209316,0.04354814172936328,0.0005359503363162599,0.8693286159628444,0.8787692189216614,0.1306153727678152,0.08738460353704602,0.8436923027038574,0.09553845655001125,0.05230768731924207,0.9137758016586304,0.1656219555047842,0.12239118627401502,0.9133273959159851,0.16517354976213894,0.12194278053136975,0.8241463031218956,0.07599245696804946,0.032761687737280276
corr_source_elastic_transform_sev3,66,6500,True,False,False,0.837076923076923,0.837076923076923,0.8624615384615385,0.7996306555863343,0.8321820728763215,0.03744626749058877,0.03027946558521699,0.8377650393384077,0.837945783225617,0.0006881162614846836,0.024515755235921532,0.9004961524354572,0.9039999842643738,0.06692306118745073,0.04153844580283528,0.8850768804550171,0.04799995737809404,0.022615341993478588,0.9343564510345459,0.09727952795762285,0.0718949125730074,0.9339080452919006,0.09683112221497758,0.07144650683036213,0.8881994774140178,0.05112255433709478,0.025737938952479333
corr_source_elastic_transform_sev4,67,6500,True,False,False,0.7427692307692307,0.7427692307692307,0.798923076923077,0.7033712347895471,0.785073222595107,0.03939799597968363,0.013849854327969924,0.7563167692120891,0.7565365827903218,0.013547538442858387,0.04238649413275519,0.8490655464986782,0.850615382194519,0.1078461514252883,0.051692305271442085,0.8116922974586487,0.06892306668941794,0.012769220535571724,0.8984506130218506,0.15568138225261985,0.09952753609877363,0.8980022072792053,0.15523297650997459,0.09907913035612836,0.8202233483721619,0.0774541176029312,0.021300271449084973
corr_source_elastic_transform_sev5,68,6500,True,False,False,0.5355384615384615,0.5355384615384615,0.722,0.590633130962706,0.7050443598632997,0.05509466942424446,0.016955640136700256,0.5780978126238083,0.6479779653871868,0.04255935108534681,0.0740220346128132,0.7439560543620303,0.7410768866539001,0.20553842511543863,0.01907688665390017,0.6660000085830688,0.13046154704460733,0.05599999141693113,0.8286716341972351,0.2931331726587736,0.10667163419723513,0.8282232284545898,0.2926847669161283,0.10622322845458987,0.6996826112921688,0.16414414975370728,0.022317388707831176
corr_source_pixelate_sev1,69,6500,True,False,False,0.9001538461538462,0.9001538461538462,0.9098461538461539,0.893051771117166,0.8968652490808113,0.007102075036680144,0.012980904765342527,0.9103874023989083,0.910564161088075,0.010233556245062059,0.0007180072419211703,0.942847734130839,0.9469230771064758,0.04676923095262964,0.03707692326032197,0.937999963760376,0.03784611760652978,0.028153809914222117,0.9621759057044983,0.0620220595506521,0.05232975185834443,0.961727499961853,0.061573653808006834,0.05188134611569917,0.9439851428175668,0.043831296663720654,0.03413898897141299
corr_source_pixelate_sev2,70,6500,True,False,False,0.8867692307692308,0.8867692307692308,0.8976923076923077,0.8862234407128171,0.8930236042990563,0.000545790056413642,0.004668703393251428,0.8963790074012828,0.8965466044811895,0.009609776632052092,0.0011457032111181764,0.9358598501725847,0.9430769085884094,0.05630767781917867,0.045384600896101746,0.932769238948822,0.04600000817959127,0.03507693125651434,0.9581374526023865,0.07136822183315572,0.060445144910078796,0.9576890468597412,0.07091981609051046,0.05999673916743353,0.9343153679623134,0.04754613719308265,0.036623060270005725
corr_source_pixelate_sev3,71,6500,True,False,False,0.8075384615384615,0.8075384615384615,0.8318461538461538,0.8233164373642288,0.8355813982819364,0.015777975825767232,0.0037352444357826586,0.8195282838323905,0.8197049453610138,0.011989822293928976,0.012141208485139998,0.8940104616631165,0.9012307524681091,0.09369229092964759,0.06938459862195534,0.8786153793334961,0.07107691779503456,0.0467692254873423,0.9299646615982056,0.12242620005974403,0.09811850775205178,0.9295162558555603,0.12197779431709876,0.09767010200940651,0.8725638055002554,0.06502534396179382,0.04071765165410157
corr_source_pixelate_sev4,72,6500,True,False,False,0.678,0.678,0.7798461538461539,0.7439613526570048,0.7644809507872868,0.06596135265700476,0.015365203058867016,0.7277313181386326,0.7277735444119168,0.04973131813863252,0.05207260943423708,0.8381025448477012,0.8426153659820557,0.16461536598205562,0.06276921213590181,0.7984614968299866,0.12046149682998653,0.018615342983832717,0.8918740749359131,0.21387407493591304,0.11202792108975923,0.8914256691932678,0.21342566919326778,0.11157951534711397,0.763565520739775,0.08556552073977497,0.01628063310637884
corr_source_pixelate_sev5,73,6500,True,False,False,0.5861538461538461,0.5861538461538461,0.7478461538461538,0.7038883349950149,0.7272303825093179,0.11773448884116877,0.020615771336835897,0.688450771165487,0.6885123010741436,0.1022969250116409,0.0593338527720102,0.8029012250898521,0.8036922812461853,0.21753843509233917,0.055846127400031476,0.7506153583526611,0.164461512198815,0.0027692045065073057,0.8684598803520203,0.2823060341981741,0.12061372650586644,0.868011474609375,0.28185762845552886,0.12016532076322117,0.6849436789232748,0.09878983276942865,0.06290247492287904
corr_source_jpeg_compression_sev1,74,6500,True,False,False,0.9106153846153846,0.9106153846153846,0.9192307692307692,0.8943697907807451,0.8987538817098338,0.016245593834639527,0.02047688752093535,0.9155010156851605,0.9156826144007137,0.004885631069775909,0.003548154830055439,0.9465504758583205,0.9513846039772034,0.040769219361818765,0.032153834746434184,0.94338458776474,0.032769203149355386,0.024153818533970806,0.9647691249847412,0.05415374036935661,0.045538355753972026,0.964320719242096,0.05370533462671134,0.04508995001132676,0.9498796857417502,0.039264301126365586,0.030648916510981006
corr_source_jpeg_compression_sev2,75,6500,True,False,False,0.898,0.898,0.9070769230769231,0.8727020464793618,0.8827298492571838,0.02529795352063824,0.02434707381973933,0.8985811878643043,0.89870444730258,0.0005811878643042778,0.00837247577434308,0.9363573291590999,0.94338458776474,0.04538458776473997,0.036307664687816876,0.9316923022270203,0.03369230222702024,0.02461537915009715,0.9586618542671204,0.06066185426712034,0.05158493119019725,0.9582134485244751,0.06021344852447508,0.051136525447551984,0.9411358964267894,0.04313589642678939,0.034058973349866295
corr_source_jpeg_compression_sev3,76,6500,True,False,False,0.8793846153846154,0.8793846153846154,0.8947692307692308,0.8552307150405072,0.8671270827297136,0.024153900344108248,0.027642148039517145,0.8801285345565298,0.8801986592069571,0.0007439191719144089,0.014570571562273704,0.9256563584246843,0.9298461079597473,0.05046149257513188,0.03507687719051655,0.9164615273475647,0.037076911962949266,0.021692296578333936,0.9505273103713989,0.0711426949867835,0.055758079602168165,0.9500789046287537,0.07069428924413823,0.0553096738595229,0.9284258952537128,0.04904127986909734,0.03365666448448201
corr_source_jpeg_compression_sev4,77,6500,True,False,False,0.823076923076923,0.823076923076923,0.846,0.8066825775656324,0.8257033213627577,0.016394345511290598,0.02029667863724227,0.8197620348264418,0.8197620348264418,0.003314888250481207,0.026237965173558142,0.8899016440374556,0.8959999680519104,0.07292304497498736,0.049999968051910426,0.8701538443565369,0.047076921279613826,0.02415384435653689,0.9278270602226257,0.1047501371457027,0.08182706022262576,0.9273786544799805,0.10430173140305743,0.0813786544799805,0.8863087173584632,0.06323179428154013,0.0403087173584632
corr_source_jpeg_compression_sev5,78,6500,True,False,False,0.7104615384615385,0.7104615384615385,0.7749230769230769,0.7449314539486387,0.7701178212323707,0.03446991548710021,0.004805255690706223,0.723180798604606,0.723289913182263,0.012719260143067568,0.05163316374081395,0.8229157514857355,0.8296923041343689,0.11923076567283042,0.05476922721129196,0.7770769000053406,0.0666153615438021,0.0021538230822636395,0.8828717470169067,0.17241020855536826,0.1079486700938298,0.8824233412742615,0.171961802812723,0.10750026435118454,0.7951662973281877,0.08470475886664919,0.02024322040511073
corr_source_speckle_noise_sev1,79,6500,True,False,False,0.8884615384615384,0.8884615384615384,0.9026153846153846,0.8845031748755792,0.8920033037778298,0.003958363585959246,0.010612080837554827,0.8987408819093754,0.8987408819093754,0.010279343447836986,0.0038745027060091974,0.9356473183497065,0.944615364074707,0.05615382561316862,0.041999979459322434,0.9343076944351196,0.045846155973581215,0.03169230981973503,0.958344578742981,0.06988304028144254,0.05572919412759636,0.9578961730003357,0.06943463453879728,0.055280788384951096,0.941658867756639,0.05319732929510057,0.03904348314125439
corr_source_speckle_noise_sev2,80,6500,True,False,False,0.8544615384615385,0.8544615384615385,0.8667692307692307,0.8473133534314594,0.8567303169685869,0.0071481850300790795,0.010038913800643812,0.8647391424336894,0.8647391424336894,0.01027760397215094,0.0020300883355413024,0.9158472880264505,0.9233846068382263,0.06892306837668782,0.05661537606899558,0.9079999923706055,0.053538453909066974,0.04123076160137473,0.9440701603889465,0.08960862192740804,0.0773009296197158,0.9436217546463013,0.08916021618476277,0.07685252387707053,0.9225862515218268,0.06812471306028833,0.05581702075259609
corr_source_speckle_noise_sev3,81,6500,True,False,False,0.7136923076923077,0.7136923076923077,0.7706153846153846,0.7092930897537728,0.7679080332108539,0.004399217938534927,0.002707351404530711,0.7254151775181249,0.7256504249037333,0.011722869825817162,0.044964959711651264,0.8508727872180505,0.8569230437278748,0.14323073603556702,0.08630765911249016,0.8204615116119385,0.10676920391963074,0.049846126996553886,0.9009156823158264,0.18722337462351868,0.13030029770044183,0.9004672765731812,0.18677496888087342,0.12985189195779656,0.8310340362664174,0.11734172857410963,0.06041865165103277
corr_source_speckle_noise_sev4,82,6500,True,False,False,0.6152307692307692,0.6152307692307692,0.7246153846153847,0.6128894579598805,0.7381542662484006,0.0023413112708887684,0.013538881633015976,0.6256627897536685,0.6496616809919461,0.010432020522899266,0.07495370362343856,0.8169226945505283,0.8247691988945007,0.20953842966373148,0.10015381427911607,0.7727692127227783,0.15753844349200907,0.04815382810739366,0.8802297711372375,0.2649990019064683,0.1556143865218529,0.8797813653945923,0.26455059616382304,0.15516598077920762,0.7555199645603914,0.14028919532962214,0.030904579945006727
corr_source_speckle_noise_sev5,83,6500,True,False,False,0.4896923076923077,0.4896923076923077,0.6846153846153846,0.45788849347568206,0.7478127395414083,0.03180381421662565,0.06319735492602363,0.47328863130553844,0.6742818390070662,0.01640367638676926,0.01033354560831845,0.7817700881864628,0.7987692356109619,0.3090769279186542,0.11415385099557729,0.7306153774261475,0.24092306973383976,0.045999992810762835,0.8590357303619385,0.36934342266963077,0.17442034574655385,0.8585873246192932,0.3688950169269855,0.1739719400039086,0.6455413815548598,0.15584907386255215,0.039074003060524776
corr_source_spatter_sev1,84,6500,True,False,False,0.9306153846153846,0.9306153846153846,0.938,0.9016559648529909,0.9076612017743088,0.02895941976239369,0.030338798225691188,0.9295309475988525,0.9297737401009287,0.0010844370165321582,0.00822625989907122,0.956167835481019,0.964769184589386,0.034153799974001364,0.02676918458938604,0.9564615488052368,0.025846164189852194,0.01846154880523687,0.9723966121673584,0.041781227551973776,0.034396612167358454,0.9719482064247131,0.04133282180932851,0.03394820642471319,0.9604540779346112,0.029838693319226617,0.022454077934611294
corr_source_spatter_sev2,85,6500,True,False,False,0.8821538461538462,0.8821538461538462,0.9007692307692308,0.8491501416430595,0.859767989393831,0.03300370451078671,0.04100124137539973,0.8731313135998362,0.8732892913221687,0.009022532554009977,0.027479939447062063,0.9206171411677546,0.9247692227363586,0.042615376582512465,0.023999991967127876,0.9067692160606384,0.02461536990679225,0.005999985291407661,0.9477011561393738,0.0655473099855276,0.04693192537014301,0.9472527503967285,0.06509890424288234,0.04648351962749775,0.9363347276193487,0.054180881465502484,0.035565496850117895
corr_source_spatter_sev3,86,6500,True,False,False,0.8355384615384616,0.8355384615384616,0.8658461538461538,0.800073841609747,0.8253787270230335,0.035464619928714525,0.04046742682312032,0.8308056699319032,0.8312227513377425,0.004732791606558373,0.03462340250841134,0.8965121301438708,0.9027692079544067,0.06723074641594518,0.03692305410825292,0.8775384426116943,0.04199998107323277,0.011692288765540515,0.9321613311767578,0.09662286963829625,0.06631517733060399,0.9317129254341125,0.09617446389565099,0.06586677158795873,0.9097240741435635,0.07418561260510192,0.04387792029740967
corr_source_spatter_sev4,87,6500,True,False,False,0.7290769230769231,0.7290769230769231,0.7715384615384615,0.7497595691479131,0.7736019727067915,0.02068264607099002,0.0020635111683300345,0.7595872103402561,0.7596252623747078,0.030510287263333047,0.011913199163753663,0.8591141244163477,0.8679999709129333,0.13892304783601028,0.09646150937447184,0.8330768942832947,0.10399997120637161,0.06153843274483317,0.9066047072410583,0.17752778416413528,0.13506624570259684,0.9061563014984131,0.17707937842149002,0.13461783995995158,0.8292214593944945,0.10014453631757148,0.057682997856033036
corr_source_spatter_sev5,88,6500,True,False,False,0.6276923076923077,0.6276923076923077,0.7192307692307692,0.6536868268434135,0.7418786040626767,0.025994519151105844,0.022647834831907465,0.6753098912429032,0.6753098912429032,0.04761758355059553,0.043920877987866036,0.8234796221137782,0.827846109867096,0.2001538021747883,0.10861534063632672,0.785076916217804,0.1573846085254963,0.06584614698703473,0.8823151588439941,0.2546228511516865,0.1630843896132249,0.8818667531013489,0.2541744454090412,0.16263598387057965,0.7626054263123722,0.1349131186200645,0.04337465708160293
corr_source_gaussian_blur_sev1,89,6500,True,False,False,0.9166153846153846,0.9166153846153846,0.9244615384615384,0.8814317673378076,0.8935546596161484,0.03518361727757702,0.030906878845390007,0.9094257770878102,0.9096434011881848,0.00718960752757436,0.014818137273353682,0.9457396335617945,0.9524615406990051,0.03584615608362052,0.02800000223746668,0.9424615502357483,0.02584616562036368,0.018000011774209845,0.9646071791648865,0.047991794549501865,0.04014564070334803,0.9641587734222412,0.0475433888068566,0.039697234960702765,0.9499500564591563,0.0333346718437717,0.025488517997617866
corr_source_gaussian_blur_sev2,90,6500,True,False,False,0.8432307692307692,0.8432307692307692,0.8633846153846154,0.8027261005710077,0.8399139566231332,0.040504668659761545,0.023470658761482244,0.8247684860953123,0.8251230783802346,0.018462283135456947,0.03826153700438084,0.9007211245067477,0.9110769033432007,0.06784613411243146,0.04769228795858527,0.8880000114440918,0.04476924221332257,0.02461539605947638,0.9357109665870667,0.09248019735629742,0.07232635120245123,0.9352625608444214,0.09203179161365216,0.07187794545980597,0.8963620205339375,0.053131251303168314,0.032977405149322125
corr_source_gaussian_blur_sev3,91,6500,True,False,False,0.7246153846153847,0.7246153846153847,0.7801538461538462,0.6818089636990469,0.7839756516855685,0.042806420916337795,0.0038218055317222888,0.6866408844800518,0.7064431023310295,0.03797450013533288,0.07371074382281673,0.8307181443400476,0.8352307677268982,0.11061538311151353,0.055076921573051996,0.786307692527771,0.061692307912386335,0.006153846373924798,0.8867747187614441,0.16215933414605943,0.1066208726075979,0.8863263130187988,0.16171092840341417,0.10617246686495263,0.802520368008487,0.07790498339310237,0.02236652185464083
corr_source_gaussian_blur_sev4,92,6500,True,False,False,0.5778461538461539,0.5778461538461539,0.7253846153846154,0.5254083484573503,0.7706641141766587,0.052437805388803604,0.04527949879204329,0.5348009757517992,0.6930257584769527,0.04304517809435471,0.032358856907662714,0.7531225531922645,0.7526153922080994,0.17476923836194547,0.02723077682348396,0.6793845891952515,0.10153843534909757,0.04600002618936394,0.8361855149269104,0.2583393610807565,0.110800899542295,0.8357371091842651,0.25789095533811124,0.11035249379964973,0.6848646062444329,0.10701845239827901,0.0405200091401825
corr_source_gaussian_blur_sev5,93,6500,True,False,False,0.36015384615384616,0.36015384615384616,0.7170769230769231,0.12841923409156353,0.9362915857313641,0.23173461206228263,0.219214662654441,0.29419539021389995,0.7560814715682559,0.0659584559399462,0.039004548491332836,0.6320967453367476,0.6235384345054626,0.2633845883516165,0.09353848857146041,0.5006153583526611,0.14046151219881498,0.21646156472426192,0.7554929256439209,0.39533907949007474,0.03841600256699784,0.7550445199012756,0.3948906737474295,0.03796759682435258,0.5081504997117297,0.1479966535578835,0.2089264233651934
corr_source_saturate_sev1,94,6500,True,False,False,0.9138461538461539,0.9138461538461539,0.9206153846153846,0.8898377455166523,0.8924902091971344,0.024008408329501574,0.028125175418250214,0.911140772710973,0.9112415038372232,0.0027053811351808177,0.00937388077816137,0.9443190881430749,0.9498461484909058,0.0359999946447519,0.02923076387552115,0.942153811454773,0.028307657608619086,0.021538426839388336,0.9641406536102295,0.05029449976407563,0.04352526899484488,0.9636922478675842,0.049846094021430365,0.043076863252199615,0.9497754605106526,0.035929306664498784,0.029160075895268034
corr_source_saturate_sev2,95,6500,True,False,False,0.8956923076923077,0.8956923076923077,0.9044615384615384,0.8576449912126538,0.8686007162983302,0.03804731647965387,0.035860822163208184,0.8864251818795315,0.8864684555716796,0.009267125812776222,0.01799308288985879,0.9306634929357082,0.9367691874504089,0.04107687975810126,0.03230764898887051,0.9236922860145569,0.027999978322249208,0.019230747553018457,0.9543037414550781,0.05861143376277045,0.0498422029935397,0.9538553357124329,0.058163028020125185,0.04939379725089443,0.9381959788799301,0.04250367118762244,0.03373444041839169
corr_source_saturate_sev3,96,6500,True,False,False,0.9278461538461539,0.9278461538461539,0.9312307692307692,0.8988649839064883,0.9042950876995717,0.028981169939665596,0.02693568153119752,0.9297972211165634,0.9300112349381952,0.0019510672704095011,0.0012195342925740427,0.9552479118484133,0.9615384340286255,0.03369228018247161,0.030307664797856293,0.9546153545379639,0.02676920069180999,0.023384585307194672,0.9715543985366821,0.04370824469052825,0.040323629305912934,0.9711059927940369,0.04325983894788299,0.03987522356326767,0.962857459247795,0.0350113054016411,0.03162669001702578
corr_source_saturate_sev4,97,6500,True,False,False,0.8824615384615384,0.8824615384615384,0.8992307692307693,0.854423686993303,0.8702606189146349,0.028037851468235453,0.02897015031613437,0.8801208190750878,0.8803222275956708,0.0023407193864506404,0.018908541635098475,0.9273041020644106,0.9335384368896484,0.05107689842811003,0.03430766765887916,0.9179999828338623,0.035538444372323896,0.018769213603093027,0.9522345066070557,0.06977296814551726,0.053003737376286386,0.9517861008644104,0.06932456240287199,0.05255533163364112,0.9425589414376686,0.0600974029761302,0.04332817220689933
corr_source_saturate_sev5,98,6500,True,False,False,0.8127692307692308,0.8127692307692308,0.8473846153846154,0.7893462469733655,0.8174814627997347,0.02342298379586527,0.029903152584880743,0.8115617246775826,0.8117467210187312,0.0012075060916482139,0.03563789436588416,0.8917096704567277,0.8999999761581421,0.08723074538891129,0.05261536077352669,0.8735384345054626,0.06076920373623185,0.026153819120847244,0.9283424615859985,0.11557323081676774,0.08095784620138313,0.9278940558433533,0.11512482507412247,0.08050944045873787,0.896524930970265,0.08375570020103418,0.049140315585649574
corr_target_fog_sev1,99,6500,False,True,False,0.686,0.686,0.746,0.665023618812898,0.7604342566449775,0.0209763811871021,0.01443425664497755,0.7400864159493423,0.7401260394835021,0.05408641594934227,0.005873960516497911,0.8556730207554777,0.8656923174858093,0.17969231748580927,0.11969231748580933,0.8304615020751953,0.14446150207519526,0.08446150207519532,0.9047119617462158,0.21871196174621577,0.15871196174621582,0.9042635560035706,0.2182635560035705,0.15826355600357056,0.8328905634612017,0.14689056346120166,0.08689056346120172
corr_target_fog_sev2,100,6500,False,True,False,0.6538461538461539,0.6538461538461539,0.7303076923076923,0.6096256684491979,0.7389881809611439,0.044220485396956,0.008680488653451612,0.6945741735150532,0.6947492139437605,0.040728019668899385,0.03555847836393178,0.8377815864386597,0.845230758190155,0.19138460434400117,0.1149230658824627,0.8059999942779541,0.15215384043180025,0.07569230197026178,0.892879068851471,0.2390329150053171,0.16257137654377862,0.8924306631088257,0.23858450926267183,0.16212297080113336,0.8088233594273877,0.15497720558123385,0.07851566711969538
corr_target_fog_sev3,101,6500,False,True,False,0.6115384615384616,0.6115384615384616,0.7093846153846154,0.5452103849597135,0.7207290668254148,0.06632807657874806,0.01134445144079943,0.6372374497058826,0.6373614800702366,0.025698988167421,0.07202313531437876,0.8099666314382135,0.8190768957138062,0.20753843417534457,0.10969228032919076,0.7699999809265137,0.15846151938805209,0.06061536554189828,0.8750548362731934,0.2635163747347318,0.16567022088857797,0.8746064305305481,0.2630679689920865,0.1652218151459327,0.78274312879746,0.1712046672589984,0.0733585134128446
corr_target_fog_sev4,102,6500,False,True,False,0.5832307692307692,0.5832307692307692,0.7026153846153846,0.48272642390289444,0.7446689042958948,0.10050434532787478,0.04205351968051019,0.5978441719599095,0.5978441719599095,0.014613402729140246,0.10477121265547518,0.7833300953373854,0.7832307815551758,0.20000001232440656,0.08061539693979114,0.7260000109672546,0.14276924173648542,0.023384626351869997,0.8554481267929077,0.2722173575621385,0.15283274217752307,0.8549997210502625,0.27176895181949323,0.1523843364348778,0.7568403847091395,0.17360961547837028,0.05422500009375486
corr_target_fog_sev5,103,6500,False,True,False,0.4866153846153846,0.4866153846153846,0.6953846153846154,0.2935153583617748,0.8114612558461971,0.19310002625360984,0.11607664046158173,0.4496574034912656,0.6361657440065799,0.03695798112411902,0.0592188713780355,0.7059805592082024,0.6984615325927734,0.21184614797738882,0.0030769172081580587,0.60707688331604,0.12046149870065542,0.08830773206857534,0.8013178706169128,0.3147024860015282,0.10593325523229746,0.8008694648742676,0.31425408025888296,0.1054848494896522,0.6864917760382472,0.19987639142286256,0.008892839346368198
corr_target_frost_sev1,104,6500,False,True,False,0.6952307692307692,0.6952307692307692,0.7533846153846154,0.6740106079151367,0.7648335756065169,0.021220161315632535,0.01144896022190145,0.7412304365746951,0.7412304365746951,0.04599966734392591,0.012154178809920313,0.8463158587495744,0.8560000061988831,0.16076923696811385,0.10261539081426763,0.8133845925331116,0.11815382330234236,0.05999997714849614,0.8984668850898743,0.20323611585910506,0.14508226970525884,0.898018479347229,0.2027877101164598,0.14463386396261357,0.8484344160762135,0.1532036468454443,0.09504980069159807
corr_target_frost_sev2,105,6500,False,True,False,0.6123076923076923,0.6123076923076923,0.711076923076923,0.5814054997817547,0.7028774561009514,0.030902192525937622,0.008199466975971625,0.6480369630805767,0.6487695778290268,0.03572927077288435,0.06230734524789627,0.790036829681518,0.7973846197128296,0.18507692740513726,0.08630769663590654,0.7364615201950073,0.124153827887315,0.025384597118084273,0.8626577258110046,0.2503500335033123,0.1515808027340816,0.8622093200683594,0.24990162776066704,0.15113239699143632,0.7862632620141956,0.17395556970650328,0.07518633893727256
corr_target_frost_sev3,106,6500,False,True,False,0.5358461538461539,0.5358461538461539,0.6961538461538461,0.4534856055198667,0.7141376870753885,0.08236054832628714,0.01798384092154237,0.5588314420226703,0.5828735218297395,0.02298528817651646,0.11328032432410662,0.738486142610063,0.7393845915794373,0.2035384377332834,0.04323074542559113,0.6569230556488037,0.12107690180264985,0.03923079050504241,0.8262656331062317,0.29041947926007783,0.13011178695238557,0.8258172273635864,0.28997107351743256,0.1296633812097403,0.7297157639883758,0.19386961014222193,0.033561917834529664
corr_target_frost_sev4,107,6500,False,True,False,0.5230769230769231,0.5230769230769231,0.69,0.4337349397590361,0.7154831448654089,0.08934198331788701,0.025483144865408924,0.5430148207081633,0.5786367713501561,0.01993789763124021,0.11136322864984383,0.73106075475764,0.7327691912651062,0.2096922681881831,0.042769191265106254,0.651692271232605,0.12861534815568187,0.038307728767394966,0.8221592307090759,0.2990823076321528,0.13215923070907598,0.8217108249664307,0.29863390188950756,0.13171082496643072,0.7183355756230141,0.19525865254609098,0.028335575623014142
corr_target_frost_sev5,108,6500,False,True,False,0.47323076923076923,0.47323076923076923,0.6812307692307692,0.33504098360655743,0.7345335195342108,0.1381897856242118,0.05330275030344156,0.47136601107730236,0.5872147597486056,0.0018647581534668722,0.0940160094821636,0.694464490302804,0.6821538209915161,0.20892305176074688,0.000923051760746918,0.5904615521430969,0.11723078291232769,0.09076921708767227,0.7949575185775757,0.32172674934680645,0.11372674934680649,0.7945091128349304,0.3212783436041612,0.11327834360416122,0.6800421309367382,0.20681136170596892,0.0011886382940310414
corr_target_motion_blur_sev1,109,6500,False,True,False,0.701076923076923,0.701076923076923,0.7496923076923077,0.7146529562982004,0.782599437610142,0.013576033221277317,0.03290712991783429,0.753841487734541,0.7542523095590714,0.05276456465761792,0.004560001866763752,0.8608515687946269,0.871999979019165,0.170923055942242,0.12230767132685738,0.8433846235275269,0.1423077004506038,0.0936923158352192,0.9081985950469971,0.20712167197007403,0.1585062873546894,0.9077501893043518,0.20667326622742876,0.15805788161204415,0.8510762959352722,0.1499993728583492,0.10138398824296457
corr_target_motion_blur_sev2,110,6500,False,True,False,0.6295384615384615,0.6295384615384615,0.7096923076923077,0.6492103075644222,0.7576321682926278,0.019671846025960726,0.04793986060032007,0.6796812548521745,0.6796906287850761,0.05014279331371296,0.0300016789072316,0.82201533940064,0.8318461179733276,0.20230765643486615,0.1221538102810199,0.7887692451477051,0.1592307836092436,0.07907693745539734,0.8821092844009399,0.25257082286247845,0.1724169767086322,0.8816608786582947,0.2521224171198332,0.17196857096598694,0.7995404988113199,0.17000203727285845,0.08984819111901221
corr_target_motion_blur_sev3,111,6500,False,True,False,0.5136923076923077,0.5136923076923077,0.6721538461538461,0.5426008968609866,0.7080551731353677,0.02890858916867889,0.0359013269815216,0.5373370517097464,0.6589480933154832,0.023644744017438768,0.013205752838362894,0.7511835767897034,0.7561538219451904,0.24246151425288276,0.08399997579134433,0.6836922764778137,0.16999996878550605,0.011538430323967619,0.8348524570465088,0.3211601493542011,0.1626986108926627,0.8344040513038635,0.32071174361155586,0.16225020515001742,0.7034281956186597,0.189735887926352,0.031274349464813556
corr_target_motion_blur_sev4,112,6500,False,True,False,0.40107692307692305,0.40107692307692305,0.6755384615384615,0.32301341589267285,0.7639446897539575,0.0780635071842502,0.08840622821549593,0.3558386596271064,0.7117776716952627,0.04523826344981663,0.036239210156801205,0.669025033474213,0.6613845825195312,0.2603076594426082,0.014153879018930282,0.5615384578704834,0.16046153479356035,0.11400000366797813,0.7786188721656799,0.3775419490887569,0.1030804106272184,0.7781704664230347,0.3770935433461116,0.10263200488457314,0.6030396963015039,0.20196277322458084,0.07249876523695764
corr_target_motion_blur_sev5,113,6500,False,True,False,0.3526153846153846,0.3526153846153846,0.690923076923077,0.13860252004581897,0.9056327740718281,0.21401286456956564,0.2147096971487511,0.24037804501671012,0.795632832190561,0.11223733959867449,0.10470975526748405,0.6123417618077431,0.5896922945976257,0.23707690998224112,0.10123078232545124,0.4755384624004364,0.12292307778505179,0.21538461452264057,0.7361245155334473,0.38350913091806266,0.04520143861037029,0.735676109790802,0.3830607251754174,0.04475303286772503,0.5680603124327013,0.21544492781731667,0.1228627644903757
corr_target_brightness_sev1,114,6500,False,True,False,0.7618461538461538,0.7618461538461538,0.7906153846153846,0.7827715355805243,0.8152231097090528,0.02092538173437042,0.024607725093668154,0.8161239431428247,0.8161239431428247,0.05427778929667082,0.02550855852744005,0.8896840051652293,0.898769199848175,0.1369230460020212,0.10815381523279044,0.8775384426116943,0.1156922887655405,0.08692305799630973,0.9272820353507996,0.16543588150464572,0.13666665073541495,0.9268336296081543,0.16498747576200046,0.1362182449927697,0.8985742617258803,0.13672810787972645,0.10795887711049568
corr_target_brightness_sev2,115,6500,False,True,False,0.7609230769230769,0.7609230769230769,0.7873846153846153,0.7689393939393938,0.7981759502497362,0.008016317016316887,0.01079133486512085,0.8106400449660973,0.8106400449660973,0.04971696804302039,0.023255429581481968,0.8849559250685944,0.8916922807693481,0.13076920384627122,0.1043076653847328,0.8703076839447021,0.10938460702162522,0.0829230685600868,0.9245076179504395,0.16358454102736253,0.1371230025658241,0.9240592122077942,0.16313613528471727,0.13667459682317884,0.9002447446110714,0.13932166768799448,0.11286012922645605
corr_target_brightness_sev3,116,6500,False,True,False,0.7443076923076923,0.7443076923076923,0.7766153846153846,0.7533563482930572,0.7869427485353402,0.009048655985364862,0.01032736391995559,0.7978611142221104,0.7978611142221104,0.05355342191441803,0.02124572960672577,0.8738511045857152,0.8843076825141907,0.13999999020649834,0.10769229789880608,0.8543076515197754,0.10999995921208305,0.0776922669043908,0.9170216917991638,0.17271399949147148,0.14040630718377922,0.9165732860565186,0.17226559374882622,0.13995790144113396,0.892781678578468,0.14847398627077568,0.11616629396308342
corr_target_brightness_sev4,117,6500,False,True,False,0.7201538461538461,0.7201538461538461,0.7629230769230769,0.7123613312202853,0.7626396731782876,0.007792514933560812,0.0002834037447893012,0.7662833016214524,0.7663142449815376,0.04612945546760627,0.003391168058460625,0.8602282468741709,0.8740000128746033,0.15384616672075713,0.11107693595152635,0.8403076529502869,0.12015380679644072,0.07738457602720994,0.9098593592643738,0.18970551311052763,0.14693628234129685,0.9094109535217285,0.18925710736788237,0.1464878765986516,0.8824557034898426,0.16230185733599645,0.11953262656676567
corr_target_brightness_sev5,118,6500,False,True,False,0.6883076923076923,0.6883076923076923,0.7463076923076923,0.6718430731507968,0.7482439284028023,0.016464619156895455,0.0019362360951099555,0.729902422771657,0.729902422771657,0.04159473046396467,0.016405269536035383,0.8384646215514955,0.8435384631156921,0.15523077080799985,0.0972307708079998,0.8001538515090942,0.11184615920140195,0.0538461592014019,0.8936627507209778,0.2053550584132855,0.14735505841328544,0.8932143449783325,0.20490665267064023,0.14690665267064018,0.8580971951592491,0.1697895028515568,0.11178950285155675
corr_target_zoom_blur_sev1,119,6500,False,True,False,0.6610769230769231,0.6610769230769231,0.7324615384615385,0.6677597868415659,0.7587835334056452,0.006682863764642777,0.026321994944106697,0.7119179765448533,0.7119179765448533,0.05084105346793022,0.02054356191668516,0.8365712157431189,0.8450769186019897,0.18399999552506663,0.11261538014045125,0.8047692179679871,0.14369229489106394,0.07230767950644856,0.8922116160392761,0.231134692962353,0.15975007757773763,0.8917632102966309,0.23068628721970774,0.15930167183509236,0.8448647173424086,0.18378779426548553,0.11240317888087015
corr_target_zoom_blur_sev2,120,6500,False,True,False,0.6196923076923077,0.6196923076923077,0.7001538461538461,0.6187845303867403,0.7389226334259144,0.0009077773055673477,0.03876878727206823,0.6513736685527861,0.6551116033405014,0.03168136086047846,0.04504224281334468,0.8025133512393499,0.8110768795013428,0.19138457180903512,0.11092303334749665,0.754153847694397,0.13446154000208932,0.054000001540550846,0.8696790933609009,0.24998678566859323,0.16952524720705475,0.8692306876182556,0.24953837992594796,0.1690768414644095,0.8217729108647496,0.20208060317244192,0.12161906471090345
corr_target_zoom_blur_sev3,121,6500,False,True,False,0.5713846153846154,0.5713846153846154,0.688923076923077,0.5507246376811594,0.7030374676914936,0.020659977703455956,0.014114390768416585,0.5944207178652465,0.6193749761947922,0.02303610248063115,0.06954810072828477,0.7731353772383653,0.7798461318016052,0.20846151641698984,0.09092305487852825,0.7143076658248901,0.14292305044027476,0.025384588901813165,0.8506947159767151,0.2793101005920997,0.16177163905363812,0.8502463102340698,0.27886169484945444,0.16132323331099285,0.8060991845880937,0.23471456920347833,0.11717610766501674
corr_target_zoom_blur_sev4,122,6500,False,True,False,0.5361538461538462,0.5361538461538462,0.6746153846153846,0.4995383194829178,0.7049436235396402,0.03661552667092838,0.030328238924255624,0.5502768720603308,0.6158680476527836,0.01412302590648462,0.05874733696260104,0.748895618681677,0.7504615187644958,0.21430767261064965,0.07584613414911123,0.6766153573989868,0.1404615112451406,0.0019999727836021997,0.8336954712867737,0.2975416251329275,0.15908008667138906,0.8332470655441284,0.2970932193902822,0.1586316809287438,0.785426541700632,0.24927269554678577,0.11081115708524736
corr_target_zoom_blur_sev5,123,6500,False,True,False,0.492,0.492,0.6661538461538462,0.4021632251720747,0.7018210726402048,0.08983677482792529,0.03566722648635856,0.4870053106689278,0.5979544840528119,0.004994689331072166,0.06819936210103428,0.7236595926521254,0.7210769057273865,0.22907690572738648,0.05492305957354027,0.6372307538986206,0.1452307538986206,0.028923092255225602,0.8176829814910889,0.3256829814910889,0.15152913533724266,0.8172345757484436,0.3252345757484436,0.1510807295945974,0.7511838237284949,0.2591838237284949,0.0850299775746487
corr_target_snow_sev1,124,6500,False,True,False,0.6775384615384615,0.6775384615384615,0.7392307692307692,0.6968724939855653,0.7536249848785965,0.019334032447103744,0.01439421564782728,0.73677043772331,0.73677043772331,0.059231976184848434,0.002460331507459279,0.835005577742915,0.845230758190155,0.1676922966516935,0.10599998895938578,0.8024615049362183,0.12492304339775673,0.06323073570544901,0.8911116123199463,0.21357315078148476,0.15188084308917704,0.890663206577301,0.2131247450388395,0.15143243734653178,0.8500723832812226,0.17253392174276105,0.11084161405045334
corr_target_snow_sev2,125,6500,False,True,False,0.5587692307692308,0.5587692307692308,0.7007692307692308,0.5429275947097063,0.6914013683415452,0.01584163605952449,0.009367862427685614,0.6028489790617775,0.6087612602370069,0.04407974829254668,0.09200797053222387,0.76270992526879,0.7616922855377197,0.20292305476848893,0.060923054768488916,0.6955384612083435,0.1367692304391127,0.005230769560887305,0.8415354490280151,0.28276621825878434,0.14076621825878433,0.8410870432853699,0.2823178125161391,0.14031781251613906,0.7677188650689232,0.20894963429969238,0.06694963429969236
corr_target_snow_sev3,126,6500,False,True,False,0.5675384615384615,0.5675384615384615,0.716,0.48414179104477617,0.7027908173590365,0.08339667049368538,0.01320918264096349,0.5725280523109717,0.594400669530677,0.004989590772510155,0.12159933046932292,0.7537084234174999,0.7561538219451904,0.18861536040672888,0.04015382194519046,0.6789230704307556,0.11138460889229407,0.037076929569244355,0.8362749218940735,0.26873646035561194,0.12027492189407352,0.8358265161514282,0.2682880546129667,0.11982651615142825,0.7754582056271584,0.20791974408869685,0.05945820562715842
corr_target_snow_sev4,127,6500,False,True,False,0.49615384615384617,0.49615384615384617,0.6896923076923077,0.3324781939456132,0.7469572023627472,0.163675652208233,0.05726489467043949,0.457610161960531,0.605111569188975,0.038543684193315164,0.0845807385033327,0.6938223770597461,0.6824615001678467,0.1863076540140005,0.007230807524461036,0.5918461680412292,0.09569232188738308,0.09784613965107847,0.7942423820495605,0.2980885358957144,0.10455007435725283,0.7937939763069153,0.2976401301530691,0.10410166861460757,0.7278873998954255,0.23173355374157933,0.038195092203117786
corr_target_snow_sev5,128,6500,False,True,False,0.43538461538461537,0.43538461538461537,0.6961538461538461,0.19844789356984482,0.8411659827499139,0.23693672181477055,0.14501213659606782,0.3646099417426475,0.6667111402606378,0.07077467364196788,0.0294427058932083,0.6404554137200718,0.6189230680465698,0.18353845266195445,0.0772307781072763,0.5050768852233887,0.0696922698387733,0.19107696093045745,0.7540419697761536,0.3186573543915382,0.05788812362230744,0.7535935640335083,0.31820894864889293,0.05743971787966218,0.6616661249838107,0.22628150959919535,0.0344877211700354
corr_target_defocus_blur_sev1,129,6500,False,True,False,0.6744615384615384,0.6744615384615384,0.7267692307692307,0.6769794422959495,0.7701150202447671,0.002517903834411084,0.043345789475536356,0.7236750942896578,0.7236750942896578,0.04921355582811937,0.0030941364795729065,0.8473448637182599,0.8604615330696106,0.18599999460807215,0.13369230230037987,0.8273845911026001,0.15292305264106165,0.10061536033336937,0.9005314707756042,0.2260699323140658,0.17376224000637353,0.900083065032959,0.22562152657142054,0.17331383426372826,0.8287851227096769,0.1543235842481384,0.10201589194044614
corr_target_defocus_blur_sev2,130,6500,False,True,False,0.6312307692307693,0.6312307692307693,0.696923076923077,0.632442667788765,0.7473163999720374,0.0012118985579957497,0.05039332304896038,0.6580904530255278,0.6793901303343897,0.02685968379475856,0.017532946588687315,0.8177081325502962,0.8264614939689636,0.19523072473819436,0.12953841704588664,0.7798461318016052,0.14861536257083596,0.08292305487852825,0.8804805278778076,0.24924975864703836,0.18355745095473064,0.8800321221351624,0.2488013529043931,0.18310904521208538,0.7890623982635259,0.1578316290327566,0.09213932134044889
corr_target_defocus_blur_sev3,131,6500,False,True,False,0.5072307692307693,0.5072307692307693,0.6610769230769231,0.4648086915446386,0.7532456828916454,0.042422077686130655,0.09216875981472228,0.49879798251814567,0.6773333071134643,0.008432786712623597,0.01625638403654117,0.746110050637152,0.744615375995636,0.23738460676486672,0.08353845291871287,0.6752307415008545,0.16799997227008523,0.014153818423931375,0.8319444060325623,0.324713636801793,0.17086748295563914,0.831496000289917,0.32426523105914773,0.17041907721299387,0.6797503418668416,0.17251957263607232,0.01867341878991846
corr_target_defocus_blur_sev4,132,6500,False,True,False,0.4103076923076923,0.4103076923076923,0.6572307692307693,0.3221476510067114,0.7970587754781961,0.08816004130098093,0.13982800624742686,0.366121927657994,0.7188139958020389,0.04418576464969831,0.06158322657126958,0.6879966087281908,0.6835384368896484,0.2732307445819561,0.026307667658879152,0.5878461599349976,0.17753846762730524,0.06938460929577173,0.7928602695465088,0.38255257723881647,0.1356295003157395,0.7924118638038635,0.3821041714961712,0.13518109457309424,0.5849919361247995,0.17468424381710718,0.07223883310596979
corr_target_defocus_blur_sev5,133,6500,False,True,False,0.3346153846153846,0.3346153846153846,0.695076923076923,0.13486370157819227,0.910603161455681,0.19975168303719232,0.21552623837875795,0.2799487541479402,0.7539864994070712,0.05466663046744441,0.05890957633014815,0.6338715759352561,0.6309230923652649,0.2963077077498803,0.06415383071165814,0.5163077116012573,0.18169232698587273,0.1787692114756657,0.7587379813194275,0.4241225967040429,0.06366105824250445,0.7582895755767822,0.42367419096139763,0.06321265249985919,0.5193492532670502,0.18473386865166558,0.17572766980987287
corr_target_glass_blur_sev1,134,6500,False,True,False,0.6656923076923077,0.6656923076923077,0.7318461538461538,0.7237384645591989,0.780902414762347,0.058046156866891185,0.049056260916193195,0.7343489395751285,0.7343960930193151,0.06865663188282078,0.002549939173161264,0.8455893482422867,0.8515384197235107,0.18584611203120305,0.11969226587735693,0.8209230899810791,0.1552307822887714,0.08907693613492529,0.8968250751495361,0.23113276745722844,0.16497892130338232,0.8963766694068909,0.23068436171458317,0.16453051556073706,0.821915838703697,0.1562235310113893,0.09006968485754319
corr_target_glass_blur_sev2,135,6500,False,True,False,0.5856923076923077,0.5856923076923077,0.7044615384615385,0.6860723670911664,0.7496664763743582,0.10038005939885863,0.045204937912819765,0.6706269964850937,0.6983883450433557,0.08493468879278598,0.0060731934181827985,0.8085839305646642,0.8138461112976074,0.2281538036052997,0.10938457283606895,0.7647691965103149,0.1790768888180072,0.06030765804877647,0.8725404739379883,0.28684816624568055,0.1680789354764498,0.872092068195343,0.2863997605030353,0.16763052973380455,0.7530534923422394,0.16736118464993166,0.04859195388070092
corr_target_glass_blur_sev3,136,6500,False,True,False,0.3913846153846154,0.3913846153846154,0.6761538461538461,0.6994797919167667,0.7200347705289754,0.3080951765321513,0.04388092437512925,0.5937934782357155,0.6698906303920875,0.2024088628511001,0.006263215761758589,0.7339754394856879,0.7349230647087097,0.34353844932409433,0.05876921855486361,0.6641538143157959,0.2727691989311805,0.012000031838050207,0.8226138949394226,0.4312292795548072,0.1464600487855765,0.8221654891967773,0.43078087381216196,0.14601164304293124,0.5770559889991507,0.18567137361453528,0.09909785715469543
corr_target_glass_blur_sev4,137,6500,False,True,False,0.33276923076923076,0.33276923076923076,0.7021538461538461,0.6427229066610983,0.6893004919934791,0.30995367589186756,0.012853354160367036,0.5302685934554736,0.6544199369531439,0.19749936268624285,0.047733909200702196,0.6981921780021022,0.6981538534164429,0.3653846226472121,0.003999992737403257,0.6116923093795776,0.2789230786103469,0.09046153677426849,0.7993378639221191,0.4665686331528884,0.09718401776827301,0.7988894581794739,0.4661202274102431,0.09673561202562775,0.5315333434239171,0.19876411265468635,0.170620502729929
corr_target_glass_blur_sev5,138,6500,False,True,False,0.2893846153846154,0.2893846153846154,0.7295384615384616,0.44646271510516256,0.660123737248454,0.15707809972054715,0.06941472429000761,0.3807027736491997,0.6797008375190322,0.09131815826458428,0.04983762401942937,0.6334207806177834,0.6176922917366028,0.3283076763519874,0.1118461698018588,0.5075384378433228,0.21815382245870735,0.22200002369513883,0.7542783617973328,0.46489374641271736,0.024739900258871184,0.7538299560546875,0.4644453406700721,0.02429149451622592,0.49268308752998613,0.20329847214537072,0.23685537400847545
corr_target_gaussian_noise_sev1,139,6500,False,True,False,0.7018461538461539,0.7018461538461539,0.7392307692307692,0.7456580470860673,0.7789811435105702,0.04381189323991341,0.03975037427980099,0.7735973024016285,0.7735973024016285,0.0717511485554746,0.03436653317085925,0.8608688541924211,0.8710768818855286,0.16923072803937467,0.13184611265475932,0.8378461599349976,0.13600000608884366,0.09861539070422831,0.9077442288398743,0.20589807499372037,0.16851345960910502,0.907295823097229,0.2054496692510751,0.16806505386645976,0.8663493582884005,0.16450320444224664,0.1271185890576313
corr_target_gaussian_noise_sev2,140,6500,False,True,False,0.638,0.638,0.7118461538461538,0.6844768265533294,0.7362425656205153,0.04647682655332941,0.02439641177436147,0.7172562657919143,0.7177435413366597,0.07925626579191425,0.005897387490505945,0.8335837228243622,0.842769205570221,0.20476920557022094,0.13092305172406715,0.8004615306854248,0.1624615306854248,0.08861537683927101,0.8910689949989319,0.2530689949989319,0.1792228411527781,0.8906205892562866,0.2526205892562866,0.17877443541013283,0.827856173038283,0.18985617303828295,0.11601001919212917
corr_target_gaussian_noise_sev3,141,6500,False,True,False,0.5390769230769231,0.5390769230769231,0.684,0.5581188997338066,0.7035246406137617,0.019041976656883453,0.01952464061376169,0.5964667771009751,0.6062937987623432,0.057389854024051945,0.07770620123765681,0.7823672201102609,0.7918461561203003,0.2527692330433772,0.10784615612030024,0.7239999771118164,0.18492305403489329,0.039999977111816354,0.8575524687767029,0.31847554569977976,0.17355246877670283,0.8571040630340576,0.3180271399571345,0.17310406303405756,0.7517648874828977,0.2126879644059746,0.06776488748289766
corr_target_gaussian_noise_sev4,142,6500,False,True,False,0.38476923076923075,0.38476923076923075,0.692923076923077,0.2403898213318896,0.8324169624355242,0.14437940943734115,0.13949388551244724,0.3712606684854589,0.687940538067876,0.013508562283771841,0.004982538855200946,0.7216965214526391,0.7223076820373535,0.33753845126812276,0.02938460511427654,0.6346153616905212,0.2498461309212905,0.058307715232555735,0.8175909519195557,0.4328217211503249,0.12466787499647869,0.8171425461769104,0.43237331540767965,0.12421946925383343,0.6021032408871678,0.21733401011793707,0.09081983603590915
corr_target_gaussian_noise_sev5,143,6500,False,True,False,0.20753846153846153,0.20753846153846153,0.8046153846153846,0.0,1.0,0.20753846153846153,0.19538461538461538,0.07095303303470357,0.9304323399211902,0.13658542850375796,0.1258169553058056,0.7028982585015444,0.7304615378379822,0.5229230762995206,0.07415384677740244,0.6224614977836609,0.41492303624519933,0.18215388683172373,0.8173564076423645,0.6098179461039029,0.01274102302697988,0.8169080018997192,0.6093695403612577,0.012292617284334617,0.3666025140147491,0.15906405247628755,0.43801287060063554
corr_target_shot_noise_sev1,144,6500,False,True,False,0.6992307692307692,0.6992307692307692,0.7475384615384615,0.7434757394161996,0.7913073088608247,0.04424497018543039,0.04376884732236319,0.7651668247755627,0.765273061299391,0.06593605554479354,0.017734599760929504,0.8592454672495865,0.870769202709198,0.1715384334784288,0.12323074117073651,0.8387691974639893,0.13953842823322005,0.09123073592552777,0.9067749381065369,0.20754416887576765,0.15923647656807538,0.9063265323638916,0.2070957631331224,0.15878807082543012,0.8633125260552466,0.16408175682447734,0.11577406451678507
corr_target_shot_noise_sev2,145,6500,False,True,False,0.6223076923076923,0.6223076923076923,0.706,0.658687577383409,0.7409636137569038,0.036379885075716656,0.03496361375690382,0.6880459191059581,0.6880459191059581,0.0657382267982658,0.017954080894041824,0.8216092635024607,0.8270769119262695,0.2047692196185772,0.12107691192626957,0.782153844833374,0.15984615252568168,0.07615384483337406,0.8805276155471802,0.25821992323948784,0.17452761554718021,0.8800792098045349,0.2577715174968426,0.17407920980453495,0.8151831107364871,0.19287541842879474,0.10918311073648712
corr_target_shot_noise_sev3,146,6500,False,True,False,0.5146153846153846,0.5146153846153846,0.6816923076923077,0.5132662397072278,0.7051426117153223,0.0013491449081567408,0.023450304023014623,0.5648259119209853,0.609467771673513,0.050210527305600716,0.07222453601879475,0.7784256256132601,0.7826153635978699,0.2679999789824853,0.10092305590556216,0.7212307453155518,0.20661536070016717,0.03953843762324405,0.8542754650115967,0.3396600803962121,0.17258315731928897,0.8538270592689514,0.33921167465356683,0.1721347515766437,0.7286013453689618,0.21398596075357723,0.04690903767665411
corr_target_shot_noise_sev4,147,6500,False,True,False,0.3326153846153846,0.3326153846153846,0.7167692307692307,0.1311098332374928,0.9231848084992369,0.20150555137789178,0.20641557773000618,0.2941280901353527,0.7475604325136598,0.03848729448003191,0.030791201744429064,0.728872318636913,0.7452307343482971,0.41261534973291253,0.028461503579066405,0.6581538319587708,0.32553844734338616,0.05861539881045996,0.8268512487411499,0.4942358641257653,0.11008201797191919,0.8264028429985046,0.49378745838312005,0.10963361222927392,0.5361800590096435,0.2035646743942589,0.18058917175958722
corr_target_shot_noise_sev5,148,6500,False,True,False,0.2246153846153846,0.2246153846153846,0.790923076923077,0.0,1.0,0.2246153846153846,0.20907692307692305,0.09844585819405338,0.9099319387652927,0.12616952642133122,0.11900886184221571,0.7287822250484103,0.7567692399024963,0.5321538552871117,0.03415383702058061,0.6615384221076965,0.4369230374923119,0.12938465481538042,0.8325744867324829,0.6079591021170982,0.04165140980940596,0.8321260809898376,0.607510696374453,0.041203004066760696,0.3946989318289691,0.17008354721358449,0.39622414509410786
corr_target_impulse_noise_sev1,149,6500,False,True,False,0.6613846153846153,0.6613846153846153,0.7310769230769231,0.6715716329450234,0.7554000269740049,0.010187017560408074,0.02432310389708181,0.7124444885955117,0.7126487509780898,0.051059873210896334,0.018428172098833295,0.828784798786768,0.8335384726524353,0.17215385726781995,0.10246154957551223,0.7910768985748291,0.12969228319021375,0.05999997549790603,0.8858942985534668,0.22450968316885145,0.15481737547654373,0.8854458928108215,0.22406127742620618,0.15436896973389846,0.8524528510491161,0.1910682356645007,0.12137592797219299
corr_target_impulse_noise_sev2,150,6500,False,True,False,0.6003076923076923,0.6003076923076923,0.7013846153846154,0.6149584487534626,0.7057775154062934,0.014650756445770297,0.004392900021678026,0.6523071832524309,0.652848893576417,0.05199949094473855,0.04853572180819843,0.8000267420066739,0.8055384755134583,0.20523078320576593,0.10415386012884287,0.7498461604118347,0.1495384681041424,0.04846154502721933,0.8684800863265991,0.2681723940189068,0.16709547094198374,0.8680316805839539,0.26772398827626154,0.16664706519933847,0.8173750290940816,0.21706733678638923,0.11599041370946617
corr_target_impulse_noise_sev3,151,6500,False,True,False,0.5543076923076923,0.5543076923076923,0.6832307692307692,0.5280797101449275,0.7055836986286543,0.026227982162764785,0.022352929397885135,0.5788572239903624,0.6026678078590917,0.024549531682670156,0.08056296137167751,0.7726980042941799,0.7746153473854065,0.22030765507771422,0.0913845781546373,0.7087692022323608,0.15446150992466856,0.025538433001591643,0.8499086499214172,0.29560095761372496,0.16667788069064804,0.849460244178772,0.2951525518710797,0.16622947494800278,0.7717498196496263,0.21744212734193402,0.0885190504188571
corr_target_impulse_noise_sev4,152,6500,False,True,False,0.39953846153846156,0.39953846153846156,0.6956923076923077,0.19444444444444442,0.8612186704292967,0.20509401709401714,0.16552636273698895,0.34986222491738295,0.6951929509326487,0.04967623662107862,0.0004993567596590642,0.6963604496358548,0.6959999799728394,0.2964615184343778,0.00030767228053163453,0.5950769186019897,0.19553845706352818,0.10061538909031797,0.801081120967865,0.4015426594294034,0.10538881327555727,0.8006327152252197,0.40109425368675816,0.104940407532912,0.6210121400166748,0.22147367847821325,0.0746801676756329
corr_target_impulse_noise_sev5,153,6500,False,True,False,0.23276923076923076,0.23276923076923076,0.788,0.0,1.0,0.23276923076923076,0.21199999999999997,0.07916382192020222,0.9226860742968768,0.15360540884902854,0.13468607429687673,0.6618271712177547,0.673230767250061,0.4404615364808303,0.114769232749939,0.5590769052505493,0.3263076744813186,0.22892309474945072,0.7852283716201782,0.5524591408509475,0.002771628379821811,0.784779965877533,0.5520107351083022,0.0032200341224670748,0.41168702750240704,0.1789177967331763,0.376312972497593
corr_target_contrast_sev1,154,6500,False,True,False,0.6953846153846154,0.6953846153846154,0.7452307692307693,0.678324522163481,0.7573608451008336,0.01706009322113433,0.012130075870064316,0.7460658106713773,0.7460658106713773,0.05068119528676196,0.0008350414406080864,0.8608709493921537,0.870769202709198,0.17538458732458262,0.12553843347842875,0.8387691974639893,0.14338458207937388,0.09353842823322,0.9083012938499451,0.2129166784653297,0.16307052461917582,0.9078528881072998,0.21246827272268443,0.16262211887653055,0.8303101096743266,0.13492549428971123,0.08507934044355736
corr_target_contrast_sev2,155,6500,False,True,False,0.6546153846153846,0.6546153846153846,0.7226153846153847,0.6387434554973822,0.7247983403005959,0.015871929118002392,0.0021829556852112075,0.7031518956704856,0.7031518956704856,0.04853651105510104,0.01946348894489902,0.84274040040585,0.8519999980926514,0.19738461347726677,0.1293846134772667,0.8156923055648804,0.16107692094949577,0.09307692094949571,0.8972612619400024,0.24264587732461784,0.17464587732461778,0.8968128561973572,0.24219747158197258,0.17419747158197252,0.7941954070353086,0.13958002241992395,0.0715800224199239
corr_target_contrast_sev3,156,6500,False,True,False,0.5673846153846154,0.5673846153846154,0.6783076923076923,0.4844952203310795,0.6973257058638679,0.08288939505353587,0.019018013556175606,0.5814776423505728,0.5814776423505728,0.014093026965957378,0.09683004995711952,0.8037801613776883,0.811846137046814,0.2444615216621986,0.1335384447391217,0.7603076696395874,0.19292305425497203,0.08199997733189512,0.8707836270332336,0.30339901164861827,0.19247593472554136,0.8703352212905884,0.302950605905973,0.1920275289828961,0.7207518091555456,0.15336719377093022,0.04244411684785332
corr_target_contrast_sev4,157,6500,False,True,False,0.3863076923076923,0.3863076923076923,0.6806153846153846,0.0,1.0,0.3863076923076923,0.3193846153846154,0.22084848826748116,0.7796141399428217,0.16545920404021114,0.09899875532743707,0.6959103745432902,0.6966153979301453,0.31030770562245297,0.01600001331476064,0.6015384793281555,0.21523078702046322,0.0790769052872291,0.8007842302322388,0.4144765379245465,0.12016884561685415,0.8003358244895935,0.4140281321819012,0.11972043987420888,0.5538775200015427,0.16756982769385037,0.12673786461384196
corr_target_contrast_sev5,158,6500,False,True,False,0.22046153846153846,0.22046153846153846,0.7836923076923077,0.0,1.0,0.22046153846153846,0.2163076923076923,0.021377108419425642,0.9787767377344204,0.19908443004211282,0.19508443004211273,0.5362426015939957,0.5050768852233887,0.2846153467618502,0.278615422468919,0.381538450717926,0.16107691225638757,0.40215385697438166,0.686823308467865,0.4663617700063265,0.0968689992244427,0.6863749027252197,0.46591336426368124,0.09731740496708796,0.37815120700366356,0.1576896685421251,0.40554110068864413
corr_target_elastic_transform_sev1,159,6500,False,True,False,0.7303076923076923,0.7303076923076923,0.7658461538461538,0.7297244479187024,0.7804720785740059,0.0005832443889899341,0.014625924727852069,0.7819204801743035,0.7819204801743035,0.051612787866611165,0.016074326328149646,0.8711379518819493,0.8833845853805542,0.15307689307286187,0.11753843153440036,0.8566153645515442,0.12630767224385187,0.09076921070539035,0.9158235788345337,0.18551588652684137,0.14997742498837985,0.9153751730918884,0.1850674807841961,0.14952901924573458,0.8778203159515983,0.14751262364390594,0.11197416210544442
corr_target_elastic_transform_sev2,160,6500,False,True,False,0.538923076923077,0.538923076923077,0.6746153846153846,0.6301369863013699,0.7568350356577545,0.09121390937829299,0.08221965104236983,0.6785293460746185,0.6785293460746185,0.1396062691515415,0.003913961459233839,0.8040404899444669,0.8039999604225159,0.2650768834994389,0.12938457580713125,0.755384624004364,0.21646154708128706,0.0807692393889794,0.8693387508392334,0.33041567391615645,0.19472336622384878,0.8688903450965881,0.3299672681735112,0.19427496048120352,0.7131231190499414,0.17420004212686446,0.038507734434556795
corr_target_elastic_transform_sev3,161,6500,False,True,False,0.6333846153846154,0.6333846153846154,0.7263076923076923,0.6452688620258442,0.7785872864660353,0.01188424664122878,0.052279594158342935,0.6995830075521507,0.6995830075521507,0.06619839216753531,0.026724684755541572,0.8264929121792428,0.8309230804443359,0.1975384650597205,0.10461538813664362,0.7898461222648621,0.15646150688024663,0.06353842995716974,0.8848637938499451,0.25147917846532963,0.15855610154225275,0.8844153881072998,0.25103077272268437,0.15810769579960748,0.7805519509458564,0.14716733556124095,0.05424425863816407
corr_target_elastic_transform_sev4,162,6500,False,True,False,0.558923076923077,0.558923076923077,0.7046153846153846,0.5733099209833187,0.761613886552429,0.01438684406024171,0.056998501937044366,0.637875935489641,0.6624691075563698,0.07895285856656409,0.04214627705901486,0.7895384340451197,0.790461540222168,0.231538463299091,0.08584615560678333,0.7312307357788086,0.17230765885573163,0.02661535116342395,0.859324038028717,0.3004009611056401,0.1547086534133324,0.8588756322860718,0.2999525553629948,0.15426024767068713,0.7317790803006995,0.17285600337762252,0.027163695685314848
corr_target_elastic_transform_sev5,163,6500,False,True,False,0.41446153846153844,0.41446153846153844,0.6933846153846154,0.47525216983345064,0.6887224243796757,0.06079063137191221,0.0046621910049396975,0.5081332894526798,0.6228923704450875,0.09367175099114133,0.07049224493952788,0.701505670904257,0.6923076510429382,0.2778461125813998,0.0010769643416771446,0.6041538119316101,0.18969227347007167,0.08923080345300527,0.7993360757827759,0.38487453732123744,0.1059514603981605,0.7988876700401306,0.3844261315785922,0.10550305465551524,0.6532925775699179,0.23883103910837944,0.0400920378146975
corr_target_pixelate_sev1,164,6500,False,True,False,0.7135384615384616,0.7135384615384616,0.7589230769230769,0.7459000578815358,0.7710240107717905,0.03236159634307423,0.01210093384871358,0.7825758663728494,0.7825758663728494,0.0690374048343878,0.02365278944977245,0.872834801765409,0.8859999775886536,0.172461516050192,0.12707690066557664,0.8583076596260071,0.14476919808754551,0.09938458270293016,0.9168748259544373,0.2033363644159757,0.15795174903136033,0.916426420211792,0.20288795867333043,0.15750334328871507,0.8612888292318326,0.14775036769337102,0.10236575230875566
corr_target_pixelate_sev2,165,6500,False,True,False,0.7024615384615385,0.7024615384615385,0.7467692307692307,0.7415295256534365,0.7737001103950902,0.03906798719189808,0.026930879625859494,0.7733470455049543,0.7735821528860731,0.07088550704341579,0.026812922116842386,0.8664504662801341,0.8753846287727356,0.17292309031119713,0.12861539800350485,0.849384605884552,0.14692306742301353,0.10261537511532126,0.9112341403961182,0.2087726019345797,0.16446490962688742,0.9107857346534729,0.20832419619193443,0.16401650388424216,0.8525035459569299,0.15004200749539143,0.10573431518769916
corr_target_pixelate_sev3,166,6500,False,True,False,0.6278461538461538,0.6278461538461538,0.7203076923076923,0.6828774062816616,0.7399834081979764,0.05503125243550777,0.01967571589028405,0.7121252708118557,0.7124742364216453,0.0842791169657019,0.007833455886047003,0.8344642305119979,0.8406153917312622,0.21276923788510838,0.12030769942356989,0.8036922812461853,0.17584612740003147,0.08338458893849299,0.8901526927947998,0.262306538948646,0.1698450004871075,0.8897042870521545,0.2618581332060007,0.16939659474446223,0.7934565708593817,0.16561041701322787,0.07314887855168939
corr_target_pixelate_sev4,167,6500,False,True,False,0.5318461538461539,0.5318461538461539,0.7109230769230769,0.6289812275891162,0.6762437947383796,0.09713507374296237,0.03467928218469729,0.6519580446381085,0.6523883328180899,0.12011189079195461,0.058534744104986935,0.7963195479797605,0.8047692179679871,0.2729230641218332,0.09384614104491018,0.7495384216308594,0.21769226778470552,0.038615344707782495,0.8650955557823181,0.33324940193616426,0.15417247885924124,0.8646471500396729,0.332800996193519,0.15372407311659597,0.6951079561208581,0.16326180227470422,0.015815120802218807
corr_target_pixelate_sev5,168,6500,False,True,False,0.46876923076923077,0.46876923076923077,0.7135384615384616,0.6042516641614774,0.6492347715086813,0.13548243339224658,0.06430369002978031,0.6324756363631994,0.6324756363631994,0.1637064055939686,0.0810628251752622,0.7706618630040183,0.7807692289352417,0.31199999816601093,0.06723076739678013,0.712461531162262,0.2436923003930312,0.001076930376199603,0.8493223190307617,0.38055308826153095,0.13578385749230015,0.8488739132881165,0.3801046825188857,0.1353354517496549,0.6274236558508313,0.1586544250816005,0.0861148056876303
corr_target_jpeg_compression_sev1,169,6500,False,True,False,0.7307692307692307,0.7307692307692307,0.7690769230769231,0.7512007684918348,0.7915053866794366,0.020431537722604087,0.022428463602513493,0.7974723081445508,0.7974723081445508,0.06670307737532011,0.028395385067627732,0.877482347622321,0.8904615044593811,0.15969227369015038,0.121384581382458,0.8641538023948669,0.13338457162563622,0.09507687931794384,0.9194800853729248,0.18871085460369408,0.1504031622960017,0.9190316796302795,0.18826244886104881,0.14995475655335644,0.8705743427093815,0.13980511194015077,0.1014974196324584
corr_target_jpeg_compression_sev2,170,6500,False,True,False,0.7121538461538461,0.7121538461538461,0.754,0.7427466150870404,0.7837382825543311,0.030592768933194292,0.029738282554331086,0.783337690996936,0.783337690996936,0.07118384484308982,0.02933769099693595,0.868030639728483,0.8789230585098267,0.16676921235598052,0.12492305850982666,0.8498461246490479,0.13769227849520171,0.09584612464904785,0.9135163426399231,0.20136249648607696,0.1595163426399231,0.9130679368972778,0.2009140907434317,0.15906793689727783,0.8586414295430389,0.14648758338919277,0.1046414295430389
corr_target_jpeg_compression_sev3,171,6500,False,True,False,0.6992307692307692,0.6992307692307692,0.7410769230769231,0.7302207462394998,0.7769971367322293,0.03098997700873063,0.03592021365530618,0.772671404766999,0.772671404766999,0.07344063553622981,0.03159448169007595,0.8600474049472487,0.8746153712272644,0.1753846019964952,0.13353844815034133,0.8409230709075928,0.14169230167682356,0.0998461478306697,0.9091612696647644,0.2099305004339952,0.16808434658784133,0.9087128639221191,0.20948209469134993,0.16763594084519606,0.8499410646115956,0.15071029538082636,0.1088641415346725
corr_target_jpeg_compression_sev4,172,6500,False,True,False,0.6529230769230769,0.6529230769230769,0.7207692307692307,0.6971336941270796,0.7382428435933888,0.044210617204002656,0.017473612824158047,0.7201161156702001,0.7204911652480644,0.06719303874712312,0.0002780655211662708,0.8256989624305613,0.8329230546951294,0.17999997777205246,0.11215382392589868,0.7879999876022339,0.13507691067915695,0.06723075683300317,0.8847960829734802,0.23187300605040329,0.1640268522042495,0.884347677230835,0.23142460030775802,0.16357844646160424,0.8073611842084505,0.15443810728537355,0.08659195343921977
corr_target_jpeg_compression_sev5,173,6500,False,True,False,0.5512307692307692,0.5512307692307692,0.6906153846153846,0.6404517883288013,0.7132838171449914,0.08922101909803215,0.02266843252960682,0.6419642462518038,0.6496918179687491,0.09073347702103463,0.040923566646635545,0.7656145268481247,0.7599999904632568,0.20876922123248765,0.0693846058478722,0.6943076848983765,0.14307691566760727,0.003692300282991834,0.8422439694404602,0.291013200209691,0.15162858482507557,0.8417955636978149,0.29056479446704575,0.1511801790824303,0.7237363090628003,0.1725055398320311,0.033120924447415656
corr_target_speckle_noise_sev1,174,6500,False,True,False,0.7164615384615385,0.7164615384615385,0.7516923076923077,0.7519201228878648,0.7902378088069963,0.03545858442632632,0.038545501114688685,0.7790190970623783,0.7790264842066171,0.06255755860083978,0.02733417651430947,0.8682495881005424,0.8826153874397278,0.1661538489781893,0.13092307974742012,0.8553845882415771,0.13892304978003867,0.10369228054926949,0.9136338233947754,0.1971722849332369,0.16194151570246773,0.9131854176521301,0.19672387919059164,0.16149310995982247,0.8696789139007324,0.1532173754391939,0.11798660620842472
corr_target_speckle_noise_sev2,175,6500,False,True,False,0.682923076923077,0.682923076923077,0.7321538461538462,0.71946414499606,0.7618824371523039,0.036541068072983074,0.029728590998457705,0.7401102218779702,0.7401186142725895,0.05718714495489319,0.00796476811874336,0.8493229941658245,0.8564615249633789,0.17353844804030194,0.12430767880953275,0.8263076543807983,0.14338457745772137,0.09415380822695218,0.9004069566726685,0.2174838797495915,0.1682531105188223,0.8999585509300232,0.21703547400694623,0.16780470477617704,0.8492583913889211,0.16633531446584415,0.11710454523507496
corr_target_speckle_noise_sev3,176,6500,False,True,False,0.5452307692307692,0.5452307692307692,0.680923076923077,0.5832606800348736,0.7098476460073596,0.03802991080410445,0.028924569084282648,0.6016147067338476,0.6214388266696599,0.05638393750307846,0.05948425025341708,0.7979807794677656,0.80353844165802,0.25830767242725083,0.12261536473494306,0.7521538138389587,0.20692304460818955,0.07123073691588178,0.8672317862510681,0.32200101702029893,0.18630870932799115,0.8667833805084229,0.32155261127765367,0.1858603035853459,0.7504191652731741,0.2051883960424049,0.06949608835009713
corr_target_speckle_noise_sev4,177,6500,False,True,False,0.458,0.458,0.6661538461538462,0.46553352219074595,0.7173011234785455,0.007533522190745934,0.05114727732469926,0.502094760323013,0.6333405772125583,0.044094760323013016,0.03281326894128789,0.7752131606232129,0.7847692370414734,0.32676923704147337,0.11861539088762718,0.7236922979354858,0.2656922979354858,0.05753845178163963,0.8543980717658997,0.39639807176589964,0.18824422561205345,0.8539496660232544,0.3959496660232544,0.1877958198694082,0.6722317151775529,0.21423171517755285,0.006077869023706661
corr_target_speckle_noise_sev5,178,6500,False,True,False,0.3575384615384615,0.3575384615384615,0.694,0.2795129698253044,0.8043645748522401,0.07802549171315715,0.11036457485224016,0.3632829351763945,0.7023739990139068,0.005744473637932956,0.008373999013906896,0.7577598849504802,0.7729230523109436,0.4153845907724821,0.07892305231094365,0.6992307305335999,0.3416922689951383,0.005230730533599903,0.8434750437736511,0.4859365822351896,0.14947504377365117,0.8430266380310059,0.48548817649254433,0.1490266380310059,0.5618433492118892,0.20430488767342764,0.13215665078811079
corr_target_spatter_sev1,179,6500,False,True,False,0.7558461538461538,0.7558461538461538,0.7838461538461539,0.7680060652009097,0.8064635064174033,0.012159911354755915,0.022617352571249416,0.8125026416880782,0.8125026416880782,0.05665648784192434,0.028656487841924316,0.8832389088877082,0.8950769305229187,0.13923077667676487,0.11123077667676484,0.8698461651802063,0.11400001133405246,0.08600001133405244,0.9241011142730713,0.16825496042691745,0.14025496042691743,0.923652708530426,0.1678065546842722,0.13980655468427217,0.8885402997774189,0.13269414593126505,0.10469414593126503
corr_target_spatter_sev2,180,6500,False,True,False,0.7081538461538461,0.7081538461538461,0.7656923076923077,0.7267384916748286,0.7693943590039044,0.01858464552098249,0.0037020513115967324,0.7601437968508398,0.7601437968508398,0.051989950696993636,0.005548510841467902,0.8446666746600321,0.8516923189163208,0.14353847276247467,0.08600001122401313,0.8186153769493103,0.11046153079546417,0.05292306925700263,0.8977513313293457,0.18959748517549957,0.13205902363703803,0.8973029255867004,0.1891490794328543,0.13161061789439277,0.8648831061242653,0.1567292599704192,0.09919079843195766
corr_target_spatter_sev3,181,6500,False,True,False,0.6684615384615384,0.6684615384615384,0.7341538461538462,0.6950411563942983,0.7363805015593985,0.02657961793275987,0.0022266554055523358,0.715249323060047,0.715249323060047,0.04678778459850852,0.018904523093799197,0.8187726249644529,0.826769232749939,0.15830769428840052,0.09261538659609281,0.7770769000053406,0.10861536154380214,0.04292305385149442,0.8791812658309937,0.2107197273694552,0.1450274196771475,0.8787328600883484,0.21027132162680995,0.14457901393450223,0.8377843441218504,0.169322805660312,0.10363049796800428
corr_target_spatter_sev4,182,6500,False,True,False,0.5401538461538462,0.5401538461538462,0.6786153846153846,0.607242339832869,0.693262183646141,0.06708849367902281,0.014646799030756386,0.6184471258771626,0.6249896709869873,0.07829327972331634,0.0536257136283973,0.7928608970211298,0.7955384254455566,0.25538457929171043,0.11692304083017202,0.7463076710700989,0.20615382491625267,0.06769228645471426,0.8619335889816284,0.3217797428277822,0.1833182043662438,0.8614851832389832,0.32133133708513695,0.18286979862359853,0.7445229277073692,0.20436908155352296,0.06590754309198454
corr_target_spatter_sev5,183,6500,False,True,False,0.4644615384615385,0.4644615384615385,0.6556923076923077,0.5357062401441766,0.6934164306632769,0.07124470168263808,0.037724122970969165,0.5565611624149853,0.6209853869338768,0.09209962395344684,0.03470692075843085,0.771008356659801,0.7798461318016052,0.31538459334006674,0.12415382410929754,0.719076931476593,0.25461539301505454,0.06338462378428533,0.848974883556366,0.3845133450948275,0.19328257586405828,0.8485264778137207,0.3840649393521822,0.19283417012141302,0.6789724636705932,0.21451092520905468,0.023280155978285477
corr_target_gaussian_blur_sev1,184,6500,False,True,False,0.7270769230769231,0.7270769230769231,0.7636923076923077,0.7512007684918348,0.792735233682189,0.02412384541491175,0.02904292598988134,0.7884060134393074,0.7884134631734948,0.06132909036238432,0.02472115548118714,0.8748241939115363,0.8886153697967529,0.16153844671982986,0.12492306210444526,0.8647692203521729,0.1376922972752498,0.10107691265986518,0.9183135628700256,0.19123663979310257,0.15462125517771796,0.9178651571273804,0.1907882340504573,0.1541728494350727,0.8696134908611338,0.14253656778421075,0.10592118316882615
corr_target_gaussian_blur_sev2,185,6500,False,True,False,0.6523076923076923,0.6523076923076923,0.7112307692307692,0.6536868268434135,0.7599314177801425,0.0013791345357212492,0.04870064854937328,0.6904762866767752,0.6907697360486774,0.03816859436908293,0.020461033182091803,0.8313279784122249,0.8433846235275269,0.1910769312198346,0.13215385429675763,0.8006153702735901,0.14830767796589783,0.08938460104282087,0.8896863460540771,0.2373786537463849,0.17845557682330793,0.8892379403114319,0.23693024800373963,0.17800717108066266,0.8078864017354593,0.15557870942776708,0.09665563250469011
corr_target_gaussian_blur_sev3,186,6500,False,True,False,0.5601538461538461,0.5601538461538461,0.6681538461538462,0.5333935018050542,0.7524584984114782,0.02676034434879193,0.08430465225763195,0.5748189711035554,0.6670935903931565,0.014665124949709285,0.0010602557606896879,0.77854426629812,0.7878461480140686,0.2276923018602225,0.1196923018602224,0.7247692346572876,0.16461538850344148,0.05661538850344139,0.8549765944480896,0.2948227482942435,0.1868227482942434,0.8545281887054443,0.2943743425515982,0.18637434255159813,0.7269242185890131,0.166770372435167,0.05877037243516692
corr_target_gaussian_blur_sev4,187,6500,False,True,False,0.44953846153846155,0.44953846153846155,0.6561538461538462,0.3910891089108911,0.7687265285033378,0.05844935262757045,0.11257268234949158,0.4554043771072164,0.6737384122968265,0.00586591556875482,0.017584566142980318,0.7179624826791515,0.7156922817230225,0.2661538201845609,0.05953843556917626,0.6330769062042236,0.18353844466576208,0.023076939949622566,0.813413679599762,0.3638752180613004,0.15725983344591576,0.8129652738571167,0.36342681231865515,0.1568114277032705,0.6263652602797182,0.17682679874125662,0.029788585874128026
corr_target_gaussian_blur_sev5,188,6500,False,True,False,0.2893846153846154,0.2893846153846154,0.7266153846153847,0.09048178613396007,0.9505485998501626,0.19890282925065533,0.22393321523477794,0.29264870548342825,0.7351844879863193,0.003264090098812844,0.008569103370934639,0.6240743565105099,0.6136922836303711,0.3243076682457557,0.11292310098501357,0.4927692115306854,0.20338459614607002,0.23384617308469924,0.7533554434776306,0.4639708280930152,0.026740058862245952,0.7529070377349854,0.46352242235036994,0.02629165311960069,0.4765183349056409,0.18713371952102548,0.2500970497097438
corr_target_saturate_sev1,189,6500,False,True,False,0.7352307692307692,0.7352307692307692,0.7758461538461539,0.7446890691386637,0.7752586799918494,0.009458299907894485,0.0005874738543044655,0.7881354866970312,0.7881354866970312,0.05290471746626191,0.0122893328508773,0.8733193167035785,0.8812307715415955,0.14600000231082622,0.10538461769544161,0.8558461666107178,0.12061539737994853,0.08000001276456392,0.9169125556945801,0.18168178646381083,0.14106640184842623,0.9164641499519348,0.18123338072116557,0.14061799610578096,0.8734667426027788,0.13823597337200955,0.09762058875662494
corr_target_saturate_sev2,190,6500,False,True,False,0.7173846153846154,0.7173846153846154,0.7656923076923077,0.704405022922065,0.7664417360220391,0.012979592462550427,0.0007494283297314608,0.7618387564638456,0.7618387564638456,0.04445414107923018,0.003853551228462093,0.8580437392529427,0.868461549282074,0.15107693389745858,0.1027692415897663,0.8313845992088318,0.11399998382421639,0.06569229151652412,0.9067016243934631,0.18931700900884774,0.14100931670115546,0.9062532186508179,0.18886860326620247,0.1405609109585102,0.8722579136835003,0.15487329829888485,0.10656560599119258
corr_target_saturate_sev3,191,6500,False,True,False,0.7526153846153846,0.7526153846153846,0.7884615384615384,0.7502403383964622,0.7932630915069677,0.002375046218922372,0.004801553045429285,0.8038046713964707,0.8039638745026407,0.05118928678108614,0.015502336041102294,0.8811388640057014,0.891076922416687,0.13846153780130244,0.10261538395514858,0.8700000047683716,0.11738462015298701,0.08153846630683315,0.9222851395606995,0.1696697549453149,0.13382360109916103,0.9218367338180542,0.16922134920266962,0.13337519535651576,0.8952402972275225,0.14262491261213794,0.10677875876598408
corr_target_saturate_sev4,192,6500,False,True,False,0.7036923076923077,0.7036923076923077,0.7595384615384615,0.6945169712793734,0.7678773949178097,0.009175336412934332,0.008338933379348212,0.7497952780543395,0.7497952780543395,0.046102970362031814,0.009743183484121953,0.8524419608678033,0.8583076596260071,0.15461535193369935,0.09876919808754558,0.8232307434082031,0.1195384357158954,0.06369228186974163,0.9022179841995239,0.1985256765072162,0.14267952266106243,0.9017695784568787,0.19807727076457093,0.14223111691841717,0.8702404653279323,0.16654815763562458,0.11070200378947082
corr_target_saturate_sev5,193,6500,False,True,False,0.6372307692307693,0.6372307692307693,0.7176923076923077,0.6143679386058409,0.7486114686426393,0.022862830624928332,0.030919160950331537,0.6754226502076753,0.6754226502076753,0.03819188097690607,0.042269657484632406,0.8217345826364683,0.8270769119262695,0.18984614269550026,0.10938460423396179,0.7895384430885315,0.15230767385776223,0.07184613539622375,0.8808770179748535,0.24364624874408425,0.16318471028254578,0.8804286122322083,0.24319784300143898,0.1627363045399005,0.825077858727221,0.18784708949645168,0.10738555103491321
