testset,testset_idx,n_samples,is_source,is_target,is_clean,true_acc,acc_st_true,acc_ta_true,acc_st_tdc,acc_ta_tdc,err_st_tdc,err_ta_tdc,acc_st_mm,acc_ta_mm,err_st_mm,err_ta_mm,mano_fro_norm,est_ATC,err_ATC,err_ta_ATC,est_ATC-NE,err_ATC-NE,err_ta_ATC-NE,est_AC,err_AC,err_ta_AC,est_DOC,err_DOC,err_ta_DOC,est_COT,err_COT,err_ta_COT
val_source,0,10000,True,False,True,0.9904,0.9904,0.9905,0.9992995096567598,0.9992995096567598,0.008899509656759896,0.008799509656759796,0.9995483174564568,0.9995483174564568,0.009148317456456834,0.009048317456456734,0.9931502441350186,0.9791999459266663,0.011200054073333687,0.011300054073333787,0.9784999489784241,0.011900051021575875,0.012000051021575975,0.9950456619262695,0.004645661926269584,0.004545661926269484,0.9950388669967651,0.00463886699676519,0.00453886699676509,0.9819156702619167,0.008484329738083218,0.008584329738083318
val_target,1,44017,False,True,True,0.8251811799986369,0.8251811799986369,0.82865710975305,0.9948850272874661,0.9949091285841452,0.16970384728882915,0.1662520188310952,0.9847530985234612,0.9847530985234612,0.15957191852482422,0.1560959887704112,0.9422570033815825,0.8269305229187012,0.001749342920064234,0.0017265868343487867,0.8182747960090637,0.006906383989573217,0.010382313743986238,0.9548120498657227,0.12963086986708572,0.1261549401126727,0.9548052549362183,0.12962407493758132,0.1261481451831683,0.9070206928909939,0.08183951289235691,0.07836358313794389
imagenet_val_source,2,1700,True,False,True,0.9847058823529412,0.9847058823529412,0.9858823529411764,0.9982321744254568,0.9988238760442304,0.013526292072515544,0.012941523103053965,0.9987088390649209,0.9987764899197358,0.014002956711979708,0.012894136978559345,0.9891610305884211,0.9711764454841614,0.013529436868779832,0.014705907457015055,0.9688234925270081,0.015882389825933152,0.017058860414168375,0.9921097755432129,0.007403893190271682,0.006227422602036459,0.9921029806137085,0.0073970982607672875,0.006220627672532064,0.9885622718431005,0.0038563894901593176,0.0026799189019240943
imagenet_val_target,3,1700,False,True,True,0.8141176470588235,0.8141176470588235,0.8305882352941176,0.992294013040901,0.9928996826946547,0.17817636598207753,0.16231144740053705,0.9816363435673905,0.9817540390893877,0.167518696508567,0.15116580379527012,0.9350515692874252,0.8041176199913025,0.010000027067521011,0.026470615302815137,0.794705867767334,0.019411779291489517,0.03588236752678364,0.9481661915779114,0.13404854451908788,0.11757795628379375,0.948159396648407,0.13404174958958348,0.11757116135428936,0.9031261731531345,0.08900852609431098,0.07253793785901685
corr_source_fog_sev1,4,1700,True,False,False,0.9252941176470588,0.9252941176470588,0.9341176470588235,0.9928909952606635,0.9928909952606635,0.06759687761360467,0.05877334820183999,0.985011360929389,0.985011360929389,0.05971724328233019,0.050893713870565516,0.9579210235664014,0.8776470422744751,0.047647075372583725,0.0564706047843484,0.8705881834030151,0.054705934244043686,0.06352946365580836,0.9666751027107239,0.041380985063665054,0.03255745565190038,0.9666683077812195,0.04137419013416066,0.032550660722395985,0.9506220697619432,0.025327952114884367,0.016504422703119692
corr_source_fog_sev2,5,1700,True,False,False,0.8994117647058824,0.8994117647058824,0.9170588235294118,0.9886972040452112,0.9905353955978584,0.08928543933932886,0.0734765720684466,0.9773799199767332,0.9795057509535596,0.07796815527085088,0.06244692742414781,0.9471012321891321,0.8505882024765015,0.04882356222938089,0.06647062105291035,0.8441176414489746,0.055294123256907746,0.0729411820804372,0.959530234336853,0.06011846963097067,0.04247141080744121,0.9595234394073486,0.06011167470146628,0.04246461587793682,0.9378495910766387,0.03843782637075632,0.020790767547226863
corr_source_fog_sev3,6,1700,True,False,False,0.86,0.86,0.8782352941176471,0.9892984542211652,0.9892984542211652,0.12929845422116526,0.11106316010351813,0.9576649972418985,0.961589293693734,0.09766499724189848,0.08335399957608691,0.916174769729952,0.7599999904632568,0.10000000953674315,0.11823530365439028,0.7499999403953552,0.11000005960464476,0.1282353537222919,0.9342940449714661,0.07429404497146608,0.05605875085381895,0.9342872500419617,0.07428725004196168,0.056051955924314556,0.9046395483934949,0.04463954839349493,0.026404254275847805
corr_source_fog_sev4,7,1700,True,False,False,0.8158823529411765,0.8158823529411765,0.8476470588235294,0.984468339307049,0.9863978301272319,0.16858598636587252,0.1387507713037025,0.9454238884984699,0.9474497530006241,0.12954153555729342,0.09980269417709464,0.8972449595218079,0.7270587682723999,0.0888235846687766,0.12058829055112952,0.7147058248519897,0.10117652808918676,0.13294123397153967,0.9170853495597839,0.10120299661860743,0.06943829073625452,0.9170785546302795,0.10119620168910304,0.06943149580675012,0.8679039859784402,0.052021633037263704,0.020256927154910787
corr_source_fog_sev5,8,1700,True,False,False,0.6794117647058824,0.6794117647058824,0.7952941176470588,0.978978978978979,0.978978978978979,0.2995672142730966,0.1836848613319202,0.8867625139686225,0.9018139792458651,0.2073507492627401,0.10651986159880633,0.8370546635825562,0.5817646980285645,0.09764706667731793,0.21352941961849436,0.5605882406234741,0.11882352408240826,0.2347058770235847,0.8712081909179688,0.19179642621208637,0.07591407327090993,0.8712013959884644,0.19178963128258197,0.07590727834140554,0.7581469990866392,0.0787352343807568,0.037147118560419634
corr_source_frost_sev1,9,1700,True,False,False,0.9335294117647058,0.9335294117647058,0.9388235294117647,0.9958653278204371,0.9958653278204371,0.0623359160557313,0.057041798408672406,0.9848374428748653,0.9848374428748653,0.05130803111015947,0.046013913463100575,0.9603955460823991,0.8917646408081055,0.04176477095660036,0.047058888603659255,0.8852940797805786,0.04823533198412722,0.05352944963118611,0.9686664938926697,0.03513708212796385,0.029842964480904954,0.9686596989631653,0.03513028719845945,0.02983616955140056,0.9558166678372426,0.022287256072536787,0.016993138425477894
corr_source_frost_sev2,10,1700,True,False,False,0.851764705882353,0.851764705882353,0.8717647058823529,0.9820359281437125,0.9821169848200341,0.13027122226135956,0.11035227893768118,0.9392370778633479,0.9414265751459818,0.08747237198099489,0.06966186926362894,0.9104575588406534,0.7588235139846802,0.0929411918976728,0.11294119189767271,0.74647057056427,0.10529413531808296,0.12529413531808287,0.9275965690612793,0.07583186317892632,0.05583186317892641,0.9275897741317749,0.07582506824942192,0.055825068249422016,0.8971661726582891,0.04540146677593615,0.025401466775936243
corr_source_frost_sev3,11,1700,True,False,False,0.7623529411764706,0.7623529411764706,0.7994117647058824,0.9734299516908212,0.974899289261458,0.21107701051435068,0.1754875245555756,0.8810928031812431,0.8967317043029326,0.11873986200477249,0.09731993959705021,0.8545491554588238,0.6370587944984436,0.12529414667802696,0.16235297020743877,0.6182352900505066,0.14411765112596397,0.18117647465537579,0.8832557797431946,0.12090283856672401,0.0838440150373122,0.8832489848136902,0.12089604363721962,0.08383722010780781,0.8193964571662514,0.05704351598978086,0.019984692460369047
corr_source_frost_sev4,12,1700,True,False,False,0.7323529411764705,0.7323529411764705,0.7876470588235294,0.9684466019417476,0.9684466019417476,0.23609366076527705,0.18079954311821822,0.867189048662301,0.8935670533875589,0.13483610748583041,0.10591999456402956,0.8467206793694156,0.6176470518112183,0.11470588936525228,0.1700000070123111,0.6011764407157898,0.13117650046068074,0.18647061810773957,0.8733515739440918,0.14099863276762126,0.08570451512056243,0.8733447790145874,0.14099183783811686,0.08569772019105804,0.8036696991876695,0.07131675801119897,0.01602264036414014
corr_source_frost_sev5,13,1700,True,False,False,0.648235294117647,0.648235294117647,0.7494117647058823,0.9634146341463414,0.9635809846139832,0.3151793400286944,0.2141692199081009,0.8139887613788418,0.8440723812537287,0.16575346726119478,0.09466061654784641,0.7998480268955004,0.5370588302612305,0.11117646385641655,0.21235293444465186,0.5147058367729187,0.13352945734472832,0.23470592793296363,0.8333083391189575,0.1850730450013105,0.08389657441307519,0.8333015441894531,0.1850662500718061,0.08388977948357079,0.7346867216733785,0.08645142755573143,0.014725043032503882
corr_source_motion_blur_sev1,14,1700,True,False,False,0.9323529411764706,0.9323529411764706,0.9429411764705883,0.9952718676122931,0.9958795568841761,0.06291892643582253,0.05293838041358778,0.9860643497569924,0.9868350858224763,0.05371140858052181,0.04389390935188797,0.9608460144687458,0.8899999856948853,0.04235295548158535,0.05294119077570303,0.8829411268234253,0.049411814353045314,0.06000004964716299,0.9698600769042969,0.03750713572782627,0.026918900433708592,0.9698532819747925,0.037500340798321874,0.026912105504204198,0.9570925070717047,0.024739565895234072,0.014151330601116396
corr_source_motion_blur_sev2,15,1700,True,False,False,0.8647058823529412,0.8647058823529412,0.8858823529411765,0.990498812351544,0.990498812351544,0.1257929299986028,0.10461645941036757,0.9561544544882098,0.95757328758186,0.09144857213526858,0.07169093464068355,0.9212170109058688,0.785882294178009,0.07882358817493218,0.10000005876316742,0.7752940654754639,0.08941181687747735,0.11058828746571259,0.9375567436218262,0.07285086126888496,0.05167439068064972,0.9375499486923218,0.07284406633938056,0.05166759575114532,0.9122845108312515,0.04757862847831029,0.02640215789007505
corr_source_motion_blur_sev3,16,1700,True,False,False,0.76,0.76,0.8076470588235294,0.9690721649484536,0.9692127737993589,0.2090721649484536,0.1615657149758295,0.8475967777439819,0.885905979888868,0.08759677774398189,0.0782589210653386,0.8429956429327515,0.6235293745994568,0.13647062540054322,0.1841176842240726,0.6058823466300964,0.15411765336990357,0.20176471219343295,0.8712584376335144,0.1112584376335144,0.06361137880998502,0.87125164270401,0.11125164270401,0.06360458388048063,0.8239498115432197,0.06394981154321966,0.016302752719690283
corr_source_motion_blur_sev4,17,1700,True,False,False,0.5852941176470589,0.5852941176470589,0.7205882352941176,0.9287964713295527,0.9300263153608811,0.3435023536824938,0.20943808006676345,0.68510587677912,0.8499473282108588,0.0998117591320612,0.1293590929167412,0.7242881844480058,0.4129411578178406,0.17235295982921828,0.30764707747627706,0.3894117474555969,0.19588237019146193,0.3311764878385207,0.7713589668273926,0.18606484918033372,0.05077073153327494,0.7713521718978882,0.18605805425082933,0.05076393660377054,0.6915103620207157,0.10621624437365684,0.029077873273401944
corr_source_motion_blur_sev5,18,1700,True,False,False,0.49117647058823527,0.49117647058823527,0.6994117647058824,0.8896146309601568,0.8921516117877588,0.39843816037192153,0.19273984708187641,0.5895734790334897,0.8320426002091427,0.0983970084452544,0.13263083550326027,0.6429622122964805,0.3011764585971832,0.19000001199105204,0.39823530610869917,0.27705880999565125,0.21411766059258402,0.42235295471023115,0.70389723777771,0.2127207671894747,0.0044854730718275615,0.7038904428482056,0.2127139722599703,0.004478678142323167,0.6101841600765805,0.11900768948834523,0.0892276046293019
corr_source_brightness_sev1,19,1700,True,False,False,0.9723529411764706,0.9723529411764706,0.9741176470588235,0.9982321744254568,0.9982377197268945,0.02587923324898611,0.024120072668070924,0.9964405868235834,0.9974123120378595,0.024087645647112743,0.023294664979035984,0.9831211143095542,0.9517646431922913,0.020588297984179382,0.022353003866532273,0.9488235116004944,0.023529429575976257,0.025294135458329148,0.9880326986312866,0.01567975745481598,0.013915051572463089,0.9880259037017822,0.015672962525311585,0.013908256642958694,0.9804296934743817,0.00807675229791105,0.006312046415558159
corr_source_brightness_sev2,20,1700,True,False,False,0.9652941176470589,0.9652941176470589,0.9682352941176471,0.9982321744254568,0.9982321744254568,0.032938056778397895,0.02999688030780967,0.9952280071954019,0.9953708529948537,0.029933889548343084,0.027135558877206645,0.9791002442417263,0.9388235211372375,0.02647059650982131,0.029411772980409534,0.9370588064193726,0.0282353112276863,0.031176487698274524,0.9837682247161865,0.018474107069127665,0.01553293059853944,0.9837614297866821,0.01846731213962327,0.015526135669035046,0.9739550539763824,0.00866093632932352,0.005719759858735296
corr_source_brightness_sev3,21,1700,True,False,False,0.9547058823529412,0.9547058823529412,0.96,0.9952718676122931,0.9952718676122931,0.040565985259351955,0.03527186761229317,0.9921979439062678,0.9921979439062678,0.03749206155332663,0.032197943906267845,0.9707899086663806,0.9141176342964172,0.040588248056523946,0.04588236570358273,0.9105882048606873,0.044117677492253926,0.04941179513931271,0.9764122366905212,0.02170635433758006,0.016412236690521276,0.9764054417610168,0.021699559408075664,0.01640544176101688,0.9632322951737665,0.008526412820825335,0.003232295173766553
corr_source_brightness_sev4,22,1700,True,False,False,0.9276470588235294,0.9276470588235294,0.9347058823529412,0.9970501474926253,0.9970501474926253,0.06940308866909595,0.06234426513968416,0.9876823653953941,0.9876871914860387,0.06003530657186473,0.05298130913309751,0.9617142165539283,0.8911764621734619,0.036470596650067466,0.04352942017947925,0.8876470327377319,0.04000002608579745,0.04705884961520923,0.9701487421989441,0.04250168337541471,0.03544285984600293,0.9701419472694397,0.04249488844591032,0.03543606491649853,0.9493345118213823,0.021687452997852907,0.014628629468441123
corr_source_brightness_sev5,23,1700,True,False,False,0.9076470588235294,0.9076470588235294,0.9176470588235294,0.9874925550923168,0.9887508719566911,0.07984549626878745,0.07110381313316172,0.9760947159669742,0.9778299581513419,0.0684476571434448,0.06018289932781251,0.9464615621947455,0.8482352495193481,0.05941180930418122,0.06941180930418123,0.8417646884918213,0.06588237033170807,0.07588237033170808,0.9575172066688538,0.0498701478453244,0.03987014784532439,0.9575104117393494,0.04986335291582,0.039863352915819994,0.9342814829310699,0.026634424107540577,0.01663442410754057
corr_source_zoom_blur_sev1,24,1700,True,False,False,0.8152941176470588,0.8152941176470588,0.8547058823529412,0.9880952380952381,0.9881481889537699,0.1728011204481793,0.13344230660082868,0.9507557967767869,0.9507557967767869,0.13546167912972806,0.0960499144238457,0.8966778432751137,0.7264705300331116,0.08882358761394726,0.12823535231982963,0.7076470255851746,0.10764709206188428,0.14705885676776664,0.9167079329490662,0.10141381530200733,0.06200205059612496,0.9167011380195618,0.10140702037250293,0.06199525566662056,0.8465292116778456,0.031235094030786725,0.008176670675095643
corr_source_zoom_blur_sev2,25,1700,True,False,False,0.7188235294117648,0.7188235294117648,0.8058823529411765,0.9777510523150932,0.9784406373571657,0.25892752290332843,0.1725582844159892,0.9246355543376471,0.9248950526151701,0.20581202492588235,0.11901269967399364,0.8540264997578536,0.6276470422744751,0.09117648713728965,0.1782353106667014,0.6041176319122314,0.1147058974995333,0.20176472102894505,0.8838040232658386,0.16498049385407387,0.07792167032466213,0.8837972283363342,0.16497369892456948,0.07791487539515773,0.765709418065941,0.0468858886541762,0.040172934875235544
corr_source_zoom_blur_sev3,26,1700,True,False,False,0.6311764705882353,0.6311764705882353,0.798235294117647,0.9802039592081585,0.9802039592081585,0.34902748861992317,0.18196866509051146,0.9062361726341566,0.9062361726341566,0.27505970204592123,0.10800087851650952,0.8201732142309834,0.5547058582305908,0.07647061235764452,0.24352943588705622,0.5347058773040771,0.09647059328415819,0.2635294168135699,0.8535733222961426,0.22239685170790724,0.055338028178495535,0.8535665273666382,0.22239005677840284,0.05533123324899114,0.6886588143971564,0.05748234380892103,0.10957647972049067
corr_source_zoom_blur_sev4,27,1700,True,False,False,0.5611764705882353,0.5611764705882353,0.778235294117647,0.9715668481548699,0.9722212732642967,0.41039037756663466,0.19398597914664972,0.8898857075288813,0.8918965597711579,0.328709236940646,0.11366126565351087,0.7904755239970335,0.49352937936782837,0.06764709122040691,0.28470591474981866,0.4752941131591797,0.08588235742905559,0.30294118095846734,0.8324909210205078,0.27131445043227254,0.05425562690286079,0.8324841260910034,0.27130765550276814,0.05424883197335639,0.6291858446309336,0.06800937404269836,0.1490494494867134
corr_source_zoom_blur_sev5,28,1700,True,False,False,0.508235294117647,0.508235294117647,0.77,0.9665653495440729,0.9665653495440729,0.4583300554264259,0.1965653495440729,0.8806422056492733,0.8806422056492733,0.3724069115316263,0.1106422056492733,0.7640311486953898,0.4264705777168274,0.08176471640081961,0.3435294222831726,0.4041176438331604,0.10411765028448661,0.3658823561668396,0.8120689988136292,0.30383370469598214,0.04206899881362913,0.8120622038841248,0.30382690976647775,0.04206220388412474,0.5785779378798274,0.07034264376218036,0.19142206212017265
corr_source_snow_sev1,29,1700,True,False,False,0.908235294117647,0.908235294117647,0.9176470588235294,0.9916963226571768,0.9923207832949965,0.08346102853952975,0.07467372447146714,0.973234865059463,0.9744139028318549,0.06499957094181597,0.056766844008325545,0.9397626771131831,0.8352940678596497,0.07294122625799737,0.08235299096387971,0.8252940773963928,0.08294121672125421,0.09235298142713655,0.9519540667533875,0.04371877263574042,0.03430700792985808,0.9519472718238831,0.04371197770623603,0.034300213000353685,0.9236608687379022,0.015425574620255178,0.006013809914372836
corr_source_snow_sev2,30,1700,True,False,False,0.7611764705882353,0.7611764705882353,0.8441176470588235,0.9690721649484536,0.9701912870827852,0.20789569436021826,0.1260736400239617,0.8773255890434432,0.8906152256617161,0.11614911845520781,0.04649757860289261,0.8589017695985925,0.6547058820724487,0.10647058851578661,0.1894117649863748,0.6388235092163086,0.12235296137192675,0.20529413784251493,0.8827501535415649,0.1215736829533296,0.03863250648274141,0.8827433586120605,0.1215668880238252,0.03862571155323702,0.8263107642148323,0.06513429362659695,0.017806882843991234
corr_source_snow_sev3,31,1700,True,False,False,0.7623529411764706,0.7623529411764706,0.8264705882352941,0.9715668481548699,0.9722212732642967,0.20921390697839937,0.14575068502900268,0.8844055290752978,0.8980733519797144,0.12205258789882723,0.07160276374442032,0.860254518345553,0.6523529291152954,0.11000001206117516,0.17411765911999866,0.6458823084831238,0.11647063269334679,0.1805882797521703,0.8838880658149719,0.12153512463850136,0.057417477579677856,0.8838812708854675,0.12152832970899696,0.05741068265017346,0.8024194162368953,0.04006647506042471,0.02405117199839879
corr_source_snow_sev4,32,1700,True,False,False,0.6282352941176471,0.6282352941176471,0.7852941176470588,0.9394884591391142,0.941477585815453,0.31125316502146705,0.15618346816839423,0.7911047055173487,0.8432898674427842,0.16286941139970157,0.057995749795725415,0.7889311307549053,0.5158823132514954,0.11235298086615175,0.26941180439556345,0.49882352352142334,0.12941177059622377,0.28647059412563547,0.8236324787139893,0.19539718459634214,0.03833836106693045,0.8236256837844849,0.19539038966683775,0.038331566137426054,0.6970248401568764,0.06878954603922927,0.08826927749018243
corr_source_snow_sev5,33,1700,True,False,False,0.5964705882352941,0.5964705882352941,0.7547058823529412,0.9328311362209667,0.9346181187795878,0.3363605479856726,0.17991223642664655,0.7191926486712761,0.8208452247611214,0.122722060435982,0.0661393424081802,0.7413058247569475,0.44823527336120605,0.14823531487408803,0.30647060899173517,0.4323529303073883,0.16411765792790578,0.3223529520455529,0.7820908427238464,0.18562025448855235,0.02738496037090521,0.782084047794342,0.18561345955904796,0.027378165441400815,0.6606920303923502,0.06422144215705616,0.09401385196059098
corr_source_defocus_blur_sev1,34,1700,True,False,False,0.9058823529411765,0.9058823529411765,0.91,0.9940828402366864,0.9952843717368605,0.08820048729550989,0.08528437173686043,0.9747202137223665,0.9755898754942003,0.06883786078119003,0.06558987549420026,0.9433790050726649,0.8417646884918213,0.06411766444935518,0.06823531150817874,0.8323529362678528,0.07352941667332369,0.07764706373214725,0.9554938673973083,0.04961151445613188,0.04549386739730832,0.955487072467804,0.04960471952662748,0.045487072467803924,0.932076812349048,0.026194459407871573,0.022076812349048014
corr_source_defocus_blur_sev2,35,1700,True,False,False,0.8694117647058823,0.8694117647058823,0.8858823529411765,0.9874925550923168,0.9874925550923168,0.11808079038643449,0.10161020215114036,0.9452978260529913,0.9495767555196092,0.07588606134710896,0.06369440257843273,0.9157853735217976,0.7811764478683472,0.08823531683753516,0.10470590507282929,0.770588219165802,0.09882354554008033,0.11529413377537445,0.9308264255523682,0.061414660846485836,0.04494407261119171,0.9308196306228638,0.06140786591698144,0.044937277681687315,0.9032995533315735,0.033887788625691195,0.01741720039039707
corr_source_defocus_blur_sev3,36,1700,True,False,False,0.721764705882353,0.721764705882353,0.78,0.9696969696969697,0.9704239592082492,0.24793226381461675,0.19042395920824917,0.8574637070356732,0.8943627855636892,0.13569900115332023,0.11436278556368917,0.8311139285210737,0.5817646980285645,0.14000000785378852,0.19823530197143557,0.5600000023841858,0.16176470349816718,0.21999999761581424,0.8627223372459412,0.1409576313635882,0.08272233724594114,0.8627155423164368,0.1409508364340838,0.08271554231643674,0.7997350299774837,0.07797032409513072,0.019735029977483665
corr_source_defocus_blur_sev4,37,1700,True,False,False,0.5588235294117647,0.5588235294117647,0.6964705882352941,0.9512646514497224,0.952292390650183,0.39244112203795767,0.25582180241488894,0.7710376308007096,0.8384558237405049,0.21221410138894492,0.1419852355052108,0.7483868995296377,0.4170587956905365,0.14176473372122822,0.27941179254475756,0.3894117474555969,0.1694117819561678,0.30705884077969714,0.796683669090271,0.23786013967850628,0.10021308085497693,0.7966768741607666,0.23785334474900188,0.10020628592547254,0.6758772595329852,0.11705373012122045,0.0205933287023089
corr_source_defocus_blur_sev5,38,1700,True,False,False,0.39941176470588236,0.39941176470588236,0.711764705882353,0.938163647720175,0.9404944405151193,0.5387518830142927,0.22872973463276636,0.709758884696273,0.8181821233042936,0.31034711999039066,0.10641741742194066,0.6951749549593566,0.31882351636886597,0.08058824833701639,0.392941189513487,0.2917647063732147,0.10764705833266763,0.41999999950913824,0.7549977898597717,0.3555860251538894,0.04323308397741876,0.7549909949302673,0.355579230224385,0.04322628904791437,0.5610414526604572,0.16162968795457489,0.15072325322189573
corr_source_glass_blur_sev1,39,1700,True,False,False,0.9088235294117647,0.9088235294117647,0.9129411764705883,0.9946777054997042,0.9946895064738426,0.08585417608793955,0.08174833000325432,0.9807466560806467,0.9808866249101199,0.07192312666888201,0.06794544843953165,0.949742237462882,0.8558823466300964,0.05294118278166826,0.05705882984049182,0.8488234877586365,0.06000004165312822,0.06411768871195178,0.9599310159683228,0.05110748655655806,0.0469898394977345,0.9599242210388184,0.05110069162705366,0.0469830445682301,0.9263380802512523,0.017514550839487608,0.013396903780664049
corr_source_glass_blur_sev2,40,1700,True,False,False,0.8488235294117648,0.8488235294117648,0.8752941176470588,0.9910979228486647,0.9917064060045383,0.14227439343689996,0.11641228835747952,0.9577112604889567,0.9595384985422531,0.10888773107719196,0.08424438089519437,0.916651010575496,0.7770587801933289,0.0717647492184359,0.09823533745372992,0.763529360294342,0.08529416911742271,0.11176475735271674,0.9344015121459961,0.08557798273423134,0.059107394498937316,0.9343947172164917,0.08557118780472694,0.05910059956943292,0.875580937522373,0.026757408110608227,0.0002868198753142037
corr_source_glass_blur_sev3,41,1700,True,False,False,0.658235294117647,0.658235294117647,0.7294117647058823,0.9640463132236441,0.9647994543516786,0.30581101910599706,0.23538768964579626,0.8645366299570657,0.8684485198830196,0.20630133583941868,0.13903675517713732,0.8108223308835965,0.5276470184326172,0.13058827568502984,0.20176474627326513,0.5005882382392883,0.1576470558783587,0.22882352646659398,0.8499182462692261,0.19168295215157904,0.12050648156334376,0.8499114513397217,0.19167615722207465,0.12049968663383936,0.7114955181715396,0.053260224053892524,0.01791624653434276
corr_source_glass_blur_sev4,42,1700,True,False,False,0.5405882352941176,0.5405882352941176,0.6958823529411765,0.9615149664019548,0.9629550465420981,0.4209267311078372,0.26707269360092156,0.7856611949335341,0.8455525389896184,0.24507295963941655,0.14967018604844184,0.7649013050902744,0.44647055864334106,0.09411767665077653,0.24941179429783544,0.42941173911094666,0.11117649618317094,0.26647061383022985,0.8101253509521484,0.26953711565803085,0.11424299801097193,0.810118556022644,0.26953032072852645,0.11423620308146754,0.6309022894374503,0.09031405414333271,0.0649800635037262
corr_source_glass_blur_sev5,43,1700,True,False,False,0.44058823529411767,0.44058823529411767,0.6758823529411765,0.954489544895449,0.9552867446973112,0.5139013096013314,0.27940439175613474,0.7160165339366583,0.8251615104251813,0.27542829864254065,0.14927915748400478,0.7074629215003699,0.3499999940395355,0.09058824125458215,0.32588235890164097,0.32058823108673096,0.12000000420738671,0.35529412185444553,0.7651652097702026,0.32457697447608497,0.08928285682902615,0.7651584148406982,0.3245701795465806,0.08927606189952175,0.5520692230602147,0.111480987766097,0.12381312988096183
corr_source_gaussian_noise_sev1,44,1700,True,False,False,0.9311764705882353,0.9311764705882353,0.9376470588235294,0.9934872705743043,0.993501856830212,0.06231079998606903,0.05585479800668258,0.9861893000158078,0.9861893000158078,0.055012829427572574,0.04854224119227846,0.9643692684286624,0.8970587849617004,0.03411768562653483,0.04058827386182895,0.8917646408081055,0.0394118297801298,0.04588241801542392,0.9721723794937134,0.04099590890547811,0.03452532067018399,0.972165584564209,0.04098911397597371,0.034518525740679595,0.9521598581935082,0.020983387605272963,0.014512799369978846
corr_source_gaussian_noise_sev2,45,1700,True,False,False,0.8705882352941177,0.8705882352941177,0.8864705882352941,0.9862850327966607,0.9863163991842462,0.11569679750254303,0.09984581094895206,0.9690456703659502,0.9690456703659502,0.09845743507183258,0.08257508213065612,0.9358225444649254,0.8223528861999512,0.04823534909416649,0.06411770203534295,0.8129411339759827,0.057647101318135,0.07352945425931146,0.9492723941802979,0.07868415888618019,0.06280180594500373,0.9492655992507935,0.0786773639566758,0.06279501101549934,0.9157468979638084,0.04515866266969071,0.02927630972851425
corr_source_gaussian_noise_sev3,46,1700,True,False,False,0.7523529411764706,0.7523529411764706,0.8029411764705883,0.9826451226810293,0.9826451226810293,0.23029218150455877,0.17970394621044106,0.9266492084195115,0.9266492084195115,0.17429626724304093,0.12370803194892321,0.8755985366833117,0.6641176342964172,0.08823530688005332,0.13882354217417103,0.6470587849617004,0.10529415621477012,0.15588239150888783,0.8983044028282166,0.145951461651746,0.09536322635762828,0.8982976078987122,0.1459446667222416,0.09535643142812389,0.83634207906147,0.0839891378849994,0.03340090259088169
corr_source_gaussian_noise_sev4,47,1700,True,False,False,0.5376470588235294,0.5376470588235294,0.7323529411764705,0.9570552147239264,0.9577437748105376,0.41940815590039704,0.2253908336340671,0.8519874439006936,0.8574650562448219,0.3143403850771642,0.1251121150683514,0.7947204068144709,0.4829411506652832,0.054705908158246164,0.24941179051118734,0.4599999785423279,0.07764708028120149,0.27235296263414266,0.834183394908905,0.29653633608537566,0.10183045373243449,0.8341765999794006,0.29652954115587127,0.1018236588029301,0.6876167399452051,0.14996968112167575,0.04473620123126543
corr_source_gaussian_noise_sev5,48,1700,True,False,False,0.29705882352941176,0.29705882352941176,0.7676470588235295,0.9199491740787801,0.9199491740787801,0.6228903505493684,0.15230211525525061,0.7734341326409924,0.7920584816050787,0.4763753091115806,0.024411422781549286,0.6759730681973654,0.24588234722614288,0.05117647630326888,0.5217647115973866,0.21529410779476166,0.0817647157346501,0.5523529510287678,0.7476589679718018,0.45060014444239,0.019988090851727702,0.7476521730422974,0.4505933495128856,0.019994885781232097,0.4612654470243982,0.16420662349498644,0.30638161179913126
corr_source_shot_noise_sev1,49,1700,True,False,False,0.9335294117647058,0.9335294117647058,0.9382352941176471,0.9976415094339622,0.9976415094339622,0.06411209766925641,0.05940621531631518,0.9871062117914907,0.9871062117914907,0.05357680002678489,0.04887091767384366,0.9635786280097842,0.8917646408081055,0.04176477095660036,0.04647065330954159,0.8870587944984436,0.046470617266262226,0.05117649961920345,0.972114622592926,0.038585210828220196,0.03387932847527897,0.9721078276634216,0.0385784158987158,0.033872533545774575,0.9497169653968351,0.016187553632129315,0.011481671279188088
corr_source_shot_noise_sev2,50,1700,True,False,False,0.851764705882353,0.851764705882353,0.8752941176470588,0.98989898989899,0.98989898989899,0.13813428401663697,0.11460487225193117,0.9635225494763141,0.9635225494763141,0.11175784359396113,0.08822843182925533,0.930887057456489,0.8052940964698792,0.04647060941247383,0.07000002117717963,0.796470582485199,0.055294123397154005,0.0788235351618598,0.9457668662071228,0.09400216032476982,0.07047274856006402,0.9457600712776184,0.09399536539526543,0.07046595363055963,0.906655075179575,0.05489036929722202,0.03136095753251622
corr_source_shot_noise_sev3,51,1700,True,False,False,0.7476470588235294,0.7476470588235294,0.8147058823529412,0.9734299516908212,0.9740799943165671,0.2257828928672918,0.15937411196362594,0.9189354580802795,0.9189354580802795,0.1712883992567501,0.10422957572733837,0.8800130780117673,0.6747058629989624,0.07294119582456704,0.14000001935397877,0.6599999666213989,0.08764709220213052,0.15470591573154224,0.9017122387886047,0.1540651799650753,0.08700635643566357,0.9017054438591003,0.1540583850355709,0.08699956150615917,0.8359468924643867,0.08829983364085725,0.021241010111445524
corr_source_shot_noise_sev4,52,1700,True,False,False,0.5005882352941177,0.5005882352941177,0.73,0.9576946658491724,0.9576946658491724,0.45710643055505473,0.22769466584917242,0.8447058774281332,0.8467481628324838,0.3441176421340155,0.11674816283248379,0.7737825433873621,0.4394117593765259,0.06117647591759179,0.2905882406234741,0.41764703392982483,0.08294120136429284,0.31235296607017515,0.819355309009552,0.31876707371543433,0.08935530900955202,0.8193485140800476,0.31876027878592994,0.08934851408004763,0.6520940884577556,0.15150585316363796,0.07790591154224435
corr_source_shot_noise_sev5,53,1700,True,False,False,0.34352941176470586,0.34352941176470586,0.7482352941176471,0.9274447949526814,0.9282030061235851,0.5839153831879755,0.17996771200593797,0.7924448271562478,0.8031656391687625,0.4489154153915419,0.05493034505111538,0.7055120318401936,0.2970588207244873,0.046470591040218556,0.4511764733931598,0.27941176295280457,0.0641176488119013,0.46882353116484254,0.7686727046966553,0.4251432929319494,0.020437410579008164,0.7686659097671509,0.425136498002445,0.02043061564950377,0.5106224823889671,0.16709307062426126,0.23761281172867998
corr_source_impulse_noise_sev1,54,1700,True,False,False,0.8788235294117647,0.8788235294117647,0.8935294117647059,0.9874925550923168,0.9881625012056943,0.10866902568055214,0.09463308944098836,0.9745174028629182,0.9745755384539158,0.09569387345115354,0.08104612668920985,0.9330531654726152,0.8088235259056091,0.07000000350615554,0.08470588585909677,0.7999999523162842,0.07882357709548049,0.09352945944842173,0.9468021392822266,0.06797860987046189,0.05327272751752066,0.9467953443527222,0.0679718149409575,0.05326593258801626,0.9065540455627059,0.027730516150941242,0.013024633798000007
corr_source_impulse_noise_sev2,55,1700,True,False,False,0.8241176470588235,0.8241176470588235,0.8494117647058823,0.981426003594967,0.9820984709430496,0.1573083565361435,0.13268670623716727,0.9509360596658026,0.9509360596658026,0.12681841260697913,0.10152429495992032,0.910549777829724,0.7511764168739319,0.07294123018489163,0.09823534783195043,0.7335293889045715,0.09058825815425198,0.11588237580131078,0.9299378395080566,0.10582019244923313,0.08052607480217433,0.9299310445785522,0.10581339751972874,0.08051927987266994,0.8834501964357456,0.05933254937692212,0.03403843172986332
corr_source_impulse_noise_sev3,56,1700,True,False,False,0.7605882352941177,0.7605882352941177,0.8123529411764706,0.9690721649484536,0.969143140591238,0.20848392965433593,0.15679019941476735,0.9153470931464884,0.9187640337862278,0.15475885785237076,0.10641109260975723,0.8750948133575811,0.6641176342964172,0.09647060099770044,0.14823530688005337,0.6494117379188538,0.11117649737526392,0.16294120325761685,0.8967750072479248,0.13618677195380713,0.0844220660714542,0.8967682123184204,0.13617997702430273,0.0844152711419498,0.8470570460148774,0.08646881072075974,0.0347041048384068
corr_source_impulse_noise_sev4,57,1700,True,False,False,0.5488235294117647,0.5488235294117647,0.7452941176470588,0.9506172839506173,0.9513209876543209,0.4017937545388526,0.20602687000726216,0.8326819833439316,0.8326819833439316,0.2838584539321669,0.08738786569687285,0.7891336460977911,0.47999998927116394,0.06882354014060077,0.26529412837589483,0.4570588171482086,0.09176471226355609,0.28823530049885016,0.8277420997619629,0.2789185703501982,0.08244798211490412,0.8277353048324585,0.2789117754206938,0.08244118718539972,0.6969044849801873,0.1480809555684226,0.04838963266687146
corr_source_impulse_noise_sev5,58,1700,True,False,False,0.31470588235294117,0.31470588235294117,0.7729411764705882,0.9137380191693291,0.9145284720917122,0.5990321368163879,0.14158729562112393,0.7922631178834497,0.799541507756529,0.47755723553050855,0.026600331285940748,0.6829592978773229,0.26999998092651367,0.0447059014264275,0.5029411955440746,0.24294117093086243,0.07176471142207874,0.5300000055397258,0.7503628134727478,0.43565693111980663,0.02257836299784044,0.7503560185432434,0.43565013619030224,0.022585157927344834,0.49449346470422684,0.17978758235128567,0.2784477117663614
corr_source_contrast_sev1,59,1700,True,False,False,0.9376470588235294,0.9376470588235294,0.9411764705882353,0.9958653278204371,0.997058476077968,0.05821826899690774,0.05588200548973277,0.9878572640031703,0.9878572640031703,0.05021020517964092,0.04668079341493503,0.9640713583434402,0.8964705467224121,0.04117651210111728,0.04470592386582317,0.8882352709770203,0.049411787846509125,0.05294119961121502,0.9707344174385071,0.03308735861497769,0.0295579468502718,0.9707276225090027,0.033080563685473297,0.029551151920767404,0.9595569237685299,0.021909864945000468,0.018380453180294576
corr_source_contrast_sev2,60,1700,True,False,False,0.9064705882352941,0.9064705882352941,0.9147058823529411,0.98989898989899,0.98989898989899,0.0834284016636958,0.0751931075460488,0.9772986356330307,0.9778575152079698,0.07082804739773652,0.06315163285502867,0.9512376508181,0.8647058606147766,0.04176472762051753,0.050000021738164535,0.8570587635040283,0.04941182473126582,0.057647118848912826,0.960503339767456,0.054032751532161916,0.04579745741451491,0.9604965448379517,0.05402595660265752,0.045790662485010514,0.9412844912255536,0.03481390299025944,0.02657860887261243
corr_source_contrast_sev3,61,1700,True,False,False,0.831764705882353,0.831764705882353,0.86,0.9892984542211652,0.9911324053997342,0.15753374833881229,0.13113240539973425,0.9395750214669837,0.940953718166241,0.10781031558463072,0.08095371816624097,0.9069297855395506,0.7488235235214233,0.08294118236092962,0.11117647647857665,0.7364705801010132,0.09529412578133978,0.1235294198989868,0.9250087141990662,0.0932440083167132,0.06500871419906618,0.9250019192695618,0.0932372133872088,0.06500191926956178,0.8863953191558765,0.05463061327352359,0.026395319155876562
corr_source_contrast_sev4,62,1700,True,False,False,0.581764705882353,0.581764705882353,0.7264705882352941,0.9493201483312732,0.9500269032211154,0.36755544244892024,0.2235563149858213,0.7600709010974784,0.8143542789234145,0.17830619521512547,0.08788369068812041,0.7510590516142657,0.44647055864334106,0.1352941472390119,0.280000029591953,0.42176470160484314,0.16000000427750982,0.30470588663045095,0.7955924868583679,0.21382778097601496,0.06912189862307383,0.7955856919288635,0.21382098604651056,0.06911510369356944,0.7006821724153275,0.11891746653297453,0.025788415819966604
corr_source_contrast_sev5,63,1700,True,False,False,0.26588235294117646,0.26588235294117646,0.7829411764705883,0.8939492517891997,0.8941849393872708,0.6280668988480232,0.11124376291668259,0.5963184916860103,0.7185997660324778,0.3304361387448338,0.06434141043811048,0.5224100686694348,0.14176470041275024,0.12411765252842621,0.641176476057838,0.11764705181121826,0.1482353011299582,0.66529412465937,0.621038556098938,0.35515620315776153,0.16190262037165026,0.6210317611694336,0.35514940822825714,0.16190941530115466,0.4341997117034916,0.16831735876231513,0.34874146476709666
corr_source_elastic_transform_sev1,64,1700,True,False,False,0.9588235294117647,0.9588235294117647,0.9623529411764706,0.9976415094339622,0.9976415094339622,0.038817980022197496,0.035288568257491604,0.9938899634943094,0.9938899634943094,0.03506643408254462,0.031537022317838725,0.9750890235780528,0.9311764240264893,0.027647105385275483,0.031176517149981375,0.9252941012382507,0.03352942817351401,0.0370588399382199,0.9814202785491943,0.022596749137429595,0.019067337372723703,0.9814134836196899,0.0225899542079252,0.019060542443219308,0.9713847935108428,0.012561264099078095,0.009031852334372203
corr_source_elastic_transform_sev2,65,1700,True,False,False,0.8688235294117647,0.8688235294117647,0.8894117647058823,0.9820359281437125,0.9827440126095672,0.11321239873194788,0.09333224790368488,0.9652913528777238,0.9659668603482554,0.09646782346595917,0.07655509564237306,0.921330116579881,0.787647008895874,0.08117652051589064,0.10176475581000832,0.7752940654754639,0.0935294639363008,0.11411769923041848,0.9365479350090027,0.06772440559723802,0.04713617030312034,0.9365411400794983,0.06771761066773363,0.047129375373615945,0.9127233805816997,0.043899851169935,0.023311615875817315
corr_source_elastic_transform_sev3,66,1700,True,False,False,0.94,0.94,0.9505882352941176,0.9970501474926253,0.997649484426258,0.05705014749262538,0.04706124913214038,0.9897003255161897,0.9901952172374483,0.04970032551618975,0.03960698194333068,0.9631544206600603,0.8935293555259705,0.04647064447402949,0.057058879768147164,0.8870587944984436,0.05294120550155634,0.06352944079567402,0.9717960953712463,0.03179609537124639,0.021207860077128715,0.9717893004417419,0.031789300441742,0.02120106514762432,0.9559978276270364,0.0159978276270365,0.005409592332918822
corr_source_elastic_transform_sev4,67,1700,True,False,False,0.8864705882352941,0.8864705882352941,0.908235294117647,0.98989898989899,0.9905102932438573,0.10342840166369582,0.08227499912621028,0.9743091038371433,0.9743091038371433,0.08783851560184919,0.06607380971949628,0.9348419695718692,0.818823516368866,0.06764707186642815,0.08941177774878106,0.8105881810188293,0.07588240721646478,0.09764711309881768,0.9484697580337524,0.06199916979845832,0.04023446391610541,0.948462963104248,0.061992374868953926,0.04022766898660102,0.9119325565536981,0.02546196831840397,0.003697262436051063
corr_source_elastic_transform_sev5,68,1700,True,False,False,0.6829411764705883,0.6829411764705883,0.7447058823529412,0.9696969696969697,0.9703557932263814,0.28675579322638145,0.22564991087344022,0.8984928263355475,0.9016742297935137,0.21555164986495923,0.15696834744057253,0.8405540993929779,0.5835294127464294,0.09941176372415883,0.16117646960651177,0.5647058486938477,0.11823532777674062,0.18000003365909356,0.8745222687721252,0.19158109230153697,0.12981638641918403,0.8745154738426208,0.19157429737203258,0.12980959148967963,0.7368991378055733,0.05395796133498498,0.007806744547367961
corr_source_pixelate_sev1,69,1700,True,False,False,0.94,0.94,0.9458823529411765,0.9958653278204371,0.9964625968520899,0.05586532782043718,0.050580243910913425,0.9881484911917414,0.9896574155909261,0.04814849119174147,0.04377506264974962,0.9683321199272077,0.9017646908760071,0.03823530912399287,0.04411766206516943,0.8994117379188538,0.04058826208114619,0.04647061502232275,0.975001335144043,0.03500133514404302,0.02911898220286646,0.9749945402145386,0.03499454021453863,0.029112187273362067,0.9585019158755772,0.018501915875577257,0.012619562934400697
corr_source_pixelate_sev2,70,1700,True,False,False,0.928235294117647,0.928235294117647,0.93,0.9940828402366864,0.9946843021232161,0.06584754611903931,0.06468430212321608,0.9861203795287726,0.9861203795287726,0.05788508541112558,0.05612037952877258,0.9611157092076433,0.8835293650627136,0.044705929054933424,0.046470634937286426,0.8788235187530518,0.04941177536459529,0.05117648124694829,0.9694538116455078,0.041218517527860765,0.039453811645507764,0.9694470167160034,0.04121172259835637,0.03944701671600337,0.9476547210497219,0.01941942693207488,0.017654721049721878
corr_source_pixelate_sev3,71,1700,True,False,False,0.8588235294117647,0.8588235294117647,0.8776470588235294,0.98989898989899,0.9905102932438573,0.1310754604872253,0.11286323442032786,0.9632737054231465,0.9638039047424491,0.10445017601138185,0.0861568459189197,0.9311775167359718,0.8011764287948608,0.05764710061690381,0.0764706300286686,0.7952941060066223,0.06352942340514234,0.08235295281690713,0.9452491402626038,0.08642561085083911,0.06760208143907431,0.9452423453330994,0.08641881592133471,0.06759528650956992,0.8909729270233141,0.032149397611549446,0.013325868199784652
corr_source_pixelate_sev4,72,1700,True,False,False,0.7447058823529412,0.7447058823529412,0.8117647058823529,0.9808153477218226,0.9814480180561433,0.23610946536888133,0.1696833121737904,0.9073809282763302,0.9075293922330894,0.162675045923389,0.09576468635073643,0.876661314728215,0.6617646813392639,0.0829412010136773,0.15000002454308903,0.6494117379188538,0.09529414443408746,0.16235296796349918,0.9013832211494446,0.15667733879650336,0.08961851526709164,0.9013764262199402,0.15667054386699897,0.08961172033758724,0.7902026572453194,0.04549677489237813,0.021562048637033593
corr_source_pixelate_sev5,73,1700,True,False,False,0.6164705882352941,0.6164705882352941,0.7747058823529411,0.9659367396593674,0.9659367396593674,0.34946615142407333,0.1912308573064263,0.8531603375819039,0.8613350265878011,0.2366897493466098,0.08662914423486001,0.8236086463986594,0.5517646670341492,0.06470592120114493,0.22294121531879196,0.5311764478683472,0.08529414036694694,0.24352943448459397,0.8548011779785156,0.23833058974322152,0.08009529562557449,0.8547943830490112,0.23832379481371713,0.0800885006960701,0.6876961410615792,0.07122555282628507,0.08700974129136196
corr_source_jpeg_compression_sev1,74,1700,True,False,False,0.9441176470588235,0.9441176470588235,0.9476470588235294,0.9982321744254568,0.9982321744254568,0.05411452736663325,0.050585115601927355,0.9895747633067606,0.9904122929752172,0.045457116247937135,0.04276523415168776,0.9684159109556876,0.9082352519035339,0.03588239515528957,0.03941180691999546,0.904705822467804,0.03941182459101955,0.04294123635572544,0.9748004078865051,0.03068276082768162,0.02715334906297573,0.9747936129570007,0.030675965898177227,0.027146554133471335,0.9551252595927169,0.011007612533893374,0.007478200769187482
corr_source_jpeg_compression_sev2,75,1700,True,False,False,0.9258823529411765,0.9258823529411765,0.9311764705882353,0.9928909952606635,0.9946996097017006,0.067008642319487,0.0635231391134653,0.9831970893708825,0.9835920174657683,0.05731473642970597,0.052415546877533026,0.957747822869048,0.8723528981208801,0.05352945482029636,0.058823572467355145,0.8676470518112183,0.05823530112995823,0.06352941877701701,0.966362476348877,0.04048012340770046,0.03518600576064168,0.9663556814193726,0.04047332847819607,0.035179210831137286,0.9363001902864205,0.010417837345244041,0.005123719698185258
corr_source_jpeg_compression_sev3,76,1700,True,False,False,0.908235294117647,0.908235294117647,0.9170588235294118,0.9916963226571768,0.9916963226571768,0.08346102853952975,0.07463749912776496,0.976269164082367,0.9766988603449773,0.06803386996471994,0.05964003681556551,0.949948905713885,0.8576470017433167,0.05058829237433038,0.059411821786095165,0.8511764407157898,0.057058853401857235,0.06588238281362202,0.9596825242042542,0.05144723008660712,0.042623700674842335,0.9596757292747498,0.051440435157102726,0.04261690574533794,0.9230856724253421,0.014850378307695089,0.0060268488959303035
corr_source_jpeg_compression_sev4,77,1700,True,False,False,0.8382352941176471,0.8382352941176471,0.8652941176470588,0.9874925550923168,0.9887250814560488,0.14925726097466974,0.12343096380898999,0.9564943300864159,0.9567592778468937,0.11825903596876886,0.09146516019983497,0.9193274377125974,0.7699999809265137,0.0682353131911334,0.0952941367205451,0.7594117522239685,0.07882354189367857,0.10588236542309026,0.9341939687728882,0.0959586746552411,0.06889985112582941,0.9341871738433838,0.09595187972573671,0.06889305619632502,0.8648068395383273,0.026571545420680187,0.0004872781087315037
corr_source_jpeg_compression_sev5,78,1700,True,False,False,0.7094117647058824,0.7094117647058824,0.778235294117647,0.9850746268656716,0.9850746268656716,0.2756628621597892,0.20683933274802457,0.9144781050636931,0.9144781050636931,0.20506634035781068,0.13624281094604607,0.8775116837373652,0.6611764430999756,0.04823532160590682,0.11705885101767144,0.6494117379188538,0.06000002678702865,0.12882355619879327,0.902785062789917,0.19337329808403458,0.12454976867226997,0.9027782678604126,0.1933665031545302,0.12454297374276557,0.7550801400216842,0.04566837531580181,0.023155154095962804
corr_source_speckle_noise_sev1,79,1700,True,False,False,0.9429411764705883,0.9429411764705883,0.9435294117647058,0.9982321744254568,0.9982321744254568,0.05529099795486847,0.054702762660750914,0.9915866303242217,0.9915866303242217,0.04864545385363339,0.048057218559515835,0.9688886096148963,0.9082352519035339,0.03470592456705435,0.0352941598611719,0.9041175842285156,0.03882359224207266,0.039411827536190214,0.9760051965713501,0.033064020100761815,0.03247578480664426,0.9759984016418457,0.03305722517125742,0.032468989877139864,0.9545578808524864,0.011616704381898102,0.011028469087780546
corr_source_speckle_noise_sev2,80,1700,True,False,False,0.918235294117647,0.918235294117647,0.9252941176470588,0.9940828402366864,0.9940828402366864,0.07584754611903932,0.06878872258962754,0.9814242984344633,0.9814242984344633,0.06318900431681629,0.056130180787404504,0.9547780049879104,0.8699999451637268,0.04823534895392023,0.055294172483332016,0.8623529076576233,0.05588238646002375,0.06294120998943553,0.9630770087242126,0.04484171460656561,0.037782891077153824,0.9630702137947083,0.044834919677061214,0.03777609614764943,0.9360239387949609,0.017788644677313892,0.010729821147902108
corr_source_speckle_noise_sev3,81,1700,True,False,False,0.7929411764705883,0.7929411764705883,0.8382352941176471,0.9832535885167465,0.9832919812371876,0.19031241204615823,0.14505668711954056,0.9406274363454623,0.9406274363454623,0.14768625987487405,0.10239214222781523,0.9003785729848572,0.7305881977081299,0.06235297876245838,0.1076470964095172,0.7176470160484314,0.07529416042215686,0.12058827806921568,0.9180102944374084,0.1250691179668202,0.07977500031976137,0.918003499507904,0.1250623230373158,0.07976820539025697,0.8642122432286043,0.07127106675801609,0.02597694911095727
corr_source_speckle_noise_sev4,82,1700,True,False,False,0.7047058823529412,0.7047058823529412,0.7764705882352941,0.9696969696969697,0.9696969696969697,0.26499108734402854,0.1932263814616756,0.9051406960833704,0.9053358979339456,0.20043481373042926,0.1288653096986515,0.8593287862685134,0.6294117569923401,0.0752941253606011,0.14705883124295405,0.6105881929397583,0.09411768941318288,0.16588239529553583,0.8845678567886353,0.17986197443569407,0.10809726855334112,0.8845610618591309,0.17985517950618968,0.10809047362383672,0.8041200331182483,0.09941415076530713,0.027649444882954177
corr_source_speckle_noise_sev5,83,1700,True,False,False,0.5594117647058824,0.5594117647058824,0.7435294117647059,0.9532019704433498,0.9532019704433498,0.39379020573746737,0.20967255867864387,0.8508850143305033,0.8579235984752049,0.29147324962462096,0.11439418671049906,0.8004018294073486,0.5058823227882385,0.05352944191764386,0.23764708897646736,0.4852941036224365,0.07411766108344586,0.25823530814226936,0.8365267515182495,0.2771149868123671,0.09299733975354363,0.8365199565887451,0.27710819188286273,0.09299054482403923,0.7038219253222814,0.144410160616399,0.0397074864424245
corr_source_spatter_sev1,84,1700,True,False,False,0.9676470588235294,0.9676470588235294,0.97,0.9970501474926253,0.9976529552487666,0.02940308866909591,0.027652955248766653,0.9955923244571441,0.9956873394996699,0.027945265633614658,0.025687339499669948,0.9805177294975707,0.9423528909683228,0.025294167855206662,0.02764710903167722,0.9394116997718811,0.028235359051648312,0.03058830022811887,0.9844145178794861,0.01676745905595667,0.01441451787948611,0.9844077229499817,0.016760664126452274,0.014407722949981716,0.9734860212987693,0.005838962475239851,0.003486021298769293
corr_source_spatter_sev2,85,1700,True,False,False,0.93,0.93,0.941764705882353,0.9934872705743043,0.9946916031066069,0.06348727057430426,0.05292689722425392,0.9847834768062671,0.9861452970318485,0.05478347680626705,0.04438059114949555,0.9551266049810324,0.8770588040351868,0.05294119596481328,0.06470590184716618,0.8711764216423035,0.05882357835769658,0.07058828424004948,0.9637713432312012,0.03377134323120112,0.022006637348848224,0.9637645483016968,0.03376454830169673,0.02199984241934383,0.9387067515998648,0.008706751599864782,0.003057954282488118
corr_source_spatter_sev3,86,1700,True,False,False,0.8505882352941176,0.8505882352941176,0.8794117647058823,0.9880952380952381,0.9880952380952381,0.1375070028011205,0.1086834733893558,0.962769658553281,0.963022354752011,0.11218142325916336,0.0836105900461287,0.9177777922631448,0.7794117331504822,0.07117650214363547,0.10000003155540016,0.768823504447937,0.08176473084618063,0.11058826025794533,0.9338446259498596,0.08325639065574197,0.05443286124397728,0.9338378310203552,0.08324959572623758,0.05442606631447289,0.8677103994135208,0.01712216411940315,0.011701365292361543
corr_source_spatter_sev4,87,1700,True,False,False,0.7723529411764706,0.7723529411764706,0.8470588235294118,0.9759036144578314,0.9766017927683501,0.20355067328136078,0.12954296923893838,0.9255728080301824,0.925696788404817,0.1532198668537118,0.0786379648754052,0.8848652625691495,0.6988235116004944,0.07352942957597619,0.14823531192891737,0.6882352828979492,0.08411765827852136,0.15882354063146253,0.9060316681861877,0.13367872700971717,0.05897284465677599,0.9060248732566833,0.13367193208021277,0.0589660497272716,0.8157200101697983,0.04336706899332776,0.031338813359613416
corr_source_spatter_sev5,88,1700,True,False,False,0.6429411764705882,0.6429411764705882,0.7917647058823529,0.9493201483312732,0.9496629148630449,0.30637897186068497,0.15789820898069196,0.8846006087744065,0.8846006087744065,0.24165943230381826,0.09283590289205357,0.8358952693517526,0.587647020816803,0.05529415565378526,0.20411768506554995,0.568823516368866,0.07411766010172227,0.22294118951348696,0.8684123754501343,0.22547119897954604,0.07664766956778135,0.8684055805206299,0.22546440405004164,0.07664087463827696,0.7121473211345783,0.06920614466399011,0.07961738474777458
corr_source_gaussian_blur_sev1,89,1700,True,False,False,0.9488235294117647,0.9488235294117647,0.951764705882353,0.9970501474926253,0.997649484426258,0.048226618080860595,0.04588477854390505,0.9910843065627205,0.9924302633539661,0.042260777150955775,0.040665557471613156,0.9703823129491248,0.9158822894096375,0.03294124000212728,0.035882416472715506,0.9088234901428223,0.04000003926894247,0.04294121573953069,0.9766671657562256,0.027843636344460854,0.02490245987387263,0.9766603708267212,0.02783684141495646,0.024895664944368234,0.966070671396024,0.01724714198425925,0.014305965513671026
corr_source_gaussian_blur_sev2,90,1700,True,False,False,0.888235294117647,0.888235294117647,0.9005882352941177,0.98989898989899,0.9905318697219097,0.10166369578134293,0.08994363442779196,0.9617914382779681,0.9652819774052722,0.07355614416032108,0.06469374211115453,0.9286008815380365,0.809999942779541,0.078235351338106,0.09058829251457667,0.7994117140769958,0.08882358004065116,0.10117652121712184,0.9428399205207825,0.05460462640313546,0.04225168522666478,0.9428331255912781,0.054597831473631064,0.04224489029716039,0.9162362618328992,0.02800096771525218,0.0156480265387815
corr_source_gaussian_blur_sev3,91,1700,True,False,False,0.7535294117647059,0.7535294117647059,0.8076470588235294,0.9832535885167465,0.9838805235012665,0.2297241767520406,0.17623346467773715,0.8943704391223772,0.9121347411188874,0.14084102735767134,0.10448768229535799,0.8607162240126872,0.6317647099494934,0.12176470181521248,0.17588234887403598,0.6129411458969116,0.14058826586779427,0.19470591292661776,0.8888859748840332,0.1353565631193273,0.08123891606050382,0.8888791799545288,0.13534976818982292,0.08123212113099942,0.8155308344515151,0.06200142268680919,0.0078837756279857
corr_source_gaussian_blur_sev4,92,1700,True,False,False,0.5811764705882353,0.5811764705882353,0.7094117647058824,0.9640463132236441,0.9641287226443616,0.3828698426354088,0.25471695793847915,0.8038276111974586,0.8542206811663233,0.2226511406092233,0.14480891646044092,0.7814428266980286,0.4752941131591797,0.1058823574290556,0.23411765154670272,0.45588234066963196,0.12529412991860334,0.25352942403625045,0.8221827149391174,0.24100624435088214,0.11277095023323502,0.822175920009613,0.24099944942137774,0.11276415530373063,0.6728296857376526,0.09165321514941727,0.03658207896822985
corr_source_gaussian_blur_sev5,93,1700,True,False,False,0.3123529411764706,0.3123529411764706,0.7517647058823529,0.9596083231334149,0.9602908776729786,0.6472553819569443,0.20852617179062571,0.7592680941266481,0.8048984098437555,0.4469151529501775,0.0531337039614026,0.7071766151290042,0.31647056341171265,0.0041176222352420355,0.43529414247064024,0.30352941155433655,0.008823529622134063,0.44823529432801634,0.7675133347511292,0.45516039357465854,0.01574862886877626,0.7675065398216248,0.45515359864515414,0.015741833939271865,0.4705077122958168,0.15815477111934617,0.2812569935865361
corr_source_saturate_sev1,94,1700,True,False,False,0.9376470588235294,0.9376470588235294,0.9429411764705883,0.9976415094339622,0.9976415094339622,0.05999445061043285,0.054700332963373954,0.98942791651348,0.98942791651348,0.051780857689950666,0.04648674004289177,0.9645313539895849,0.8982352614402771,0.03941179738325229,0.04470591503031118,0.8958823084831238,0.04176475034040561,0.0470588679874645,0.9711373448371887,0.03349028601365933,0.028196168366600438,0.9711305499076843,0.03348349108415494,0.028189373437096044,0.9493536245429984,0.011706565719469042,0.0064124480724101485
corr_source_saturate_sev2,95,1700,True,False,False,0.9170588235294118,0.9170588235294118,0.9241176470588235,0.9946777054997042,0.9946777054997042,0.07761888197029243,0.07056005844088076,0.9840520942188942,0.9840520942188942,0.06699327068948235,0.05993444716007068,0.9576940793522386,0.8776470422744751,0.03941178125493672,0.04647060478434839,0.8705881834030151,0.04647064012639668,0.05352946365580835,0.9662399291992188,0.049181105669806935,0.04212228214039526,0.9662331342697144,0.04917431074030254,0.04211548721089087,0.936665073944097,0.019606250414685222,0.01254742688527355
corr_source_saturate_sev3,96,1700,True,False,False,0.9494117647058824,0.9494117647058824,0.9529411764705882,0.9958653278204371,0.9976529654980717,0.04645356311455473,0.04471178902748352,0.9946870094040692,0.9946870094040692,0.04527524469818678,0.041745832933481,0.9727702351164457,0.9170587658882141,0.03235299881766829,0.03588241058237407,0.9152941107749939,0.0341176539308885,0.037647065695594284,0.9789175987243652,0.029505834018482835,0.025976422253777054,0.9789108037948608,0.02949903908897844,0.02596962732427266,0.9637487858320317,0.014337021126149319,0.010807609361443538
corr_source_saturate_sev4,97,1700,True,False,False,0.8858823529411765,0.8858823529411765,0.8994117647058824,0.9928909952606635,0.9928909952606635,0.10700864231948704,0.09347923055478113,0.986865960895317,0.986865960895317,0.10098360795414052,0.08745419618943462,0.9469214356965338,0.8435294032096863,0.042352949731490175,0.055882361496196076,0.837647020816803,0.048235332124373476,0.061764743889079377,0.9581291079521179,0.07224675501094147,0.058717343246235565,0.9581223130226135,0.07223996008143707,0.05871054831673117,0.9117880119273624,0.02590565898618591,0.012376247221480008
corr_source_saturate_sev5,98,1700,True,False,False,0.7858823529411765,0.7858823529411765,0.8258823529411765,0.9856801909307876,0.9856801909307876,0.19979783798961115,0.1597978379896111,0.965208667838531,0.9667450988387459,0.1793263148973545,0.14086274589756942,0.9118564781543275,0.7517646551132202,0.03411769782795626,0.0741176978279563,0.7399999499320984,0.04588240300907809,0.08588240300907812,0.9295050501823425,0.14362269724116605,0.10362269724116602,0.9294982552528381,0.14361590231166166,0.10361590231166162,0.8264827705983633,0.040600417657186805,0.0006004176571867692
corr_target_fog_sev1,99,1700,False,True,False,0.7170588235294117,0.7170588235294117,0.7547058823529412,0.9868891537544696,0.9868891537544696,0.26983033022505787,0.2321832714015284,0.942480257668164,0.9427605661861851,0.22542143413875226,0.18805468383324386,0.8968144006655518,0.7076470255851746,0.009411797944237188,0.047058856767766666,0.6917646527290344,0.025294170800377325,0.0629412296239068,0.9184196591377258,0.20136083560831408,0.1637137767847846,0.9184128642082214,0.2013540406788097,0.1637069818552802,0.8383628274358467,0.12130400390643492,0.08365694508290544
corr_target_fog_sev2,100,1700,False,True,False,0.691764705882353,0.691764705882353,0.731764705882353,0.9862850327966607,0.9862850327966607,0.29452032691430774,0.2545203269143077,0.9211255775537446,0.9268825034760282,0.22936087167139163,0.1951177975936752,0.87628511011055,0.6611764430999756,0.030588262782377362,0.0705882627823774,0.6376470327377319,0.054117673144621015,0.09411767314462105,0.9011545181274414,0.20938981224508846,0.16938981224508842,0.901147723197937,0.20938301731558406,0.16938301731558403,0.8195790422784843,0.12781433639613138,0.08781433639613134
corr_target_fog_sev3,101,1700,False,True,False,0.6282352941176471,0.6282352941176471,0.71,0.9752863170584689,0.9752863170584689,0.3470510229408218,0.26528631705846895,0.8878726136706622,0.8927578551404926,0.25963731955301506,0.1827578551404926,0.8416850339887437,0.5852940678596497,0.042941226257997456,0.1247059321403503,0.5623528957366943,0.06588239838095278,0.14764710426330563,0.8732385635375977,0.24500326941995054,0.1632385635375977,0.8732317686080933,0.24499647449044615,0.1632317686080933,0.7919686945391539,0.16373340042150675,0.0819686945391539
corr_target_fog_sev4,102,1700,False,True,False,0.5964705882352941,0.5964705882352941,0.711764705882353,0.9740494870247435,0.9740494870247435,0.3775788987894494,0.2622847811423905,0.862464584632358,0.8789903335729927,0.2659939963970639,0.16722562769063976,0.8196255189369543,0.5511764287948608,0.045294159440433246,0.16058827708749213,0.5264705419540405,0.07000004628125356,0.18529416392831244,0.8542086482048035,0.2577380599695094,0.1424439423224505,0.8542018532752991,0.257731265040005,0.1424371473929461,0.7730626021298491,0.17659201389455503,0.06129789624749615
corr_target_fog_sev5,103,1700,False,True,False,0.46352941176470586,0.46352941176470586,0.71,0.9653073645769933,0.9653073645769933,0.5017779528122874,0.2553073645769933,0.8012444066331378,0.8563498396905135,0.33771499486843193,0.14634983969051352,0.7616904963939898,0.42823526263237,0.03529414913233586,0.28176473736762997,0.39588233828544617,0.06764707347925969,0.3141176617145538,0.811223030090332,0.3476936183256262,0.10122303009033207,0.8112162351608276,0.3476868233961218,0.10121623516082767,0.6619373311023484,0.19840791933764257,0.04806266889765154
corr_target_frost_sev1,104,1700,False,True,False,0.7188235294117648,0.7188235294117648,0.768235294117647,0.984468339307049,0.984468339307049,0.2656448098952843,0.216233045189402,0.9415165172584572,0.9423949431440312,0.22269298784669245,0.17415964902638414,0.9025470017437549,0.7352941036224365,0.016470574210671773,0.03294119049521049,0.7164705395698547,0.0023529898419100137,0.05176475454779228,0.9228018522262573,0.20397832281449257,0.1545665581086103,0.9227950572967529,0.20397152788498818,0.1545597631791059,0.840726796470948,0.1219032670591832,0.07249150235330093
corr_target_frost_sev2,105,1700,False,True,False,0.6317647058823529,0.6317647058823529,0.7323529411764705,0.9684466019417476,0.9697687035979441,0.3366818960593947,0.23741576242147355,0.8709896016033651,0.8854174196702908,0.23922489572101224,0.1530644784938202,0.8426278662756771,0.6005882024765015,0.03117650340585143,0.13176473869996908,0.5835294127464294,0.04823529313592345,0.1488235284300411,0.8736958503723145,0.24193114448996156,0.1413429091958439,0.8736890554428101,0.24192434956045716,0.14133611426633952,0.7812737001144128,0.14950899423205988,0.04892075893794223
corr_target_frost_sev3,106,1700,False,True,False,0.5417647058823529,0.5417647058823529,0.7170588235294117,0.954489544895449,0.9575506131270946,0.4127248390130961,0.2404917895976828,0.7823589912588003,0.8403104761915887,0.24059428537644734,0.12325165266217697,0.7761197756467834,0.48411762714385986,0.05764707873849306,0.23294119638555189,0.46352940797805786,0.07823529790429506,0.2535294155513539,0.8131195902824402,0.27135488440008726,0.09606076675302844,0.8131127953529358,0.27134808947058286,0.09605397182352404,0.709271784185129,0.1675070783027761,0.007787039344282709
corr_target_frost_sev4,107,1700,False,True,False,0.5252941176470588,0.5252941176470588,0.7076470588235294,0.9486703772418058,0.9493786605551311,0.423376259594747,0.2417316017316017,0.7748061245988356,0.8460380619845856,0.24951200695177678,0.13839100316105624,0.770285794752781,0.4676470458507538,0.057647071796305016,0.24000001297277562,0.44470587372779846,0.08058824391926034,0.26294118509573094,0.8113875389099121,0.2860934212628533,0.1037404800863827,0.8113807439804077,0.2860866263333489,0.10373368515687831,0.6963275985539412,0.17103348090688242,0.011319460269588189
corr_target_frost_sev5,108,1700,False,True,False,0.4652941176470588,0.4652941176470588,0.7082352941176471,0.9308176100628931,0.9326228996422485,0.4655234924158343,0.22438760552460146,0.7164359086469807,0.8415739188778399,0.2511417909999219,0.13333862476019287,0.7334837001740714,0.4082352817058563,0.05705883594120248,0.30000001241179075,0.38999998569488525,0.07529413195217355,0.3182353084227618,0.7785536646842957,0.31325954703723685,0.07031837056664858,0.7785468697547913,0.31325275210773246,0.07031157563714419,0.642314411588818,0.17702029394175917,0.0659208825288291
corr_target_motion_blur_sev1,109,1700,False,True,False,0.7088235294117647,0.7088235294117647,0.7411764705882353,0.98989898989899,0.9905102932438573,0.2810754604872252,0.24933382265562198,0.9409074200016531,0.9409074200016531,0.23208389058988832,0.19973094941341774,0.8923043424504031,0.6917646527290344,0.017058876682730317,0.0494118178592009,0.6770588159561157,0.03176471345564902,0.0641176546321196,0.9151712656021118,0.20634773619034708,0.1739947950138765,0.9151644706726074,0.20634094126084268,0.1739880000843721,0.8402882145985552,0.13146468518679044,0.09911174401031986
corr_target_motion_blur_sev2,110,1700,False,True,False,0.6241176470588236,0.6241176470588236,0.7076470588235294,0.9678202792956891,0.9678941085250528,0.3437026322368656,0.26024704970152335,0.8782000956725802,0.896662589677283,0.2540824486137566,0.18901553085375356,0.8470454612130426,0.6023529171943665,0.0217647298644571,0.10529414162916295,0.585882306098938,0.038235340959885566,0.12176475272459142,0.8763073086738586,0.2521896616150351,0.16866024985032924,0.8763005137443542,0.2521828666855307,0.16865345492082484,0.8114365873127773,0.1873189402539538,0.10378952848924794
corr_target_motion_blur_sev3,111,1700,False,True,False,0.49411764705882355,0.49411764705882355,0.668235294117647,0.948019801980198,0.9487296156086197,0.4539021549213744,0.28049432149097264,0.7538226448920299,0.8359476066957854,0.25970499783320633,0.16771231257813835,0.7634033267035724,0.4399999678134918,0.05411767924533173,0.22823532630415522,0.4170587956905365,0.07705885136828705,0.25117649842711054,0.807250440120697,0.31313279306187347,0.13901514600304998,0.8072436451911926,0.3131259981323691,0.1390083510735456,0.7270969546753965,0.23297930761657293,0.05886166055774944
corr_target_motion_blur_sev4,112,1700,False,True,False,0.36470588235294116,0.36470588235294116,0.6923529411764706,0.9171974522292994,0.9171974522292994,0.5524915698763582,0.22484451105282877,0.6104851706064494,0.8343022640278379,0.2457792882535082,0.1419493228513673,0.6608489097010993,0.29235291481018066,0.0723529675427605,0.40000002636628995,0.272352933883667,0.09235294846927417,0.4200000072928036,0.7249836921691895,0.3602778098162483,0.03263075099271884,0.7249768972396851,0.3602710148867439,0.03262395606321444,0.6327297469110703,0.26802386455812915,0.0596231942654003
corr_target_motion_blur_sev5,113,1700,False,True,False,0.3111764705882353,0.3111764705882353,0.7094117647058824,0.8801054018445322,0.8831180961107995,0.568928931256297,0.1737063314049171,0.5521891058409596,0.8063869147020742,0.24101263525272432,0.09697514999619183,0.593662123955954,0.20764705538749695,0.10352941520073833,0.5017647093183855,0.18352940678596497,0.1276470638022703,0.5258823579199174,0.6717177033424377,0.36054123275420247,0.037694061363444664,0.6717109084129333,0.3605344378246981,0.03770085629294906,0.5840687760822668,0.27289230549403154,0.1253429886236156
corr_target_brightness_sev1,114,1700,False,True,False,0.7858823529411765,0.7858823529411765,0.7976470588235294,0.9928909952606635,0.9928909952606635,0.207008642319487,0.1952439364371341,0.9702193172472772,0.9702193172472772,0.1843369643061007,0.1725722584237478,0.9261537193578692,0.7811764478683472,0.004705905072829308,0.016470610955182208,0.7699999809265137,0.015882372014662804,0.027647077897015704,0.9413099884986877,0.15542763555751127,0.14366292967515837,0.9413031935691833,0.15542084062800687,0.14365613474565397,0.8647431066923034,0.07886075375112689,0.06709604786877399
corr_target_brightness_sev2,115,1700,False,True,False,0.7647058823529411,0.7647058823529411,0.79,0.9928909952606635,0.9928909952606635,0.22818511290772236,0.20289099526066345,0.9666553554602711,0.9666553554602711,0.20194947310733002,0.1766553554602711,0.9235676790444922,0.7764705419540405,0.011764659601099403,0.013529458045959508,0.7694117426872253,0.004705860334284218,0.020588257312774694,0.9388065338134766,0.17410065146053544,0.14880653381347653,0.9387997388839722,0.17409385653103104,0.14879973888397213,0.85661968144521,0.09191379909226882,0.06661968144520991
corr_target_brightness_sev3,116,1700,False,True,False,0.7611764705882353,0.7611764705882353,0.78,0.98989898989899,0.9899219515572597,0.2287225193107546,0.20992195155725968,0.9603393992568401,0.9603393992568401,0.19916292866860474,0.18033939925684006,0.9186371999546675,0.770588219165802,0.009411748577566659,0.009411780834198025,0.7588235139846802,0.0023529566035551674,0.02117648601531985,0.9352559447288513,0.17407947414061598,0.1552559447288513,0.9352491497993469,0.17407267921111158,0.1552491497993469,0.8496540722997941,0.08847760171155872,0.06965407229979403
corr_target_brightness_sev4,117,1700,False,True,False,0.7388235294117647,0.7388235294117647,0.7594117647058823,0.9850746268656716,0.9850746268656716,0.24625109745390694,0.22566286215978926,0.9424630251935092,0.9474839159825599,0.20363949578174456,0.18807215127667753,0.9065904685175139,0.7423529028892517,0.003529373477487052,0.017058861816630633,0.7329411506652832,0.005882378746481454,0.02647061404059914,0.9249290227890015,0.1861054933772368,0.16551725808311912,0.9249222278594971,0.1860986984477324,0.16551046315361473,0.8414322835038662,0.10260875409210157,0.08202051879798389
corr_target_brightness_sev5,118,1700,False,True,False,0.7088235294117647,0.7088235294117647,0.7541176470588236,0.9783653846153846,0.9790521103441145,0.26954185520361984,0.224934463285291,0.9209830430797528,0.9255142454962939,0.21215951366798802,0.17139659843747035,0.8867018251117499,0.6958823204040527,0.012941209007712007,0.058235326654770825,0.6788235306739807,0.029999998737784028,0.07529411638484285,0.9092237949371338,0.20040026552536905,0.15510614787831023,0.9092170000076294,0.20039347059586465,0.15509935294880584,0.8282738209539734,0.11945029154220865,0.07415617389514984
corr_target_zoom_blur_sev1,119,1700,False,True,False,0.5835294117647059,0.5835294117647059,0.6858823529411765,0.9746682750301568,0.9753721949900781,0.391138863265451,0.2894898420489016,0.8977564860529335,0.9034883386329849,0.3142270742882276,0.21760598569180845,0.8320285454616823,0.561764657497406,0.021764754267299846,0.12411769544377049,0.548235297203064,0.03529411456164189,0.13764705573811253,0.8651649951934814,0.2816355834287756,0.17928264225230495,0.865158200263977,0.2816287884992712,0.17927584732280055,0.7311779357824839,0.14764852401777806,0.045295582841307414
corr_target_zoom_blur_sev2,120,1700,False,True,False,0.4864705882352941,0.4864705882352941,0.6905882352941176,0.9808153477218226,0.9808593761569312,0.49434475948652845,0.2902711408628136,0.8751717438549158,0.8854192247909989,0.3887011556196217,0.19483098949688127,0.7949480838947718,0.4923529326915741,0.005882344456279998,0.19823530260254352,0.47294116020202637,0.013529428033267732,0.21764707509209125,0.836018979549408,0.34954839131411386,0.14543074425529035,0.8360121846199036,0.34954159638460947,0.14542394932578595,0.6752187373724521,0.18874814913715798,0.015369497921665531
corr_target_zoom_blur_sev3,121,1700,False,True,False,0.43,0.43,0.6894117647058824,0.9759036144578314,0.9759589533541037,0.5459036144578313,0.28654718864822126,0.867051807048064,0.8695530973276075,0.43705180704806396,0.18014133262172516,0.7692809131328042,0.4376470446586609,0.007647044658660895,0.2517647200472215,0.4099999964237213,0.02000000357627868,0.2794117682821611,0.8146177530288696,0.38461775302886964,0.12520598832298724,0.8146109580993652,0.38461095809936524,0.12519919339348284,0.6311540512651883,0.20115405126518832,0.05825771344069408
corr_target_zoom_blur_sev4,122,1700,False,True,False,0.38,0.38,0.6976470588235294,0.9671931956257594,0.9671931956257594,0.5871931956257594,0.26954613680223005,0.8525446153014851,0.8634455476667388,0.47254461530148506,0.16579848884320936,0.7444068256768422,0.3758823275566101,0.004117672443389897,0.3217647312669193,0.34705880284309387,0.03294119715690613,0.3505882559804355,0.7985790967941284,0.4185790967941284,0.10093203797059902,0.798572301864624,0.418572301864624,0.10092524304109463,0.5899792478949288,0.20997924789492883,0.10766781092860056
corr_target_zoom_blur_sev5,123,1700,False,True,False,0.33176470588235296,0.33176470588235296,0.7294117647058823,0.9551321450522434,0.9558252286778265,0.6233674391698905,0.22641346397194417,0.8458298059982801,0.8546125275294132,0.5140651001159271,0.12520076282353088,0.7161450644965508,0.3288235068321228,0.002941199050230159,0.4005882578737595,0.30529409646987915,0.02647060941247381,0.42411766823600316,0.7780560851097107,0.44629137922735773,0.04864432040382838,0.7780492901802063,0.44628458429785334,0.048637525474323984,0.5428363691146904,0.2110716632323374,0.18657539559119196
corr_target_snow_sev1,124,1700,False,True,False,0.6511764705882352,0.6511764705882352,0.7523529411764706,0.9826451226810293,0.9833119044411969,0.3314686520927941,0.2309589632647263,0.9197718150266265,0.9211299682603743,0.2685953444383913,0.16877702708390374,0.8730121299368656,0.6582352519035339,0.00705878131529869,0.09411768927293662,0.6435294151306152,0.007647055457620011,0.10882352604585532,0.8980980515480042,0.2469215809597689,0.1457451103715336,0.8980912566184998,0.2469147860302645,0.1457383154420292,0.7648182381909834,0.11364176760274813,0.012465297014512822
corr_target_snow_sev2,125,1700,False,True,False,0.54,0.54,0.6935294117647058,0.948019801980198,0.9481382748728341,0.40801980198019794,0.25460886310812825,0.8132837612900689,0.8597830971292275,0.2732837612900688,0.16625368536452168,0.7982177661708338,0.5135294198989868,0.02647058010101322,0.17999999186571902,0.4905882179737091,0.04941178202629093,0.20294119379099673,0.8357672691345215,0.29576726913452145,0.14223785736981565,0.8357604742050171,0.29576047420501705,0.14223106244031125,0.6850967285785785,0.14509672857857847,0.008432683186127332
corr_target_snow_sev3,126,1700,False,True,False,0.5317647058823529,0.5317647058823529,0.7105882352941176,0.9525569932224276,0.9539538255228153,0.4207922873400747,0.24336559022869764,0.8067886379764287,0.8582902694980042,0.27502393209407583,0.1477020342038866,0.7965385255592571,0.5088235139846802,0.02294119189767274,0.20176472130943746,0.4870588183403015,0.044705887542051403,0.22352941695381612,0.8354454040527344,0.30368069817038146,0.12485716875861674,0.83543860912323,0.30367390324087706,0.12485037382911235,0.6681253486504064,0.13636064276805349,0.04246288664371123
corr_target_snow_sev4,127,1700,False,True,False,0.4441176470588235,0.4441176470588235,0.7335294117647059,0.9368355222013759,0.9376757587705233,0.4927178751425524,0.20414634700581746,0.7035163406681344,0.846256761990903,0.2593986936093109,0.11272735022619718,0.7331410852544122,0.40705880522727966,0.03705884183154384,0.3264706065374262,0.38058823347091675,0.06352941358790676,0.3529411782937891,0.7801485061645508,0.3360308591057273,0.04661909439984491,0.7801417112350464,0.3360240641762229,0.04661229947034051,0.5899820421733338,0.14586439511451033,0.14354736959137204
corr_target_snow_sev5,128,1700,False,True,False,0.39705882352941174,0.39705882352941174,0.7176470588235294,0.8961038961038961,0.8965649633774777,0.4990450725744843,0.1789179045539483,0.6460442487066376,0.7930708269662228,0.24898542517722583,0.07542376814269336,0.6767491734378338,0.3311764597892761,0.06588236374013562,0.3864705990342533,0.3141176402568817,0.08294118327253003,0.4035294185666477,0.7313355803489685,0.33427675681955676,0.01368852152543909,0.7313287854194641,0.33426996189005237,0.013681726595934696,0.541447319728883,0.1443884961994713,0.17619973909464637
corr_target_defocus_blur_sev1,129,1700,False,True,False,0.67,0.67,0.7188235294117648,0.9868891537544696,0.9868891537544696,0.3168891537544696,0.26806562434270487,0.9117903584203185,0.922659552311432,0.24179035842031849,0.2038360228996673,0.8685530059183294,0.6476470232009888,0.02235297679901127,0.07117650621077598,0.6305882334709167,0.03941176652908329,0.088235295940848,0.8930181264877319,0.2230181264877319,0.17419459707596718,0.8930113315582275,0.2230113315582275,0.1741878021464628,0.8030378078136011,0.13303780781360108,0.08421427840183637
corr_target_defocus_blur_sev2,130,1700,False,True,False,0.6029411764705882,0.6029411764705882,0.6994117647058824,0.9850746268656716,0.9856972783143109,0.3821334503950834,0.28628551360842847,0.8809399452096536,0.8955290910181484,0.27799876873906537,0.19611732631226597,0.8386525560527809,0.5729411244392395,0.0300000520313487,0.1264706402666429,0.5576470494270325,0.04529412704355573,0.14176471527884993,0.86934494972229,0.26640377325170184,0.16993318501640764,0.8693381547927856,0.26639697832219744,0.16992639008690325,0.7751116658775632,0.172170489406975,0.0756999011716808
corr_target_defocus_blur_sev3,131,1700,False,True,False,0.4823529411764706,0.4823529411764706,0.668235294117647,0.9570552147239264,0.9570552147239264,0.4747022735474558,0.28881992060627937,0.807082330274577,0.8436501880021435,0.3247293890981064,0.1754148938844965,0.776407303461713,0.4476470351219177,0.03470590605455287,0.2205882589957293,0.4288235008716583,0.05352944030481227,0.2394117932459887,0.8207721710205078,0.3384192298440372,0.15253687690286077,0.8207653760910034,0.3384124349145328,0.15253008197335638,0.7053427113207373,0.22298977014426674,0.0371074172030903
corr_target_defocus_blur_sev4,132,1700,False,True,False,0.3811764705882353,0.3811764705882353,0.6788235294117647,0.9576946658491724,0.9577914402497091,0.5765181952609371,0.27896791083794437,0.7460468569071229,0.8174301125598004,0.36487038631888763,0.13860658314803564,0.7154299092899183,0.3517646789550781,0.02941179163315716,0.3270588504566866,0.32941174507141113,0.05176472551682415,0.3494117843403536,0.7723820209503174,0.3912055503620821,0.09355849153855267,0.772375226020813,0.3911987554325777,0.09355169660904827,0.6282624965430241,0.24708602595478885,0.050561032868740585
corr_target_defocus_blur_sev5,133,1700,False,True,False,0.27,0.27,0.7370588235294118,0.9421281891723708,0.9421281891723708,0.6721281891723708,0.20506936564295908,0.7166119620346907,0.8080442565829525,0.44661196203469067,0.07098543305354077,0.670640062381075,0.28117644786834717,0.01117644786834715,0.4558823756610646,0.2576470375061035,0.012352962493896502,0.47941178602330825,0.7343066334724426,0.4643066334724426,0.0027521900569691393,0.7342998385429382,0.4642998385429382,0.002758984986473534,0.5297657733517365,0.25976577335173645,0.2072930501776753
corr_target_glass_blur_sev1,134,1700,False,True,False,0.658235294117647,0.658235294117647,0.7282352941176471,0.9802039592081585,0.9802934794069273,0.3219686650905115,0.25205818528928026,0.9383538741432038,0.9408073340810175,0.2801185800255568,0.21257203996337037,0.8824264062052162,0.6729411482810974,0.014705854163450383,0.05529414583654968,0.6599999666213989,0.0017646725037518962,0.06823532749624817,0.9057256579399109,0.24749036382226386,0.1774903638222638,0.9057188630104065,0.24748356889275946,0.1774835688927594,0.7666907359517824,0.10845544183413536,0.038455441834135295
corr_target_glass_blur_sev2,135,1700,False,True,False,0.5682352941176471,0.5682352941176471,0.6852941176470588,0.9850746268656716,0.9856972783143109,0.41683933274802454,0.30040316066725203,0.9038400858825762,0.9109310462885856,0.3356047917649292,0.22563692864152674,0.8438374618369548,0.5829411745071411,0.014705880389494053,0.10235294313991772,0.563529372215271,0.0047059219023760646,0.12176474543178784,0.8748949766159058,0.3066596824982587,0.18960085896884693,0.8748881816864014,0.3066528875687543,0.18959406403934254,0.7063329868002222,0.1380976926825751,0.02103886915316333
corr_target_glass_blur_sev3,136,1700,False,True,False,0.41411764705882353,0.41411764705882353,0.6888235294117647,0.9684466019417476,0.9685900644866706,0.554328954882924,0.2797665350749059,0.8327246383979442,0.8536175292560971,0.41860699133912066,0.1647939998443324,0.7659749539828958,0.4341176152229309,0.019999968164107373,0.2547059141888338,0.41235291957855225,0.0017647274802712887,0.2764706098332125,0.8139194250106812,0.3998017779518576,0.12509589559891643,0.8139126300811768,0.3997949830223532,0.12508910066941203,0.5704971110686072,0.1563794640097837,0.11832641834315749
corr_target_glass_blur_sev4,137,1700,False,True,False,0.3588235294117647,0.3588235294117647,0.7064705882352941,0.9596083231334149,0.9603819509921568,0.6007847937216502,0.25391136275686277,0.767845357537567,0.839754429919683,0.4090218281258023,0.1332838416843889,0.7260453531589561,0.36529409885406494,0.0064705694423002336,0.34117648938122913,0.338823527097702,0.02000000231406268,0.36764706113759205,0.7818795442581177,0.42305601484635297,0.0754089560228236,0.7818727493286133,0.4230492199168486,0.07540216109331921,0.5270441183848471,0.1682205889730824,0.17942646985044697
corr_target_glass_blur_sev5,138,1700,False,True,False,0.2735294117647059,0.2735294117647059,0.7476470588235294,0.9454094292803971,0.9454094292803971,0.6718800175156912,0.19776237045686762,0.6924652360742243,0.8424950656750707,0.41893582430951837,0.09484800685154127,0.6802434791852873,0.3117646872997284,0.038235275535022484,0.43588237152380105,0.28117644786834717,0.007647036103641258,0.4664706109551823,0.7427089214324951,0.4691795096677892,0.004938137391034325,0.7427021265029907,0.4691727147382848,0.00494493232053872,0.4847834376735669,0.211254025908861,0.26286362114996253
corr_target_gaussian_noise_sev1,139,1700,False,True,False,0.7070588235294117,0.7070588235294117,0.7552941176470588,0.9892984542211652,0.9892984542211652,0.2822396306917535,0.23400433657410646,0.9466570170845662,0.9466570170845662,0.23959819355515444,0.1913628994375074,0.9038271967430228,0.7252941131591797,0.018235289629767948,0.030000004487879095,0.7117646932601929,0.0047058697307811315,0.04352942438686591,0.9229611754417419,0.2159023519123302,0.16766705779468316,0.9229543805122375,0.2158955569828258,0.16766026286517877,0.8398257692298053,0.1327669457003936,0.08453165158274656
corr_target_gaussian_noise_sev2,140,1700,False,True,False,0.6388235294117647,0.6388235294117647,0.7158823529411765,0.9826451226810293,0.9826849231097421,0.34382159326926465,0.26680257016856557,0.9187572544754907,0.9187572544754907,0.27993372506372605,0.2028749015343142,0.8722247874156098,0.6511764526367188,0.012352923224954071,0.06470590030445778,0.6358823180198669,0.0029412113918977356,0.08000003492130958,0.8974747061729431,0.25865117676117844,0.1815923532317666,0.8974679112434387,0.25864438183167404,0.1815855583022622,0.8017628407588195,0.16293931134705486,0.08588048781764301
corr_target_gaussian_noise_sev3,141,1700,False,True,False,0.5094117647058823,0.5094117647058823,0.6911764705882353,0.9715668481548699,0.9715668481548699,0.4621550834489876,0.28039037756663465,0.8617933880008446,0.8617933880008446,0.35238162329496225,0.17061691741260931,0.8168615142963251,0.520588219165802,0.01117645445991966,0.17058825142243328,0.501764714717865,0.0076470499880173515,0.1894117558703703,0.8541043996810913,0.34469263497520897,0.16292792909285603,0.8540976047515869,0.3446858400457046,0.16292113416335163,0.7397260776648765,0.23031431295899418,0.048549607076641244
corr_target_gaussian_noise_sev4,142,1700,False,True,False,0.37,0.37,0.711764705882353,0.9427860696517413,0.9463820602868013,0.5727860696517413,0.2346173544044483,0.779807397739213,0.8200793621305751,0.40980739773921304,0.10831465624822212,0.7456881199753177,0.3888235092163086,0.018823509216308598,0.32294119666604437,0.3682352900505066,0.0017647099494934038,0.3435294158318464,0.7910921573638916,0.4210921573638916,0.07932745148153864,0.7910853624343872,0.4210853624343872,0.07932065655203424,0.6241829724932965,0.25418297249329647,0.0875817333890565
corr_target_gaussian_noise_sev5,143,1700,False,True,False,0.1976470588235294,0.1976470588235294,0.8329411764705882,0.9074550128534704,0.9076620667758089,0.709807954029941,0.07472089030522067,0.7537004680751247,0.7887121114260898,0.5560534092515953,0.04422906504449842,0.6600922254132962,0.2235293984413147,0.0258823396177853,0.6094117780292735,0.19882352650165558,0.0011764676781261807,0.6341176499689326,0.7334049344062805,0.5357578755827511,0.09953624206430767,0.7333981394767761,0.5357510806532467,0.09954303699381206,0.43005583319915863,0.23240877437562923,0.40288534327142955
corr_target_shot_noise_sev1,144,1700,False,True,False,0.7147058823529412,0.7147058823529412,0.7511764705882353,0.9874925550923168,0.9875483091961534,0.2727866727393756,0.2363718386079181,0.9431010958809972,0.9431010958809972,0.22839521352805603,0.19192462529276189,0.9014062955994782,0.7188234925270081,0.004117610174066866,0.03235297806122728,0.7099999785423279,0.00470590381061331,0.041176492045907453,0.9219130277633667,0.2072071454104255,0.17073655717513136,0.9219062328338623,0.2072003504809211,0.17072976224562697,0.8439702181760209,0.12926433582307972,0.09279374758778558
corr_target_shot_noise_sev2,145,1700,False,True,False,0.6235294117647059,0.6235294117647059,0.7258823529411764,0.9771359807460891,0.9771359807460891,0.3536065689813832,0.25125362780491267,0.8985356045321143,0.8988825976350305,0.27500619276740845,0.1730002446938541,0.8635245670546841,0.6282352805137634,0.00470586874905754,0.097647072427413,0.6135293841362,0.010000027628505936,0.11235296880497647,0.8900827765464783,0.2665533647817724,0.16420042360530185,0.8900759816169739,0.266546569852268,0.16419362867579745,0.7959409856509309,0.17241157388622497,0.07005863270975443
corr_target_shot_noise_sev3,146,1700,False,True,False,0.51,0.51,0.7047058823529412,0.9653073645769933,0.9653073645769933,0.4553073645769933,0.2606014822240521,0.8571385982305103,0.8583771396436605,0.3471385982305103,0.1536712572907193,0.8151116742467579,0.518823504447937,0.008823504447937003,0.18588237790500417,0.5064705610275269,0.0035294389724731534,0.19823532132541433,0.8518577218055725,0.3418577218055725,0.14715183945263133,0.8518509268760681,0.3418509268760681,0.14714504452312693,0.7294423683599052,0.21944236835990516,0.024736486006963987
corr_target_shot_noise_sev4,147,1700,False,True,False,0.3452941176470588,0.3452941176470588,0.7305882352941176,0.9348370927318296,0.9348370927318296,0.5895429750847707,0.20424885743771193,0.7839094695344032,0.815686301010421,0.4386153518873444,0.0850980657163034,0.7349530967813793,0.361176460981369,0.01588234333431021,0.36941177431274863,0.3311764597892761,0.014117657857782684,0.3994117755048415,0.7905887961387634,0.4452946784917046,0.06000056084464578,0.790582001209259,0.4452878835622002,0.059993765915141384,0.5923141775693779,0.24702005992231907,0.13827405772473977
corr_target_shot_noise_sev5,148,1700,False,True,False,0.23176470588235293,0.23176470588235293,0.8035294117647059,0.8975356679636836,0.9029721445363165,0.6657709620813306,0.09944273277161053,0.7490500998892761,0.778738205153058,0.5172853940069231,0.02479120661164791,0.6735376929475891,0.2517646849155426,0.019999979033189674,0.5517647268491633,0.2294117510318756,0.002352954850477318,0.5741176607328303,0.7410858273506165,0.5093211214682636,0.06244358441408948,0.7410790324211121,0.5093143265387592,0.062450379343593876,0.474299209771917,0.24253450388956405,0.32923020199278896
corr_target_impulse_noise_sev1,149,1700,False,True,False,0.6317647058823529,0.6317647058823529,0.7152941176470589,0.9808153477218226,0.9808153477218226,0.34905064183946966,0.2655212300747637,0.92268856225123,0.92268856225123,0.2909238563688771,0.2073944446041711,0.8704125315999302,0.6329411268234253,0.001176420941072398,0.08235299082363357,0.6158823370933533,0.015882368788999623,0.09941178055370559,0.8968945741653442,0.26512986828299134,0.18160045651828538,0.8968877792358398,0.26512307335348695,0.18159366158878099,0.8027672122951082,0.17100250641275527,0.08747309464804931
corr_target_impulse_noise_sev2,150,1700,False,True,False,0.5758823529411765,0.5758823529411765,0.7011764705882353,0.9734299516908212,0.9734909653164652,0.39754759874964474,0.2723144947282299,0.8868457556254082,0.8891917811799028,0.3109634026842317,0.18801531059166754,0.8515766504018458,0.6041176319122314,0.028235278971054933,0.09705883867600384,0.5870587825775146,0.011176429636338137,0.11411768801072064,0.8825079798698425,0.306625626928666,0.18133150928160724,0.8825011849403381,0.3066188319991616,0.18132471435210284,0.7863678532882357,0.21048550034705915,0.08519138270000037
corr_target_impulse_noise_sev3,151,1700,False,True,False,0.5394117647058824,0.5394117647058824,0.6852941176470588,0.9621489621489622,0.9621489621489622,0.4227371974430798,0.27685484450190334,0.8555093322064456,0.8575899782715969,0.3160975675005633,0.17229586062453806,0.822653111098662,0.5317646861076355,0.00764707859824687,0.15352943153942333,0.5105882287025452,0.028823536003337202,0.17470588894451367,0.860274612903595,0.3208628481977126,0.17498049525653614,0.8602678179740906,0.3208560532682082,0.17497370032703174,0.7595227941341229,0.22011102942824057,0.0742286764870641
corr_target_impulse_noise_sev4,152,1700,False,True,False,0.3623529411764706,0.3623529411764706,0.7229411764705882,0.940149625935162,0.9403538916897966,0.5777966847586915,0.21741271521920835,0.7820165130128672,0.7954798889242652,0.41966357183639663,0.07253871245367705,0.7343705903457807,0.361176460981369,0.0011764801951015813,0.3617647154892192,0.3358823359012604,0.026470605275210224,0.3870588405693278,0.7882072329521179,0.4258542917756473,0.06526605648152972,0.7882004380226135,0.4258474968461429,0.06525926155202533,0.6228151016244292,0.2604621604479586,0.10012607484615899
corr_target_impulse_noise_sev5,153,1700,False,True,False,0.21764705882352942,0.21764705882352942,0.8064705882352942,0.9095574085952534,0.9095638321840166,0.6919103497717239,0.10309324394872244,0.7560603454001512,0.7836822547407203,0.5384132865766218,0.022788333494573876,0.65765752195748,0.21117645502090454,0.006470603802624875,0.5952941332143896,0.18882352113723755,0.028823537686291867,0.6176470670980566,0.7325294613838196,0.5148824025602902,0.07394112685147458,0.7325226664543152,0.5148756076307858,0.07394792178097898,0.4577568017400252,0.24010974291649578,0.34871378649526896
corr_target_contrast_sev1,154,1700,False,True,False,0.721764705882353,0.721764705882353,0.77,0.9874925550923168,0.9874925550923168,0.26572784920996384,0.2174925550923168,0.9439717099773869,0.9453402167192058,0.2222070040950339,0.17534021671920574,0.9002267475498711,0.7147058248519897,0.007058881030363229,0.05529417514801027,0.7041175961494446,0.017647109732908395,0.06588240385055544,0.9191498756408691,0.19738516975851617,0.14914987564086912,0.9191430807113647,0.19737837482901177,0.14914308071136473,0.8433412512459789,0.12157654536362594,0.0733412512459789
corr_target_contrast_sev2,155,1700,False,True,False,0.6847058823529412,0.6847058823529412,0.7511764705882353,0.9868891537544696,0.9869191173178233,0.30218327140152845,0.235742646729588,0.9238710784040787,0.9343111467260652,0.2391651960511375,0.18313467613782985,0.8813007238167748,0.6747058629989624,0.010000019353978762,0.07647060758927293,0.6605882048606873,0.02411767749225391,0.09058826572754808,0.9023211002349854,0.2176152178820442,0.15114462964675002,0.902314305305481,0.2176084229525398,0.15113783471724562,0.8318677991683513,0.14716191681541013,0.08069132858011596
corr_target_contrast_sev3,156,1700,False,True,False,0.6,0.6,0.701764705882353,0.9721886336154776,0.9721886336154776,0.3721886336154776,0.2704239277331246,0.8567425053152103,0.8826226522670568,0.25674250531521037,0.18085794638470387,0.831959900333394,0.5623528957366943,0.03764710426330564,0.13941181014565862,0.5441176295280457,0.055882370471954323,0.1576470763543073,0.8633018732070923,0.2633018732070923,0.16153716732473933,0.8632950782775879,0.2632950782775879,0.16153037239523493,0.7823881528227554,0.18238815282275544,0.08062344694040247
corr_target_contrast_sev4,157,1700,False,True,False,0.39941176470588236,0.39941176470588236,0.7005882352941176,0.940149625935162,0.940149625935162,0.5407378612292797,0.23956139064104442,0.6648322672109532,0.7990573960810866,0.2654205025050709,0.09846916078696899,0.6920799391129246,0.3305882215499878,0.06882354315589456,0.37000001374412983,0.31058821082115173,0.08882355388473062,0.3900000244729659,0.7502316832542419,0.3508199185483596,0.04964344796012432,0.7502248883247375,0.3508131236188552,0.049636653030619926,0.621925730679979,0.22251396597409667,0.0786625046141386
corr_target_contrast_sev5,158,1700,False,True,False,0.18588235294117647,0.18588235294117647,0.8229411764705883,0.8910632746249185,0.8910632746249185,0.705180921683742,0.06812209815433024,0.5795662631070173,0.7002742108936365,0.3936839101658408,0.12266696557695178,0.48104881384431,0.10999999195337296,0.07588236098780352,0.7129411845172153,0.08588235080242157,0.1000000021387549,0.7370588256681667,0.5881640315055847,0.4022816785644082,0.23477714496500357,0.5881572365760803,0.4022748836349038,0.23478393989450796,0.4094210902726906,0.2235387373315141,0.4135200861978977
corr_target_elastic_transform_sev1,159,1700,False,True,False,0.74,0.74,0.7641176470588236,0.9856801909307876,0.9863014179418784,0.24568019093078763,0.22218377088305485,0.9565583910873121,0.9586556830575355,0.21655839108731212,0.1945380359987119,0.9111623317769931,0.7470588088035583,0.0070588088035583585,0.01705883825526522,0.7376470565795898,0.0023529434204101474,0.026470590479233724,0.9283748269081116,0.18837482690811158,0.164257179849288,0.9283680319786072,0.1883680319786072,0.1642503849197836,0.8477677854812087,0.10776778548120869,0.08365013842238511
corr_target_elastic_transform_sev2,160,1700,False,True,False,0.6505882352941177,0.6505882352941177,0.7276470588235294,0.9759036144578314,0.9759036144578314,0.32531537916371367,0.24825655563430193,0.9073681275468974,0.9138657190524379,0.25677989225277975,0.18621866022890843,0.856505053037612,0.6194117665290833,0.031176468765034437,0.10823529229444617,0.6047058701515198,0.045882365142597914,0.12294118867200965,0.8840261101722717,0.23343787487815404,0.1563790513487423,0.8840193152427673,0.23343107994864964,0.1563722564192379,0.8049510056691654,0.15436277037504775,0.07730394684563602
corr_target_elastic_transform_sev3,161,1700,False,True,False,0.7052941176470588,0.7052941176470588,0.7376470588235294,0.9826451226810293,0.9826451226810293,0.2773510050339705,0.2449980638574999,0.948315786161199,0.94887816233772,0.2430216685141402,0.2112311035141906,0.8905375243352985,0.698235273361206,0.0070588442858527944,0.03941178546232338,0.6817646622657776,0.02352945538128126,0.055882396557751846,0.9126904010772705,0.20739628343021166,0.17504334225374107,0.9126836061477661,0.20738948850070726,0.17503654732423668,0.8090085769563355,0.1037144593092767,0.07136151813280611
corr_target_elastic_transform_sev4,162,1700,False,True,False,0.6223529411764706,0.6223529411764706,0.7005882352941176,0.9734299516908212,0.9734299516908212,0.3510770105143507,0.2728417163967036,0.9255049517572912,0.9255722344132634,0.30315201058082064,0.2249839991191458,0.8614046296052714,0.6299999952316284,0.007647054055157865,0.0705882400624892,0.6094117164611816,0.012941224715288913,0.09117651883293598,0.8900752663612366,0.267722325184766,0.18948703106711895,0.8900684714317322,0.2677155302552616,0.18948023613761455,0.7573232841635583,0.13497034298708777,0.056735048869440696
corr_target_elastic_transform_sev5,163,1700,False,True,False,0.47,0.47,0.6311764705882353,0.940149625935162,0.940149625935162,0.4701496259351621,0.3089731553469267,0.8509929371752616,0.8694469320861224,0.3809929371752616,0.2382704614978871,0.7892862043989155,0.4735293984413147,0.003529398441314724,0.15764707214692064,0.4494117498397827,0.02058825016021726,0.18176472074845262,0.8356685042381287,0.3656685042381287,0.20449203364989332,0.8356617093086243,0.3656617093086243,0.20448523872038893,0.6129250825519539,0.1429250825519539,0.018251388036281457
corr_target_pixelate_sev1,164,1700,False,True,False,0.7182352941176471,0.7182352941176471,0.7564705882352941,0.9886972040452112,0.9886972040452112,0.27046190992756414,0.2322266158099171,0.955227074546751,0.955227074546751,0.23699178042910396,0.19875648631145693,0.9103941659196898,0.7329411506652832,0.01470585654763612,0.023529437570010914,0.7199999690055847,0.001764674887937634,0.0364706192297094,0.9298558235168457,0.21162052939919862,0.1733852352815516,0.9298490285873413,0.21161373446969423,0.1733784403520472,0.8221328949065875,0.10389760078894039,0.06566230667129336
corr_target_pixelate_sev2,165,1700,False,True,False,0.7029411764705882,0.7029411764705882,0.7476470588235294,0.9934872705743043,0.9934872705743043,0.2905460941037161,0.24584021175077486,0.9472140169585913,0.9489048534416471,0.24427284048800313,0.20125779461811766,0.898841752692825,0.7105882167816162,0.0076470403110280305,0.03705884204191323,0.698235273361206,0.004705903109382126,0.04941178546232339,0.9194400906562805,0.21649891418569234,0.17179303183275108,0.9194332957267761,0.21649211925618794,0.17178623690324668,0.8041528511967018,0.10121167472611359,0.056505792373172326
corr_target_pixelate_sev3,166,1700,False,True,False,0.6088235294117647,0.6088235294117647,0.6964705882352941,0.9783653846153846,0.9784150617784465,0.36954185520361993,0.28194447354315244,0.9173623654668099,0.9222733761883319,0.3085388360550453,0.22580278795303788,0.8690446369527779,0.6388235092163086,0.02999997980454394,0.05764707901898547,0.6241176128387451,0.015294083426980465,0.07235297539654895,0.894306480884552,0.28548295147278735,0.19783589264925794,0.8942996859550476,0.28547615654328296,0.19782909771975354,0.738913313770234,0.1300897843584693,0.042442725534939885
corr_target_pixelate_sev4,167,1700,False,True,False,0.48294117647058826,0.48294117647058826,0.6623529411764706,0.9759036144578314,0.9759036144578314,0.4929624379872431,0.31355067328136077,0.8605516319238239,0.8831130550663803,0.3776104554532356,0.22076011388990968,0.82387553181736,0.5294117331504822,0.046470556679893915,0.1329412080259884,0.5123529434204102,0.029411766949821894,0.14999999775606043,0.8573579788208008,0.3744168023502125,0.1950050376443302,0.8573511838912964,0.3744100074207081,0.1949982427148258,0.6509336497883991,0.1679924733178108,0.011419291388071517
corr_target_pixelate_sev5,168,1700,False,True,False,0.39705882352941174,0.39705882352941174,0.6688235294117647,0.9684466019417476,0.9684466019417476,0.5713877784123358,0.2996230725299829,0.8199367112589702,0.848281771857117,0.4228778877295584,0.17945824244535225,0.7921722312515733,0.46117645502090454,0.0641176314914928,0.20764707439086016,0.44294115900993347,0.04588233548052173,0.22588237040183123,0.833686113357544,0.4366272898281322,0.16486258394577924,0.8336793184280396,0.4366204948986278,0.16485578901627485,0.5867265849300765,0.18966776140066471,0.08209694448168825
corr_target_jpeg_compression_sev1,169,1700,False,True,False,0.7188235294117648,0.7188235294117648,0.76,0.9886972040452112,0.9886972040452112,0.26987367463344647,0.2286972040452112,0.9498297500419659,0.9498297500419659,0.23100622063020115,0.1898297500419659,0.9038201123703526,0.722352921962738,0.003529392550973287,0.03764707803726197,0.7135294079780579,0.005294121433706889,0.04647059202194215,0.9197172522544861,0.20089372284272133,0.15971725225448608,0.9197104573249817,0.20088692791321694,0.15971045732498168,0.8156267861453761,0.09680325673361134,0.055626786145376084
corr_target_jpeg_compression_sev2,170,1700,False,True,False,0.6952941176470588,0.6952941176470588,0.7352941176470589,0.9886972040452112,0.9886972040452112,0.2934030863981524,0.25340308639815234,0.9485033727535735,0.9485033727535735,0.2532092551065147,0.21320925510651467,0.9004938772572845,0.7123529314994812,0.01705881385242236,0.022941186147577675,0.7011764645576477,0.005882346910588865,0.03411765308941117,0.9204019904136658,0.22510787276660693,0.1851078727666069,0.9203951954841614,0.22510107783710254,0.1851010778371025,0.7995226110631246,0.10422849341606577,0.06422849341606574
corr_target_jpeg_compression_sev3,171,1700,False,True,False,0.678235294117647,0.678235294117647,0.7252941176470589,0.9910979228486647,0.9910979228486647,0.31286262873101767,0.26580380520160585,0.9421552851248904,0.9425151906852023,0.2639199910072434,0.21722107303814342,0.8947103419824689,0.7088235020637512,0.030588207946104173,0.016470615583307646,0.6964705586433411,0.018235264525694017,0.028823559003717802,0.9144062995910645,0.2361710054734174,0.1891121819440056,0.9143995046615601,0.236164210543913,0.1891053870145012,0.7840697561120901,0.10583446199444302,0.0587756384650312
corr_target_jpeg_compression_sev4,172,1700,False,True,False,0.5964705882352941,0.5964705882352941,0.6841176470588235,0.9802039592081585,0.9802493986055554,0.3837333709728644,0.2961317515467319,0.9147389449071534,0.9160222988473464,0.31826835667185926,0.23190465178852293,0.8708693514928088,0.6417647004127502,0.04529411217745616,0.04235294664607325,0.6282352805137634,0.03176469227846934,0.05588236654506007,0.8958085179328918,0.29933792969759776,0.21169087087406835,0.8958017230033875,0.29933113476809337,0.21168407594456395,0.7260554120634558,0.12958482382816172,0.04193776500463231
corr_target_jpeg_compression_sev5,173,1700,False,True,False,0.4894117647058824,0.4894117647058824,0.648235294117647,0.9734299516908212,0.9741396235713078,0.48401818698493887,0.32590432945366077,0.8729630846894347,0.8786772932338708,0.38355131998355235,0.23044199911622376,0.8355406842851679,0.5600000023841858,0.07058823767830341,0.08823529173346123,0.539411723613739,0.049999958907856634,0.10882357050390801,0.8692722320556641,0.3798604673497817,0.22103693793801704,0.8692654371261597,0.3798536724202773,0.22103014300851265,0.6448629753290692,0.15545121062318684,0.0033723187885777994
corr_target_speckle_noise_sev1,174,1700,False,True,False,0.7358823529411764,0.7358823529411764,0.77,0.9910979228486647,0.9910979228486647,0.2552155699074883,0.2210979228486647,0.9536145677485142,0.9536400390593346,0.21773221480733773,0.18364003905933457,0.9119980434633772,0.7582352757453918,0.022352922804215414,0.011764724254608172,0.7505881786346436,0.014705825693467123,0.019411821365356463,0.9272292256355286,0.19134687269435213,0.15722922563552855,0.9272224307060242,0.19134007776484774,0.15722243070602415,0.8528589891399606,0.11697663619878418,0.08285898913996059
corr_target_speckle_noise_sev2,175,1700,False,True,False,0.7164705882352941,0.7164705882352941,0.7594117647058823,0.9838613269575612,0.9838613269575612,0.26739073872226715,0.2244495622516789,0.9390381042898847,0.9390381042898847,0.22256751605459058,0.17962633958400231,0.8998120674599451,0.7170587778091431,0.0005881895738489851,0.042352986896739275,0.7023529410362244,0.014117647199069716,0.057058823669657976,0.9216569662094116,0.20518637797411754,0.16224520150352928,0.9216501712799072,0.20517958304461315,0.16223840657402488,0.8418841401353141,0.12541355190002001,0.08247237542943175
corr_target_speckle_noise_sev3,176,1700,False,True,False,0.5776470588235294,0.5776470588235294,0.7088235294117647,0.9621489621489622,0.963584625116121,0.38450190332543277,0.25476109570435623,0.8645425292264394,0.8658507894357744,0.28689547040290997,0.15702726002400968,0.8296459976460423,0.5588235259056091,0.01882353291792027,0.1500000035061556,0.5423529148101807,0.03529414401334874,0.16647061460158408,0.8611556887626648,0.2835086299391354,0.15233215935090005,0.8611488938331604,0.283501835009631,0.15232536442139566,0.7641951081238413,0.18654804930031188,0.05537157871207654
corr_target_speckle_noise_sev4,177,1700,False,True,False,0.49411764705882355,0.49411764705882355,0.7070588235294117,0.946716232961586,0.9493115346672045,0.4525985859027625,0.2422527111377928,0.8338311579498693,0.8438955097181248,0.33971351089104573,0.13683668618871303,0.7969659086622471,0.4829411506652832,0.011176496393540347,0.22411767286412854,0.4658823311328888,0.028235315925934756,0.24117649239652295,0.8353496789932251,0.34123203193440155,0.12829085546381336,0.8353428840637207,0.34122523700489715,0.12828406053430896,0.7124278739670071,0.21831022690818358,0.005369050437595391
corr_target_speckle_noise_sev5,178,1700,False,True,False,0.3911764705882353,0.3911764705882353,0.7323529411764705,0.938163647720175,0.938163647720175,0.5469871771319397,0.20581070654370448,0.8072293886445683,0.8301911476367051,0.416052918056333,0.09783820646023456,0.7544797043148191,0.40294116735458374,0.011764696766348448,0.3294117738218868,0.3794117569923401,0.011764713595895204,0.35294118418413045,0.8030977249145508,0.4119212543263155,0.07074478373808024,0.8030909299850464,0.4119144593968111,0.07073798880857585,0.6378750466737582,0.24669857608552287,0.09447789450271238
corr_target_spatter_sev1,179,1700,False,True,False,0.7688235294117647,0.7688235294117647,0.7888235294117647,0.9892984542211652,0.9899111701755613,0.22047492480940056,0.2010876407637966,0.966295154129939,0.966295154129939,0.19747162471817437,0.17747162471817435,0.9200523644677406,0.7717646956443787,0.0029411662326139787,0.01705883376738604,0.7599999904632568,0.008823538948507847,0.028823538948507865,0.9373158812522888,0.16849235184052413,0.14849235184052412,0.9373090863227844,0.16848555691101974,0.14848555691101972,0.8531615089052178,0.08433797949345312,0.0643379794934531
corr_target_spatter_sev2,180,1700,False,True,False,0.7,0.7,0.7823529411764706,0.984468339307049,0.9850924168950734,0.28446833930704907,0.20273947571860285,0.9316893490877717,0.9325618035719409,0.23168934908777172,0.15020886239547027,0.8790816051499777,0.6764705777168274,0.023529422283172563,0.10588236345964319,0.6605882048606873,0.0394117951393127,0.12176473631578333,0.9020573496818542,0.2020573496818543,0.11970440850538366,0.9020505547523499,0.2020505547523499,0.11969761357587927,0.7998631612282008,0.09986316122820083,0.017510220051730196
corr_target_spatter_sev3,181,1700,False,True,False,0.6129411764705882,0.6129411764705882,0.7341176470588235,0.9759036144578314,0.9759036144578314,0.36296243798724315,0.24178596739900782,0.904481874074847,0.904481874074847,0.2915406976042588,0.1703642270160235,0.8460339837978209,0.6041176319122314,0.008823544558356766,0.1300000151465921,0.5835294127464294,0.029411763724158768,0.1505882343123941,0.8758940696716309,0.26295289320104265,0.14177642261280732,0.8758872747421265,0.26294609827153825,0.14176962768330292,0.7269093231917623,0.11396814672117406,0.007208323867061273
corr_target_spatter_sev4,182,1700,False,True,False,0.5670588235294117,0.5670588235294117,0.7311764705882353,0.9627821842586943,0.9627821842586943,0.3957233607292826,0.231605713670459,0.8764080411079378,0.8764080411079378,0.30934921757852607,0.14523157051970248,0.8234102839638907,0.5511764287948608,0.015882394734550886,0.18000004179337448,0.5299999713897705,0.03705885213964122,0.2011764991984648,0.8579720854759216,0.2909132619465099,0.12679561488768631,0.8579652905464172,0.2909064670170055,0.12678881995818192,0.6789369570120197,0.111878133482608,0.05223951357621559
corr_target_spatter_sev5,183,1700,False,True,False,0.4611764705882353,0.4611764705882353,0.7476470588235294,0.9621489621489622,0.9622356725845892,0.5009724915607269,0.21458861376105975,0.8481271601593109,0.8550744613410487,0.3869506895710756,0.10742740251751925,0.7929485807807544,0.4870588183403015,0.025882347752066215,0.26058824048322793,0.4658823311328888,0.004705860544653495,0.28176472769064065,0.8371281623840332,0.3759516917957979,0.08948110356050376,0.8371213674545288,0.3759448968662935,0.08947430863099937,0.5966362239709608,0.13545975338272553,0.1510108348525686
corr_target_gaussian_blur_sev1,184,1700,False,True,False,0.7264705882352941,0.7264705882352941,0.7664705882352941,0.9874925550923168,0.9874925550923168,0.2610219668570227,0.2210219668570227,0.9523130675680683,0.9531819874615693,0.22584247933277424,0.18671139922627522,0.9064013890538303,0.7329411506652832,0.006470562429989113,0.03352943757001092,0.725882351398468,0.0005882368368260726,0.04058823683682611,0.925430417060852,0.19895982882555796,0.15895982882555793,0.9254236221313477,0.19895303389605357,0.15895303389605353,0.8333977011830745,0.10692711294778046,0.06692711294778042
corr_target_gaussian_blur_sev2,185,1700,False,True,False,0.6258823529411764,0.6258823529411764,0.6982352941176471,0.9740494870247435,0.9741090807501926,0.34816713408356703,0.2758737866325456,0.8921024118232205,0.911035394278524,0.26622005888204403,0.21280010016087691,0.8540720596027851,0.6058823466300964,0.02000000631108001,0.09235294748755063,0.5864705443382263,0.03941180860295013,0.11176474977942075,0.8820452094078064,0.25616285646662995,0.18380991529015933,0.882038414478302,0.25615606153712556,0.18380312036065494,0.7846369857360938,0.1587546327949173,0.08640169161844669
corr_target_gaussian_blur_sev3,186,1700,False,True,False,0.48764705882352943,0.48764705882352943,0.6752941176470588,0.9740494870247435,0.9741090807501926,0.48640242820121404,0.2988149631031338,0.8361227484085455,0.8528003753760599,0.34847568958501607,0.17750625772900108,0.7987071986068673,0.49705880880355835,0.009411749980028916,0.17823530884350047,0.4770587980747223,0.010588260748807143,0.19823531957233653,0.838044285774231,0.3503972269507015,0.16275016812717213,0.8380374908447266,0.35039043202119713,0.16274337319766774,0.6927307765644937,0.20508371774096423,0.017436658917434844
corr_target_gaussian_blur_sev4,187,1700,False,True,False,0.3888235294117647,0.3888235294117647,0.67,0.9752863170584689,0.9765762507534659,0.5864627876467042,0.30657625075346584,0.7935202482677584,0.8361383877738945,0.4046967188559937,0.16613838777389445,0.7507049551251064,0.38823527097702026,0.0005882584347444153,0.2817647290229798,0.36529409885406494,0.023529430557699738,0.3047059011459351,0.8044532537460327,0.41562972433426804,0.13445325374603267,0.8044464588165283,0.41562292940476364,0.13444645881652828,0.6142603487513105,0.22543681933954585,0.055739651248689515
corr_target_gaussian_blur_sev5,188,1700,False,True,False,0.20941176470588235,0.20941176470588235,0.7905882352941176,0.9596083231334149,0.9596083231334149,0.7501965584275325,0.16902008783929734,0.7587271720906098,0.7965318885170828,0.5493154073847275,0.005943653222965195,0.6837788254364859,0.2817646861076355,0.07235292140175315,0.5088235491864821,0.2558823525905609,0.04647058788467856,0.5347058827035567,0.7506459355354309,0.5412341708295485,0.039942299758686683,0.7506391406059265,0.5412273759000441,0.03994909468819108,0.4540271985895854,0.24461543388370305,0.3365610367045322
corr_target_saturate_sev1,189,1700,False,True,False,0.7505882352941177,0.7505882352941177,0.7705882352941177,0.990498812351544,0.9911087047645661,0.23991057705742636,0.22052046947044845,0.9520400088758988,0.952854802298392,0.20145177358178112,0.18226656700427435,0.9083818376482519,0.7323529124259949,0.018235322868122794,0.03823532286812281,0.7176470160484314,0.03294121924568627,0.05294121924568629,0.9280140399932861,0.17742580469916847,0.15742580469916845,0.9280072450637817,0.17741900976966407,0.15741900976966405,0.8184757556386734,0.0678875203445557,0.04788752034455568
corr_target_saturate_sev2,190,1700,False,True,False,0.7270588235294118,0.7270588235294118,0.7564705882352941,0.9886972040452112,0.9887920098872313,0.26163838051579946,0.23232142165193714,0.9365781165793378,0.9405629308496057,0.209519293049926,0.18409234261431162,0.8993383916458852,0.7076470255851746,0.019411797944237197,0.048823562650119556,0.6964705586433411,0.030588264886070693,0.06000002959195305,0.9214237332344055,0.19436490970499376,0.1649531449991114,0.9214169383049011,0.19435811477548937,0.164946350069607,0.8144091350714298,0.087350311542018,0.05793854683613564
corr_target_saturate_sev3,191,1700,False,True,False,0.768235294117647,0.768235294117647,0.7864705882352941,0.9874925550923168,0.9875211166457467,0.2192572609746698,0.20105052841045257,0.9674454990958853,0.9674454990958853,0.19921020497823827,0.18097491086059114,0.919873422985637,0.7799999713897705,0.011764677272123492,0.006470616845523636,0.7711764574050903,0.002941163287443316,0.015294130830203811,0.9350114464759827,0.16677615235833565,0.14854085824068852,0.9350046515464783,0.16676935742883126,0.14853406331118413,0.8542685669305894,0.08603327281294237,0.06779797869529525
corr_target_saturate_sev4,192,1700,False,True,False,0.7141176470588235,0.7141176470588235,0.7588235294117647,0.9802039592081585,0.9808821222832618,0.266086312149335,0.2220585928714971,0.9431133042353762,0.9467215717601252,0.22899565717655268,0.1878980423483605,0.8838512201224438,0.6711764335632324,0.0429412134955911,0.08764709584853225,0.6570587754249573,0.05705887163386625,0.1017647539868074,0.9084103107452393,0.19429266368641573,0.14958678133347458,0.9084035158157349,0.19428586875691134,0.1495799864039702,0.8061778131106414,0.09206016605181788,0.04735428369887673
corr_target_saturate_sev5,193,1700,False,True,False,0.6194117647058823,0.6194117647058823,0.7135294117647059,0.9678202792956891,0.9678202792956891,0.3484085145898068,0.2542908675309833,0.9123096647421135,0.9123096647421135,0.2928979000362312,0.19878025297740765,0.8433454643694372,0.5899999737739563,0.02941179093192603,0.12352943799074956,0.5682352781295776,0.05117648657630469,0.14529413363512822,0.8760029673576355,0.25659120265175317,0.16247355559292964,0.8759961724281311,0.2565844077222488,0.16246676066342525,0.7263707269586525,0.10695896225277013,0.0128413151939466
