config,testset,testset_idx,n_samples,is_source,is_target,is_clean,true_acc,acc_st_true,acc_ta_true,acc_st_tdc,acc_ta_tdc,err_st_tdc,err_ta_tdc,acc_st_mm,acc_ta_mm,err_st_mm,err_ta_mm,mano_fro_norm,est_ATC,err_ATC,err_ta_ATC,est_ATC-NE,err_ATC-NE,err_ta_ATC-NE,est_AC,err_AC,err_ta_AC,est_DOC,err_DOC,err_ta_DOC,est_COT,err_COT,err_ta_COT
flows_24,val_source,0,10000,True,False,True,0.9692,0.9692,0.9713,0.9969909729187563,0.9969909729187563,0.027790972918756318,0.025690972918756216,0.9940269489475231,0.9940269489475231,0.02482694894752313,0.02272694894752303,0.984037298114581,0.9827999472618103,0.013599947261810352,0.01149994726181025,0.9855999946594238,0.016399994659423878,0.014299994659423776,0.9905527234077454,0.02135272340774541,0.01925272340774531,0.9905281662940979,0.02132816629409795,0.019228166294097848,0.9766706740721954,0.007470674072195482,0.0053706740721953805
flows_24,val_target,1,154121,False,True,True,0.7322752901940683,0.7322752901940683,0.7678187917285769,0.9714638459741732,0.9714710749129226,0.2391885557801049,0.2036522831843457,0.9179911159875805,0.9181066342735369,0.1857158257935122,0.15028784254495997,0.9052495610535427,0.888211190700531,0.15593590050646267,0.12039239897195408,0.8949137330055237,0.16263844281145534,0.12709494127694676,0.9412089586257935,0.20893366843172512,0.17339016689721654,0.941184401512146,0.20890911131807766,0.17336560978356907,0.9996770456336997,0.2674017554396314,0.23185825390512282
flows_24,imagenet_val_source,2,6000,True,False,True,0.9425,0.9425,0.9455,0.9934574735782586,0.9934574735782586,0.05095747357825864,0.047957473578258636,0.9885580830716485,0.9888015933611658,0.04605808307164849,0.04330159336116579,0.9758794176125655,0.9708333015441895,0.02833330154418945,0.025333301544189446,0.9753333330154419,0.03283333301544189,0.029833333015441887,0.9847238063812256,0.04222380638122558,0.03922380638122558,0.9846992492675781,0.04219924926757812,0.03919924926757812,0.97595053128438,0.033450531284380025,0.030450531284380022
flows_24,imagenet_val_target,3,6000,False,True,True,0.717,0.717,0.7596666666666667,0.970487302676733,0.9715286139613066,0.25348730267673303,0.21186194729463992,0.9142743675429634,0.9143954618097825,0.19727436754296346,0.15472879514311577,0.9025065301249727,0.8819999694824219,0.1649999694824219,0.12233330281575516,0.8920000195503235,0.17500001955032352,0.13233335288365677,0.9389160871505737,0.22191608715057376,0.17924942048390702,0.9388915300369263,0.2218915300369263,0.17922486337025956,0.8951577999032317,0.17815779990323177,0.13549113323656503
flows_24,corr_source_fog_sev1,4,6000,True,False,False,0.8673333333333333,0.8673333333333333,0.8821666666666667,0.9847715736040609,0.9847715736040609,0.11743824027072758,0.10260490693739421,0.958156185950819,0.9584854960828157,0.09082285261748568,0.07631882941614909,0.9418746322736842,0.9329999685287476,0.06566663519541427,0.050833301862080904,0.9386666417121887,0.07133330837885543,0.056499975045522066,0.9649282097816467,0.09759487644831344,0.08276154311498007,0.9649036526679993,0.09757031933466598,0.08273698600133261,0.9432189626619222,0.07588562932858889,0.06105229599525552
flows_24,corr_source_fog_sev2,5,6000,True,False,False,0.8376666666666667,0.8376666666666667,0.8611666666666666,0.9799387963277797,0.9799780262610962,0.14227212966111302,0.11881135959442957,0.9417644296304342,0.9417709379966617,0.10409776296376749,0.08060427132999504,0.9256535841674602,0.9114999771118164,0.07383331044514974,0.05033331044514977,0.9149999618530273,0.07733329518636067,0.05383329518636071,0.9543020725250244,0.11663540585835774,0.09313540585835778,0.954277515411377,0.11661084874471028,0.09311084874471032,0.92175899737348,0.08409233070681332,0.06059233070681336
flows_24,corr_source_fog_sev3,6,6000,True,False,False,0.7845,0.7845,0.8265,0.9720746959054308,0.9720929988626751,0.18757469590543085,0.14559299886267507,0.900902363803065,0.9016599321612819,0.11640236380306501,0.07515993216128192,0.897881360711899,0.8786666393280029,0.09416663932800295,0.05216663932800292,0.8776666522026062,0.09316665220260623,0.05116665220260619,0.9363438487052917,0.15184384870529177,0.10984384870529174,0.9363192915916443,0.1518192915916443,0.10981929159164427,0.8901177988706526,0.10561779887065259,0.06361779887065255
flows_24,corr_source_fog_sev4,7,6000,True,False,False,0.734,0.734,0.8003333333333333,0.96640826873385,0.9668510671273473,0.23240826873385,0.1665177337940139,0.8684165007606736,0.8787361009219786,0.13441650076067357,0.07840276758864528,0.8766096782141576,0.8579999804496765,0.12399998044967653,0.05766664711634317,0.8553333282470703,0.12133332824707033,0.05499999491373697,0.9237055778503418,0.1897055778503418,0.12337224451700846,0.9236810207366943,0.18968102073669435,0.123347687403361,0.8632146672004443,0.12921466720044428,0.06288133386711092
flows_24,corr_source_fog_sev5,8,6000,True,False,False,0.5853333333333334,0.5853333333333334,0.7438333333333333,0.9399293286219081,0.9399293286219081,0.3545959952885748,0.1960959952885748,0.7412317299321035,0.8322014567368969,0.15589839659877014,0.08836812340356359,0.8048567145923814,0.7608333230018616,0.1754999896685282,0.016999989668528226,0.7476666569709778,0.1623333236376444,0.003833323637644437,0.8744106888771057,0.28907735554377234,0.13057735554377237,0.8743861317634583,0.2890527984301249,0.1305527984301249,0.7544261524554225,0.16909281912208918,0.010592819122089203
flows_24,corr_source_frost_sev1,9,6000,True,False,False,0.8555,0.8555,0.8731666666666666,0.9828784539752501,0.9830564784991805,0.12737845397525005,0.1098898118325139,0.9480089446692999,0.9493338537360273,0.09250894466929982,0.07616718706936065,0.9330521683097438,0.922333300113678,0.06683330011367794,0.04916663344701133,0.925166666507721,0.06966666650772091,0.0519999998410543,0.957651674747467,0.102151674747467,0.0844850080808004,0.9576271176338196,0.10212711763381954,0.08446045096715293,0.9318257292542997,0.0763257292542997,0.05865906258763309
flows_24,corr_source_frost_sev2,10,6000,True,False,False,0.734,0.734,0.7961666666666667,0.968363136176066,0.968363136176066,0.23436313617606597,0.17219646950939926,0.8829430355569851,0.8939304403682794,0.14894303555698507,0.09776377370161271,0.8809203577960962,0.8621666431427002,0.1281666431427002,0.0659999764760335,0.8619999885559082,0.12799998855590822,0.06583332188924151,0.9271858334541321,0.1931858334541321,0.1310191667874654,0.9271612763404846,0.19316127634048463,0.13099460967381793,0.8578220952021154,0.1238220952021154,0.0616554285354487
flows_24,corr_source_frost_sev3,11,6000,True,False,False,0.6253333333333333,0.6253333333333333,0.7455,0.951415588954911,0.951415588954911,0.32608225562157767,0.2059155889549109,0.8099767151661246,0.8454136685639894,0.18464338183279128,0.09991366856398931,0.8328235361618442,0.7988333106040955,0.17349997727076216,0.05333331060409541,0.7946666479110718,0.16933331457773848,0.049166647911071726,0.895237147808075,0.26990381447474165,0.1497371478080749,0.8952125906944275,0.2698792573610942,0.14971259069442744,0.7824658177817835,0.15713248444845018,0.03696581778178343
flows_24,corr_source_frost_sev4,12,6000,True,False,False,0.6031666666666666,0.6031666666666666,0.7386666666666667,0.9499474973748686,0.9505470773538676,0.346780830708202,0.21188041068720087,0.8016252334032492,0.8379993802407991,0.19845856673658258,0.09933271357413243,0.8275246837426874,0.7904999852180481,0.18733331855138147,0.0518333185513814,0.7873333096504211,0.1841666429837545,0.04866664298375445,0.890481173992157,0.28731450732549035,0.1518145073254903,0.8904566168785095,0.2872899502118429,0.15178995021184283,0.7648997540785797,0.16173308741191306,0.026233087411912992
flows_24,corr_source_frost_sev5,13,6000,True,False,False,0.5298333333333334,0.5298333333333334,0.723,0.9442196023227168,0.9444233972667018,0.41438626898938347,0.2214233972667018,0.7519436266640831,0.8106127915003293,0.22211029333074972,0.0876127915003293,0.7964764642990411,0.7581666707992554,0.228333337465922,0.035166670799255395,0.7431666851043701,0.21333335177103674,0.02016668510437014,0.8723322749137878,0.34249894158045446,0.14933227491378787,0.8723077178001404,0.342474384466807,0.1493077178001404,0.7109858143662249,0.1811524810328915,0.012014185633775099
flows_24,corr_source_motion_blur_sev1,14,6000,True,False,False,0.8776666666666667,0.8776666666666667,0.8923333333333333,0.9875126560917988,0.9875126560917988,0.10984598942513213,0.09517932275846552,0.9573603909626128,0.9577359932597274,0.07969372429594612,0.06540265992639405,0.9439556873976439,0.9311666488647461,0.05349998219807939,0.03883331553141278,0.937999963760376,0.06033329709370927,0.045666630427042665,0.9644448161125183,0.0867781494458516,0.072111482779185,0.9644202589988708,0.08675359233220414,0.07208692566553754,0.9437849812216489,0.06611831455498218,0.05145164788831558
flows_24,corr_source_motion_blur_sev2,15,6000,True,False,False,0.8056666666666666,0.8056666666666666,0.8425,0.9766331229745864,0.9766331229745864,0.17096645630791973,0.13413312297458635,0.9191701888608025,0.9197894006777836,0.11350352219413584,0.07728940067778356,0.9104467356431002,0.8924999833106995,0.08683331664403282,0.049999983310699436,0.8951666355133057,0.08949996884663902,0.05266663551330564,0.9433603286743164,0.13769366200764976,0.10086032867431638,0.943335771560669,0.1376691048940023,0.10083577156066892,0.9070282493209618,0.10136158265429518,0.0645282493209618
flows_24,corr_source_motion_blur_sev3,16,6000,True,False,False,0.6706666666666666,0.6706666666666666,0.7745,0.9541572250305038,0.9541572250305038,0.2834905583638372,0.17965722503050385,0.8234510123620824,0.8515682938219781,0.15278434569541577,0.0770682938219781,0.8467278425120393,0.8133333325386047,0.1426666658719381,0.03883333253860477,0.8081666827201843,0.1375000160535177,0.03366668272018436,0.9012369513511658,0.23057028468449914,0.1267369513511658,0.9012123942375183,0.23054572757085168,0.12671239423751834,0.8218909279402021,0.1512242612735355,0.047390927940202165
flows_24,corr_source_motion_blur_sev4,17,6000,True,False,False,0.5133333333333333,0.5133333333333333,0.7188333333333333,0.9380530973451328,0.9383008591073368,0.42471976401179945,0.21946752577400352,0.7093885790701506,0.8004114150814972,0.19605524573681732,0.08157808174816383,0.7670935950301526,0.7204999923706055,0.20716665903727216,0.0016666590372721446,0.7036666870117188,0.19033335367838544,0.015166646321614574,0.8513342142105103,0.33800088087717695,0.13250088087717693,0.8513096570968628,0.3379763237635295,0.13247632376352947,0.7205238895205409,0.2071905561872076,0.0016905561872075925
flows_24,corr_source_motion_blur_sev5,18,6000,True,False,False,0.4181666666666667,0.4181666666666667,0.7206666666666667,0.9206691851052348,0.9207199236868969,0.5025025184385681,0.20005325702023025,0.6492843902360477,0.7880357878568623,0.23111772356938098,0.06736912119019567,0.7219461096398452,0.6650000214576721,0.24683335479100543,0.05566664520899456,0.6416666507720947,0.22349998410542804,0.07900001589457195,0.822624683380127,0.40445801671346027,0.10195801671346028,0.8226001262664795,0.4044334595998128,0.10193345959981281,0.6547856193037255,0.2366189526370588,0.0658810473629412
flows_24,corr_source_brightness_sev1,19,6000,True,False,False,0.9265,0.9265,0.9335,0.9926124916051041,0.9926124916051041,0.06611249160510413,0.05911249160510412,0.9816790370332423,0.9818063152259392,0.05517903703324234,0.0483063152259392,0.9678929423261791,0.9616666436195374,0.03516664361953736,0.028166643619537357,0.965833306312561,0.039333306312561045,0.03233330631256104,0.9799410700798035,0.05344107007980348,0.04644107007980347,0.979916512966156,0.053416512966156016,0.04641651296615601,0.9672151685772766,0.04071516857727664,0.03371516857727663
flows_24,corr_source_brightness_sev2,20,6000,True,False,False,0.9181666666666667,0.9181666666666667,0.9233333333333333,0.9912575655682583,0.9912575655682583,0.0730908989015916,0.06792423223492494,0.9781533569161198,0.978214231343382,0.059986690249453134,0.054880898010048695,0.9632104176795343,0.9570000171661377,0.03883335049947101,0.033666683832804356,0.9603333473205566,0.042166680653889954,0.0370000139872233,0.976940393447876,0.05877372678120929,0.05360706011454264,0.9769158363342285,0.05874916966756183,0.053582503000895176,0.9630569281753986,0.04489026150873188,0.039723594842065224
flows_24,corr_source_brightness_sev3,21,6000,True,False,False,0.9051666666666667,0.9051666666666667,0.9115,0.9858012170385395,0.9858012170385395,0.08063455037187284,0.07430121703853954,0.9716732357568197,0.9717576485517798,0.06650656909015307,0.06025764855177984,0.9566227594236644,0.9508333206176758,0.045666653951009106,0.039333320617675804,0.953166663646698,0.04799999698003132,0.04166666364669802,0.9729909300804138,0.06782426341374714,0.06149093008041384,0.9729663729667664,0.06779970630009968,0.06146637296676638,0.9586536662349826,0.05348699956831593,0.04715366623498263
flows_24,corr_source_brightness_sev4,22,6000,True,False,False,0.8831666666666667,0.8831666666666667,0.8963333333333333,0.9852866565195333,0.985852312285115,0.10211998985286663,0.08951897895178174,0.959281503881944,0.9605053830789347,0.07611483721527734,0.06417204974560142,0.9445746660422958,0.9331666827201843,0.05000001605351767,0.03683334938685101,0.9348333477973938,0.05166668113072714,0.038500014464060484,0.9644041061401367,0.08123743947347006,0.0680707728068034,0.9643795490264893,0.0812128823598226,0.06804621569315594,0.9456530329936028,0.06248636632693616,0.0493196996602695
flows_24,corr_source_brightness_sev5,23,6000,True,False,False,0.8478333333333333,0.8478333333333333,0.8698333333333333,0.9797653460295868,0.9803182707504585,0.13193201269625343,0.11048493741712517,0.9393626707385279,0.9412222525530631,0.09152933740519453,0.07138891921972979,0.9296397729006453,0.9164999723434448,0.0686666390101115,0.04666663901011148,0.9214999675750732,0.07366663424173991,0.051666634241739895,0.955610990524292,0.10777765719095866,0.08577765719095864,0.9555864334106445,0.1077531000773112,0.08575310007731118,0.9224328487841169,0.07459951545078358,0.05259951545078356
flows_24,corr_source_zoom_blur_sev1,24,6000,True,False,False,0.8063333333333333,0.8063333333333333,0.8505,0.9740082079343365,0.9740082079343365,0.16767487460100317,0.12350820793433648,0.9275362402187926,0.9283131215079353,0.1212029068854592,0.07781312150793529,0.9107911080329026,0.8914999961853027,0.08516666285196939,0.0409999961853027,0.8945000171661377,0.08816668383280435,0.04400001716613766,0.9436429142951965,0.1373095809618632,0.0931429142951965,0.9436183571815491,0.13728502384821573,0.09311835718154904,0.8937778896909435,0.08744455635761017,0.04327788969094348
flows_24,corr_source_zoom_blur_sev2,25,6000,True,False,False,0.7303333333333333,0.7303333333333333,0.8086666666666666,0.9678307242387751,0.9678307242387751,0.23749739090544186,0.1591640575721085,0.8881765080738473,0.8912020446326037,0.15784317474051401,0.08253537796593702,0.8758308037817985,0.8529999852180481,0.12266665188471482,0.04433331855138145,0.8501666784286499,0.11983334509531662,0.04150001176198326,0.9206756353378296,0.1903423020044963,0.11200896867116295,0.9206510782241821,0.19031774489084885,0.11198441155751548,0.8404609030562282,0.11012756972289495,0.03179423638956158
flows_24,corr_source_zoom_blur_sev3,26,6000,True,False,False,0.6638333333333334,0.6638333333333334,0.7748333333333334,0.9499474973748686,0.9499799779737516,0.2861141640415352,0.17514664464041818,0.8494937671506809,0.8572150853331842,0.18566043381734754,0.08238175199985087,0.8453832478662012,0.8106666803359985,0.14683334700266515,0.03583334700266516,0.8040000200271606,0.14016668669382726,0.02916668669382727,0.9009925723075867,0.23715923897425328,0.1261592389742533,0.9009680151939392,0.23713468186060582,0.12613468186060584,0.7980387293441725,0.13420539601083914,0.023205396010839152
flows_24,corr_source_zoom_blur_sev4,27,6000,True,False,False,0.602,0.602,0.7631666666666667,0.9449621944786356,0.9454467096711562,0.34296219447863563,0.18228004300448952,0.810564601680909,0.8293953684201685,0.20856460168090907,0.06622870175350182,0.8180031124989594,0.7758333086967468,0.17383330869674685,0.012666642030080166,0.7668333053588867,0.16483330535888674,0.003666638692220059,0.8838565349578857,0.28185653495788576,0.12068986829121908,0.8838319778442383,0.2818319778442383,0.12066531117757162,0.7569710717538959,0.1549710717538959,0.006195594912770774
flows_24,corr_source_zoom_blur_sev5,28,6000,True,False,False,0.5371666666666667,0.5371666666666667,0.755,0.9308624376336422,0.9322765157508908,0.3936957709669755,0.17727651575089076,0.7728474429696204,0.8108890468592341,0.2356807763029537,0.055889046859234126,0.789766504442174,0.7426666617393494,0.20549999507268268,0.01233333826065064,0.7326666712760925,0.19550000460942585,0.022333328723907475,0.8649423122406006,0.3277756455739339,0.10994231224060058,0.8649177551269531,0.32775108846028644,0.10991775512695312,0.7135331860396805,0.17636651937301384,0.04146681396031948
flows_24,corr_source_snow_sev1,29,6000,True,False,False,0.8298333333333333,0.8298333333333333,0.8601666666666666,0.9773308334753708,0.9773308334753708,0.14749750014203744,0.11716416680870412,0.9322159865877206,0.9323855520995862,0.10238265325438733,0.07221888543291954,0.9188509642798871,0.9018332958221436,0.07199996248881024,0.04166662915547692,0.9043333530426025,0.07450001970926923,0.044166686375935904,0.9485248923301697,0.11869155899683637,0.08835822566350304,0.9485003352165222,0.1186670018831889,0.08833366854985558,0.9244184606343319,0.09458512730099855,0.06425179396766523
flows_24,corr_source_snow_sev2,30,6000,True,False,False,0.6493333333333333,0.6493333333333333,0.774,0.9565217391304348,0.9565217391304348,0.3071884057971015,0.1825217391304348,0.8172402105373483,0.8521698898159152,0.16790687720401498,0.07816988981591522,0.8362558131119916,0.7986666560173035,0.14933332268397015,0.024666656017303445,0.7918333411216736,0.14250000778834027,0.017833341121673563,0.8949809670448303,0.245647633711497,0.1209809670448303,0.8949564099311829,0.24562307659784954,0.12095640993118284,0.7960351723127914,0.1467018389794581,0.022035172312791396
flows_24,corr_source_snow_sev3,31,6000,True,False,False,0.6681666666666667,0.6681666666666667,0.7781666666666667,0.9517819706498952,0.9517819706498952,0.28361530398322854,0.17361530398322855,0.8362921806303555,0.8504729270822342,0.1681255139636888,0.07230626041556754,0.8472450035676837,0.8141666650772095,0.1459999984105428,0.0359999984105428,0.8078333139419556,0.13966664727528888,0.029666647275288893,0.9028765559196472,0.23470988925298053,0.12470988925298054,0.9028519988059998,0.23468533213933307,0.12468533213933308,0.8142388654225143,0.14607219875584765,0.03607219875584766
flows_24,corr_source_snow_sev4,32,6000,True,False,False,0.5566666666666666,0.5566666666666666,0.7393333333333333,0.946998946998947,0.946998946998947,0.3903322803322804,0.20766561366561376,0.7527493250875733,0.8277232083133796,0.19608265842090666,0.08838987498004636,0.7953171897146153,0.7528333067893982,0.19616664012273155,0.013499973456064907,0.7371666431427002,0.18049997647603355,0.0021666901906330915,0.869793176651001,0.31312650998433433,0.1304598433176677,0.8697686195373535,0.3131019528706869,0.13043528620402023,0.7390246440856609,0.1823579774189943,0.0003086892476723557
flows_24,corr_source_snow_sev5,33,6000,True,False,False,0.4785,0.4785,0.7451666666666666,0.9299090422685928,0.9300438485236985,0.45140904226859285,0.18487718185703184,0.6754967968030492,0.8137561400111536,0.1969967968030492,0.06858947334448695,0.7478871226706263,0.6948333382606506,0.21633333826065065,0.05033332840601601,0.6726666688919067,0.19416666889190676,0.0724999977747599,0.8393715620040894,0.3608715620040894,0.09420489533742271,0.8393470048904419,0.3608470048904419,0.09418033822377525,0.6700275269678826,0.1915275269678826,0.07513913969878405
flows_24,corr_source_defocus_blur_sev1,34,6000,True,False,False,0.8533333333333334,0.8533333333333334,0.8738333333333334,0.9828784539752501,0.9828784539752501,0.1295451206419167,0.10904512064191674,0.942679674141972,0.9435782977429354,0.08934634080863857,0.0697449644096021,0.9309008650740783,0.9198333024978638,0.06649996916453038,0.04599996916453042,0.9241666793823242,0.07083334604899083,0.05033334604899087,0.9577442407608032,0.10441090742746983,0.08391090742746987,0.9577196836471558,0.10438635031382237,0.08388635031382241,0.9318868900759556,0.07855355674262221,0.05805355674262225
flows_24,corr_source_defocus_blur_sev2,35,6000,True,False,False,0.8048333333333333,0.8048333333333333,0.8371666666666666,0.9752348420153715,0.9756169971828975,0.17040150868203818,0.1384503305162309,0.9066530349681184,0.9126057769096961,0.10181970163478515,0.07543911024302952,0.9042100769573822,0.8848333358764648,0.08000000254313155,0.04766666920979823,0.8916666507720947,0.08683331743876144,0.05449998410542811,0.938785970211029,0.13395263687769576,0.10161930354436244,0.9387614130973816,0.1339280797640483,0.10159474643071498,0.9064223378407965,0.10158900450746322,0.0692556711741299
flows_24,corr_source_defocus_blur_sev3,36,6000,True,False,False,0.68,0.68,0.7573333333333333,0.9653388515261252,0.9653388515261252,0.28533885152612515,0.2080055181927919,0.8087856066903887,0.8433581631543973,0.12878560669038863,0.08602482982106396,0.8354969407148692,0.8025000095367432,0.12250000953674312,0.04516667620340986,0.7964999675750732,0.1164999675750732,0.03916663424173994,0.8959052562713623,0.21590525627136226,0.138571922938029,0.8958806991577148,0.2158806991577148,0.13854736582438154,0.8358109438216453,0.1558109438216453,0.07847761048831203
flows_24,corr_source_defocus_blur_sev4,37,6000,True,False,False,0.5545,0.5545,0.7168333333333333,0.9492119089316988,0.9492119089316988,0.39471190893169883,0.2323785755983655,0.7124229630509984,0.804478180496523,0.1579229630509984,0.08764484716318965,0.763864230292891,0.7109999656677246,0.15649996566772462,0.005833367665608713,0.6916666626930237,0.1371666626930237,0.02516667064030964,0.8481183052062988,0.29361830520629884,0.1312849718729655,0.8480937480926514,0.2935937480926514,0.13126041475931804,0.7480149161361479,0.1935149161361479,0.031181582802814578
flows_24,corr_source_defocus_blur_sev5,38,6000,True,False,False,0.44583333333333336,0.44583333333333336,0.6975,0.9404909058802755,0.9404909058802755,0.49465757254694215,0.2429909058802755,0.6427213895289031,0.7754055857019935,0.19688805619556976,0.07790558570199346,0.6936851617570485,0.6276666522026062,0.18183331886927284,0.06983334779739381,0.6003333330154419,0.15449999968210854,0.09716666698455811,0.8050029277801514,0.359169594446818,0.10750292778015136,0.8049783706665039,0.35914503733317055,0.1074783706665039,0.6583839107063423,0.21255057737300892,0.03911608929365773
flows_24,corr_source_glass_blur_sev1,39,6000,True,False,False,0.8241666666666667,0.8241666666666667,0.856,0.9764585465711362,0.9764585465711362,0.15229187990446946,0.1204585465711362,0.934891118426154,0.9356236614316502,0.11072445175948731,0.07962366143165023,0.9233578084001738,0.906333327293396,0.08216666062672928,0.05033332729339601,0.9091666340827942,0.08499996741612748,0.053166634082794206,0.9516147375106812,0.12744807084401444,0.09561473751068117,0.9515901803970337,0.12742351373036698,0.09559018039703371,0.895451937099695,0.07128527043302824,0.03945193709969497
flows_24,corr_source_glass_blur_sev2,40,6000,True,False,False,0.7206666666666667,0.7206666666666667,0.7915,0.9615784008307373,0.9615784008307373,0.24091173416407063,0.17007840083073733,0.8748653927225186,0.8780436807973395,0.15419872605585194,0.08654368079733954,0.8740601416865759,0.8516666293144226,0.13099996264775593,0.060166629314422626,0.8483332991600037,0.12766663249333698,0.05683329916000368,0.9211733341217041,0.20050666745503742,0.12967333412170412,0.9211487770080566,0.20048211034138996,0.12964877700805666,0.8284299786511862,0.1077633119845195,0.03692997865118619
flows_24,corr_source_glass_blur_sev3,41,6000,True,False,False,0.493,0.493,0.7328333333333333,0.9300998573466477,0.9305261531145983,0.4370998573466477,0.19769281978126496,0.7203881394764262,0.7863184349382973,0.22738813947642622,0.053485101604964,0.754936876138145,0.7018333077430725,0.20883330774307252,0.031000025590260827,0.684166669845581,0.19116666984558106,0.04866666348775228,0.845226526260376,0.352226526260376,0.11239319292704264,0.8452019691467285,0.3522019691467285,0.11236863581339518,0.6664421166152471,0.1734421166152471,0.06639121671808623
flows_24,corr_source_glass_blur_sev4,42,6000,True,False,False,0.41083333333333333,0.41083333333333333,0.7441666666666666,0.9126495106922798,0.9130406373887114,0.5018161773589465,0.1688739707220448,0.6635192757992964,0.7613394458332535,0.25268594246596304,0.017172779166586882,0.7095873219942689,0.6458333134651184,0.23499998013178508,0.09833335320154823,0.6140000224113464,0.2031666890780131,0.1301666442553202,0.8166014552116394,0.4057681218783061,0.07243478854497276,0.8165768980979919,0.4057435647646586,0.0724102314313253,0.6042992180284419,0.19346588469510856,0.13986744863822476
flows_24,corr_source_glass_blur_sev5,43,6000,True,False,False,0.3308333333333333,0.3308333333333333,0.7573333333333333,0.9108731167180977,0.9109864559469952,0.5800397833847644,0.15365312261366193,0.5979976142907466,0.7590342519563743,0.2671642809574133,0.0017009186230410034,0.651419776853684,0.5756666660308838,0.24483333269755048,0.1816666673024495,0.5386666655540466,0.20783333222071332,0.21866666777928667,0.7775781154632568,0.4467447821299235,0.020244782129923533,0.7775535583496094,0.44672022501627606,0.020220225016276072,0.5553376748817043,0.22450434154837096,0.20199565845162903
flows_24,corr_source_gaussian_noise_sev1,44,6000,True,False,False,0.8545,0.8545,0.879,0.9769820971867008,0.9769820971867008,0.12248209718670078,0.09798209718670081,0.9432863286525313,0.9432863286525313,0.08878632865253122,0.06428632865253125,0.9386394838153901,0.9235000014305115,0.06900000143051144,0.04450000143051147,0.9306666851043701,0.07616668510437008,0.051666685104370114,0.9607542157173157,0.10625421571731564,0.08175421571731567,0.9607296586036682,0.10622965860366818,0.08172965860366821,0.9331327630833228,0.07863276308332279,0.05413276308332282
flows_24,corr_source_gaussian_noise_sev2,45,6000,True,False,False,0.7585,0.7585,0.8068333333333333,0.961218836565097,0.9612693287737784,0.20271883656509704,0.15443599544044506,0.8929876454099245,0.893050876172135,0.13448764540992453,0.08621754283880168,0.9038390753519934,0.8836666345596313,0.1251666345596314,0.07683330122629806,0.8856666684150696,0.12716666841506963,0.07883333508173629,0.9395026564598083,0.1810026564598084,0.13266932312647506,0.9394780993461609,0.18097809934616094,0.1326447660128276,0.8681819978105972,0.10968199781059729,0.06134866447726395
flows_24,corr_source_gaussian_noise_sev3,46,6000,True,False,False,0.5988333333333333,0.5988333333333333,0.7296666666666667,0.941985540469053,0.9420230427173079,0.3431522071357197,0.21235637605064117,0.8043373478496534,0.8216309599847681,0.20550401451632005,0.09196429331810141,0.8504170130713743,0.8230000138282776,0.22416668049494426,0.0933333471616109,0.8223333358764648,0.22350000254313152,0.09266666920979816,0.906706690788269,0.3078733574549357,0.17704002412160236,0.9066821336746216,0.30784880034128825,0.1770154670079549,0.7517898192415453,0.15295648590821198,0.022123152574878624
flows_24,corr_source_gaussian_noise_sev4,47,6000,True,False,False,0.4186666666666667,0.4186666666666667,0.7348333333333333,0.9077007099945384,0.908902545593411,0.48903404332787176,0.17406921226007765,0.6890030621403378,0.7826042611617097,0.2703363954736711,0.04777092782837633,0.7848277489043765,0.734666645526886,0.3159999788602193,0.00016668780644735204,0.7254999876022339,0.3068333209355672,0.009333345731099452,0.86209636926651,0.4434297025998433,0.12726303593317667,0.8620718121528625,0.44340514548619586,0.1272384788195292,0.6211917341964596,0.20252506752979288,0.11364159913687377
flows_24,corr_source_gaussian_noise_sev5,48,6000,True,False,False,0.254,0.254,0.7855,0.8494726749760307,0.8511658172406166,0.5954726749760307,0.0656658172406166,0.5160128030406186,0.7701113158563718,0.2620128030406186,0.01538868414362815,0.6804678530207299,0.6008333563804626,0.34683335638046264,0.18466664361953733,0.5681666731834412,0.31416667318344116,0.21733332681655881,0.7914960980415344,0.5374960980415344,0.005996098041534448,0.791471540927887,0.537471540927887,0.005971540927886987,0.5043212964838379,0.25032129648383794,0.28117870351616203
flows_24,corr_source_shot_noise_sev1,49,6000,True,False,False,0.8458333333333333,0.8458333333333333,0.8675,0.9740082079343365,0.9740252565203698,0.12817487460100319,0.1065252565203697,0.941451199209178,0.9416377659244037,0.09561786587584464,0.07413776592440369,0.9355857996044867,0.9241666793823242,0.07833334604899089,0.05666667938232417,0.9284999966621399,0.08266666332880657,0.060999996662139844,0.9598290920257568,0.11399575869242351,0.09232909202575679,0.9598045349121094,0.11397120157877605,0.09230453491210933,0.9273264278844541,0.08149309455112075,0.059826427884454025
flows_24,corr_source_shot_noise_sev2,50,6000,True,False,False,0.7363333333333333,0.7363333333333333,0.7905,0.9604989604989606,0.9615874795912077,0.22416562716562727,0.17108747959120774,0.8806157813294316,0.8839844261954676,0.14428244799609835,0.0934844261954676,0.8956379999164683,0.8758333325386047,0.13949999920527145,0.08533333253860476,0.8794999718666077,0.14316663853327438,0.08899997186660769,0.9342947602272034,0.19796142689387008,0.1437947602272034,0.9342702031135559,0.19793686978022262,0.14377020311355593,0.8552679417211715,0.1189346083878382,0.06476794172117151
flows_24,corr_source_shot_noise_sev3,51,6000,True,False,False,0.5936666666666667,0.5936666666666667,0.7291666666666666,0.936735778841042,0.9371532281883158,0.3430691121743753,0.20798656152164918,0.8072477165305821,0.8300450763739624,0.21358104986391546,0.10087840970729578,0.8495127041891256,0.8181666731834412,0.2245000065167745,0.08900000651677453,0.8144999742507935,0.22083330758412678,0.08533330758412683,0.9038858413696289,0.31021917470296223,0.17471917470296228,0.9038612842559814,0.31019461758931477,0.17469461758931482,0.7538524274564316,0.16018576078976487,0.02468576078976492
flows_24,corr_source_shot_noise_sev4,52,6000,True,False,False,0.377,0.377,0.7383333333333333,0.8950276243093923,0.8952799355109928,0.5180276243093923,0.15694660217765954,0.6685386822595049,0.7814037564110567,0.29153868225950486,0.04307042307772346,0.7734139971766518,0.7179999947547913,0.34099999475479126,0.020333338578542026,0.7089999914169312,0.33199999141693115,0.029333341916402134,0.8541926145553589,0.4771926145553589,0.1158592812220256,0.8541680574417114,0.4771680574417114,0.11583472410837814,0.5943230369462922,0.21732303694629218,0.1440102963870411
flows_24,corr_source_shot_noise_sev5,53,6000,True,False,False,0.2778333333333333,0.2778333333333333,0.7731666666666667,0.8614800759013282,0.8618248206634849,0.583646742567995,0.0886581539968182,0.5649707437143984,0.7744152098300492,0.28713741038106505,0.0012485431633825206,0.7145893972279521,0.6489999890327454,0.37116665569941204,0.12416667763392131,0.6240000128746033,0.34616667954126995,0.1491666537920634,0.8165020942687988,0.5386687609354655,0.04333542760213216,0.8164775371551514,0.538644203821818,0.0433108704884847,0.5184535528632985,0.2406202195299652,0.25471311380336814
flows_24,corr_source_impulse_noise_sev1,54,6000,True,False,False,0.7816666666666666,0.7816666666666666,0.8248333333333333,0.9655172413793104,0.9660856896551724,0.18385057471264377,0.14125235632183908,0.8982894617626036,0.9006766023722522,0.11662279509593698,0.07584326903891891,0.9029536840572878,0.887499988079071,0.10583332141240442,0.06266665474573774,0.8865000009536743,0.1048333342870077,0.06166666762034101,0.9393535256385803,0.1576868589719137,0.11452019230524701,0.9393289685249329,0.15766230185826624,0.11449563519159955,0.8884951388902791,0.10682847222361247,0.06366180555694578
flows_24,corr_source_impulse_noise_sev2,55,6000,True,False,False,0.6981666666666667,0.6981666666666667,0.7676666666666667,0.9484752891692955,0.9487095486922296,0.25030862250262875,0.18104288202556285,0.8476157463999193,0.8577486878030341,0.1494490797332526,0.09008202113636743,0.8754873953455015,0.847000002861023,0.14883333619435624,0.07933333619435623,0.8508332967758179,0.15266663010915116,0.08316663010915115,0.920913577079773,0.22274691041310624,0.15324691041310623,0.9208890199661255,0.22272235329945878,0.15322235329945877,0.8408739934028,0.1427073267361333,0.07320732673613328
flows_24,corr_source_impulse_noise_sev3,56,6000,True,False,False,0.6123333333333333,0.6123333333333333,0.7271666666666666,0.937112488928255,0.937529436079126,0.32477915559492176,0.21036276941245935,0.7913242058382081,0.8160189663375504,0.17899087250487478,0.08885229967088382,0.8486432181272592,0.8165000081062317,0.2041666747728984,0.08933334143956506,0.8166666626930237,0.2043333293596904,0.08949999602635705,0.9032905697822571,0.2909572364489238,0.17612390311559045,0.9032660126686096,0.29093267933527633,0.176099346001943,0.7895416807866374,0.17720834745330416,0.06237501411997082
flows_24,corr_source_impulse_noise_sev4,57,6000,True,False,False,0.4068333333333333,0.4068333333333333,0.7336666666666667,0.9021043000914913,0.9027452807175167,0.495270966758158,0.16907861405085,0.6801875330888836,0.779614384578327,0.27335419975555025,0.0459477179116603,0.7792174792558829,0.731333315372467,0.3244999820391337,0.002333351294199648,0.7201666831970215,0.31333334986368816,0.013499983469645205,0.8597971796989441,0.45296384636561077,0.1261305130322774,0.8597726225852966,0.4529392892519633,0.12610595591862994,0.6262948310867946,0.2194614977534613,0.10737183557987207
flows_24,corr_source_impulse_noise_sev5,58,6000,True,False,False,0.26266666666666666,0.26266666666666666,0.7781666666666667,0.8766148661299382,0.8766148661299382,0.6139481994632716,0.09844819946327155,0.5485261136054442,0.7716365638978282,0.2858594469387776,0.006530102768838475,0.6992120494273253,0.6333333253860474,0.3706666587193807,0.1448333412806193,0.6101666688919067,0.3475000022252401,0.16799999777475993,0.8073166608810425,0.5446499942143759,0.029149994214375807,0.807292103767395,0.5446254371007284,0.029125437100728346,0.5097012811352563,0.2470346144685896,0.2684653855314104
flows_24,corr_source_contrast_sev1,59,6000,True,False,False,0.8858333333333334,0.8858333333333334,0.8993333333333333,0.9863152559553978,0.9864998842946867,0.10048192262206446,0.0871665509613534,0.9633352050494834,0.9634001398208596,0.07750187171615008,0.06406680648752627,0.9463907544464601,0.9340000152587891,0.0481666819254557,0.034666681925455745,0.9383333325386047,0.052499999205271375,0.03899999920527142,0.9656383991241455,0.07980506579081215,0.06630506579081219,0.965613842010498,0.07978050867716469,0.06628050867716473,0.9447343088945942,0.05890097556126084,0.04540097556126088
flows_24,corr_source_contrast_sev2,60,6000,True,False,False,0.846,0.846,0.8676666666666667,0.9818428644154081,0.9818428644154081,0.13584286441540816,0.11417619774874144,0.9437308911939939,0.9441683731788528,0.09773089119399392,0.07650170651218613,0.9261224270536469,0.9138333201408386,0.06783332014083865,0.046166653474171926,0.9178333282470703,0.07183332824707034,0.050166661580403615,0.954047679901123,0.10804767990112307,0.08638101323445635,0.9540231227874756,0.10802312278747561,0.08635645612080889,0.921245593899132,0.07524559389913199,0.05357892723246527
flows_24,corr_source_contrast_sev3,61,6000,True,False,False,0.7551666666666667,0.7551666666666667,0.8011666666666667,0.9646246764452115,0.9646246764452115,0.2094580097785449,0.16345800977854485,0.8798183635223269,0.891686234833046,0.12465169685566024,0.0905195681663793,0.8793027233198552,0.856333315372467,0.10116664870580039,0.05516664870580035,0.8546666502952576,0.09949998362859092,0.053499983628590875,0.9242168068885803,0.16905014022191367,0.12305014022191363,0.9241922497749329,0.1690255831082662,0.12302558310826617,0.8602590410077029,0.10509237434103624,0.0590923743410362
flows_24,corr_source_contrast_sev4,62,6000,True,False,False,0.5053333333333333,0.5053333333333333,0.7316666666666667,0.9239598278335724,0.9241771281683404,0.41862649450023914,0.19251046150167372,0.6897615047869954,0.8069423446754999,0.18442817145366208,0.07527567800883317,0.7501120478552662,0.6981666684150696,0.19283333508173628,0.03349999825159711,0.6775000095367432,0.17216667620340986,0.05416665712992352,0.8406858444213867,0.3353525110880534,0.10901917775472003,0.8406612873077393,0.33532795397440596,0.10899462064107257,0.6919796790111521,0.1866463456778188,0.039686987655514594
flows_24,corr_source_contrast_sev5,63,6000,True,False,False,0.2515,0.2515,0.7903333333333333,0.88641425389755,0.8864856285354678,0.6349142538975501,0.09615229520213442,0.5398032633066712,0.7490747773595239,0.28830326330667116,0.04125855597380945,0.5936489588276634,0.5253333449363708,0.27383334493637085,0.2649999883969625,0.47049999237060547,0.21899999237060547,0.31983334096272786,0.7454119324684143,0.4939119324684143,0.044921400864919026,0.7453873753547668,0.49388737535476684,0.044945957978566486,0.49323717375412635,0.24173717375412634,0.297096159579207
flows_24,corr_source_elastic_transform_sev1,64,6000,True,False,False,0.9006666666666666,0.9006666666666666,0.9113333333333333,0.9875126560917988,0.9875289824407243,0.08684598942513222,0.07619564910739096,0.9691619652980018,0.9696144224408421,0.06849529863133519,0.05828108910750873,0.954278785981108,0.9446666836738586,0.04400001700719203,0.033333350340525314,0.9514999985694885,0.05083333190282191,0.0401666652361552,0.9711173176765442,0.07045065100987757,0.05978398434321086,0.9710927605628967,0.07042609389623011,0.0597594272295634,0.9547276557458214,0.0540609890791548,0.043394322412488084
flows_24,corr_source_elastic_transform_sev2,65,6000,True,False,False,0.7073333333333334,0.7073333333333334,0.7928333333333333,0.9604989604989606,0.9604989604989606,0.2531656271656272,0.16766562716562727,0.8942347438966242,0.8948488951725729,0.1869014105632908,0.10201556183923965,0.8829492389365765,0.8576666712760925,0.15033333794275916,0.06483333794275925,0.8579999804496765,0.15066664711634314,0.06516664711634323,0.926162600517273,0.21882926718393958,0.13332926718393967,0.9261380434036255,0.21880471007029212,0.1333047100702922,0.8100510007838577,0.10271766745052435,0.017217667450524443
flows_24,corr_source_elastic_transform_sev3,66,6000,True,False,False,0.8053333333333333,0.8053333333333333,0.8448333333333333,0.9724267854084604,0.9724267854084604,0.16709345207512705,0.12759345207512707,0.9290859898047108,0.9299486329379691,0.12375265647137745,0.08511529960463582,0.9142251923958725,0.8991666436195374,0.09383331028620401,0.05433331028620403,0.9001666307449341,0.09483329741160074,0.05533329741160076,0.9457651972770691,0.14043186394373575,0.10093186394373577,0.9457406401634216,0.14040730683008829,0.1009073068300883,0.8790549370326433,0.07372160369930991,0.03422160369930993
flows_24,corr_source_elastic_transform_sev4,67,6000,True,False,False,0.6968333333333333,0.6968333333333333,0.7871666666666667,0.9613986498182447,0.9613986498182447,0.26456531648491144,0.17423198315157806,0.8722253030503953,0.8764307148804308,0.17539196971706195,0.0892640482137641,0.8676381629394456,0.8429999947547913,0.14616666142145796,0.05583332808812458,0.8403333425521851,0.14350000921885175,0.05316667588551838,0.918121337890625,0.2212880045572917,0.13095467122395832,0.9180967807769775,0.22126344744364423,0.13093011411031086,0.7965053266529813,0.09967199331964804,0.009338659986314668
flows_24,corr_source_elastic_transform_sev5,68,6000,True,False,False,0.42766666666666664,0.42766666666666664,0.7163333333333334,0.9239598278335724,0.9241771281683404,0.4962931611669058,0.20784379483500703,0.7104885571249482,0.7912487820791382,0.28282189045828154,0.0749154487458048,0.7605970906276367,0.7098333239555359,0.28216665728886925,0.006500009377797489,0.6961666345596313,0.2684999678929647,0.02016669877370203,0.8463532328605652,0.41868656619389855,0.1300198995272318,0.8463286757469177,0.4186620090802511,0.12999534241358435,0.5918434442469773,0.16417677758031068,0.12448988908635605
flows_24,corr_source_pixelate_sev1,69,6000,True,False,False,0.8898333333333334,0.8898333333333334,0.9048333333333334,0.9840839823907889,0.9841150689390432,0.0942506490574555,0.07928173560570984,0.9656657910216079,0.9666068655317425,0.07583245768827451,0.06177353219840909,0.9520147001853113,0.9431666731834412,0.0533333398501078,0.038333339850107784,0.9478332996368408,0.057999966303507455,0.04299996630350744,0.9702450037002563,0.08041167036692298,0.06541167036692297,0.9702204465866089,0.08038711325327552,0.06538711325327551,0.9458724511360218,0.05603911780268844,0.04103911780268843
flows_24,corr_source_pixelate_sev2,70,6000,True,False,False,0.8761666666666666,0.8761666666666666,0.8941666666666667,0.9801121876593575,0.9807262503192031,0.10394552099269083,0.08655958365253646,0.9580238737883481,0.9590267261736065,0.08185720712168143,0.06486005950693985,0.944464895836869,0.9283333420753479,0.05216667540868125,0.034166675408681235,0.934333324432373,0.0581666577657064,0.04016665776570638,0.96431565284729,0.08814898618062339,0.07014898618062337,0.9642910957336426,0.08812442906697593,0.07012442906697591,0.935843511843951,0.05967684517728433,0.041676845177284316
flows_24,corr_source_pixelate_sev3,71,6000,True,False,False,0.8128333333333333,0.8128333333333333,0.8533333333333334,0.9771564950562563,0.977171495850251,0.16432316172292305,0.1238381625169176,0.9216485006235019,0.9231880579875912,0.1088151672901686,0.0698547246542578,0.9123439166359059,0.8898333311080933,0.07699999777475997,0.036499997774759874,0.8955000042915344,0.08266667095820113,0.042166670958201036,0.9436706304550171,0.1308372971216838,0.0903372971216837,0.9436460733413696,0.13081274000803633,0.09031274000803624,0.8971667241804774,0.08433339084714409,0.043833390847143994
flows_24,corr_source_pixelate_sev4,72,6000,True,False,False,0.696,0.696,0.7933333333333333,0.9613986498182447,0.9613986498182447,0.2653986498182448,0.1680653164849114,0.8492362504327763,0.8659931674612574,0.15323625043277633,0.0726598341279241,0.8565349849817405,0.8228332996368408,0.12683329963684087,0.029499966303507485,0.8206666707992554,0.12466667079925542,0.027333337465922036,0.9073246121406555,0.21132461214065557,0.11399127880732218,0.9073000550270081,0.2113000550270081,0.11396672169367472,0.8147029140508382,0.11870291405083822,0.021369580717504832
flows_24,corr_source_pixelate_sev5,73,6000,True,False,False,0.5818333333333333,0.5818333333333333,0.7691666666666667,0.947737635917222,0.9483407816857742,0.36590430258388873,0.17917411501910752,0.7771949325745969,0.8247502170705762,0.19536159924126362,0.0555835504039095,0.8039024006220401,0.7538333535194397,0.17200002018610638,0.015333313147226968,0.7426666617393494,0.16083332840601605,0.0265000049273173,0.8733830451965332,0.2915497118631999,0.10421637852986654,0.8733584880828857,0.29152515474955243,0.10419182141621908,0.7194609294736242,0.13762759614029085,0.0497057371930425
flows_24,corr_source_jpeg_compression_sev1,74,6000,True,False,False,0.8866666666666667,0.8866666666666667,0.9,0.9869998311666385,0.9869998311666385,0.10033316449997176,0.08699983116663845,0.9669425130737412,0.9677821688303734,0.08027584640707452,0.06778216883037336,0.9523826894359959,0.9448333382606506,0.05816667159398392,0.04483333826065061,0.9519999623298645,0.06533329566319779,0.05199996232986448,0.971031904220581,0.08436523755391434,0.07103190422058103,0.9710073471069336,0.08434068044026688,0.07100734710693357,0.9457210713886427,0.059054404721975984,0.045721071388642676
flows_24,corr_source_jpeg_compression_sev2,75,6000,True,False,False,0.8745,0.8745,0.8908333333333334,0.9825334916059013,0.9825334916059013,0.10803349160590126,0.09170015827256794,0.9548995654782854,0.9552362667881609,0.0803995654782853,0.0644029334548275,0.9424855378077284,0.9296666383743286,0.05516663837432856,0.03883330504099525,0.9356666803359985,0.06116668033599848,0.04483334700266517,0.9636002779006958,0.08910027790069575,0.07276694456736243,0.9635757207870483,0.08907572078704828,0.07274238745371497,0.9335679985334525,0.05906799853345246,0.04273466520011915
flows_24,corr_source_jpeg_compression_sev3,76,6000,True,False,False,0.8578333333333333,0.8578333333333333,0.876,0.9797653460295868,0.9799454457858641,0.12193201269625342,0.10394544578586407,0.9459992845249185,0.9471356125650705,0.08816595119158521,0.0711356125650705,0.935172866021613,0.9238333106040955,0.06599997727076212,0.04783331060409546,0.9284999966621399,0.07066666332880656,0.05249999666213989,0.9594259262084961,0.10159259287516276,0.08342592620849609,0.9594013690948486,0.1015680357615153,0.08340136909484863,0.9254232017039704,0.06758986837063707,0.04942320170397041
flows_24,corr_source_jpeg_compression_sev4,77,6000,True,False,False,0.7908333333333334,0.7908333333333334,0.8381666666666666,0.9708404802744426,0.9708404802744426,0.1800071469411092,0.13267381360777597,0.9006378443144645,0.9027395216383076,0.10980451098113109,0.064572854971641,0.9004813843043259,0.8811666369438171,0.09033330361048375,0.04299997027715052,0.8791666626930237,0.0883333293596903,0.040999996026357066,0.9372392296791077,0.14640589634577428,0.09907256301244105,0.9372146725654602,0.14638133923212682,0.09904800589879359,0.8807188772011015,0.08988554386776815,0.04255221053443492
flows_24,corr_source_jpeg_compression_sev5,78,6000,True,False,False,0.661,0.661,0.7825,0.9581524570237889,0.9581524570237889,0.2971524570237889,0.17565245702378895,0.8162930835846666,0.8368860341343262,0.15529308358466654,0.05438603413432619,0.8327224415379659,0.7988333106040955,0.13783331060409543,0.016333310604095486,0.7870000004768372,0.12600000047683713,0.004500000476837185,0.8940820097923279,0.23308200979232785,0.11158200979232791,0.8940574526786804,0.2330574526786804,0.11155745267868045,0.7844045054167146,0.12340450541671455,0.001904505416714608
flows_24,corr_source_speckle_noise_sev1,79,6000,True,False,False,0.8626666666666667,0.8626666666666667,0.8826666666666667,0.9806320081549438,0.9806320081549438,0.11796534148827709,0.09796534148827707,0.9523178719794417,0.9527456518168577,0.08965120531277504,0.07007898515019095,0.9415693000008504,0.9303333163261414,0.06766664965947466,0.04766664965947465,0.934666633605957,0.07199996693929034,0.05199996693929032,0.9630295038223267,0.10036283715565997,0.08036283715565995,0.9630049467086792,0.1003382800420125,0.08033828004201249,0.9354923182065255,0.07282565153985876,0.05282565153985874
flows_24,corr_source_speckle_noise_sev2,80,6000,True,False,False,0.8205,0.8205,0.8545,0.9778534923339012,0.9778534923339012,0.15735349233390117,0.12335349233390114,0.9282461877178465,0.9285206968523387,0.1077461877178465,0.0740206968523387,0.9224645849832369,0.9086666703224182,0.0881666703224182,0.054166670322418176,0.9110000133514404,0.09050001335144042,0.05650001335144039,0.9515808820724487,0.13108088207244872,0.0970808820724487,0.9515563249588013,0.13105632495880126,0.09705632495880123,0.9095507058624557,0.08905070586245567,0.05505070586245564
flows_24,corr_source_speckle_noise_sev3,81,6000,True,False,False,0.6551666666666667,0.6551666666666667,0.7513333333333333,0.9386166637183796,0.9393954033141335,0.2834499970517129,0.18806206998080022,0.8390143281071005,0.848945379602355,0.18384766144043385,0.09761204626902176,0.8647254569287062,0.8334999680519104,0.17833330138524373,0.0821666347185771,0.8366666436195374,0.18149997695287068,0.08533331028620406,0.9128803610801697,0.257713694413503,0.16154702774683638,0.9128558039665222,0.25768913729985554,0.16152247063318892,0.8001561171458899,0.14498945047922318,0.04882278381255656
flows_24,corr_source_speckle_noise_sev4,82,6000,True,False,False,0.556,0.556,0.7216666666666667,0.9206691851052348,0.9213273070696169,0.3646691851052347,0.19966064040295017,0.779228863734634,0.8117121573573133,0.2232288637346339,0.0900454906906466,0.828419955560823,0.784333348274231,0.2283333482742309,0.06266668160756428,0.7829999923706055,0.22699999237060542,0.06133332570393879,0.8887020349502563,0.3327020349502563,0.16703536828358967,0.8886774778366089,0.33267747783660884,0.1670108111699422,0.7309312954300554,0.17493129543005537,0.009264628763388738
flows_24,corr_source_speckle_noise_sev5,83,6000,True,False,False,0.4425,0.4425,0.715,0.8907376594564614,0.891285022989298,0.44823765945646143,0.17628502298929805,0.6930597457071768,0.8009270596708232,0.25055974570717676,0.08592705967082326,0.7886149414857915,0.737500011920929,0.29500001192092895,0.022500011920928986,0.7304999828338623,0.2879999828338623,0.015499982833862336,0.8636049628257751,0.42110496282577514,0.14860496282577518,0.8635804057121277,0.4210804057121277,0.14858040571212772,0.6486676289644001,0.2061676289644001,0.06633237103559986
flows_24,corr_source_spatter_sev1,84,6000,True,False,False,0.9201666666666667,0.9201666666666667,0.9281666666666667,0.9897289105910085,0.9899219766506806,0.06956224392434185,0.061755309984013906,0.9792660539622587,0.9804762125333532,0.059099387295592054,0.05230954586668646,0.9653338867577316,0.9606666564941406,0.04049998982747394,0.03249998982747393,0.9651666283607483,0.0449999616940816,0.036999961694081596,0.978512167930603,0.05834550126393634,0.05034550126393633,0.9784876108169556,0.05832094415028888,0.05032094415028887,0.9657285959271885,0.04556192926052183,0.03756192926052182
flows_24,corr_source_spatter_sev2,85,6000,True,False,False,0.8653333333333333,0.8653333333333333,0.8851666666666667,0.9794182684129954,0.9800859344608616,0.11408493507966211,0.0949192677941949,0.9538528563175243,0.9541947911569805,0.08851952298419097,0.06902812449031381,0.9369031625637972,0.9288333058357239,0.06349997250239059,0.04366663916905722,0.9329999685287476,0.06766663519541427,0.0478333018620809,0.9615312218666077,0.09619788853327438,0.07636455519994101,0.9615066647529602,0.09617333141962692,0.07633999808629355,0.9372608980177273,0.07192756468439399,0.052094231351060616
flows_24,corr_source_spatter_sev3,86,6000,True,False,False,0.8,0.8,0.838,0.9633724948168626,0.9633724948168626,0.16337249481686256,0.12537249481686263,0.9127852207340068,0.9151443004375921,0.11278522073400676,0.07714430043759213,0.9024850821594778,0.887333333492279,0.08733333349227901,0.049333333492279086,0.8863333463668823,0.08633334636688228,0.04833334636688236,0.9386782050132751,0.1386782050132751,0.10067820501327518,0.9386536478996277,0.13865364789962764,0.10065364789962772,0.901491403322856,0.101491403322856,0.06349140332285608
flows_24,corr_source_spatter_sev4,87,6000,True,False,False,0.7318333333333333,0.7318333333333333,0.793,0.9545216936748563,0.9549447870966087,0.22268836034152295,0.16194478709660864,0.8815658892969193,0.8829552533174523,0.14973255596358592,0.08995525331745224,0.8711553882922559,0.8481666445732117,0.11633331123987833,0.05516664457321163,0.8458333015441895,0.11399996821085612,0.052833301544189415,0.9197255969047546,0.1878922635714213,0.1267255969047546,0.9197010397911072,0.18786770645777384,0.12670103979110714,0.8569873912390633,0.12515405790572998,0.06398739123906327
flows_24,corr_source_spatter_sev5,88,6000,True,False,False,0.6188333333333333,0.6188333333333333,0.7528333333333334,0.9365473236440979,0.9375434887007053,0.3177139903107645,0.1847101553673719,0.8187433176192196,0.8329508980843954,0.19990998428588624,0.08011756475106202,0.8237179108556942,0.7841666340827942,0.16533330074946084,0.031333300749460835,0.7796666622161865,0.16083332888285318,0.02683332888285317,0.8877712488174438,0.2689379154841105,0.1349379154841105,0.8877466917037964,0.26891335837046304,0.13491335837046303,0.7716686451565212,0.15283531182318788,0.018835311823187872
flows_24,corr_source_gaussian_blur_sev1,89,6000,True,False,False,0.8998333333333334,0.8998333333333334,0.9118333333333334,0.9864864864864865,0.9864953798197589,0.08665315315315314,0.07466204648642549,0.9696318281264333,0.9697620969239935,0.06979849479309996,0.057928763590660126,0.9563899646521113,0.9484999775886536,0.04866664425532019,0.03666664425532018,0.9513333439826965,0.05150001064936316,0.03950001064936315,0.9729166626930237,0.07308332935969031,0.0610833293596903,0.9728921055793762,0.07305877224604285,0.061058772246042836,0.9554397591288769,0.055606425795543535,0.043606425795543524
flows_24,corr_source_gaussian_blur_sev2,90,6000,True,False,False,0.8251666666666667,0.8251666666666667,0.8573333333333333,0.9769820971867008,0.9773755695368197,0.1518154305200341,0.12004223620348642,0.9240194067100794,0.926903600578133,0.09885274004341271,0.06957026724479975,0.9167056857536304,0.8989999890327454,0.07383332236607865,0.04166665569941208,0.9024999737739563,0.07733330710728958,0.04516664044062302,0.9465649127960205,0.12139824612935379,0.08923157946268723,0.946540355682373,0.12137368901570633,0.08920702234903977,0.9172072758419602,0.09204060917529344,0.059873942508626876
flows_24,corr_source_gaussian_blur_sev3,91,6000,True,False,False,0.7183333333333334,0.7183333333333334,0.7908333333333334,0.9687177724303885,0.9689458566388459,0.2503844390970551,0.17811252330551253,0.8450322127344357,0.8644336524433076,0.12669887940110236,0.07360031910997422,0.8613376423339952,0.8308333158493042,0.11249998251597082,0.03999998251597081,0.828499972820282,0.1101666394869486,0.037666639486948594,0.9119467735290527,0.19361344019571936,0.12111344019571935,0.9119222164154053,0.1935888830820719,0.12108888308207189,0.8586561917697833,0.14032285843644987,0.06782285843644986
flows_24,corr_source_gaussian_blur_sev4,92,6000,True,False,False,0.6028333333333333,0.6028333333333333,0.7365,0.9528795811518324,0.9528795811518324,0.350046247818499,0.2163795811518323,0.7549867007872787,0.8155006104846786,0.15215336745394537,0.07900061048467855,0.7920539661104766,0.7511666417121887,0.1483333083788554,0.014666641712188677,0.7326666712760925,0.1298333379427592,0.0038333287239075142,0.8677445650100708,0.26491123167673747,0.13124456501007076,0.8677200078964233,0.26488667456309,0.1312200078964233,0.7851129521079656,0.18227961877463228,0.04861295210796557
flows_24,corr_source_gaussian_blur_sev5,93,6000,True,False,False,0.38383333333333336,0.38383333333333336,0.7141666666666666,0.9380530973451328,0.9383406113423082,0.5542197640117994,0.22417394467564156,0.5930457284542039,0.7791788736419065,0.20921239512087053,0.0650122069752399,0.6488193315315985,0.5799999833106995,0.1961666499773661,0.13416668335596715,0.5333333015441895,0.1494999682108561,0.18083336512247716,0.7754855155944824,0.39165218226114906,0.061318848927815806,0.775460958480835,0.3916276251475016,0.061294291814168345,0.6166309816010634,0.23279764826773008,0.09753568506560317
flows_24,corr_source_saturate_sev1,94,6000,True,False,False,0.8861666666666667,0.8861666666666667,0.8963333333333333,0.9864864864864865,0.9864864864864865,0.10031981981981986,0.0901531531531532,0.966335850252925,0.9666636278180409,0.08016918358625835,0.07033029448470762,0.9502429536423952,0.9433333277702332,0.057166661103566496,0.04699999443689984,0.9488333463668823,0.06266667970021567,0.05250001303354901,0.9690834879875183,0.08291682132085165,0.072750154654185,0.9690589308738708,0.08289226420720419,0.07272559754053753,0.9452433068036176,0.05907664013695091,0.04890997347028425
flows_24,corr_source_saturate_sev2,95,6000,True,False,False,0.8546666666666667,0.8546666666666667,0.8755,0.9828784539752501,0.9828784539752501,0.1282117873085834,0.10737845397525014,0.9499724425074529,0.9502729393481648,0.09530577584078626,0.07477293934816487,0.9361821253417617,0.9244999885559082,0.06983332188924152,0.04899998855590826,0.925166666507721,0.07049999984105426,0.049666666507721,0.958740770816803,0.10407410415013629,0.08324077081680303,0.9587162137031555,0.10404954703648883,0.08321621370315557,0.925266523971142,0.07059985730447527,0.04976652397114201
flows_24,corr_source_saturate_sev3,96,6000,True,False,False,0.9153333333333333,0.9153333333333333,0.9213333333333333,0.990578734858681,0.9905969931332396,0.07524540152534764,0.06926365979990623,0.9778732558491597,0.9783325034635266,0.06253992251582641,0.05699917013019329,0.9628595386035705,0.956333339214325,0.04100000588099162,0.035000005880991614,0.9605000019073486,0.0451666685740153,0.039166668574015295,0.9767482280731201,0.061414894739786785,0.05541489473978678,0.9767236709594727,0.061390337626139324,0.05539033762613932,0.9619801427094761,0.04664680937614274,0.040646809376142734
flows_24,corr_source_saturate_sev4,97,6000,True,False,False,0.863,0.863,0.8776666666666667,0.9811512990320937,0.981545722148108,0.11815129903209376,0.10387905548144127,0.9586407914879083,0.9587255008318322,0.09564079148790827,0.08105883416516546,0.9411502212143797,0.9289999604225159,0.06599996042251588,0.05133329375584916,0.9340000152587891,0.07100001525878907,0.056333348592122356,0.9627050757408142,0.09970507574081422,0.0850384090741475,0.9626805186271667,0.09968051862716676,0.08501385196050004,0.9268360137117045,0.06383601371170455,0.04916934704503784
flows_24,corr_source_saturate_sev5,98,6000,True,False,False,0.776,0.776,0.8093333333333333,0.9729544676480658,0.9738937033272238,0.1969544676480658,0.16456036999389045,0.9242785101615331,0.924539731715742,0.14827851016153304,0.11520639838240865,0.913710079741427,0.8980000019073486,0.12200000190734861,0.08866666857401528,0.9028333425521851,0.12683334255218504,0.09350000921885171,0.9452713131904602,0.16927131319046018,0.13593797985712686,0.9452467560768127,0.16924675607681272,0.1359134227434794,0.8559996443460185,0.07999964434601847,0.04666631101268515
flows_24,corr_target_fog_sev1,99,6000,False,True,False,0.6333333333333333,0.6333333333333333,0.7336666666666667,0.9536100453435647,0.9536402017638254,0.32027671201023145,0.21997353509715867,0.8526549348636842,0.8609557687883618,0.21932160153035085,0.12728910212169509,0.8608825357852605,0.8318333029747009,0.19849996964136762,0.09816663630803424,0.8356666564941406,0.20233332316080732,0.10199998982747394,0.9125049710273743,0.27917163769404096,0.17883830436070758,0.9124804139137268,0.2791470805803935,0.17881374724706012,0.8543341343024417,0.22100080096910835,0.12066746763577496
flows_24,corr_target_fog_sev2,100,6000,False,True,False,0.6023333333333334,0.6023333333333334,0.7171666666666666,0.9484752891692955,0.9488417020018441,0.3461419558359621,0.23167503533517753,0.8240618672122153,0.843310819163131,0.22172853387888192,0.12614415249646438,0.8438874330142044,0.809666633605957,0.20733330027262364,0.09249996693929041,0.8101666569709778,0.2078333236376444,0.09299999030431116,0.9000767469406128,0.2977434136072794,0.18291008027394617,0.9000521898269653,0.29771885649363194,0.1828855231602987,0.8343912225446388,0.23205788921130543,0.1172245558779722
flows_24,corr_target_fog_sev3,101,6000,False,True,False,0.5546666666666666,0.5546666666666666,0.7101666666666666,0.9389920424403184,0.9394456417950312,0.3843253757736518,0.2292789751283646,0.7815712888524166,0.8291031518580877,0.22690462218574992,0.11893648519142108,0.8229624122958407,0.7866666316986084,0.23199996503194176,0.07649996503194179,0.7854999899864197,0.23083332331975304,0.07533332331975306,0.8877519965171814,0.33308532985051476,0.17758532985051478,0.8877274394035339,0.3330607727368673,0.17756077273686732,0.8109745919251622,0.25630792525849555,0.10080792525849558
flows_24,corr_target_fog_sev4,102,6000,False,True,False,0.52,0.52,0.7103333333333334,0.9344698987746404,0.9349323510773431,0.41446989877464036,0.2245990177440097,0.7461383208273933,0.8140533148301765,0.22613832082739327,0.10371998149684314,0.804357627664963,0.7578333020210266,0.2378333020210266,0.04749996868769324,0.7488332986831665,0.2288332986831665,0.03849996534983313,0.8748888969421387,0.35488889694213865,0.1645555636088053,0.8748643398284912,0.3548643398284912,0.16453100649515784,0.7790326097580773,0.2590326097580773,0.06869927642474394
flows_24,corr_target_fog_sev5,103,6000,False,True,False,0.4073333333333333,0.4073333333333333,0.7158333333333333,0.921832884097035,0.921832884097035,0.5144995507637017,0.2059995507637017,0.6536064126630967,0.7980609412979108,0.2462730793297634,0.08222760796457751,0.7502423020726827,0.6946666836738586,0.2873333503405253,0.02116664965947468,0.6821666359901428,0.2748333026568095,0.0336666973431905,0.840485155582428,0.43315182224909465,0.12465182224909466,0.8404605984687805,0.4331272651354472,0.1246272651354472,0.6851501427005577,0.2778168093672244,0.03068319063277558
flows_24,corr_target_frost_sev1,104,6000,False,True,False,0.6176666666666667,0.6176666666666667,0.7336666666666667,0.9554317548746518,0.9554607519452449,0.3377650882079851,0.22179408527857825,0.843841976995315,0.860131061224639,0.22617531032864835,0.12646439455797231,0.8541840228762702,0.8234999775886536,0.20583331092198687,0.08983331092198688,0.8234999775886536,0.20583331092198687,0.08983331092198688,0.9084631204605103,0.29079645379384356,0.17479645379384356,0.9084385633468628,0.2907718966801961,0.1747718966801961,0.8372992035618649,0.21963253689519824,0.10363253689519825
flows_24,corr_target_frost_sev2,105,6000,False,True,False,0.5123333333333333,0.5123333333333333,0.7113333333333334,0.9412387506617257,0.9412387506617257,0.4289054173283924,0.22990541732839231,0.7706900221695908,0.8186560794946905,0.2583566888362575,0.10732274616135717,0.8046294625534844,0.7581666707992554,0.24583333746592206,0.046833337465922,0.7515000104904175,0.23916667715708417,0.04016667715708411,0.8753165602684021,0.3629832269350688,0.16398322693506873,0.8752920031547546,0.36295866982142133,0.16395866982142127,0.7683994582167696,0.2560661248834363,0.05706612488343621
flows_24,corr_target_frost_sev3,106,6000,False,True,False,0.42183333333333334,0.42183333333333334,0.7081666666666667,0.9310529128808124,0.931902488271275,0.509219579547479,0.22373582160460825,0.7048502335205749,0.7944710948493267,0.2830169001872415,0.08630442818265993,0.7647464284916097,0.703499972820282,0.28166663948694864,0.00466669384638474,0.6936666369438171,0.2718333036104838,0.014500029722849583,0.8499678373336792,0.42813450400034586,0.14180117066701248,0.8499432802200317,0.4281099468866984,0.14177661355336502,0.7022418557455401,0.28040852241220676,0.005924810921126622
flows_24,corr_target_frost_sev4,107,6000,False,True,False,0.4096666666666667,0.4096666666666667,0.7095,0.9293361884368309,0.9293361884368309,0.5196695217701641,0.21983618843683084,0.6948515298421003,0.7949527928591597,0.2851848631754336,0.08545279285915963,0.7612920408579325,0.7071666717529297,0.297500005086263,0.002333328247070332,0.6946666836738586,0.28500001700719196,0.014833316326141377,0.8471581935882568,0.43749152692159016,0.13765819358825682,0.8471336364746094,0.4374669698079427,0.13763363647460936,0.6887891746025953,0.2791225079359286,0.020710825397404764
flows_24,corr_target_frost_sev5,108,6000,False,True,False,0.35383333333333333,0.35383333333333333,0.7206666666666667,0.9185291997116078,0.9185291997116078,0.5646958663782745,0.19786253304494117,0.6549738720670503,0.8015846133860466,0.30114053873371693,0.08091794671937991,0.7363046790794576,0.6828333139419556,0.32899998060862223,0.03783335272471111,0.6679999828338623,0.31416664950052897,0.05266668383280437,0.8325221538543701,0.4786888205210368,0.11185548718770344,0.8324975967407227,0.4786642634073893,0.11183093007405598,0.6440831194239707,0.29024978609063734,0.076583547242696
flows_24,corr_target_motion_blur_sev1,109,6000,False,True,False,0.635,0.635,0.7235,0.9594172736732569,0.9595224463313708,0.3244172736732569,0.23602244633137082,0.8489136140277111,0.8605772006258449,0.21391361402771114,0.13707720062584483,0.8605159924648341,0.8309999704360962,0.19599997043609618,0.10749997043609616,0.8341666460037231,0.19916664600372314,0.11066664600372311,0.9114514589309692,0.27645145893096923,0.1879514589309692,0.9114269018173218,0.27642690181732177,0.18792690181732175,0.868494317580106,0.23349431758010597,0.14499431758010595
flows_24,corr_target_motion_blur_sev2,110,6000,False,True,False,0.5603333333333333,0.5603333333333333,0.7096666666666667,0.9471837164414808,0.9473855354740598,0.38685038310814746,0.23771886880739312,0.7953506984301453,0.8314402698385602,0.23501736509681193,0.12177360317189356,0.8292078670572954,0.7879999876022339,0.22766665426890054,0.07833332093556722,0.7868333458900452,0.22650001255671182,0.0771666792233785,0.8905808925628662,0.33024755922953286,0.18091422589619954,0.8905563354492188,0.3302230021158854,0.18088966878255208,0.8339414606452588,0.2736081273119254,0.12427479397859209
flows_24,corr_target_motion_blur_sev3,111,6000,False,True,False,0.45166666666666666,0.45166666666666666,0.6936666666666667,0.9320042719829121,0.9320480097807814,0.4803376053162455,0.23838134311411474,0.7073575559073582,0.7855434802688227,0.2556908892406915,0.09187681360215605,0.7696765686949529,0.7231666445732117,0.271499977906545,0.029499977906545016,0.7116666436195374,0.2599999769528707,0.0179999769528707,0.8564386367797852,0.4047719701131185,0.1627719701131185,0.8564140796661377,0.40474741299947103,0.16274741299947104,0.7570912783684798,0.3054246117018131,0.06342461170181313
flows_24,corr_target_motion_blur_sev4,112,6000,False,True,False,0.3305,0.3305,0.7116666666666667,0.9154013015184381,0.9155091264502176,0.5849013015184381,0.20384245978355098,0.6159542532744684,0.7685201421478633,0.2854542532744684,0.05685347548119668,0.7001067790216142,0.6284999847412109,0.2979999847412109,0.08316668192545573,0.6058333516120911,0.27533335161209105,0.1058333150545756,0.8073844313621521,0.4768844313621521,0.09571776469548543,0.8073598742485046,0.4768598742485046,0.09569320758183797,0.6566618781233846,0.3261618781233846,0.05500478854328206
flows_24,corr_target_motion_blur_sev5,113,6000,False,True,False,0.26316666666666666,0.26316666666666666,0.7518333333333334,0.9002932551319649,0.9002932551319649,0.6371265884652982,0.14845992179863154,0.5662763014806101,0.7545222830411412,0.3031096348139435,0.002688949707807864,0.6592357528638036,0.5843333005905151,0.3211666339238485,0.16750003274281822,0.5504999756813049,0.28733330901463827,0.20133335765202842,0.7802926898002625,0.5171260231335958,0.028459356466929098,0.780268132686615,0.5171014660199483,0.028434799353281637,0.599249606588707,0.3360829399220403,0.1525837267446264
flows_24,corr_target_brightness_sev1,114,6000,False,True,False,0.698,0.698,0.7561666666666667,0.9678307242387751,0.9682067205688399,0.2698307242387752,0.2120400539021733,0.8960091506775882,0.898228655362354,0.19800915067758829,0.1420619886956873,0.891569393158572,0.8738332986831665,0.17583329868316655,0.11766663201649985,0.8761666417121887,0.17816664171218877,0.11999997504552207,0.9325699806213379,0.23456998062133794,0.17640331395467124,0.9325454235076904,0.23454542350769048,0.17637875684102378,0.8843285261493954,0.18632852614939543,0.12816185948272873
flows_24,corr_target_brightness_sev2,115,6000,False,True,False,0.6898333333333333,0.6898333333333333,0.7533333333333333,0.9633724948168626,0.9633964125041443,0.2735391614835293,0.21006307917081102,0.8899490174182951,0.8927454953633943,0.20011568408496183,0.13941216203006102,0.8863589834735354,0.8675000071525574,0.17766667381922407,0.11416667381922407,0.8688333034515381,0.1789999701182048,0.11549997011820479,0.9283783435821533,0.23854501024882002,0.17504501024882002,0.9283537864685059,0.23852045313517256,0.17502045313517256,0.879776346554698,0.18994301322136475,0.12644301322136475
flows_24,corr_target_brightness_sev3,116,6000,False,True,False,0.6715,0.6715,0.7488333333333334,0.9572471324296142,0.9574422430772795,0.28574713242961425,0.2086089097439462,0.877959423422231,0.8827359649455062,0.206459423422231,0.13390263161217286,0.8783215391455511,0.856499969959259,0.18499996995925905,0.10766663662592568,0.8551666736602783,0.18366667366027833,0.10633334032694497,0.9237626791000366,0.25226267910003664,0.17492934576670327,0.9237381219863892,0.2522381219863892,0.1749047886530558,0.8721143861584977,0.2006143861584977,0.12328105282516433
flows_24,corr_target_brightness_sev4,117,6000,False,True,False,0.6455,0.6455,0.7408333333333333,0.9631933644375325,0.9633845112608719,0.3176933644375325,0.22255117792753853,0.8607138769228903,0.8670125354047902,0.2152138769228903,0.12617920207145683,0.8671047351683977,0.8413333296775818,0.19583332967758182,0.10049999634424844,0.843666672706604,0.19816667270660404,0.10283333937327066,0.9165652394294739,0.2710652394294739,0.17573190609614053,0.9165406823158264,0.27104068231582645,0.17570734898249307,0.8588341846169181,0.2133341846169181,0.11800085128358473
flows_24,corr_target_brightness_sev5,118,6000,False,True,False,0.6171666666666666,0.6171666666666666,0.723,0.9581524570237889,0.9581524570237889,0.3409857903571223,0.23515245702378895,0.8337749736638707,0.8497289971744267,0.21660830699720401,0.12672899717442676,0.8503249555116091,0.8231666684150696,0.20600000174840294,0.1001666684150696,0.8215000033378601,0.20433333667119347,0.09850000333786013,0.9067844748497009,0.2896178081830343,0.18378447484970095,0.9067599177360535,0.2895932510693868,0.1837599177360535,0.8331697569784369,0.21600309031177023,0.1101697569784369
flows_24,corr_target_zoom_blur_sev1,119,6000,False,True,False,0.557,0.557,0.7085,0.9429175475687104,0.9429175475687104,0.38591754756871033,0.23441754756871036,0.8058119489008108,0.8317564332406685,0.2488119489008107,0.12325643324066848,0.8252191479461588,0.7896666526794434,0.2326666526794433,0.08116665267944334,0.7871666550636292,0.2301666550636291,0.07866665506362913,0.8899096846580505,0.3329096846580505,0.18140968465805052,0.8898851275444031,0.332885127544403,0.18138512754440306,0.8137725022617023,0.25677250226170223,0.10527250226170226
flows_24,corr_target_zoom_blur_sev2,120,6000,False,True,False,0.487,0.487,0.703,0.9306718944929603,0.9306718944929603,0.4436718944929603,0.22767189449296032,0.7660178368808306,0.810074494074462,0.2790178368808306,0.10707449407446201,0.7943443196392953,0.7551666498184204,0.2681666498184204,0.05216664981842045,0.7493333220481873,0.26233332204818727,0.0463333220481873,0.8710274696350098,0.3840274696350098,0.1680274696350098,0.8710029125213623,0.3840029125213623,0.16800291252136235,0.7638605314512158,0.2768605314512158,0.06086053145121584
flows_24,corr_target_zoom_blur_sev3,121,6000,False,True,False,0.44,0.44,0.6935,0.9241527703066165,0.9244184276847753,0.48415277030661646,0.23091842768477533,0.735295416888685,0.7965831586772381,0.29529541688868505,0.10308315867723805,0.7703612166721597,0.7221666574478149,0.28216665744781494,0.028666657447814936,0.7148333191871643,0.2748333191871643,0.0213333191871643,0.8559265732765198,0.4159265732765198,0.16242657327651977,0.8559020161628723,0.4159020161628723,0.1624020161628723,0.7290251792231071,0.28902517922310705,0.03552517922310705
flows_24,corr_target_zoom_blur_sev4,122,6000,False,True,False,0.39066666666666666,0.39066666666666666,0.7086666666666667,0.9157932779183231,0.9157932779183231,0.5251266112516564,0.20712661125165643,0.7054964333638747,0.7863855669242894,0.314829766697208,0.07771890025762274,0.7462717173368663,0.6911666393280029,0.30049997266133627,0.017500027338663737,0.6743333339691162,0.28366666730244955,0.034333332697550456,0.8393055200576782,0.44863885339101156,0.13063885339101156,0.8392809629440308,0.4486142962773641,0.1306142962773641,0.6929559346969951,0.30228926803032846,0.015710731969671543
flows_24,corr_target_zoom_blur_sev5,123,6000,False,True,False,0.3428333333333333,0.3428333333333333,0.725,0.9106753812636166,0.9108455996628141,0.5678420479302833,0.1858455996628141,0.6847061059282047,0.7748663798348914,0.34187277259487137,0.049866379834891394,0.7243698502349728,0.6728333234786987,0.3299999901453654,0.05216667652130125,0.6518333554267883,0.309000022093455,0.07316664457321165,0.8290183544158936,0.48618502108256023,0.10401835441589358,0.8289937973022461,0.48616046396891277,0.10399379730224612,0.6554187521242154,0.3125854187908821,0.06958124787578457
flows_24,corr_target_snow_sev1,124,6000,False,True,False,0.5916666666666667,0.5916666666666667,0.7293333333333333,0.946998946998947,0.947572280824696,0.35533228033228037,0.21823894749136274,0.8201731608526999,0.8389871028524479,0.2285064941860332,0.10965376951911465,0.8390679064756054,0.8058333396911621,0.21416667302449544,0.07650000635782883,0.8063333034515381,0.2146666367848714,0.07699997011820481,0.9000313878059387,0.30836472113927205,0.17069805447260544,0.9000068306922913,0.3083401640256246,0.17067349735895798,0.8523989403605058,0.2607322736938391,0.12306560702717251
flows_24,corr_target_snow_sev2,125,6000,False,True,False,0.44566666666666666,0.44566666666666666,0.7221666666666666,0.93048128342246,0.930535430829265,0.4848146167557933,0.20836876416259842,0.7245066252861387,0.8065865405427612,0.2788399586194721,0.08441987387609462,0.7712569704670481,0.7226666808128357,0.27700001414616904,0.0005000141461690699,0.7126666307449341,0.2669999640782674,0.009500035921732541,0.8559421896934509,0.4102755230267843,0.1337755230267843,0.8559176325798035,0.4102509659131368,0.13375096591313684,0.7184725745542316,0.272805907887565,0.003694092112434988
flows_24,corr_target_snow_sev3,126,6000,False,True,False,0.4578333333333333,0.4578333333333333,0.7143333333333334,0.9243456435998566,0.925213099079718,0.4665123102665233,0.21087976574638467,0.7225720988560551,0.7938502626832163,0.2647387655227218,0.07951692934988297,0.7718072674244406,0.7224999666213989,0.2646666332880656,0.00816663328806555,0.7124999761581421,0.2546666428248088,0.0018333571751912858,0.8548657298088074,0.39703239647547406,0.140532396475474,0.8548411726951599,0.3970078393618266,0.14050783936182654,0.7448597365381787,0.2870264032048454,0.030526403204845343
flows_24,corr_target_snow_sev4,127,6000,False,True,False,0.36966666666666664,0.36966666666666664,0.7295,0.9114658925979681,0.9114658925979681,0.5417992259313014,0.18196589259796803,0.6642788569313212,0.7646466437899753,0.2946121902646545,0.03514664378997523,0.7282312672363033,0.6708333492279053,0.30116668256123863,0.058666650772094764,0.6466666460037231,0.2769999793370565,0.08283335399627689,0.8272441029548645,0.45757743628819786,0.09774410295486446,0.827219545841217,0.4575528791745504,0.097719545841217,0.6738599012700714,0.3041932346034048,0.05564009872992859
flows_24,corr_target_snow_sev5,128,6000,False,True,False,0.3305,0.3305,0.7438333333333333,0.9100817438692099,0.9103653854912553,0.5795817438692099,0.166532052157922,0.6069839032304083,0.7915351668345726,0.2764839032304083,0.047701833501239244,0.6956532535795948,0.6368333101272583,0.3063333101272583,0.10700002320607505,0.6071666479110718,0.27666664791107176,0.13666668542226157,0.8070855736732483,0.4765855736732483,0.06325224033991494,0.8070610165596008,0.4765610165596008,0.06322768322626748,0.6193563220751575,0.28885632207515743,0.1244770112581759
flows_24,corr_target_defocus_blur_sev1,129,6000,False,True,False,0.618,0.618,0.718,0.9543394911118857,0.9543987701619403,0.33633949111188566,0.23639877016194033,0.8272552672064287,0.8521385910731516,0.20925526720642873,0.13413859107315163,0.8506234196157171,0.8198333382606506,0.20183333826065064,0.10183333826065066,0.8199999928474426,0.20199999284744263,0.10199999284744266,0.9062239527702332,0.28822395277023316,0.18822395277023318,0.9061993956565857,0.2881993956565857,0.18819939565658572,0.8693690596409762,0.2513690596409762,0.15136905964097624
flows_24,corr_target_defocus_blur_sev2,130,6000,False,True,False,0.5711666666666667,0.5711666666666667,0.6955,0.9523310633839707,0.9525294511378849,0.38116439671730395,0.2570294511378849,0.7837896250528747,0.8352328256404007,0.21262295838620804,0.13973282564040068,0.8242280832484244,0.7893333435058594,0.21816667683919266,0.09383334350585937,0.7824999690055847,0.211333302338918,0.08699996900558471,0.8889614939689636,0.3177948273022969,0.19346149396896362,0.8889369368553162,0.31777027018864945,0.19343693685531616,0.8507910920861158,0.2796244254194491,0.1552910920861158
flows_24,corr_target_defocus_blur_sev3,131,6000,False,True,False,0.4726666666666667,0.4726666666666667,0.6891666666666667,0.9374889321763769,0.9374889321763769,0.4648222655097102,0.24832226550971015,0.6887740621814307,0.807281255871032,0.216107395514764,0.11811458920436535,0.7577168578006103,0.7049999833106995,0.23233331664403278,0.015833316644032758,0.6944999694824219,0.2218333028157552,0.00533330281575517,0.8449497222900391,0.3722830556233724,0.15578305562337236,0.8449251651763916,0.3722584985097249,0.1557584985097249,0.7753542904300741,0.3026876237634074,0.08618762376340738
flows_24,corr_target_defocus_blur_sev4,132,6000,False,True,False,0.383,0.383,0.6893333333333334,0.9295272078501338,0.9295272078501338,0.5465272078501338,0.2401938745168004,0.6163651151568736,0.7726003313717162,0.23336511515687364,0.08326699803838289,0.6906372612671775,0.6263333559036255,0.24333335590362548,0.06299997742970787,0.5981666445732117,0.21516664457321166,0.09116668876012168,0.8025996088981628,0.41959960889816283,0.11326627556482949,0.8025750517845154,0.4195750517845154,0.11324171845118203,0.69158117601748,0.30858117601748003,0.0022478426841466836
flows_24,corr_target_defocus_blur_sev5,133,6000,False,True,False,0.2921666666666667,0.2921666666666667,0.7348333333333333,0.9247311827956989,0.9247311827956989,0.6325645161290322,0.18989784946236554,0.5729965472928213,0.7715385021362751,0.28082988062615466,0.03670516880294172,0.6382998274214103,0.5615000128746033,0.2693333462079366,0.17333332045873007,0.5208333134651184,0.22866664679845172,0.21400001986821493,0.7698233723640442,0.4776567056973775,0.03499003903071085,0.7697988152503967,0.47763214858373004,0.03496548191706339,0.6094772321911373,0.31731056552447057,0.12535610114219609
flows_24,corr_target_glass_blur_sev1,134,6000,False,True,False,0.5926666666666667,0.5926666666666667,0.7161666666666666,0.948843728100911,0.9488769073759886,0.3561770614342443,0.232710240709322,0.8257784931988124,0.8494352397872079,0.23311182653214568,0.1332685731205413,0.850134213211729,0.8246666789054871,0.23200001223882039,0.10850001223882044,0.8231666684150696,0.2305000017484029,0.10700000174840296,0.9069169163703918,0.31425024970372517,0.19075024970372523,0.9068923592567444,0.3142256925900777,0.19072569259007777,0.8143728524445277,0.22170618577786105,0.09820618577786111
flows_24,corr_target_glass_blur_sev2,135,6000,False,True,False,0.5053333333333333,0.5053333333333333,0.6981666666666667,0.9346590909090909,0.9348692589962122,0.42932575757575764,0.2367025923295455,0.7530959281278571,0.8150012188460354,0.24776259479452378,0.11683455217936867,0.8053250755018151,0.7674999833106995,0.26216664997736616,0.06933331664403275,0.7621666789054871,0.25683334557215376,0.06400001223882035,0.8772333860397339,0.3719000527064006,0.17906671937306717,0.8772088289260864,0.3718754955927531,0.1790421622594197,0.7493973745178284,0.2440640411844951,0.05123070785116168
flows_24,corr_target_glass_blur_sev3,136,6000,False,True,False,0.3458333333333333,0.3458333333333333,0.7216666666666667,0.9102796948783145,0.9105630844132386,0.5644463615449812,0.18889641774657195,0.6235011145717796,0.7683469624517411,0.27766778123844627,0.04668029578507438,0.704619406862933,0.6401666402816772,0.2943333069483439,0.08150002638498943,0.6116666793823242,0.2658333460489909,0.10999998728434246,0.8124198913574219,0.46658655802408855,0.0907532246907552,0.8123953342437744,0.4665620009104411,0.09072866757710774,0.6035636403720349,0.2577303070387016,0.11810302629463176
flows_24,corr_target_glass_blur_sev4,137,6000,False,True,False,0.2895,0.2895,0.7461666666666666,0.9000916590284143,0.9000916590284143,0.6105916590284143,0.15392499236174761,0.5903049799541086,0.7628832012944269,0.3008049799541086,0.016716534627760238,0.666155252113906,0.5920000076293945,0.30250000762939455,0.1541666590372721,0.5631666779518127,0.27366667795181276,0.1829999887148539,0.788273274898529,0.4987732748985291,0.04210660823186241,0.7882487177848816,0.4987487177848816,0.04208205111821495,0.5523217502363638,0.2628217502363638,0.19384491643030288
flows_24,corr_target_glass_blur_sev5,138,6000,False,True,False,0.23383333333333334,0.23383333333333334,0.7826666666666666,0.8964502482986941,0.8971643235160252,0.6626169149653608,0.11449765684935853,0.5594074604310866,0.7583599540062205,0.32557412709775324,0.02430671266044615,0.619242105137185,0.5418333411216736,0.30800000778834025,0.24083332554499304,0.4984999895095825,0.2646666561762492,0.2841666771570841,0.7584207057952881,0.5245873724619547,0.024245960871378536,0.7583961486816406,0.5245628153483073,0.024270517985025997,0.5174109697329252,0.2835776363995919,0.2652556969337414
flows_24,corr_target_gaussian_noise_sev1,139,6000,False,True,False,0.611,0.611,0.7178333333333333,0.9438479140996302,0.9440519568151147,0.3328479140996302,0.22621862348178134,0.8356160795814941,0.8459940324632891,0.2246160795814941,0.12816069912995576,0.8675089931697227,0.8386666774749756,0.2276666774749756,0.12083334414164226,0.8433333039283752,0.23233330392837526,0.12549997059504192,0.9161974191665649,0.30519741916656495,0.19836408583323162,0.9161728620529175,0.3051728620529175,0.19833952871958416,0.8616000846061946,0.25060008460619465,0.14376675127286132
flows_24,corr_target_gaussian_noise_sev2,140,6000,False,True,False,0.5193333333333333,0.5193333333333333,0.6933333333333334,0.9245384477504928,0.9245868062234524,0.40520511441715945,0.231253472890119,0.780235058612794,0.8083203060572862,0.26090172527946065,0.11498697272395286,0.8378111520929465,0.8034999966621399,0.2841666633288066,0.11016666332880654,0.8031666874885559,0.2838333541552226,0.10983335415522255,0.896985650062561,0.3776523167292277,0.20365231672922768,0.8969610929489136,0.37762775961558026,0.20362775961558022,0.793294199233093,0.27396086589975965,0.09996086589975961
flows_24,corr_target_gaussian_noise_sev3,141,6000,False,True,False,0.3968333333333333,0.3968333333333333,0.693,0.9094874591057798,0.9094874591057798,0.5126541257724464,0.21648745910577982,0.7000423286824856,0.776806615341633,0.3032089953491523,0.08380661534163303,0.7956455363773904,0.7486666440963745,0.3518333107630412,0.05566664409637456,0.7459999918937683,0.349166658560435,0.05299999189376836,0.870096743106842,0.4732634097735087,0.1770967431068421,0.8700721859931946,0.47323885265986126,0.17707218599319463,0.6826151636103088,0.2857818302769755,0.010384836389691121
flows_24,corr_target_gaussian_noise_sev4,142,6000,False,True,False,0.2805,0.2805,0.7498333333333334,0.8820570150922303,0.8824498193283973,0.6015570150922303,0.13261648599506393,0.6135297307844212,0.7596482775554444,0.33302973078442116,0.009814944222111044,0.74265225266539,0.6886666417121887,0.4081666417121887,0.06116669162114463,0.6735000014305115,0.39300000143051145,0.07633333190282188,0.8361449241638184,0.5556449241638184,0.08631159083048501,0.8361203670501709,0.5556203670501709,0.08628703371683755,0.5691293297314648,0.28862932973146477,0.18070400360186856
flows_24,corr_target_gaussian_noise_sev5,143,6000,False,True,False,0.1695,0.1695,0.8361666666666666,0.845931909982689,0.8472241293160975,0.676431909982689,0.01105746264943086,0.4904384697243457,0.7468386771432042,0.3209384697243457,0.08932798952346244,0.6536974182456504,0.5823333263397217,0.4128333263397217,0.25383334032694493,0.5394999980926514,0.3699999980926514,0.29666666857401525,0.7799444198608398,0.6104444198608399,0.05622224680582677,0.7799198627471924,0.6104198627471924,0.05624680391947423,0.4698062394407564,0.3003062394407564,0.3663604272259102
flows_24,corr_target_shot_noise_sev1,144,6000,False,True,False,0.6038333333333333,0.6038333333333333,0.7118333333333333,0.9432898908066221,0.9440834860075268,0.33945655747328873,0.23225015267419347,0.8318941243588616,0.8413663289355612,0.22806079102552823,0.12953299560222786,0.861206906139826,0.8323333263397217,0.22849999300638835,0.12049999300638836,0.8353333473205566,0.2315000139872233,0.12350001398722332,0.9124703407287598,0.30863700739542643,0.20063700739542645,0.9124457836151123,0.30861245028177897,0.200612450281779,0.848767304252,0.24493397091866664,0.13693397091866666
flows_24,corr_target_shot_noise_sev2,145,6000,False,True,False,0.5101666666666667,0.5101666666666667,0.6841666666666667,0.9270386266094419,0.9270854418338895,0.41687195994277526,0.24291877516722282,0.7731363705720908,0.8055448068985337,0.2629697039054242,0.121378140231867,0.832632673367776,0.8009999990463257,0.290833332379659,0.11683333237965898,0.8003333210945129,0.2901666544278463,0.11616665442784624,0.8942078351974487,0.3840411685307821,0.21004116853078203,0.8941832780838013,0.3840166114171346,0.21001661141713457,0.7739107712094933,0.2637441045428266,0.08974410454282655
flows_24,corr_target_shot_noise_sev3,146,6000,False,True,False,0.3985,0.3985,0.7043333333333334,0.8970588235294119,0.8972940563725491,0.4985588235294119,0.19296072303921574,0.6982344140208079,0.778371205976366,0.29973441402080786,0.07403787264303263,0.7929665890917094,0.7425000071525574,0.34400000715255735,0.038166673819224006,0.7444999814033508,0.3459999814033508,0.04016664807001746,0.8677168488502502,0.4692168488502502,0.16338351551691688,0.8676922917366028,0.46919229173660276,0.16335895840326942,0.6773440129553191,0.2788440129553191,0.02698932037801427
flows_24,corr_target_shot_noise_sev4,147,6000,False,True,False,0.2575,0.2575,0.7668333333333334,0.8647114474929044,0.8647114474929044,0.6072114474929045,0.09787811415957104,0.5921233224322389,0.7730932646154891,0.33462332243223886,0.00625993128215574,0.7339946247508723,0.6798333525657654,0.4223333525657654,0.08699998076756799,0.659500002861023,0.40200000286102294,0.10733333047231042,0.8305995464324951,0.573099546432495,0.06376621309916175,0.8305749893188477,0.5730749893188476,0.06374165598551429,0.5410969313607212,0.2835969313607212,0.22573640197261213
flows_24,corr_target_shot_noise_sev5,148,6000,False,True,False,0.1875,0.1875,0.8226666666666667,0.8428158148505304,0.8440926680101039,0.6553158148505304,0.021426001343437195,0.5240146644050345,0.765093952752357,0.3365146644050345,0.057572713914309626,0.68277031621546,0.6141666769981384,0.4266666769981384,0.20849998966852823,0.5839999914169312,0.39649999141693115,0.2386666752497355,0.796685516834259,0.609185516834259,0.025981149832407624,0.7966609597206116,0.6091609597206116,0.026005706946055085,0.47880803047169607,0.29130803047169607,0.3438586361949706
flows_24,corr_target_impulse_noise_sev1,149,6000,False,True,False,0.5386666666666666,0.5386666666666666,0.698,0.9260783962770719,0.9261731107357601,0.38741172961040526,0.2281731107357602,0.7829173246493263,0.8144472338717854,0.24425065798265966,0.11644723387178546,0.8324307251083958,0.7986666560173035,0.25999998935063684,0.10066665601730351,0.8009999990463257,0.26233333237965906,0.10299999904632573,0.8942524194717407,0.3555857528050741,0.19625241947174077,0.8942278623580933,0.35556119569142663,0.1962278623580933,0.8110332679291029,0.2723666012624363,0.11303326792910295
flows_24,corr_target_impulse_noise_sev2,150,6000,False,True,False,0.474,0.474,0.6736666666666666,0.9171629669734704,0.9173213233840595,0.44316296697347046,0.24365465671739284,0.7350388329418358,0.7977477874812403,0.26103883294183583,0.12408112081457368,0.814719404882831,0.7739999890327454,0.2999999890327454,0.10033332236607873,0.7718333005905151,0.29783330059051516,0.0981666339238485,0.883831799030304,0.409831799030304,0.21016513236363732,0.8838072419166565,0.4098072419166565,0.21014057524998986,0.7718291710387651,0.29782917103876516,0.0981625043720985
flows_24,corr_target_impulse_noise_sev3,151,6000,False,True,False,0.4058333333333333,0.4058333333333333,0.6965,0.899284534947716,0.8993482479269017,0.49345120161438266,0.2028482479269017,0.6924421178065453,0.7837806980820302,0.286608784473212,0.0872806980820302,0.79537297852374,0.75,0.3441666666666667,0.05349999999999999,0.7481666803359985,0.3423333470026652,0.05166668033599853,0.8704364895820618,0.46460315624872844,0.17393648958206176,0.8704119324684143,0.464578599135081,0.1739119324684143,0.7273478953914165,0.3215145620580832,0.030847895391416524
flows_24,corr_target_impulse_noise_sev4,152,6000,False,True,False,0.2803333333333333,0.2803333333333333,0.7515,0.888065233506301,0.8881356314921544,0.6077319001729676,0.1366356314921544,0.6053184529951825,0.7683443181510867,0.3249851196618492,0.01684431815108678,0.7377886252539192,0.6779999732971191,0.3976666399637858,0.0735000267028808,0.6613333225250244,0.3809999891916911,0.09016667747497553,0.831858217716217,0.5515248843828837,0.0803582177162171,0.8318336606025696,0.5515003272692363,0.08033366060256963,0.5849840404473772,0.30465070711404385,0.16651595955262277
flows_24,corr_target_impulse_noise_sev5,153,6000,False,True,False,0.178,0.178,0.8268333333333333,0.8470407378939278,0.8494893434068852,0.6690407378939278,0.02265601007355189,0.5105696875559205,0.7712645993944651,0.3325696875559205,0.05556873393886819,0.668303482747773,0.6001666784286499,0.4221666784286499,0.2266666549046834,0.5630000233650208,0.38500002336502076,0.26383330996831256,0.787915825843811,0.6099158258438111,0.038917507489522274,0.7878912687301636,0.6098912687301636,0.038942064603169735,0.47750641281149697,0.299506412811497,0.34932692052183634
flows_24,corr_target_contrast_sev1,154,6000,False,True,False,0.6576666666666666,0.6576666666666666,0.7318333333333333,0.9581524570237889,0.958374114702505,0.3004857903571223,0.22654078136917166,0.866119270546583,0.871382900960353,0.20845260387991638,0.13954956762701964,0.8677844428838892,0.8451666831970215,0.18750001653035486,0.11333334986368815,0.8464999794960022,0.18883331282933558,0.11466664616266886,0.9169519543647766,0.25928528769811,0.18511862103144328,0.9169273972511292,0.25926073058446253,0.18509406391779581,0.8624141163116639,0.20474744964499725,0.13058078297833053
flows_24,corr_target_contrast_sev2,155,6000,False,True,False,0.6078333333333333,0.6078333333333333,0.7166666666666667,0.9554317548746518,0.9555184280203142,0.3475984215413185,0.2388517613536475,0.8331993722615337,0.8491857430169503,0.2253660389282004,0.1325190763502836,0.8454195166168418,0.8100000023841858,0.20216666905085245,0.09333333571751912,0.8144999742507935,0.20666664091746012,0.09783330758412678,0.9010248780250549,0.2931915446917216,0.18435821135838826,0.9010003209114075,0.29316698757807413,0.1843336542447408,0.8371343388438286,0.22930100551049526,0.12046767217716192
flows_24,corr_target_contrast_sev3,156,6000,False,True,False,0.5275,0.5275,0.6951666666666667,0.9416122772975833,0.9418178103134004,0.4141122772975834,0.24665114364673368,0.7685105337074786,0.8292695582285937,0.2410105337074786,0.134102891561927,0.8056836662058221,0.7718333005905151,0.24433330059051517,0.07666663392384843,0.7634999752044678,0.2359999752044678,0.06833330853780106,0.8794243335723877,0.3519243335723877,0.18425766690572098,0.8793997764587402,0.35189977645874027,0.18423310979207352,0.7834972984006627,0.25599729840066276,0.08833063173399602
flows_24,corr_target_contrast_sev4,157,6000,False,True,False,0.3358333333333333,0.3358333333333333,0.7283333333333334,0.904109589041096,0.9041704012158764,0.5682762557077626,0.17583706788254305,0.6191790904715024,0.7819639582383626,0.2833457571381691,0.053630624905029234,0.6976224900969289,0.6393333077430725,0.3034999744097392,0.08900002559026088,0.6114999651908875,0.27566663185755413,0.11683336814244594,0.8108453750610352,0.47501204172770184,0.08251204172770177,0.8108208179473877,0.4749874846140544,0.08248748461405431,0.6315499869390465,0.2957166536057132,0.09678334639428687
flows_24,corr_target_contrast_sev5,158,6000,False,True,False,0.1785,0.1785,0.8275,0.885379899684191,0.8854518852780286,0.706879899684191,0.057951885278028636,0.5207856588054187,0.741175960633916,0.3422856588054187,0.08632403936608402,0.5681681733486144,0.49549999833106995,0.31699999833106995,0.33200000166893007,0.43933331966400146,0.2608333196640015,0.38816668033599855,0.7300779819488525,0.5515779819488525,0.09742201805114747,0.7300534248352051,0.5515534248352051,0.09744657516479494,0.47339007135512856,0.29489007135512857,0.35410992864487145
flows_24,corr_target_elastic_transform_sev1,159,6000,False,True,False,0.6598333333333334,0.6598333333333334,0.7403333333333333,0.9586948976049983,0.9586948976049983,0.2988615642716649,0.21836156427166498,0.8715566616211118,0.877879096767444,0.2117233282877784,0.13754576343411073,0.8757436864837482,0.8508332967758179,0.1909999634424845,0.11049996344248458,0.8558333516120911,0.19600001827875768,0.11550001827875778,0.9214588403701782,0.26162550703684484,0.18112550703684493,0.9214342832565308,0.2616009499231974,0.18110094992319747,0.8757983461274724,0.21596501279413904,0.13546501279413914
flows_24,corr_target_elastic_transform_sev2,160,6000,False,True,False,0.48983333333333334,0.48983333333333334,0.7028333333333333,0.941985540469053,0.9430845777175759,0.4521522071357197,0.2402512443842426,0.7928377620057292,0.8230650380889033,0.30300442867239585,0.12023170475556999,0.8178362280483379,0.7768332958221436,0.2869999624888102,0.07399996248881024,0.7745000123977661,0.28466667906443277,0.0716666790644328,0.8839154243469238,0.3940820910135905,0.18108209101359052,0.8838908672332764,0.394057533899943,0.18105753389994306,0.7159816444874841,0.2261483111541508,0.013148311154150827
flows_24,corr_target_elastic_transform_sev3,161,6000,False,True,False,0.5636666666666666,0.5636666666666666,0.7148333333333333,0.9521480964023752,0.9523775804535202,0.38848142973570854,0.23754424712018685,0.8178522602449032,0.8447132954766176,0.25418559357823656,0.12987996214328423,0.8368720203903154,0.8040000200271606,0.240333353360494,0.08916668669382732,0.8028333187103271,0.2391666520436605,0.08799998537699383,0.8962435722351074,0.3325769055684408,0.1814102389017741,0.89621901512146,0.3325523484547933,0.18138568178812664,0.7749603397321363,0.21129367306546964,0.060127006398802973
flows_24,corr_target_elastic_transform_sev4,162,6000,False,True,False,0.4671666666666667,0.4671666666666667,0.7055,0.9378651088688263,0.9384888475836431,0.4706984422021597,0.23298884758364313,0.770419848599519,0.8090136285938079,0.3032531819328523,0.10351362859380786,0.797828770572922,0.7556666731834412,0.2885000065167745,0.050166673183441146,0.7543333172798157,0.287166650613149,0.04883331727981566,0.8726104497909546,0.4054437831242879,0.16711044979095457,0.8725858926773071,0.40541922601064045,0.1670858926773071,0.6952368931613098,0.2280702264946431,0.01026310683869025
flows_24,corr_target_elastic_transform_sev5,163,6000,False,True,False,0.2653333333333333,0.2653333333333333,0.7426666666666667,0.9196975153042852,0.9201727616224883,0.6543641819709519,0.1775060949558216,0.6789925796503815,0.7578792649211473,0.4136592463170482,0.015212598254480625,0.7242840583729927,0.6700000166893005,0.4046666833559672,0.07266664997736616,0.6549999713897705,0.3896666380564372,0.08766669527689619,0.8277032971382141,0.5623699638048808,0.08503663047154741,0.8276787400245667,0.5623454066912333,0.08501207335789995,0.5220533029401944,0.25671996960686105,0.22061336372647233
flows_24,corr_target_pixelate_sev1,164,6000,False,True,False,0.6531666666666667,0.6531666666666667,0.7308333333333333,0.9576094510076442,0.9578043201297199,0.3044427843409775,0.2269709867963866,0.8739392723192174,0.8780011599356357,0.22077260565255075,0.14716782660230232,0.8748368472235479,0.8488333225250244,0.19566665585835774,0.11799998919169108,0.8550000190734863,0.20183335240681965,0.124166685740153,0.9200558066368103,0.26688913997014363,0.18922247330347697,0.9200312495231628,0.26686458285649617,0.1891979161898295,0.8614213976121681,0.2082547309455014,0.13058806427883474
flows_24,corr_target_pixelate_sev2,165,6000,False,True,False,0.6381666666666667,0.6381666666666667,0.72,0.9539748953974897,0.9539748953974897,0.31580822873082304,0.23397489539748972,0.8653331610081855,0.8711055777585105,0.2271664943415188,0.15110557775851052,0.866990988654761,0.8413333296775818,0.20316666301091513,0.12133332967758181,0.8463333249092102,0.20816665824254355,0.12633332490921023,0.9172254204750061,0.27905875380833944,0.19722542047500613,0.9172008633613586,0.279034196694692,0.19720086336135867,0.8541959388120889,0.21602927214542222,0.1341959388120889
flows_24,corr_target_pixelate_sev3,166,6000,False,True,False,0.5738333333333333,0.5738333333333333,0.7036666666666667,0.9508655359328554,0.9508974348028331,0.3770322025995221,0.2472307681361664,0.81897454164856,0.8362208235536888,0.24514120831522668,0.1325541568870221,0.8346802311074233,0.7989999651908875,0.22516663185755414,0.09533329852422079,0.796833336353302,0.2230000030199687,0.09316666968663534,0.8955893516540527,0.32175601832071943,0.19192268498738607,0.8955647945404053,0.32173146120707197,0.1918981278737386,0.8110169293252825,0.23718359599194916,0.1073502626586158
flows_24,corr_target_pixelate_sev4,167,6000,False,True,False,0.4785,0.4785,0.7136666666666667,0.9320042719829121,0.9322162098018275,0.45350427198291215,0.21854954313516084,0.7349302209677743,0.8019433643354553,0.2564302209677743,0.08827669766878865,0.7825102239361245,0.7306666374206543,0.2521666374206543,0.016999970753987625,0.7208333015441895,0.24233330154418947,0.007166634877522782,0.8598412871360779,0.3813412871360779,0.1461746204694112,0.8598167300224304,0.38131673002243044,0.14615006335576375,0.716472704834658,0.237972704834658,0.0028060381679912982
flows_24,corr_target_pixelate_sev5,168,6000,False,True,False,0.3968333333333333,0.3968333333333333,0.7223333333333334,0.9287627209426887,0.9290224576287398,0.5319293876093554,0.20668912429540642,0.6941733037520816,0.779714644747316,0.2973399704187483,0.057381311413982616,0.7429010731639701,0.6856666803359985,0.2888333470026652,0.03666665299733485,0.6668333411216736,0.27000000778834027,0.0554999922116598,0.836438775062561,0.4396054417292277,0.11410544172922765,0.8364142179489136,0.43958088461558026,0.11408088461558019,0.6347526412682261,0.23791930793489274,0.08758069206510732
flows_24,corr_target_jpeg_compression_sev1,169,6000,False,True,False,0.658,0.658,0.735,0.9613986498182447,0.9614489115093166,0.3033986498182447,0.22644891150931656,0.8656065957467658,0.8706694155928185,0.20760659574676577,0.13566941559281853,0.8751521805140003,0.8496666550636292,0.19166665506362912,0.11466665506362916,0.8523333072662354,0.19433330726623532,0.11733330726623536,0.9209893345832825,0.26298933458328244,0.18598933458328248,0.920964777469635,0.262964777469635,0.18596477746963502,0.8507741549061718,0.19277415490617178,0.11577415490617182
flows_24,corr_target_jpeg_compression_sev2,170,6000,False,True,False,0.6335,0.6335,0.7328333333333333,0.9552498694062338,0.9552498694062338,0.32174986940623385,0.22241653607290046,0.8467536377735884,0.861111173805604,0.2132536377735884,0.12827784047227064,0.8654325168249135,0.8401666283607483,0.20666662836074834,0.10733329502741495,0.8453333377838135,0.21183333778381352,0.11250000445048014,0.9158288240432739,0.282328824043274,0.1829954907099406,0.9158042669296265,0.2823042669296265,0.18297093359629313,0.8370755422584117,0.2035755422584118,0.1042422089250784
flows_24,corr_target_jpeg_compression_sev3,171,6000,False,True,False,0.62,0.62,0.7248333333333333,0.9530622927935788,0.9532601931018436,0.3330622927935788,0.2284268597685103,0.8320962626575624,0.8521434839896567,0.21209626265756243,0.12731015065632334,0.8553053417914209,0.82833331823349,0.20833331823349,0.10349998490015666,0.8264999985694885,0.20649999856948853,0.1016666652361552,0.9085106253623962,0.28851062536239624,0.1836772920290629,0.9084860682487488,0.2884860682487488,0.18365273491541545,0.8278741626374733,0.20787416263747327,0.10304082930413994
flows_24,corr_target_jpeg_compression_sev4,172,6000,False,True,False,0.5563333333333333,0.5563333333333333,0.7145,0.9497636968317872,0.9502605880485399,0.39343036349845384,0.23576058804853983,0.7756056286660474,0.8198265302320944,0.21927229533271408,0.10532653023209437,0.8198065490133654,0.7820000052452087,0.2256666719118754,0.06750000524520872,0.7786666750907898,0.22233334175745645,0.06416667509078977,0.886608898639679,0.3302755653063456,0.17210889863967893,0.8865843415260315,0.33025100819269815,0.17208434152603147,0.7780160296446054,0.22168269631127202,0.06351602964460534
flows_24,corr_target_jpeg_compression_sev5,173,6000,False,True,False,0.45266666666666666,0.45266666666666666,0.722,0.9356040447046301,0.9360476483511725,0.48293737803796344,0.21404764835117251,0.7047302364376347,0.7826464596112979,0.252063569770968,0.06064645961129789,0.757656610706523,0.7078333497047424,0.25516668303807577,0.014166650295257543,0.6924999952316284,0.23983332856496176,0.029500004768371557,0.8489679098129272,0.3963012431462606,0.12696790981292727,0.8489433526992798,0.3962766860326131,0.1269433526992798,0.6913738310939139,0.23870716442724726,0.03062616890608605
flows_24,corr_target_speckle_noise_sev1,174,6000,False,True,False,0.6255,0.6255,0.7213333333333334,0.945333098962911,0.9455361516376634,0.319833098962911,0.22420281830432998,0.8507514316146302,0.8546116616109332,0.22525143161463024,0.13327832827759978,0.8663051357356724,0.843666672706604,0.21816667270660406,0.12233333937327062,0.8471666574478149,0.221666657447815,0.12583332411448156,0.9169219732284546,0.29142197322845464,0.1955886398951212,0.9168974161148071,0.2913974161148072,0.19556408278147375,0.8534768780605622,0.22797687806056222,0.13214354472722878
flows_24,corr_target_speckle_noise_sev2,175,6000,False,True,False,0.5786666666666667,0.5786666666666667,0.7068333333333333,0.9410518884574657,0.94125779503471,0.362385221790799,0.23442446170137665,0.8309645588139173,0.839805914699819,0.2522978921472506,0.1329725813664857,0.8554423436833752,0.8321666717529297,0.253500005086263,0.12533333841959637,0.8330000042915344,0.25433333762486776,0.1261666709582011,0.910775363445282,0.3321086967786153,0.20394203011194867,0.9107508063316345,0.33208413966496786,0.2039174729983012,0.8257930484912384,0.2471263818245717,0.11895971515790504
flows_24,corr_target_speckle_noise_sev3,176,6000,False,True,False,0.44283333333333336,0.44283333333333336,0.6955,0.9169675090252708,0.9174113116726835,0.47413417569193744,0.22191131167268352,0.7478315774301791,0.7954290144595078,0.3049982440968458,0.09992901445950775,0.8132845600900505,0.7786666750907898,0.33583334175745644,0.08316667509078979,0.7743332982063293,0.331499964872996,0.07883329820632934,0.8834048509597778,0.4405715176264445,0.18790485095977782,0.8833802938461304,0.440546960512797,0.18788029384613036,0.717604098506677,0.2747707651733436,0.02210409850667694
flows_24,corr_target_speckle_noise_sev4,177,6000,False,True,False,0.372,0.372,0.7106666666666667,0.9035087719298246,0.9035087719298246,0.5315087719298246,0.19284210526315793,0.689684980239664,0.7822491841433249,0.31768498023966396,0.07158251747665823,0.7824951621626026,0.7294999957084656,0.3574999957084656,0.018833329041798907,0.7268333435058594,0.3548333435058594,0.016166676839192706,0.8614289164543152,0.4894289164543152,0.15076224978764852,0.8614043593406677,0.4894043593406677,0.15073769267400106,0.6527448041678258,0.28074480416782577,0.057921862498840904
flows_24,corr_target_speckle_noise_sev5,178,6000,False,True,False,0.2906666666666667,0.2906666666666667,0.7501666666666666,0.8736624741880984,0.8736624741880984,0.5829958075214317,0.12349580752143174,0.6194705580048914,0.7739616843050511,0.3288038913382247,0.02379501763838443,0.7514475451898971,0.7018333077430725,0.4111666410764058,0.04833335892359414,0.6869999766349792,0.39633330996831256,0.0631666900316874,0.8430164456367493,0.5523497789700826,0.09284977897008262,0.8429918885231018,0.5523252218564352,0.09282522185643516,0.5865240970562833,0.2958574303896166,0.16364256961038337
flows_24,corr_target_spatter_sev1,179,6000,False,True,False,0.6903333333333334,0.6903333333333334,0.7471666666666666,0.9594172736732569,0.9599345749641324,0.26908394033992356,0.21276790829746572,0.8846726848989546,0.8931452196215275,0.1943393515656212,0.14597855295486084,0.8864346538237088,0.8638333082199097,0.1734999748865763,0.11666664155324302,0.8684999942779541,0.17816666094462075,0.12133332761128746,0.9283747673034668,0.23804143397013344,0.18120810063680015,0.9283502101898193,0.23801687685648598,0.1811835435231527,0.888218314707258,0.19788498137392463,0.14105164804059134
flows_24,corr_target_spatter_sev2,180,6000,False,True,False,0.6295,0.6295,0.7215,0.9432898908066221,0.9434943055066337,0.3137898908066221,0.22199430550663368,0.8402639037220356,0.8594669511520067,0.21076390372203568,0.13796695115200663,0.8532095863765038,0.8209999799728394,0.1914999799728394,0.09949997997283933,0.8216666579246521,0.19216665792465215,0.10016665792465207,0.9064518213272095,0.2769518213272095,0.18495182132720944,0.906427264213562,0.27692726421356206,0.18492726421356198,0.8664307773555113,0.23693077735551138,0.1449307773555113
flows_24,corr_target_spatter_sev3,181,6000,False,True,False,0.569,0.569,0.7141666666666666,0.9295272078501338,0.9309488507526891,0.3605272078501338,0.21678218408602246,0.788054709445377,0.8354951270675033,0.21905470944537708,0.12132846040083667,0.8240642111525073,0.7873333096504211,0.2183333096504212,0.07316664298375453,0.7828333377838135,0.21383333778381353,0.06866667111714686,0.8886426687240601,0.3196426687240601,0.17447600205739344,0.8886181116104126,0.31961811161041265,0.17445144494374598,0.8198901775736376,0.25089017757363763,0.10572351090697096
flows_24,corr_target_spatter_sev4,182,6000,False,True,False,0.5101666666666667,0.5101666666666667,0.699,0.9283800678692623,0.9287314915115279,0.41821340120259565,0.22973149151152794,0.7649890242061205,0.8071528472411127,0.2548223575394538,0.10815284724111274,0.7999003066560162,0.7561666369438171,0.24599997027715048,0.057166636943817184,0.7546666860580444,0.24450001939137778,0.05566668605804448,0.8745474219322205,0.3643807552655538,0.1755474219322205,0.874522864818573,0.36435619815190634,0.17552286481857304,0.7737707393663593,0.26360407269969266,0.07477073936635936
flows_24,corr_target_spatter_sev5,183,6000,False,True,False,0.42033333333333334,0.42033333333333334,0.6966666666666667,0.9167719805018957,0.9175716639747082,0.49643864716856234,0.22090499730804158,0.7316470062922833,0.7841920355653006,0.31131367295894996,0.08752536889863394,0.7664735921849014,0.7171666622161865,0.2968333288828532,0.020499995549519867,0.7068333029747009,0.2864999696413676,0.010166636308034271,0.8530630469322205,0.4327297135988871,0.1563963802655538,0.853038489818573,0.43270515648523966,0.15637182315190634,0.6916287478241552,0.27129541449082184,0.00503791884251148
flows_24,corr_target_gaussian_blur_sev1,184,6000,False,True,False,0.6666666666666666,0.6666666666666666,0.7385,0.9665862900447812,0.9666329506799815,0.2999196233781146,0.2281329506799814,0.8712500121943638,0.8760169932303238,0.2045833455276972,0.13751699323032374,0.8759694925923871,0.8576666712760925,0.1910000046094259,0.11916667127609248,0.8600000143051147,0.19333334763844812,0.1215000143051147,0.9237697124481201,0.2571030457814535,0.18526971244812007,0.9237451553344727,0.257078488667806,0.1852451553344726,0.8825000905169591,0.21583342385029247,0.14400009051695906
flows_24,corr_target_gaussian_blur_sev2,185,6000,False,True,False,0.5941666666666666,0.5941666666666666,0.7053333333333334,0.9475530608665147,0.947754633689996,0.3533863941998481,0.24242130035666265,0.8032530893091078,0.8428050930958404,0.20908642264244115,0.13747175976250703,0.8368375590524976,0.8028333187103271,0.20866665204366053,0.09749998537699378,0.8014999628067017,0.20733329614003504,0.09616662947336829,0.8962870240211487,0.30212035735448206,0.19095369068781531,0.8962624669075012,0.3020958002408346,0.19092913357416785,0.8590863041232577,0.2649196374565911,0.15375297078992434
flows_24,corr_target_gaussian_blur_sev3,186,6000,False,True,False,0.5073333333333333,0.5073333333333333,0.6911666666666667,0.9449621944786356,0.9451654944024384,0.4376288611453023,0.25399882773577165,0.7291444205389973,0.819040918645979,0.221811087205664,0.12787425197931235,0.784320950348915,0.7378333210945129,0.23049998776117964,0.04666665442784623,0.7304999828338623,0.223166649500529,0.0393333161671956,0.8628634214401245,0.3555300881067912,0.1716967547734578,0.862838864326477,0.35550553099314375,0.17167219765981034,0.8022669603077257,0.2949336269743924,0.111100293641059
flows_24,corr_target_gaussian_blur_sev4,187,6000,False,True,False,0.41633333333333333,0.41633333333333333,0.6946666666666667,0.9395546129374337,0.9395936399645757,0.5232212796041004,0.24492697329790902,0.6498205045411964,0.793214095411604,0.2334871712078631,0.09854742874493738,0.7249905760453533,0.6673333048820496,0.2509999715487162,0.027333361784617094,0.6434999704360962,0.22716663710276286,0.05116669623057046,0.8256465792655945,0.40931324593226115,0.13097991259892783,0.825622022151947,0.4092886888186137,0.13095535548528037,0.7332283095362943,0.3168949762029609,0.0385616428696276
flows_24,corr_target_gaussian_blur_sev5,188,6000,False,True,False,0.25833333333333336,0.25833333333333336,0.76,0.9191136732120339,0.9199286843943107,0.6607803398787004,0.15992868439431074,0.5450347161057129,0.7663728407403547,0.2867013827723795,0.006372840740354713,0.6017846661661038,0.5199999809265137,0.2616666475931803,0.24000001907348634,0.47583332657814026,0.2174999932448069,0.28416667342185975,0.7443373799324036,0.4860040465990702,0.015662620067596444,0.7443128228187561,0.48597948948542274,0.015687177181243905,0.5768721071296081,0.31853877379627477,0.18312789287039188
flows_24,corr_target_saturate_sev1,189,6000,False,True,False,0.6561666666666667,0.6561666666666667,0.7503333333333333,0.9613986498182447,0.9622167037171088,0.30523198315157807,0.21188337038377547,0.8754537039450009,0.8822019201905253,0.2192870372783342,0.13186858685719205,0.8757934505834643,0.8466666340827942,0.1904999674161275,0.09633330074946089,0.8519999980926514,0.1958333314259847,0.10166666475931807,0.9206880331039429,0.2645213664372762,0.17035469977060957,0.9206634759902954,0.26449680932362873,0.1703301426569621,0.8552721681889979,0.1991055015223312,0.10493883485566458
flows_24,corr_target_saturate_sev2,190,6000,False,True,False,0.6296666666666667,0.6296666666666667,0.7503333333333333,0.9547038327526133,0.954821039399874,0.32503716608594657,0.20448770606654065,0.8601164764955007,0.8675076409822893,0.230449809828834,0.11717430764895598,0.8641278057553613,0.8326666355133057,0.20299996884663896,0.08233330217997237,0.8336666822433472,0.20400001557668046,0.08333334891001387,0.9129573702812195,0.2832907036145528,0.16262403694788619,0.912932813167572,0.2832661465009053,0.16259947983423872,0.8401570070717206,0.21049034040505388,0.08982367373838729
flows_24,corr_target_saturate_sev3,191,6000,False,True,False,0.6848333333333333,0.6848333333333333,0.739,0.9635515633097254,0.9635515633097254,0.27871822997639206,0.22455156330972537,0.8929036672222997,0.8941771265334713,0.20807033388896645,0.15517712653347127,0.888398588596763,0.8733333349227905,0.18850000158945723,0.13433333492279054,0.878166675567627,0.19333334223429366,0.13916667556762696,0.93206787109375,0.2472345377604167,0.19306787109375,0.9320433139801025,0.24720998064676925,0.19304331398010255,0.8788483777557717,0.19401504442243844,0.13984837775577175
flows_24,corr_target_saturate_sev4,192,6000,False,True,False,0.6226666666666667,0.6226666666666667,0.7133333333333334,0.9526968057252575,0.9531667723633206,0.3300301390585908,0.23983343902998722,0.8565986666971599,0.8611206405252917,0.2339320000304932,0.14778730719195832,0.8641291311914311,0.8388333320617676,0.21616666539510088,0.1254999987284342,0.8371666669845581,0.2145000003178914,0.12383333365122473,0.9147777557373047,0.292111089070638,0.2014444224039713,0.9147531986236572,0.2920865319569905,0.20141986529032385,0.826892083225752,0.20422541655908533,0.11355874989241865
flows_24,corr_target_saturate_sev5,193,6000,False,True,False,0.5358333333333334,0.5358333333333334,0.6738333333333333,0.9421720733427363,0.9425822755054067,0.40633874000940295,0.26874894217207346,0.8189495725492446,0.8313739700983224,0.2831162392159112,0.15754063676498908,0.8423990888018744,0.8149999976158142,0.2791666642824808,0.14116666428248092,0.8178333044052124,0.281999971071879,0.14399997107187912,0.9022430777549744,0.366409744421641,0.22840974442164108,0.9022185206413269,0.3663851873079935,0.22838518730799362,0.7539629202440222,0.21812958691068884,0.08012958691068894
