config,testset,testset_idx,n_samples,is_source,is_target,is_clean,true_acc,acc_st_true,acc_ta_true,acc_st_tdc,acc_ta_tdc,err_st_tdc,err_ta_tdc,acc_st_mm,acc_ta_mm,err_st_mm,err_ta_mm,mano_fro_norm,est_ATC,err_ATC,err_ta_ATC,est_ATC-NE,err_ATC-NE,err_ta_ATC-NE,est_AC,err_AC,err_ta_AC,est_DOC,err_DOC,err_ta_DOC,est_COT,err_COT,err_ta_COT
flows_24,val_source,0,10000,True,False,True,0.964,0.964,0.9642,0.9984977466199297,0.9984983270980189,0.03449774661992977,0.034298327098018944,0.9909148230622977,0.9909148230622977,0.026914823062297755,0.026714823062297777,0.9783173361354555,0.981499969959259,0.017499969959259065,0.017299969959259087,0.9738999605178833,0.009899960517883333,0.009699960517883355,0.9852292537689209,0.02122925376892093,0.021029253768920952,0.9851664900779724,0.021166490077972444,0.020966490077972466,0.9704303270579628,0.00643032705796287,0.006230327057962892
flows_24,val_target,1,66400,False,True,True,0.6698192771084337,0.6698192771084337,0.725105421686747,0.9794036274208423,0.9794036274208423,0.3095843503124086,0.25429820573409534,0.8804281643914744,0.8874699271640138,0.21060888728304072,0.16236450547726688,0.8610611326180235,0.8532229065895081,0.18340362948107436,0.1281174849027611,0.7965210676193237,0.12670179051089003,0.07141564593257677,0.9003279805183411,0.23050870340990737,0.1752225588315941,0.9002652168273926,0.23044593971895888,0.1751597951406456,0.8553508780648118,0.1855316009563781,0.13024545637806484
flows_24,imagenet_val_source,2,2600,True,False,True,0.9326923076923077,0.9326923076923077,0.9411538461538461,0.9953632148377126,0.9953762699620972,0.06267090714540491,0.05422242380825104,0.9839890879920047,0.9839890879920047,0.051296780299696976,0.042835241838158566,0.9664690066114121,0.9661538600921631,0.03346155239985538,0.025000013938316967,0.9553846120834351,0.02269230439112735,0.01423076592958894,0.9758748412132263,0.04318253352091861,0.0347209950593802,0.9758120775222778,0.04311976982997012,0.03465823136843171,0.9647043488852605,0.032012041192952756,0.023550502731414347
flows_24,imagenet_val_target,3,2600,False,True,True,0.6388461538461538,0.6388461538461538,0.7057692307692308,0.9779874213836479,0.9779874213836479,0.3391412675374941,0.2722181906144171,0.8728685772871465,0.8817907557778691,0.23402242344099267,0.17602152500863832,0.8529742532149975,0.8376923203468323,0.19884616650067843,0.13192308957760146,0.7869230508804321,0.1480768970342783,0.08115382011120131,0.893774688243866,0.2549285343977121,0.18800545747463515,0.8937119245529175,0.25486577070676364,0.18794269378368667,0.848365893274902,0.20951973942874813,0.14259666250567116
flows_24,corr_source_fog_sev1,4,2600,True,False,False,0.8442307692307692,0.8442307692307692,0.8676923076923077,0.9887203422792687,0.9887373051316861,0.14448957304849952,0.12104499743937847,0.9416359551188359,0.941850699623349,0.09740518588806668,0.07415839193104135,0.9205700133236929,0.9142307639122009,0.0699999946814317,0.046538456219893276,0.8873077034950256,0.043076934264256406,0.019615395802717983,0.9422116279602051,0.09798085872943585,0.07451932026789743,0.9421488642692566,0.09791809503848736,0.07445655657694894,0.9010821228729884,0.05685135364221916,0.03338981518068074
flows_24,corr_source_fog_sev2,5,2600,True,False,False,0.8088461538461539,0.8088461538461539,0.8492307692307692,0.9871445266848461,0.9871445266848461,0.1782983728386922,0.13791375745407686,0.9192533077009426,0.9215672878712349,0.11040715385478872,0.07233651864046564,0.9018219683241305,0.8884615302085876,0.07961537636243377,0.03923076097781841,0.858846127986908,0.04999997414075408,0.009615358756138725,0.9270696640014648,0.11822351015531096,0.07783889477069561,0.9270069003105164,0.11816074646436248,0.07777613107974712,0.8750560559571434,0.06620990211098954,0.025825286726374186
flows_24,corr_source_fog_sev3,6,2600,True,False,False,0.75,0.75,0.811923076923077,0.983978116451739,0.983978116451739,0.23397811645173905,0.17205503952866208,0.8944886332831304,0.8953134048407471,0.14448863328313044,0.08339032791767009,0.8738510361960344,0.8676922917366028,0.11769229173660278,0.055769214813525814,0.813076913356781,0.063076913356781,0.0011538364337040363,0.9090059995651245,0.1590059995651245,0.09708292264204754,0.908943235874176,0.15894323587417603,0.09702015895109906,0.8317281633891073,0.08172816338910727,0.019805086466030297
flows_24,corr_source_fog_sev4,7,2600,True,False,False,0.678076923076923,0.678076923076923,0.7715384615384615,0.9827856025039122,0.9840639848703422,0.3047086794269892,0.21252552333188068,0.869501994638562,0.8768735117218854,0.19142507156163902,0.10533505018342393,0.8503254755447722,0.8342307806015015,0.15615385752457844,0.06269231906303996,0.7726923227310181,0.09461539965409504,0.00115386119255656,0.8899754285812378,0.21189850550431477,0.11843696704277629,0.8899126648902893,0.21183574181336629,0.1183742033518278,0.7785979344094915,0.10052101133256852,0.007059472871030037
flows_24,corr_source_fog_sev5,8,2600,True,False,False,0.5219230769230769,0.5219230769230769,0.7138461538461538,0.984375,0.9847833533653847,0.46245192307692307,0.2709371995192309,0.8119923173590673,0.8424968864553861,0.29006924043599036,0.12865073260923232,0.8029547736604352,0.7823076844215393,0.2603846074984624,0.06846153057538551,0.7065384387969971,0.18461536187392014,0.007307715049156727,0.8567463755607605,0.33482329863768356,0.1429002217146067,0.856683611869812,0.3347605349467351,0.14283745802365821,0.6355637916615833,0.11364071473850634,0.07828236218457052
flows_24,corr_source_frost_sev1,9,2600,True,False,False,0.8369230769230769,0.8369230769230769,0.8703846153846154,0.9875389408099688,0.9875389408099688,0.15061586388689197,0.11715432542535342,0.9308809250363158,0.9353491000147671,0.09395784811323893,0.0649644846301517,0.9124040500937168,0.9107692241668701,0.07384614724379324,0.040384608782254694,0.8757692575454712,0.03884618062239431,0.005384642160855768,0.9362908601760864,0.09936778325300955,0.065906244791471,0.9362280964851379,0.09930501956206106,0.06584348110052252,0.9020479545093515,0.06512487758627461,0.03166333912473607
flows_24,corr_source_frost_sev2,10,2600,True,False,False,0.7184615384615385,0.7184615384615385,0.7903846153846154,0.9803921568627451,0.9808356247710781,0.26193061840120657,0.19045100938646276,0.8621083776050116,0.8782078316073725,0.1436468391434731,0.08782321622275713,0.8515999822622811,0.8296154141426086,0.11115387568107016,0.03923079875799329,0.7769230604171753,0.05846152195563681,0.01346155496744006,0.8895532488822937,0.17109171042075522,0.09916863349767835,0.8894904851913452,0.17102894672980673,0.09910586980672986,0.8156755228702348,0.09721398440869633,0.025290907485619463
flows_24,corr_source_frost_sev3,11,2600,True,False,False,0.6234615384615385,0.6234615384615385,0.7592307692307693,0.9662027833001989,0.9662027833001989,0.3427412448386604,0.20697201406942967,0.8119358062159298,0.8311757875347533,0.18847426775439124,0.07194501830398403,0.8064114368958077,0.7799999713897705,0.156538432928232,0.020769202159001243,0.7092307806015015,0.08576924213996295,0.0499999886292678,0.8591588139533997,0.23569727549186115,0.0999280447226304,0.8590960502624512,0.23563451180091266,0.09986528103168191,0.7434144028790695,0.11995286441753095,0.015816366351699807
flows_24,corr_source_frost_sev4,12,2600,True,False,False,0.6061538461538462,0.6061538461538462,0.7492307692307693,0.9649681528662419,0.9649681528662419,0.3588143067123958,0.21573738363547268,0.7978294801601118,0.8239049527871136,0.19167563400626564,0.07467418355634436,0.7944821656963086,0.7638461589813232,0.1576923128274771,0.014615389750553986,0.6865384578704834,0.08038461171663724,0.06269231136028586,0.8474661707878113,0.24131232463396513,0.09823540155704202,0.8474034070968628,0.24124956094301664,0.09817263786609354,0.7226609353860756,0.11650708923222941,0.02656983384469369
flows_24,corr_source_frost_sev5,13,2600,True,False,False,0.5326923076923077,0.5326923076923077,0.7384615384615385,0.9657915672235481,0.9657915672235481,0.4330992595312404,0.22733002876200958,0.769586598910065,0.8133874473971787,0.2368942912177573,0.07492590893564022,0.7650360816164614,0.7265384793281555,0.19384617163584783,0.011923059133382985,0.6376923322677612,0.10500002457545354,0.10076920619377727,0.8271726369857788,0.2944803292934711,0.0887110985242403,0.8271098732948303,0.29441756560252264,0.08864833483329182,0.6651682153076358,0.13247590761532813,0.07329332315390269
flows_24,corr_source_motion_blur_sev1,14,2600,True,False,False,0.8619230769230769,0.8619230769230769,0.8834615384615384,0.9887203422792687,0.9887203422792687,0.12679726535619185,0.10525880381773034,0.9468555682602311,0.9516957519929953,0.08493249133715419,0.06823421353145687,0.9248701124393709,0.9196153879165649,0.05769231099348804,0.03615384945502653,0.8915384411811829,0.02961536425810596,0.008076902719644452,0.9459293484687805,0.08400627154570361,0.06246781000724211,0.945866584777832,0.08394350785475513,0.06240504631629362,0.9265318424172116,0.06460876549413475,0.04307030395567324
flows_24,corr_source_motion_blur_sev2,15,2600,True,False,False,0.7907692307692308,0.7907692307692308,0.8442307692307692,0.9879330478785519,0.9879330478785519,0.19716381710932107,0.14370227864778262,0.9069539662875994,0.9158651285908356,0.11618473551836861,0.07163435936006635,0.884387423712368,0.8746153712272644,0.08384614045803362,0.030384601996495175,0.829230785369873,0.03846155460064227,0.014999983860896182,0.9159390926361084,0.12516986186687762,0.07170832340533917,0.9158763289451599,0.12510709817592913,0.07164555971439068,0.8858406241022222,0.09507139333299142,0.04160985487145297
flows_24,corr_source_motion_blur_sev3,16,2600,True,False,False,0.6580769230769231,0.6580769230769231,0.7580769230769231,0.9755713159968479,0.9756444083419048,0.31749439291992476,0.2175674852649817,0.8281482388532947,0.8562470548962161,0.17007131577637158,0.09817013181929302,0.812053606940525,0.7873076796531677,0.1292307565762446,0.029230756576244632,0.7069230675697327,0.04884614449280955,0.05115385550719043,0.8606557846069336,0.20257886153001048,0.1025788615300105,0.8605930209159851,0.202516097839062,0.10251609783906201,0.789617650348363,0.13154072727143984,0.03154072727143986
flows_24,corr_source_motion_blur_sev4,17,2600,True,False,False,0.485,0.485,0.7296153846153847,0.9649681528662419,0.9649681528662419,0.47996815286624195,0.23535276825085727,0.7761175764160089,0.8100785194680145,0.2911175764160089,0.08046313485262979,0.7454734504687899,0.7088461518287659,0.22384615182876588,0.020769232786618796,0.6103846430778503,0.12538464307785036,0.11923074153753432,0.8159139156341553,0.3309139156341553,0.08629853101877061,0.8158511519432068,0.3308511519432068,0.08623576732782212,0.6657166261118053,0.18071662611180528,0.0638987585035794
flows_24,corr_source_motion_blur_sev5,18,2600,True,False,False,0.3719230769230769,0.3719230769230769,0.7315384615384616,0.96,0.96,0.588076923076923,0.22846153846153838,0.7545076046433516,0.7880409952981668,0.38258452772027474,0.056502533759705265,0.7094809898990034,0.6665384769439697,0.2946154000208928,0.06499998459449186,0.5488461256027222,0.17692304867964526,0.1826923359357394,0.7892976403236389,0.417374563400562,0.057759178785177334,0.7892348766326904,0.4173117997096135,0.05769641509422885,0.5837792631522781,0.21185618622920122,0.14775919838618345
flows_24,corr_source_brightness_sev1,19,2600,True,False,False,0.9088461538461539,0.9088461538461539,0.9188461538461539,0.992638512204572,0.9930635824424413,0.08379235835841814,0.07421742859628744,0.9725672720450291,0.9725672720450291,0.06372111819887527,0.05372111819887526,0.9514884574457239,0.9507692456245422,0.04192309177838838,0.03192309177838837,0.930384635925293,0.02153848207913911,0.0115384820791391,0.9639012813568115,0.055055127510657664,0.045055127510657655,0.963838517665863,0.05499236381970918,0.04499236381970917,0.9452253047572203,0.03637915091106647,0.026379150911066462
flows_24,corr_source_brightness_sev2,20,2600,True,False,False,0.9034615384615384,0.9034615384615384,0.92,0.9938080495356038,0.9938080495356038,0.09034651107406533,0.07380804953560371,0.9701663387132404,0.9714918658724437,0.066704800251702,0.0514918658724437,0.9476172887032477,0.9449999928474426,0.0415384543859042,0.024999992847442587,0.9253846406936646,0.021923102232126124,0.005384640693664511,0.961771547794342,0.058310009332803614,0.041771547794342,0.9617087841033936,0.05824724564185513,0.041708784103393515,0.9408803681348786,0.037418829673340204,0.02088036813487859
flows_24,corr_source_brightness_sev3,21,2600,True,False,False,0.8946153846153846,0.8946153846153846,0.9061538461538462,0.9949748743718593,0.9949748743718593,0.10035948975647468,0.08882102821801308,0.9643185954740646,0.9649367099234475,0.06970321085868003,0.05878286376960129,0.9412347973049136,0.9419230818748474,0.04730769725946282,0.035769235721001214,0.9169231057167053,0.022307721101320732,0.010769259562859124,0.9577770233154297,0.0631616387000451,0.05162317716158349,0.9577142596244812,0.06309887500909661,0.051560413470635,0.9364824014528201,0.041867016837435544,0.030328555298973936
flows_24,corr_source_brightness_sev4,22,2600,True,False,False,0.8796153846153846,0.8796153846153846,0.8911538461538462,0.9906832298136646,0.9906832298136646,0.11106784519828006,0.09952938365981845,0.9567042136068195,0.9570793556470807,0.07708882899143488,0.0659255094932345,0.9316404931402663,0.9296153783798218,0.0499999937644372,0.03846153222597559,0.9007692337036133,0.021153849088228704,0.009615387549767096,0.9512939453125,0.07167856069711542,0.060140099158653815,0.9512311816215515,0.07161579700616694,0.06007733546770533,0.9318658661928483,0.0522504815774637,0.040712020039002095
flows_24,corr_source_brightness_sev5,23,2600,True,False,False,0.8453846153846154,0.8453846153846154,0.8642307692307692,0.9831834180680485,0.9831834180680485,0.13779880268343314,0.1189526488372793,0.9366480942868597,0.941750031122272,0.09126347890224429,0.07751926189150271,0.9146500482770215,0.9088461399078369,0.06346152452322151,0.04461537067706767,0.873846173286438,0.028461557901822587,0.009615404055668741,0.9376990795135498,0.0923144641289344,0.07346831028278056,0.9376363158226013,0.09225170043798592,0.07340554659183207,0.913803681443303,0.06841906605868764,0.04957291221253379
flows_24,corr_source_zoom_blur_sev1,24,2600,True,False,False,0.81,0.81,0.8603846153846154,0.9795918367346937,0.9795918367346937,0.1695918367346937,0.11920722135007833,0.9192510536244811,0.9218713795289558,0.10925105362448106,0.0614867641443404,0.8953686554864374,0.8892307877540588,0.07923078775405878,0.028846172369443424,0.8496153950691223,0.03961539506912226,0.0107692203154931,0.923414945602417,0.11341494560241694,0.06303033021780158,0.9233521819114685,0.11335218191146845,0.06296756652685309,0.8944029814624351,0.08440298146243508,0.03401836607781972
flows_24,corr_source_zoom_blur_sev2,25,2600,True,False,False,0.7465384615384615,0.7465384615384615,0.8242307692307692,0.9723320158102767,0.9724553574812518,0.22579355427181524,0.14822458825048257,0.8828876212153832,0.8886086113428664,0.13634915967692174,0.06437784211209718,0.8597542194720741,0.8461538553237915,0.09961539378533002,0.021923086093022293,0.7996153831481934,0.053076921609731875,0.024615386082575852,0.8984457850456238,0.1519073235071623,0.07421501581485457,0.8983830213546753,0.1518445598162138,0.07415225212390608,0.8589385608619463,0.11240009932348483,0.0347077916311771
flows_24,corr_source_zoom_blur_sev3,26,2600,True,False,False,0.6996153846153846,0.6996153846153846,0.7857692307692308,0.9604158336665334,0.9604158336665334,0.26080044905114874,0.1746466028973026,0.8389872984556717,0.8525079321627341,0.13937191384028702,0.06673870139350335,0.8265282620926041,0.8015384674072266,0.10192308279184192,0.015769236637995787,0.7376922965049744,0.038076911889589726,0.04807693426425641,0.8723154664039612,0.17270008178857654,0.0865462356347304,0.8722527027130127,0.17263731809762806,0.08648347194378192,0.8274893166121324,0.1278739319967478,0.041720085842901655
flows_24,corr_source_zoom_blur_sev4,27,2600,True,False,False,0.6365384615384615,0.6365384615384615,0.7703846153846153,0.9460883664369679,0.9465556109881201,0.3095499048985064,0.1761709956035048,0.7910553919071938,0.8286264329193098,0.15451693036873226,0.058241817534694484,0.7931442826316203,0.7688461542129517,0.13230769267449016,0.0015384611716636742,0.6769230961799622,0.04038463464150066,0.09346151920465318,0.8476022481918335,0.211063786653372,0.07721763280721816,0.847539484500885,0.2110010229624235,0.07715486911626968,0.7901532954502033,0.1536148339117418,0.019768680065587962
flows_24,corr_source_zoom_blur_sev5,28,2600,True,False,False,0.5696153846153846,0.5696153846153846,0.7380769230769231,0.9344262295081966,0.9375148318914374,0.364810844892812,0.1994379088145143,0.7491322501760163,0.8017667652279147,0.17951686556063162,0.0636898421509916,0.7563166688465784,0.7257692217826843,0.1561538371672997,0.012307701294238749,0.6226922869682312,0.05307690235284657,0.11538463610869187,0.8215000629425049,0.25188467832712025,0.08342313986558181,0.8214372992515564,0.25182191463617176,0.08336037617463332,0.7421608155472487,0.17254543093186403,0.00408389247032559
flows_24,corr_source_snow_sev1,29,2600,True,False,False,0.811923076923077,0.811923076923077,0.8515384615384616,0.9831834180680485,0.9835936042838662,0.17126034114497157,0.13205514274540464,0.9235073484437836,0.9235073484437836,0.1115842715207066,0.071968886905322,0.9008401467929354,0.8999999761581421,0.08807689923506512,0.04846151461968051,0.8542307615280151,0.04230768460493817,0.0026922999895535593,0.9300574660301208,0.11813438910704388,0.07851900449165927,0.9299947023391724,0.1180716254160954,0.07845624080071079,0.8838649600993826,0.07194188317630568,0.03232649856092107
flows_24,corr_source_snow_sev2,30,2600,True,False,False,0.6115384615384616,0.6115384615384616,0.7692307692307693,0.9759747932256794,0.9763960675008333,0.3644363316872178,0.20716529827006402,0.819945494775451,0.8426931701359651,0.2084070332369894,0.07346240090519585,0.8080979364018094,0.7853845953941345,0.17384613385567294,0.016153826163365248,0.7065384387969971,0.09499997725853548,0.0626923304337722,0.8593167662620544,0.24777830472359286,0.09008599703128517,0.859254002571106,0.24771554103264437,0.09002323334033668,0.7281937368817795,0.11665527534331788,0.04103703234898981
flows_24,corr_source_snow_sev3,31,2600,True,False,False,0.6415384615384615,0.6415384615384615,0.7661538461538462,0.9727380482022916,0.9727791302714086,0.3311995866638301,0.20662528411756242,0.8367125547899412,0.8471619222788775,0.19517409325147972,0.08100807612503136,0.8194490961935565,0.7976922988891602,0.15615383735069865,0.03153845273531397,0.7192307710647583,0.0776923095262968,0.046923075089087884,0.8675564527511597,0.22601799121269817,0.10140260659731348,0.8674936890602112,0.22595522752174968,0.101339842906365,0.7660285509146437,0.12449008937618222,0.00012529523920246088
flows_24,corr_source_snow_sev4,32,2600,True,False,False,0.5434615384615384,0.5434615384615384,0.7384615384615385,0.9591673338670936,0.9609521463324507,0.4157057954055552,0.22249060787091224,0.7919435071584495,0.8280796908919048,0.24848196869691108,0.0896181524303663,0.7795508472026584,0.7549999952316284,0.21153845677008998,0.016538456770089915,0.6676923036575317,0.1242307651959933,0.07076923480400676,0.8388268351554871,0.2953652966939486,0.10036529669394856,0.8387640714645386,0.29530253300300013,0.10030253300300007,0.7022525106956226,0.15879097223408412,0.036209027765915947
flows_24,corr_source_snow_sev5,33,2600,True,False,False,0.4807692307692308,0.4807692307692308,0.7446153846153846,0.962490023942538,0.9625463648184018,0.48172079317330724,0.21793098020301727,0.7471169033625684,0.7932559756105806,0.26634767259333764,0.04864059099519602,0.7419899849015705,0.7019230723381042,0.22115384156887347,0.04269231227728032,0.5938461422920227,0.11307691152279192,0.15076924232336186,0.810452401638031,0.3296831708688002,0.06583701702264644,0.8103896379470825,0.32962040717785174,0.06577425333169795,0.6336798602863674,0.15291062951713658,0.11093552432901721
flows_24,corr_source_defocus_blur_sev1,34,2600,True,False,False,0.8361538461538461,0.8361538461538461,0.8719230769230769,0.9891135303265941,0.9891135303265941,0.15295968417274797,0.11719045340351719,0.9322532688931422,0.9364199917773458,0.09609942273929606,0.0644969148542689,0.904981200126925,0.8865384459495544,0.05038459979570831,0.014615369026477532,0.8592307567596436,0.023076910605797418,0.012692320163433357,0.9279488325119019,0.09179498635805572,0.056025755588824944,0.9278860688209534,0.09173222266710723,0.05596299189787646,0.8985663411244951,0.062412494970648935,0.02664326420141816
flows_24,corr_source_defocus_blur_sev2,35,2600,True,False,False,0.786923076923077,0.786923076923077,0.833076923076923,0.9835809225957779,0.9835809225957779,0.19665784567270095,0.15050399951885485,0.9037328756922098,0.9123632011639428,0.11680979876913289,0.07928627808701971,0.8743166336482212,0.8607692122459412,0.07384613532286421,0.027692289169018114,0.8100000023841858,0.023076925461108844,0.023076920692737257,0.9084352254867554,0.12151214856367842,0.07535830240983232,0.9083724617958069,0.12144938487272994,0.07529553871888384,0.8732751414042932,0.08635206448121624,0.04019821832737014
flows_24,corr_source_defocus_blur_sev3,36,2600,True,False,False,0.675,0.675,0.7796153846153846,0.9682539682539683,0.9688269583680786,0.2932539682539682,0.18921157375269404,0.8305378805784469,0.8580237590595721,0.15553788057844686,0.07840837444418747,0.8001681687212336,0.7761538624763489,0.10115386247634883,0.003461522139035722,0.6896153688430786,0.014615368843078569,0.09000001577230599,0.8543487191200256,0.1793487191200256,0.07473333450464104,0.8542859554290771,0.1792859554290771,0.07467057081369255,0.8084487056036218,0.13344870560362176,0.02883332098823721
flows_24,corr_source_defocus_blur_sev4,37,2600,True,False,False,0.568076923076923,0.568076923076923,0.7484615384615385,0.9583333333333335,0.9593515719778751,0.39025641025641045,0.21089003351633662,0.7651669252003845,0.8202424237016096,0.1970900021234615,0.07178088524007109,0.7295697098728215,0.6888461709022522,0.12076924782532916,0.059615367559286314,0.5865384340286255,0.018461510951702453,0.16192310443291302,0.8035396933555603,0.23546277027863727,0.05507815489402179,0.8034769296646118,0.23540000658768878,0.055015391203073305,0.7335852121329425,0.16550828905601944,0.014876326328596035
flows_24,corr_source_defocus_blur_sev5,38,2600,True,False,False,0.4542307692307692,0.4542307692307692,0.7257692307692307,0.9494949494949495,0.9500318212282641,0.4952641802641803,0.2242625904590334,0.7053501180092937,0.8070643607267273,0.2511193487785245,0.08129512995749655,0.6589692966877121,0.6069231033325195,0.15269233410175032,0.11884612743671119,0.47999998927116394,0.025769220040394725,0.24576924149806678,0.7524961829185486,0.29826541368777937,0.026726952149317862,0.7524334192276001,0.2982026499968309,0.026664188458369376,0.6411767116348728,0.18694594240410356,0.08459251913435795
flows_24,corr_source_glass_blur_sev1,39,2600,True,False,False,0.7957692307692308,0.7957692307692308,0.8438461538461538,0.984375,0.9848063208284485,0.18860576923076922,0.14096016698229474,0.9107819216234372,0.912358786750445,0.1150126908542064,0.06851263290429122,0.890657866473398,0.8730769157409668,0.07730768497173601,0.029230761894812995,0.8384615182876587,0.04269228751842791,0.00538463555849511,0.9187941551208496,0.12302492435161883,0.07494800127469581,0.9187313914299011,0.12296216066067034,0.07488523758374732,0.8697007152641604,0.07393148449492959,0.025854561418006572
flows_24,corr_source_glass_blur_sev2,40,2600,True,False,False,0.6846153846153846,0.6846153846153846,0.7753846153846153,0.9751675206937328,0.9755900366877901,0.2905521360783482,0.20020542130317476,0.851229227869319,0.8664065800355756,0.16661384325393436,0.09102196465096024,0.8308414831832486,0.8103846311569214,0.12576924654153676,0.03500001577230605,0.7450000047683716,0.060384620152986956,0.030384610616243757,0.8761983513832092,0.1915829667678246,0.10081373599859389,0.8761355876922607,0.19152020307687612,0.1007509723076454,0.7851987385576885,0.10058335394230389,0.009814123173073175
flows_24,corr_source_glass_blur_sev3,41,2600,True,False,False,0.40192307692307694,0.40192307692307694,0.7330769230769231,0.9537223340040242,0.9541778362482588,0.5517992570809472,0.22110091317133573,0.7314805880903609,0.805176251304999,0.32955751116728393,0.07209932822807597,0.6583006343463247,0.6096153855323792,0.2076923086093022,0.12346153754454392,0.4669230878353119,0.06500001091223495,0.2661538352416112,0.7520161271095276,0.35009305018645065,0.018939204032604517,0.7519533634185791,0.35003028649550216,0.01887644034165603,0.5240553494369867,0.12213227251390979,0.20902157363993634
flows_24,corr_source_glass_blur_sev4,42,2600,True,False,False,0.31,0.31,0.7657692307692308,0.9465153970826579,0.9469819847899263,0.6365153970826578,0.1812127540206956,0.7112196624146324,0.792792770017118,0.4012196624146324,0.02702353924788725,0.6215941894365071,0.5526922941207886,0.24269229412078858,0.21307693664844218,0.4069230854511261,0.0969230854511261,0.35884614531810466,0.7232920527458191,0.4132920527458191,0.042477178023411666,0.7232292890548706,0.4132292890548706,0.04253994171436015,0.4410428633985892,0.13104286339858923,0.32472636737064153
flows_24,corr_source_glass_blur_sev5,43,2600,True,False,False,0.23615384615384616,0.23615384615384616,0.7996153846153846,0.9562424729024488,0.9562424729024488,0.7200886267486026,0.15662708828706418,0.7435233347572622,0.8112791529176462,0.507369488603416,0.011663768302261568,0.6143127031574768,0.5680769085884094,0.33192306243456327,0.2315384760269752,0.4042307734489441,0.16807692729509793,0.3953846111664405,0.7294188737869263,0.4932650276330801,0.07019651082845835,0.7293561100959778,0.4932022639421316,0.07025927451940683,0.3796859691601172,0.14353212300627105,0.4199294154552674
flows_24,corr_source_gaussian_noise_sev1,44,2600,True,False,False,0.838076923076923,0.838076923076923,0.8607692307692307,0.9934185056136275,0.9934185056136275,0.1553415825367045,0.13264927484439681,0.9416350869205885,0.9416350869205885,0.10355816384366545,0.08086585615135777,0.9247055759022,0.9203846454620361,0.08230772238511308,0.0596154146928054,0.8907692432403564,0.05269232016343339,0.030000012471125714,0.9447344541549683,0.10665753107804521,0.08396522338573753,0.9446716904640198,0.10659476738709672,0.08390245969478904,0.9167657154039736,0.0786887923270505,0.05599648463474283
flows_24,corr_source_gaussian_noise_sev2,45,2600,True,False,False,0.7538461538461538,0.7538461538461538,0.8026923076923077,0.9823874755381605,0.9823874755381605,0.2285413216920067,0.17969516784585282,0.9027515262612315,0.9027515262612315,0.14890537241507762,0.10005921856892375,0.8943142443064903,0.8849999904632568,0.131153836617103,0.08230768277094913,0.8446153998374939,0.09076924599134006,0.04192309214518619,0.922519326210022,0.16867317236386814,0.11982701851771427,0.9224565625190735,0.16861040867291965,0.11976425482676578,0.8611700185177614,0.1073238646716076,0.05847771082545372
flows_24,corr_source_gaussian_noise_sev3,46,2600,True,False,False,0.6188461538461538,0.6188461538461538,0.745,0.9747634069400631,0.9747634069400631,0.3559172530939093,0.22976340694006314,0.82281554979019,0.8289487071300127,0.20396939594403618,0.08394870713001268,0.844814618313374,0.8215384483337402,0.2026922944875864,0.07653844833374024,0.7649999856948853,0.14615383184873143,0.01999998569488526,0.8843250274658203,0.2654788736196665,0.13932502746582032,0.8842622637748718,0.265416109928718,0.13926226377487183,0.7715420877161057,0.15269593386995184,0.026542087716105667
flows_24,corr_source_gaussian_noise_sev4,47,2600,True,False,False,0.4442307692307692,0.4442307692307692,0.7207692307692307,0.96,0.9605052790346907,0.5157692307692308,0.23973604826546002,0.7142795937392984,0.7853592487466802,0.2700488245085292,0.06459001797744945,0.7687338727748033,0.732692301273346,0.28846153204257674,0.01192307050411523,0.6465384364128113,0.20230766718204207,0.07423079435641944,0.8285787105560303,0.38434794132526107,0.10780947978679956,0.8285159468650818,0.3842851776343126,0.10774671609585107,0.6504879244227622,0.20625715519199295,0.07028130634646856
flows_24,corr_source_gaussian_noise_sev5,48,2600,True,False,False,0.24384615384615385,0.24384615384615385,0.7961538461538461,0.9326765188834154,0.9339458846070521,0.6888303650372616,0.13779203845320598,0.6427430847103297,0.7549075977028503,0.3988969308641759,0.04124624845099578,0.6716022221618431,0.617307722568512,0.37346156872235814,0.17884612358533414,0.49076923727989197,0.24692308343373812,0.30538460887395413,0.760624349117279,0.5167781952711252,0.03552949703656705,0.7605615854263306,0.5167154315801767,0.035592260727515534,0.4831350485023954,0.23928889465624156,0.3130187976514507
flows_24,corr_source_shot_noise_sev1,49,2600,True,False,False,0.8338461538461538,0.8338461538461538,0.865,0.9906832298136646,0.9910952615978365,0.15683707596751084,0.12609526159783646,0.944260329040511,0.94445567582447,0.11041417519435726,0.07945567582447,0.9233850026768295,0.9169231057167053,0.08307695187055153,0.05192310571670533,0.8915384411811829,0.05769228733502907,0.02653844118118287,0.9453955292701721,0.11154937542401833,0.08039552927017213,0.9453327655792236,0.11148661173306984,0.08033276557922364,0.9138467577981423,0.08000060395198849,0.04884675779814229
flows_24,corr_source_shot_noise_sev2,50,2600,True,False,False,0.7480769230769231,0.7480769230769231,0.8034615384615384,0.978790259230165,0.979207202852136,0.23071333615324197,0.17574566439059758,0.8966265777912913,0.8967822671777127,0.1485496547143682,0.09332072871617425,0.8907046774904775,0.8896153569221497,0.14153843384522657,0.08615381846061121,0.8369230628013611,0.088846139724438,0.033461524339822635,0.9201689958572388,0.17209207278031569,0.11670745739570032,0.9201062321662903,0.1720293090893672,0.11664469370475183,0.8597846858829524,0.11170776280602934,0.05632314742141398
flows_24,corr_source_shot_noise_sev3,51,2600,True,False,False,0.6188461538461538,0.6188461538461538,0.7411538461538462,0.9698890649762281,0.9716509209989539,0.35104291113007424,0.23049707484510773,0.8184547574045924,0.827003507268632,0.19960860355843857,0.08584966111478587,0.8345442997788118,0.8126922845840454,0.1938461307378916,0.07153843843019925,0.75,0.13115384615384618,0.008846153846153837,0.8764107823371887,0.2575646284910349,0.13525693618334256,0.8763480186462402,0.2575018648000864,0.13519417249239407,0.765714776241911,0.14686862239575715,0.024560930088064814
flows_24,corr_source_shot_noise_sev4,52,2600,True,False,False,0.40115384615384614,0.40115384615384614,0.7457692307692307,0.9570798235058163,0.9588774723070752,0.5559259773519702,0.21310824153784447,0.6999815896296031,0.7735256836259409,0.29882774347575697,0.027756452856710134,0.7483414861037067,0.7123076915740967,0.31115384542025054,0.03346153919513406,0.6115384697914124,0.21038462363756621,0.1342307609778184,0.8138096928596497,0.4126558467058035,0.06804046209041892,0.8137469291687012,0.41259308301485503,0.06797769839947043,0.6171454652022357,0.21599161904838954,0.12862376556699506
flows_24,corr_source_shot_noise_sev5,53,2600,True,False,False,0.28115384615384614,0.28115384615384614,0.7834615384615384,0.9405052974735125,0.9405938276166439,0.6593514513196663,0.15713228915510546,0.6778898909225264,0.7505614911917469,0.39673604476868024,0.032900047269791566,0.7047834159245829,0.6730769276618958,0.3919230815080496,0.11038461079964268,0.5492307543754578,0.2680769082216116,0.23423078408608067,0.7884699106216431,0.507316064467797,0.005008372160104635,0.7884071469306946,0.5072533007768485,0.004945608469156149,0.5191192093792836,0.23796536322543743,0.26434232908225486
flows_24,corr_source_impulse_noise_sev1,54,2600,True,False,False,0.7565384615384615,0.7565384615384615,0.8173076923076923,0.981590285938112,0.9820301022943451,0.22505182439965055,0.16472240998665277,0.8955022984798914,0.8964824111401318,0.13896383694142989,0.07917471883243954,0.8865915432521619,0.876153826713562,0.11961536517510052,0.05884613440586972,0.8261538743972778,0.06961541285881634,0.008846182089585541,0.9165369868278503,0.15999852528938885,0.09922929452015805,0.9164742231369019,0.15993576159844036,0.09916653082920956,0.8674052952710375,0.110866833732576,0.0500976029633452
flows_24,corr_source_impulse_noise_sev2,55,2600,True,False,False,0.6996153846153846,0.6996153846153846,0.765,0.9811912225705329,0.9811912225705329,0.2815758379551483,0.21619122257053291,0.8555865101297703,0.8679251457635172,0.15597112551438563,0.10292514576351719,0.8608667023710226,0.8507692217826843,0.1511538371672997,0.08576922178268431,0.7961538434028625,0.09653845878747791,0.031153843402862536,0.8989852070808411,0.19936982246545643,0.13398520708084105,0.8989224433898926,0.19930705877450794,0.13392244338989256,0.8297948027414337,0.13017941812604905,0.06479480274143368
flows_24,corr_source_impulse_noise_sev3,56,2600,True,False,False,0.6165384615384616,0.6165384615384616,0.7473076923076923,0.9678443826915443,0.9678443826915443,0.3513059211530827,0.22053669038385193,0.8089455105817457,0.8300758037648017,0.1924070490432841,0.08276811145710938,0.8312280695946784,0.8092307448387146,0.192692283300253,0.06192305253102226,0.7400000095367432,0.12346154799828157,0.007307682770949175,0.8744099140167236,0.25787145247826204,0.1271022217090313,0.8743471503257751,0.25780868878731356,0.1270394580180828,0.7838491879034618,0.16731072636500022,0.03654149559576947
flows_24,corr_source_impulse_noise_sev4,57,2600,True,False,False,0.43846153846153846,0.43846153846153846,0.7219230769230769,0.9533011272141707,0.9533011272141707,0.5148395887526322,0.23137805029109382,0.7012190896476489,0.7839644316193088,0.26275755118611044,0.062041354696231954,0.7555188341558736,0.7223076820373535,0.28384614357581506,0.000384605114276626,0.618461549282074,0.18000001082053552,0.10346152764100291,0.8207002878189087,0.38223874935737023,0.0987772108958318,0.8206375241279602,0.38217598566642175,0.09871444720488332,0.650381769791684,0.2119202313301456,0.07154130713139284
flows_24,corr_source_impulse_noise_sev5,58,2600,True,False,False,0.26615384615384613,0.26615384615384613,0.7730769230769231,0.9291598023064249,0.929780679177409,0.6630059561525787,0.15670375610048592,0.6544629984594237,0.7464257825018198,0.38830915230557755,0.026651140575103316,0.6699302405855919,0.6280769109725952,0.3619230648187491,0.1450000121043279,0.48500001430511475,0.21884616815126862,0.28807690877180836,0.7634927034378052,0.49733885728395905,0.00958421963911793,0.7634299397468567,0.49727609359301056,0.009646983330066417,0.5009236201321883,0.23476977397834214,0.27215330294473483
flows_24,corr_source_contrast_sev1,59,2600,True,False,False,0.8711538461538462,0.8711538461538462,0.8880769230769231,0.9945862335653519,0.994594245530021,0.12343238741150575,0.10651732245309786,0.9563974129564212,0.9563974129564212,0.08524356680257505,0.06832048987949813,0.9309956550938538,0.9334615468978882,0.062307700744042016,0.045384623820965087,0.9019230604171753,0.030769214263329125,0.013846137340252196,0.9512603282928467,0.08010648213900051,0.06318340521592358,0.9511975646018982,0.08004371844805203,0.0631206415249751,0.9214332470099185,0.0502794008560723,0.03335632393299537
flows_24,corr_source_contrast_sev2,60,2600,True,False,False,0.8326923076923077,0.8326923076923077,0.8642307692307692,0.9867498051441934,0.9867498051441934,0.15405749745188568,0.12251903591342417,0.9363789414259425,0.9363789414259425,0.10368663373363474,0.07214817219517322,0.9109364362977977,0.9053846001625061,0.07269229247019837,0.04115383093173686,0.873846173286438,0.04115386559413026,0.009615404055668741,0.935899019241333,0.10320671154902528,0.07166825001056376,0.9358362555503845,0.10314394785807679,0.07160548631961527,0.8962631362849122,0.06357082859260443,0.03203236705414292
flows_24,corr_source_contrast_sev3,61,2600,True,False,False,0.75,0.75,0.805,0.983978116451739,0.9840022768844011,0.23397811645173905,0.17900227688440107,0.8867853413784464,0.8900126418481856,0.13678534137844645,0.08501264184818558,0.8678732786213181,0.8523076772689819,0.10230767726898193,0.047307677268981885,0.800000011920929,0.050000011920928955,0.004999988079071094,0.9016941785812378,0.1516941785812378,0.09669417858123774,0.9016314148902893,0.1516314148902893,0.09663141489028926,0.8310657727073577,0.08106577270735771,0.02606577270735766
flows_24,corr_source_contrast_sev4,62,2600,True,False,False,0.5211538461538462,0.5211538461538462,0.7253846153846154,0.9678443826915443,0.9687113323357864,0.4466905365376981,0.24332671695117103,0.7725784044972,0.8013916811259922,0.25142455834335387,0.07600706574137683,0.7682386810812024,0.7357692122459412,0.21461536609209497,0.010384596861325757,0.6526923179626465,0.1315384718088003,0.07269229742196892,0.830700695514679,0.30954684936083277,0.10531608013006355,0.8306379318237305,0.3094840856698843,0.10525331643911506,0.6742841666974714,0.1531303205436252,0.05110044868714403
flows_24,corr_source_contrast_sev5,63,2600,True,False,False,0.2903846153846154,0.2903846153846154,0.7711538461538462,0.9443767762890783,0.946031348593374,0.653992160904463,0.17487750243952782,0.605712161614703,0.7548152188634261,0.3153275462300876,0.016338627290420127,0.6187558411066568,0.5507692098617554,0.26038459447713996,0.22038463629209082,0.4092307686805725,0.1188461532959571,0.3619230774732737,0.7177312970161438,0.4273466816315284,0.05342254913770239,0.7176685333251953,0.4272839179405799,0.05348531282865088,0.5027027164533197,0.21231810106870425,0.26845112970052654
flows_24,corr_source_elastic_transform_sev1,64,2600,True,False,False,0.8669230769230769,0.8669230769230769,0.8880769230769231,0.9898989898989898,0.9899689623122864,0.12297591297591293,0.10189203923536327,0.9559022108315922,0.9562349419702281,0.0889791339085153,0.06815801889330497,0.9303342517173416,0.925000011920929,0.05807693499785205,0.03692308884400586,0.8988461494445801,0.03192307252150317,0.010769226367656981,0.9485026597976685,0.08157958287459155,0.06042573672074536,0.94843989610672,0.08151681918364306,0.060362973029796874,0.9215604182286282,0.05463734130555131,0.03348349515170512
flows_24,corr_source_elastic_transform_sev2,65,2600,True,False,False,0.6530769230769231,0.6530769230769231,0.7611538461538462,0.961246504194966,0.9627439573434956,0.30816958111804293,0.20159011118964942,0.8343894726270304,0.8664925463050809,0.18131254955010734,0.1053387001512347,0.8298044749062717,0.8111538290977478,0.1580769060208247,0.04999998294390162,0.7407692074775696,0.08769228440064647,0.0203846386762766,0.8743419647216797,0.22126504164475658,0.1131881185678335,0.8742792010307312,0.2212022779538081,0.11312535487688502,0.7734295497654794,0.12035262668855629,0.012275703611633215
flows_24,corr_source_elastic_transform_sev3,66,2600,True,False,False,0.7546153846153846,0.7546153846153846,0.8038461538461539,0.9867498051441934,0.9867498051441934,0.23213442052880884,0.18290365129803954,0.9065585126033249,0.9070141481133316,0.1519431279879403,0.10316799426717771,0.8759100695019769,0.870769202709198,0.11615381809381342,0.06692304886304412,0.817307710647583,0.06269232603219843,0.013461556801429131,0.9106556177139282,0.15604023309854365,0.10680946386777435,0.9105928540229797,0.15597746940759516,0.10674670017682586,0.8279317952616028,0.07331641064621819,0.02408564141544889
flows_24,corr_source_elastic_transform_sev4,67,2600,True,False,False,0.6107692307692307,0.6107692307692307,0.7384615384615385,0.9727380482022916,0.9731643011275568,0.36196881743306086,0.2347027626660183,0.8373162507499351,0.8519695243106747,0.22654701998070437,0.11350798584913624,0.8082502816005361,0.7892307639122009,0.1784615331429702,0.050769225450662425,0.7103846073150635,0.09961537654583275,0.028076931146475026,0.8603998422622681,0.24963061149303734,0.12193830380072956,0.8603370785713196,0.24956784780208885,0.12187554010978108,0.7091261493542071,0.09835691858497642,0.029335389107331356
flows_24,corr_source_elastic_transform_sev5,68,2600,True,False,False,0.35192307692307695,0.35192307692307695,0.7434615384615385,0.9452332657200812,0.9452332657200812,0.5933101887970043,0.20177172725854264,0.710822357808264,0.7844483553756239,0.358899280885187,0.040986816914085344,0.6784007080857167,0.6276922821998596,0.27576920527678267,0.11576925626167889,0.5030769109725952,0.15115383404951827,0.2403846274889433,0.7650689482688904,0.41314587134581343,0.021607409807351874,0.7650061845779419,0.41308310765486494,0.021544646116403388,0.48635259377056317,0.13442951684748622,0.25710894469097534
flows_24,corr_source_pixelate_sev1,69,2600,True,False,False,0.8723076923076923,0.8723076923076923,0.8957692307692308,0.9887203422792687,0.9891541674072301,0.11641264997157641,0.0933849366379993,0.955043370037282,0.955043370037282,0.08273567772958967,0.05927413926805125,0.9299558549073095,0.9269230961799622,0.05461540387226982,0.031153865410731396,0.8965384364128113,0.02423074410511894,0.0007692056435805172,0.9498379230499268,0.07753023074223442,0.054068692280695996,0.9497751593589783,0.07746746705128593,0.05400592858974751,0.919226194206066,0.046918501898373655,0.023456963436835232
flows_24,corr_source_pixelate_sev2,70,2600,True,False,False,0.8553846153846154,0.8553846153846154,0.8842307692307693,0.9883268482490273,0.9883268482490273,0.13294223286441187,0.10409607901825801,0.9452452414301288,0.9452452414301288,0.08986062604551337,0.061014472199359515,0.9211283952371688,0.9123076796531677,0.056923064268552315,0.02807691042239846,0.8826923370361328,0.027307721651517403,0.001538432194636452,0.9420856833457947,0.08670106796117927,0.05785491411502541,0.9420229196548462,0.08663830427023078,0.05779215042407693,0.9074732124625374,0.052088597077922016,0.023242443231768162
flows_24,corr_source_pixelate_sev3,71,2600,True,False,False,0.7788461538461539,0.7788461538461539,0.8346153846153846,0.9799921537857984,0.9800223372177038,0.20114599993964455,0.14540695260231917,0.902935861950172,0.9046195948541345,0.12408970810401809,0.07000421023874981,0.8803884785753582,0.8769230842590332,0.09807693041287935,0.042307699643648555,0.8207692503929138,0.041923096546759964,0.01384613422247083,0.914177417755127,0.1353312639089731,0.0795620331397423,0.9141146540641785,0.1352685002180246,0.07949926944879382,0.8523244457868755,0.07347829194072164,0.017709061171490847
flows_24,corr_source_pixelate_sev4,72,2600,True,False,False,0.6538461538461539,0.6538461538461539,0.7857692307692308,0.9670242352006356,0.9670242352006356,0.3131780813544818,0.18125500443140485,0.825541756700453,0.8377348051697123,0.1716956028542992,0.05196557440048155,0.8135585392609948,0.7823076844215393,0.12846153057538545,0.0034615463476914687,0.7099999785423279,0.056153824696174026,0.0757692522269029,0.8615999817848206,0.2077538279386667,0.07583075101558978,0.8615372180938721,0.20769106424771822,0.0757679873246413,0.7590098212191155,0.10516366737296168,0.026759409550115243
flows_24,corr_source_pixelate_sev5,73,2600,True,False,False,0.5769230769230769,0.5769230769230769,0.7642307692307693,0.9528795811518325,0.9529500847503556,0.3759565042287556,0.18871931551958632,0.7499446656041238,0.8221056087904918,0.1730215886810469,0.0578748395597225,0.761326378310632,0.7226923108100891,0.14576923388701224,0.04153845842068016,0.6284615397453308,0.05153846282225394,0.13576922948543846,0.8230568170547485,0.24613374013167166,0.058826047823979266,0.8229940533638,0.24607097644072318,0.05876328413303078,0.697649552952964,0.12072647602988718,0.06658121627780522
flows_24,corr_source_jpeg_compression_sev1,74,2600,True,False,False,0.8707692307692307,0.8707692307692307,0.8892307692307693,0.9898989898989898,0.9902988464526925,0.1191297591297591,0.10106807722192324,0.9578695809937843,0.9596986752885461,0.08710035022455354,0.07046790605777686,0.9349116805167126,0.931538462638855,0.06076923186962424,0.04230769340808571,0.9096153974533081,0.038846166684077366,0.020384628222538836,0.9514044523239136,0.08063522155468283,0.062173683093144305,0.9513416886329651,0.08057245786373435,0.06211091940219582,0.9110150302100283,0.040245799440797536,0.021784260979259007
flows_24,corr_source_jpeg_compression_sev2,75,2600,True,False,False,0.8538461538461538,0.8538461538461538,0.8753846153846154,0.9883268482490273,0.988729123017061,0.13448069440287347,0.11334450763244552,0.9487665355848297,0.9515703312639039,0.0949203817386759,0.07618571587928846,0.9260519277592427,0.9257692098617554,0.07192305601560156,0.05038459447713994,0.8984615206718445,0.04461536682569067,0.023076905287229055,0.9475264549255371,0.0936803010793833,0.07214183954092168,0.9474636912345886,0.09361753738843481,0.0720790758499732,0.90131833055244,0.04747217670628623,0.02593371516782461
flows_24,corr_source_jpeg_compression_sev3,76,2600,True,False,False,0.8365384615384616,0.8365384615384616,0.8603846153846154,0.9887203422792687,0.9887373051316861,0.15218188074080718,0.1283526897470707,0.9437046250762803,0.9450592067782878,0.10716616353781871,0.0846745913936724,0.9191261307590965,0.9130769371986389,0.07653847566017735,0.0526923218140235,0.8865384459495544,0.04999998441109288,0.02615383056493903,0.9415547847747803,0.10501632323631871,0.08117016939016486,0.9414920210838318,0.10495355954537022,0.08110740569921637,0.8895067863107973,0.052968324772335706,0.029122170926181856
flows_24,corr_source_jpeg_compression_sev4,77,2600,True,False,False,0.7757692307692308,0.7757692307692308,0.8246153846153846,0.9835809225957779,0.9840836759223838,0.20781169182654713,0.15946829130699913,0.9079582191017093,0.9111152725638154,0.1321889883324785,0.08649988794843078,0.8893778690004066,0.8811538219451904,0.10538459117595966,0.05653843732980579,0.8334615230560303,0.05769229228679951,0.008846138440645634,0.9196723699569702,0.14390313918773945,0.09505698534158558,0.9196096062660217,0.14384037549679096,0.09499422165063709,0.8541723296522854,0.07840309888305463,0.02955694503690076
flows_24,corr_source_jpeg_compression_sev5,78,2600,True,False,False,0.6873076923076923,0.6873076923076923,0.7857692307692308,0.978790259230165,0.9801566632415412,0.29148256692247276,0.19438743247231038,0.850465463471904,0.8586019640292649,0.1631577711642117,0.07283273326003414,0.8326699047589255,0.8165384531021118,0.12923076079441953,0.03076922233288104,0.742307722568512,0.05500003026081968,0.04346150820071881,0.8773059844970703,0.18999829218937803,0.09153675372783954,0.8772432208061218,0.18993552849842954,0.09147399003689105,0.7876892064608354,0.10038151415314311,0.0019199756916046251
flows_24,corr_source_speckle_noise_sev1,79,2600,True,False,False,0.8492307692307692,0.8492307692307692,0.8711538461538462,0.9902912621359223,0.990690515309933,0.1410604929051531,0.11953666915608685,0.9501647574255818,0.9503298004287759,0.10093398819481258,0.07917595427492974,0.9269036463045979,0.9284615516662598,0.07923078243549053,0.0573077055124136,0.9011538624763489,0.05192309324557964,0.03000001632250271,0.9468610286712646,0.09763025944049541,0.07570718251741848,0.9467982649803162,0.09756749574954693,0.07564441882647,0.9111004989713956,0.06186972974062632,0.03994665281754939
flows_24,corr_source_speckle_noise_sev2,80,2600,True,False,False,0.8103846153846154,0.8103846153846154,0.8411538461538461,0.9902912621359223,0.9902912621359223,0.17990664675130696,0.1491374159820762,0.9283858093061857,0.9291941619137688,0.11800119392157038,0.08804031575992266,0.907754403900203,0.9011538624763489,0.09076924709173351,0.060000016322502736,0.8661538362503052,0.055769220865689806,0.024999990096459035,0.932694673538208,0.12231005815359264,0.09154082738436187,0.9326319098472595,0.12224729446264415,0.09147806369341338,0.8833522965613119,0.0729676811766965,0.042198450407465726
flows_24,corr_source_speckle_noise_sev3,81,2600,True,False,False,0.6684615384615384,0.6684615384615384,0.7607692307692308,0.9723320158102767,0.9723320158102767,0.3038704773487383,0.21156278504104598,0.8501432020654794,0.8590086366819379,0.181681663603941,0.09823940591270719,0.8490866122060737,0.8353846073150635,0.16692306885352504,0.07461537654583272,0.7730769515037537,0.10461541304221522,0.012307720734522909,0.8895836472511292,0.2211221087895907,0.1288144164818984,0.8895208835601807,0.22105934509864222,0.1287516527909499,0.7811027138042872,0.11264117534274876,0.020333483035056443
flows_24,corr_source_speckle_noise_sev4,82,2600,True,False,False,0.5665384615384615,0.5665384615384615,0.7273076923076923,0.9645559538032655,0.9650474786208839,0.398017492264804,0.2377397863131916,0.7905890471726302,0.8223414428070219,0.2240505856341687,0.0950337504993296,0.8073739942509879,0.7788461446762085,0.21230768313774695,0.051538452368516174,0.7034615278244019,0.1369230662859403,0.023846164483290466,0.8568149209022522,0.29027645936379065,0.12950722859455988,0.8567521572113037,0.29021369567284216,0.1294444649036114,0.7161634390561107,0.14962497751764914,0.011144253251581637
flows_24,corr_source_speckle_noise_sev5,83,2600,True,False,False,0.44884615384615384,0.44884615384615384,0.7319230769230769,0.9562424729024488,0.9571370018900696,0.5073963190562949,0.22521392496699266,0.7364679727179082,0.7882039491395338,0.28762181887175436,0.056280872216456945,0.7651420811163696,0.7353846430778503,0.2865384892316965,0.0034615661547734433,0.635769248008728,0.1869230941625742,0.09615382891434887,0.8282983303070068,0.379452176460853,0.09637525338392994,0.8282355666160583,0.3793894127699045,0.09631248969298145,0.643525879843573,0.19467972599741917,0.08839719707950389
flows_24,corr_source_spatter_sev1,84,2600,True,False,False,0.9053846153846153,0.9053846153846153,0.9157692307692308,0.9941972920696325,0.9945905371224519,0.08881267668501713,0.07882130635322115,0.9705878055230974,0.9728035906901977,0.06520319013848208,0.05703435992096695,0.9487620646895255,0.9407692551612854,0.03538463977667006,0.02500002439205462,0.9242307543754578,0.01884613899084242,0.008461523606226984,0.9616134166717529,0.056228801287137586,0.04584418590252215,0.9615506529808044,0.0561660375961891,0.045781422211573664,0.9428257257981857,0.037441110413570344,0.027056495028954908
flows_24,corr_source_spatter_sev2,85,2600,True,False,False,0.8534615384615385,0.8534615384615385,0.8830769230769231,0.9859594383775352,0.9859594383775352,0.1324978999159967,0.1028825153006121,0.9475947698137945,0.9489937277270982,0.09413323135225604,0.06591680465017513,0.9242915357133575,0.9142307639122009,0.060769225450662434,0.031153840835277835,0.8884615302085876,0.03499999174704915,0.005384607131664554,0.9431476593017578,0.08968612084021932,0.06007073622483472,0.9430848956108093,0.08962335714927083,0.060007972533886234,0.9101733440197787,0.05671180555824018,0.02709642094285558
flows_24,corr_source_spatter_sev3,86,2600,True,False,False,0.8026923076923077,0.8026923076923077,0.84,0.9855637924307453,0.9855637924307453,0.18287148473843762,0.14556379243074535,0.9118371266953649,0.9157596945428431,0.10914481900305717,0.07575969454284315,0.8936190588242128,0.88692307472229,0.08423076702998233,0.04692307472229007,0.8434615135192871,0.040769205826979404,0.0034615135192871405,0.9228575825691223,0.12016527487681461,0.08285758256912235,0.9227948188781738,0.12010251118586612,0.08279481887817386,0.8752615278696269,0.07256922017731915,0.035261527869626885
flows_24,corr_source_spatter_sev4,87,2600,True,False,False,0.7207692307692307,0.7207692307692307,0.7926923076923077,0.9783889980353634,0.9783889980353634,0.25761976726613267,0.1856966903430557,0.8941386322628058,0.8972874296496068,0.17336940149357505,0.10459512195729914,0.8627870708351184,0.8469230532646179,0.1261538224953872,0.054230745572310224,0.7900000214576721,0.0692307906884414,0.002692286234635577,0.8989554643630981,0.17818623359386743,0.10626315667079045,0.8988927006721497,0.17812346990291894,0.10620039297984196,0.8247570709867094,0.10398784021747864,0.032064763294401666
flows_24,corr_source_spatter_sev5,88,2600,True,False,False,0.6219230769230769,0.6219230769230769,0.7269230769230769,0.9711119905025722,0.971282594698196,0.34918891357949533,0.2443595177751191,0.8447200313527936,0.8588505823021352,0.2227969544297167,0.13192750537905829,0.8278372023614439,0.8092307448387146,0.1873076679156377,0.0823076679156377,0.7373076677322388,0.11538459080916186,0.010384590809161875,0.8733444213867188,0.25142134446364184,0.14642134446364186,0.8732816576957703,0.25135858077269335,0.14635858077269337,0.7359013975405324,0.1139783206174555,0.008978320617455515
flows_24,corr_source_gaussian_blur_sev1,89,2600,True,False,False,0.8746153846153846,0.8746153846153846,0.8911538461538462,0.9906832298136646,0.9906832298136646,0.11606784519828006,0.09952938365981845,0.9637708616171595,0.9637708616171595,0.08915547700177495,0.07261701546331334,0.9388646522095129,0.9399999976158142,0.06538461300042964,0.048846151461968024,0.9169231057167053,0.04230772110132075,0.025769259562859137,0.9577822685241699,0.08316688390878535,0.06662842237032374,0.9577195048332214,0.08310412021783686,0.06656565867937525,0.9306622796548838,0.05604689503949922,0.03950843350103761
flows_24,corr_source_gaussian_blur_sev2,90,2600,True,False,False,0.8107692307692308,0.8107692307692308,0.8503846153846154,0.9851678376268539,0.9852737856696773,0.1743986068576231,0.13488917028506187,0.9194581240934662,0.9302210234317877,0.10868889332423537,0.07983640804717229,0.8908700516005188,0.8799999952316284,0.06923076446239762,0.029615379847013013,0.8380769491195679,0.027307718350337074,0.012307666265047534,0.9207651019096375,0.10999587114040665,0.07038048652502205,0.920702338218689,0.10993310744945817,0.07031772283407356,0.8878091330875185,0.07703990231828772,0.037424517702903115
flows_24,corr_source_gaussian_blur_sev3,91,2600,True,False,False,0.7065384615384616,0.7065384615384616,0.785,0.9690721649484536,0.9691187238929706,0.26253370340999205,0.18411872389297057,0.8520162483817784,0.8623316999710058,0.1454777868433168,0.07733169997100575,0.8260694582870314,0.8046153783798218,0.09807691684136022,0.019615378379821746,0.736923098564148,0.03038463702568639,0.04807690143585208,0.8720213770866394,0.16548291554817784,0.08702137708663937,0.8719586133956909,0.16542015185722936,0.08695861339569089,0.8233934488443158,0.1168549873058542,0.038393448844315725
flows_24,corr_source_gaussian_blur_sev4,92,2600,True,False,False,0.6015384615384616,0.6015384615384616,0.7573076923076923,0.9629038691663343,0.9629595969764616,0.3613654076278727,0.20565190466876926,0.7735067465933203,0.8345886800759851,0.17196828505485873,0.07728098776829273,0.7517196966802357,0.7126923203468323,0.1111538588083707,0.04461537196086007,0.6188461780548096,0.017307716516347993,0.13846151425288278,0.8159786462783813,0.21444018473991977,0.058670953970689,0.8159158825874329,0.21437742104897128,0.05860819027974051,0.7523582346518636,0.150819773113402,0.004949457655828771
flows_24,corr_source_gaussian_blur_sev5,93,2600,True,False,False,0.37884615384615383,0.37884615384615383,0.7338461538461538,0.9392084863321093,0.9392084863321093,0.5603623324859555,0.20536233248595548,0.6591525749570786,0.7950641731218271,0.28030642111092474,0.061218019275673274,0.611553551995688,0.5526922941207886,0.17384614027463474,0.18115385972536524,0.4092307686805725,0.030384614834418677,0.3246153851655813,0.7175594568252563,0.3387133029791025,0.016286697020897467,0.7174966931343079,0.33865053928815403,0.016349460711845953,0.5710430054353893,0.1921968515892355,0.1628031484107645
flows_24,corr_source_saturate_sev1,94,2600,True,False,False,0.885,0.885,0.8946153846153846,0.9902912621359223,0.9903058330765575,0.10529126213592233,0.09569044846117292,0.9615633245175064,0.9629402797488003,0.07656332451750636,0.06832489513341566,0.9394936694350435,0.9442307949066162,0.0592307949066162,0.04961541029123162,0.9176923036575317,0.03269230365753173,0.023076919042147148,0.9576581120491028,0.07265811204910277,0.0630427274337182,0.9575953483581543,0.07259534835815429,0.0629799637427697,0.9263582570206977,0.04135825702069773,0.03174287240531315
flows_24,corr_source_saturate_sev2,95,2600,True,False,False,0.8623076923076923,0.8623076923076923,0.8734615384615385,0.9938080495356038,0.994595141700405,0.13150035722791142,0.12113360323886646,0.9553720925123806,0.956766916734589,0.09306440020468831,0.08330537827305051,0.9308229289552853,0.927307665348053,0.06499997304036065,0.05384612688651447,0.8999999761581421,0.03769228385044976,0.02653843769660358,0.9501778483390808,0.08787015603138848,0.0767163098775423,0.9501150846481323,0.08780739234044,0.07665354618659381,0.9215027714954577,0.05919507918776534,0.04804123303391916
flows_24,corr_source_saturate_sev3,96,2600,True,False,False,0.9019230769230769,0.9019230769230769,0.9142307692307692,0.992638512204572,0.9930341549190832,0.09071543528149506,0.07880338568831402,0.969729483305427,0.971969112816004,0.06780640638235003,0.057738343585234775,0.9495889352397312,0.9492307901382446,0.04730771321516769,0.03500002090747545,0.9300000071525574,0.028076930229480435,0.015769237921788193,0.96421217918396,0.06228910226088302,0.04998140995319078,0.9641494154930115,0.062226338569934536,0.049918646262242294,0.9458633818204525,0.04394030489737555,0.03163261258968331
flows_24,corr_source_saturate_sev4,97,2600,True,False,False,0.8561538461538462,0.8561538461538462,0.8830769230769231,0.9891135303265941,0.9895145950472546,0.13295968417274795,0.1064376719703315,0.9486877665333331,0.9496801217177456,0.09253392037948693,0.06660319864082254,0.9313303119873303,0.9280769228935242,0.07192307673967802,0.04499999981660108,0.8992307782173157,0.04307693206346952,0.01615385514039258,0.9501977562904358,0.09404391013658964,0.0671208332135127,0.9501349925994873,0.09398114644564115,0.06705806952256421,0.9255482628130031,0.06939441665915691,0.04247133973607997
flows_24,corr_source_saturate_sev5,98,2600,True,False,False,0.8026923076923077,0.8026923076923077,0.833076923076923,0.9875389408099688,0.9879605947148881,0.18484663311766114,0.15488367163796501,0.9181140390610363,0.9218302650074852,0.11542173136872858,0.08875334193056217,0.9050359215544457,0.8980769515037537,0.09538464381144596,0.06500002842683061,0.8623076677322388,0.059615360039931065,0.02923074465531572,0.9313037395477295,0.1286114318554218,0.09822681647080644,0.931240975856781,0.1285486681644733,0.09816405277985796,0.8906022200297535,0.08790991233744583,0.057525296952830485
flows_24,corr_target_fog_sev1,99,2600,False,True,False,0.5538461538461539,0.5538461538461539,0.6884615384615385,0.9686632288774296,0.9686632288774296,0.41481707503127574,0.28020169041589116,0.8248163891836122,0.838744197777453,0.27097023533745834,0.15028265931591456,0.80876175943328,0.7869230508804321,0.23307689703427825,0.09846151241889367,0.7119230628013611,0.1580769089552072,0.023461524339822626,0.859741747379303,0.3058955935331491,0.17128020891776452,0.8596789836883545,0.3058328298422006,0.17121744522681603,0.7766215526373073,0.22277539879115338,0.0881600141757688
flows_24,corr_target_fog_sev2,100,2600,False,True,False,0.5330769230769231,0.5330769230769231,0.6853846153846154,0.9682539682539683,0.9686871184371185,0.43517704517704514,0.28330250305250315,0.8054235852535393,0.8345985890211189,0.2723466621766162,0.14921397363650357,0.7937142044379747,0.763076901435852,0.22999997835892894,0.07769228605123668,0.6796153783798218,0.14653845530289866,0.005769237004793593,0.8469176292419434,0.31384070616502024,0.161533013857328,0.8468548655509949,0.31377794247407176,0.1614702501663795,0.7549703593273622,0.2218934362504391,0.06958574394274686
flows_24,corr_target_fog_sev3,101,2600,False,True,False,0.4807692307692308,0.4807692307692308,0.6876923076923077,0.9591673338670936,0.960121042954323,0.47839810309786285,0.2724287352620153,0.7896563473105129,0.8243347290625948,0.30888711654128215,0.13664242137028704,0.7724971807443264,0.7411538362503052,0.2603846054810744,0.05346152855799746,0.6438461542129517,0.16307692344372088,0.043846153479356054,0.83449387550354,0.35372464473430926,0.14680156781123233,0.8344311118125916,0.35366188104336077,0.14673880412028384,0.7222268541742224,0.2414576234049916,0.034534546481914674
flows_24,corr_target_fog_sev4,102,2600,False,True,False,0.41346153846153844,0.41346153846153844,0.7026923076923077,0.9662027833001989,0.9662536147170583,0.5527412448386605,0.26356130702475056,0.7757847950998901,0.8205727614867314,0.36232325663835163,0.11788045379442369,0.7567286616350715,0.7230769395828247,0.30961540112128627,0.02038463189051698,0.6265384554862976,0.21307691702475917,0.07615385220601012,0.822426974773407,0.40896543631186855,0.11973466708109926,0.8223642110824585,0.40890267262092006,0.11967190339015077,0.6608338493474721,0.2473723108859337,0.04185845834483559
flows_24,corr_target_fog_sev5,103,2600,False,True,False,0.30115384615384616,0.30115384615384616,0.7384615384615385,0.9719256623171213,0.972009682116838,0.6707718161632752,0.23354814365529952,0.7305484243283433,0.8108395153120745,0.42939457817449717,0.07237797685053604,0.7248221607171448,0.6926922798156738,0.39153843366182767,0.045769258645864674,0.5842307806015015,0.2830769344476553,0.15423075786003704,0.8016043901443481,0.500450543990502,0.06314285168280964,0.8015416264533997,0.5003877802995536,0.06308008799186116,0.5329320600439273,0.2317782138900812,0.20552947841761116
flows_24,corr_target_frost_sev1,104,2600,False,True,False,0.5357692307692308,0.5357692307692308,0.681923076923077,0.9682539682539683,0.9686871184371185,0.4324847374847375,0.28676404151404156,0.7968379106724065,0.8226521774960529,0.2610686799031757,0.14072910057297594,0.7974267927170237,0.766153872013092,0.23038464124386127,0.08423079509001508,0.6919230818748474,0.15615385110561664,0.010000004951770447,0.8520908951759338,0.31632166440670306,0.17016781825285687,0.8520281314849854,0.3162589007157546,0.1701050545619084,0.7713568184866508,0.23558758771742006,0.08943374156357387
flows_24,corr_target_frost_sev2,105,2600,False,True,False,0.4369230769230769,0.4369230769230769,0.6946153846153846,0.9595838335334134,0.9595838335334134,0.5226607566103365,0.26496844891802873,0.742431092412239,0.8060211771017675,0.3055080154891621,0.11140579248638283,0.7524168364992105,0.7215384840965271,0.2846154071734502,0.026923099481142465,0.6230769157409668,0.18615383881788988,0.07153846887441784,0.8184942007064819,0.381571123783405,0.1238788160910973,0.8184314370155334,0.38150836009245653,0.12381605240014881,0.6898187849422196,0.2528957080191427,0.004796599673165036
flows_24,corr_target_frost_sev3,106,2600,False,True,False,0.3719230769230769,0.3719230769230769,0.7107692307692308,0.9469420818144998,0.9474080132099574,0.5750190048914229,0.23663878244072656,0.6959933087862877,0.7822652980553214,0.3240702318632108,0.07149606728609059,0.7160699895416713,0.6700000166893005,0.2980769397662236,0.04076921407993028,0.564230740070343,0.1923076631472661,0.1465384906988878,0.7932984232902527,0.4213753463671758,0.08252919252102187,0.7932356595993042,0.4213125826762273,0.08246642883007338,0.6254255501886563,0.2535024732655794,0.08534368058057451
flows_24,corr_target_frost_sev4,107,2600,False,True,False,0.35423076923076924,0.35423076923076924,0.7196153846153847,0.956661316211878,0.9571766543282202,0.6024305469811088,0.23756126971283553,0.7019716697928825,0.7774766192775076,0.34774090056211326,0.057861234662122896,0.7126312875911822,0.677307665348053,0.32307689611728374,0.04230771926733168,0.5580769181251526,0.20384614889438335,0.16153846649023207,0.7935068011283875,0.4392760318976182,0.0738914165130028,0.793444037437439,0.4392132682066697,0.07382865282205431,0.6042711935043463,0.2500404242735771,0.11534419111103833
flows_24,corr_target_frost_sev5,108,2600,False,True,False,0.31038461538461537,0.31038461538461537,0.7415384615384616,0.9516129032258066,0.9530578697285487,0.6412282878411912,0.21151940819008708,0.6936087033424896,0.7819594209709468,0.3832240879578742,0.04042095943248525,0.6925287941968318,0.6626923084259033,0.35230769304128795,0.07884615311255827,0.5192307829856873,0.20884616760107189,0.22230767855277433,0.779007077217102,0.4686224618324867,0.03746861567864046,0.7789443135261536,0.4685596981415382,0.037405851987691974,0.5582863103277287,0.24790169494311332,0.1832521512107329
flows_24,corr_target_motion_blur_sev1,109,2600,False,True,False,0.5503846153846154,0.5503846153846154,0.6903846153846154,0.9751675206937328,0.9751675206937328,0.42478290530911744,0.28478290530911743,0.8369422078926785,0.8475827401261231,0.2865575925080631,0.15719812474150774,0.8084072799818751,0.7857692241668701,0.23538460878225476,0.09538460878225474,0.7157692313194275,0.16538461593481213,0.025384615934812116,0.8625576496124268,0.3121730342278114,0.17217303422781138,0.8624948859214783,0.3121102705368629,0.1721102705368629,0.8010564150377459,0.2506717996531306,0.11067179965313056
flows_24,corr_target_motion_blur_sev2,110,2600,False,True,False,0.4957692307692308,0.4957692307692308,0.6784615384615384,0.9649681528662419,0.9649681528662419,0.46919892209701114,0.2865066144047035,0.7957568161294302,0.81908235321124,0.29998758536019937,0.14062081474970156,0.7720780220546104,0.7342307567596436,0.23846152599041276,0.055769218298105105,0.6446154117584229,0.14884618098919206,0.0338461267031156,0.8312162756919861,0.3354470449227553,0.15275473723044763,0.8311535120010376,0.3353842812318068,0.15269197353949915,0.7611009611273251,0.26533173035809426,0.08263942266578661
flows_24,corr_target_motion_blur_sev3,111,2600,False,True,False,0.3934615384615385,0.3934615384615385,0.7073076923076923,0.9541432019308127,0.9545980568104462,0.5606816634692742,0.24729036450275388,0.7529584738356699,0.8104979438999189,0.35949693537413147,0.10319025159222661,0.7291925228902686,0.6984615325927734,0.30499999413123496,0.008846159714918866,0.5911538600921631,0.1976923216306246,0.11615383221552922,0.8039877414703369,0.41052620300879844,0.09668004916264461,0.8039249777793884,0.41046343931784995,0.09661728547169612,0.69605258209771,0.30259104363617156,0.011255110209982266
flows_24,corr_target_motion_blur_sev4,112,2600,False,True,False,0.3007692307692308,0.3007692307692308,0.7307692307692307,0.9503431570448123,0.9504910309893758,0.6495739262755815,0.2197218002201451,0.7330047741829504,0.7982734990974384,0.4322355434137196,0.06750426832820766,0.6883072408036495,0.6565384864807129,0.3557692557114821,0.07423074428851784,0.5207692384719849,0.22000000770275407,0.20999999229724586,0.7771329879760742,0.47636375720684343,0.04636375720684349,0.7770702242851257,0.47630099351589494,0.046300993515895006,0.5815158045647679,0.28074657379553714,0.1492534262044628
flows_24,corr_target_motion_blur_sev5,113,2600,False,True,False,0.24384615384615385,0.24384615384615385,0.7680769230769231,0.948220064724919,0.9503686399253738,0.7043739108787652,0.1822917168484507,0.7374949561253676,0.8057484079331446,0.4936488022792138,0.037671484856221515,0.6752829826718241,0.6399999856948853,0.39615383184873143,0.12807693738203785,0.5084615349769592,0.2646153811308054,0.2596153880999639,0.7689785957336426,0.5251324418874888,0.0009016726567194766,0.7689158320426941,0.5250696781965403,0.0008389089657709903,0.5114940233337708,0.267647869487617,0.2565828997431523
flows_24,corr_target_brightness_sev1,114,2600,False,True,False,0.6057692307692307,0.6057692307692307,0.703076923076923,0.9743589743589745,0.9743589743589745,0.3685897435897437,0.2712820512820514,0.8504915103639732,0.8732640267229894,0.24472227959474246,0.17018710364606637,0.8373430960564575,0.8288461565971375,0.22307692582790672,0.1257692335202144,0.7611538171768188,0.15538458640758812,0.058076894099895804,0.8825967907905579,0.27682756002132713,0.17951986771363482,0.8825340270996094,0.27676479633037865,0.17945710402268633,0.8217388397124936,0.2159696089432629,0.11866191663557057
flows_24,corr_target_brightness_sev2,115,2600,False,True,False,0.6026923076923076,0.6026923076923076,0.6992307692307692,0.9763779527559057,0.9763779527559057,0.373685645063598,0.27714718352513645,0.8431552298515655,0.8654424854251546,0.2404629221592579,0.16621171619438535,0.8323841062828782,0.8149999976158142,0.21230768992350657,0.115769228385045,0.7519230842590332,0.14923077656672556,0.05269231502826399,0.8786869049072266,0.2759945972149189,0.17945613567645735,0.8786241412162781,0.27593183352397044,0.17939337198550886,0.8241784289508212,0.22148612125851352,0.12494765972005195
flows_24,corr_target_brightness_sev3,116,2600,False,True,False,0.5888461538461538,0.5888461538461538,0.6923076923076923,0.9690721649484536,0.9693429017019073,0.3802260111022998,0.277035209394215,0.8381717715085916,0.8594511084382858,0.24932561766243777,0.16714341613059347,0.8279698180658943,0.8157692551612854,0.2269231013151316,0.12346156285359311,0.75,0.1611538461538462,0.05769230769230771,0.8762339353561401,0.28738778150998634,0.18392624304844785,0.8761711716651917,0.28732501781903785,0.18386347935749936,0.824793664929945,0.2359475110837912,0.1324859726222527
flows_24,corr_target_brightness_sev4,117,2600,False,True,False,0.5734615384615385,0.5734615384615385,0.6853846153846154,0.9694807768529528,0.9707727369736883,0.3960192383914143,0.2853881215890729,0.8235418301785354,0.8624025791197559,0.25008029171699697,0.17701796373514056,0.8148663627660075,0.8034615516662598,0.2300000132047213,0.1180769362816444,0.7265384793281555,0.15307694086661705,0.04115386394354015,0.865573525428772,0.2921119869672335,0.1801889100441566,0.8655107617378235,0.292049223276285,0.18012614635320812,0.8162394690916356,0.24277793063009712,0.1308548537070202
flows_24,corr_target_brightness_sev5,118,2600,False,True,False,0.551923076923077,0.551923076923077,0.67,0.9649681528662419,0.9650729136369758,0.413045075943165,0.29507291363697574,0.8043591748508845,0.8469453737924053,0.2524360979278075,0.17694537379240527,0.8002683982747025,0.7819230556488037,0.22999997872572675,0.11192305564880367,0.704230785369873,0.1523077084467961,0.03423078536987301,0.8554783463478088,0.3035552694247319,0.1854783463478088,0.8554155826568604,0.3034925057337834,0.1854155826568603,0.801109151708256,0.24918607478517907,0.131109151708256
flows_24,corr_target_zoom_blur_sev1,119,2600,False,True,False,0.5046153846153846,0.5046153846153846,0.6853846153846154,0.9554037766171153,0.9554037766171153,0.4507883920017307,0.2700191612324999,0.7812316104705772,0.8215587518517766,0.27661622585519263,0.13617413646716126,0.7731132621221948,0.7346153855323792,0.23000000091699457,0.04923077014776378,0.6449999809265137,0.1403845963111291,0.0403846344581017,0.8317705988883972,0.32715521427301264,0.14638598350378185,0.8317078351974487,0.32709245058206415,0.14632321981283336,0.7627124720807813,0.2580970874653967,0.07732785669616593
flows_24,corr_target_zoom_blur_sev2,120,2600,False,True,False,0.46,0.46,0.7011538461538461,0.9443767762890783,0.944846653549455,0.4843767762890783,0.24369280739560883,0.7442803674669385,0.792857776191668,0.28428036746693847,0.09170393003782185,0.7443067114605819,0.6888461709022522,0.22884617090225218,0.01230767525159393,0.5896154046058655,0.12961540460586546,0.11153844154798065,0.8068714141845703,0.3468714141845703,0.10571756803072418,0.8068086504936218,0.3468086504936218,0.1056548043397757,0.7333089825240287,0.27330898252402863,0.032155136370182524
flows_24,corr_target_zoom_blur_sev3,121,2600,False,True,False,0.4276923076923077,0.4276923076923077,0.6988461538461539,0.9352989352989352,0.9364148981926759,0.5076066276066274,0.23756874434652198,0.7224930041200804,0.7871369723476401,0.29480069642777273,0.08829081850148623,0.7220022389904392,0.6846153736114502,0.2569230659191425,0.0142307802347037,0.567307710647583,0.1396154029552753,0.1315384431985709,0.7964872121810913,0.3687949044887836,0.09764105833493741,0.7964244484901428,0.3687321407978351,0.09757829464398893,0.7085275884812177,0.28083528078890996,0.009681434635063768
flows_24,corr_target_zoom_blur_sev4,122,2600,False,True,False,0.38961538461538464,0.38961538461538464,0.7142307692307692,0.9238410596026491,0.9244543696058237,0.5342256749872645,0.2102236003750545,0.695652834934815,0.7761153702721301,0.30603745031943036,0.06188460104136084,0.6964727387153643,0.6465384364128113,0.25692305179742664,0.06769233281795795,0.5265384912490845,0.13692310663369983,0.18769227798168475,0.7777592539787292,0.3881438693633446,0.06352848474796002,0.7776964902877808,0.3880811056723961,0.06346572105701154,0.6815676365903318,0.2919522519749472,0.03266313264043741
flows_24,corr_target_zoom_blur_sev5,123,2600,False,True,False,0.3457692307692308,0.3457692307692308,0.7342307692307692,0.9134977016297534,0.9140150760230157,0.5677284708605226,0.17978430679224644,0.6754376504979684,0.7593794583215867,0.32966841972873767,0.025148689090817467,0.6691402232416757,0.6165384650230408,0.27076923425381,0.11769230420772847,0.48423075675964355,0.13846152599041278,0.2500000124711257,0.7596949934959412,0.4139257627267104,0.02546422426517192,0.7596322298049927,0.4138629990357619,0.025401460574223433,0.6465536983842046,0.30078446761497385,0.08767707084656462
flows_24,corr_target_snow_sev1,124,2600,False,True,False,0.485,0.485,0.6838461538461539,0.9637305699481864,0.9642779293307556,0.4787305699481864,0.28043177548460174,0.7709078494108055,0.8142986656717048,0.2859078494108055,0.13045251182555095,0.7799951330784808,0.7569230794906616,0.27192307949066163,0.07307692564450774,0.6596153974533081,0.17461539745330812,0.024230756392845776,0.8400134444236755,0.35501344442367555,0.15616729057752166,0.839950680732727,0.35495068073272706,0.15610452688657317,0.7428581736651108,0.25785817366511077,0.05901201981895687
flows_24,corr_target_snow_sev2,125,2600,False,True,False,0.33192307692307693,0.33192307692307693,0.7315384615384616,0.954983922829582,0.9555705669284476,0.623060845906505,0.22403210538998597,0.7206416221147662,0.7982867558355721,0.3887185451916893,0.06674829429711049,0.7222832912202222,0.694615364074707,0.3626922871516301,0.03692309746375455,0.5653846263885498,0.23346154946547287,0.16615383514991178,0.7999367117881775,0.46801363486510056,0.06839825024971591,0.799873948097229,0.46795087117415207,0.06833548655876742,0.6043163633869749,0.272393286463898,0.12722209815148666
flows_24,corr_target_snow_sev3,126,2600,False,True,False,0.36230769230769233,0.36230769230769233,0.7115384615384616,0.9537223340040242,0.9560599650174053,0.5914146416963318,0.24452150347894375,0.7357803064549159,0.7851660580607381,0.37347261414722355,0.07362759652227657,0.730746499755472,0.6919230818748474,0.3296153895671551,0.019615379663614152,0.5838461518287659,0.22153845952107354,0.1276923097096957,0.8059890270233154,0.4436813347156231,0.09445056548485387,0.8059262633323669,0.4436185710246746,0.09438780179390538,0.6499497857298397,0.2876420934221474,0.06158867580862182
flows_24,corr_target_snow_sev4,127,2600,False,True,False,0.2946153846153846,0.2946153846153846,0.7476923076923077,0.9456609894566099,0.9472208162376959,0.6510456048412253,0.19952850854538828,0.6987270129417091,0.7790501136571989,0.4041116283263245,0.03135780596489124,0.6954928715208664,0.6515384912490845,0.35692310663369986,0.09615381644322318,0.5280769467353821,0.23346156211999747,0.21961536095692558,0.7800413370132446,0.48542595239786,0.03234902932093697,0.7799785733222961,0.48536318870691153,0.032286265629988486,0.5811810470172154,0.2865656624018308,0.16651126067509225
flows_24,corr_target_snow_sev5,128,2600,False,True,False,0.2603846153846154,0.2603846153846154,0.7657692307692308,0.9499192245557351,0.9503805766124022,0.6895346091711196,0.1846113458431714,0.6720077752648476,0.7715728314222381,0.4116231598802322,0.005803600653007335,0.6627417248951553,0.6138461828231812,0.35346156743856577,0.1519230479460496,0.4719230830669403,0.21153846768232493,0.29384614770229045,0.7565287351608276,0.49614411977621226,0.009240495608403121,0.7564659714698792,0.49608135608526377,0.009303259299351607,0.5332982763611358,0.2729136609765204,0.23247095440809495
flows_24,corr_target_defocus_blur_sev1,129,2600,False,True,False,0.5223076923076924,0.5223076923076924,0.6876923076923077,0.9620758483033933,0.9620758483033933,0.43976815599570096,0.2743835406110856,0.8198221509756569,0.8428645590170498,0.29751445866796455,0.1551722513247421,0.7903174741946486,0.766153872013092,0.24384617970539968,0.07846156432078433,0.680384635925293,0.1580769436176006,0.007307671767014745,0.8488876819610596,0.3265799896533672,0.16119537426875186,0.8488249182701111,0.3265172259624187,0.16113261057780337,0.7885723781811242,0.2662646858734319,0.10088007048881653
flows_24,corr_target_defocus_blur_sev2,130,2600,False,True,False,0.4815384615384615,0.4815384615384615,0.6857692307692308,0.9637305699481864,0.9652055218929333,0.4821921084097249,0.2794362911237025,0.788878542632093,0.8308272831010639,0.3073400810936315,0.1450580523318331,0.7621226309192486,0.7373076677322388,0.25576920619377724,0.05153843696300797,0.6407692432403564,0.15923078170189492,0.04499998752887435,0.8295904994010925,0.348052037862631,0.14382126863186173,0.829527735710144,0.3479892741716825,0.14375850494091325,0.7712438197091132,0.28970535817065163,0.08547458893988236
flows_24,corr_target_defocus_blur_sev3,131,2600,False,True,False,0.41615384615384615,0.41615384615384615,0.6992307692307692,0.9574979951884522,0.9581353618198544,0.541344149034606,0.25890459258908516,0.7283584242094492,0.8033712578518963,0.31220457805560303,0.10414048862112713,0.695593752519901,0.6538461446762085,0.23769229852236234,0.045384624554560715,0.5299999713897705,0.11384612523592436,0.1692307978409987,0.7791460156440735,0.36299216949022733,0.07991524641330428,0.779083251953125,0.36292940579927885,0.07985248272235579,0.7112498706047153,0.2950960244508692,0.012019101373946128
flows_24,corr_target_defocus_blur_sev4,132,2600,False,True,False,0.3376923076923077,0.3376923076923077,0.7280769230769231,0.9413680781758959,0.9413680781758959,0.6036757704835882,0.21329115509897278,0.6612631261151558,0.790989011820125,0.3235708184228481,0.06291208874320198,0.6344675913880419,0.5865384340286255,0.2488461263363178,0.14153848904829758,0.4430769085884094,0.10538460089610174,0.28500001448851364,0.7352874279022217,0.397595120209914,0.007210504825298614,0.7352246642112732,0.3975323565189655,0.007147741134350127,0.6338199617285711,0.29612765403626345,0.09425696134835193
flows_24,corr_target_defocus_blur_sev5,133,2600,False,True,False,0.26576923076923076,0.26576923076923076,0.7542307692307693,0.9366053169734152,0.9366053169734152,0.6708360862041844,0.18237454774264594,0.6303152117297104,0.7770582007281128,0.36454598096047963,0.022827431497343564,0.5890187469862365,0.5292307734489441,0.26346154267971333,0.22499999578182517,0.3715384602546692,0.10576922948543843,0.38269230897610007,0.7000974416732788,0.43432821090404805,0.05413332755749045,0.7000346779823303,0.43426544721309956,0.05419609124843894,0.5476282584624659,0.2818590276932351,0.20660251076830338
flows_24,corr_target_glass_blur_sev1,134,2600,False,True,False,0.49846153846153846,0.49846153846153846,0.6692307692307692,0.9633173843700159,0.9646911149089262,0.46485584590847745,0.29546034567815704,0.7881272176772862,0.8148915591896306,0.28966567921574776,0.14566078995886145,0.7748140003669901,0.7469230890274048,0.24846155056586633,0.0776923197966356,0.6523076891899109,0.15384615072837243,0.016923080040858296,0.8365225195884705,0.338060981126932,0.16729175035770127,0.836459755897522,0.3379982174359835,0.1672289866667528,0.7699010840353351,0.2714395455737966,0.1006703148045659
flows_24,corr_target_glass_blur_sev2,135,2600,False,True,False,0.4176923076923077,0.4176923076923077,0.6811538461538461,0.962490023942538,0.9633734422002579,0.5447977162502303,0.2822195960464118,0.7367911759321537,0.7994243311348921,0.319098868239846,0.11827048498104598,0.7213294818483531,0.6938461661338806,0.2761538584415729,0.012692319980034505,0.572692334651947,0.15500002695963933,0.10846151150189909,0.8008325099945068,0.38314020230219914,0.11967866384066073,0.8007697463035583,0.38307743861125065,0.11961590014971224,0.6901473594504888,0.2724550517581811,0.008993513296642663
flows_24,corr_target_glass_blur_sev3,136,2600,False,True,False,0.23615384615384616,0.23615384615384616,0.7792307692307693,0.9405052974735125,0.9413295533899096,0.7043514513196664,0.16209878415914036,0.67750542260928,0.7401620937832973,0.4413515764554339,0.039068675447471946,0.5889281029889488,0.5126923322677612,0.27653848611391507,0.26653843696300805,0.36000001430511475,0.12384616815126859,0.41923075492565454,0.700599730014801,0.46444588386095487,0.07863103921596826,0.7005369663238525,0.4643831201700064,0.07869380290691674,0.46877656170334525,0.2326227155494991,0.31045420752742403
flows_24,corr_target_glass_blur_sev4,137,2600,False,True,False,0.18461538461538463,0.18461538461538463,0.821923076923077,0.9460883664369679,0.9469491890213836,0.7614729818215833,0.1250261120983066,0.6935280922209452,0.7681724915573513,0.5089127076055606,0.053750585365725634,0.5826019151002236,0.517307698726654,0.3326923141112694,0.3046153781964229,0.35538461804389954,0.1707692334285149,0.46653845887917744,0.7021836638450623,0.5175682792296776,0.11973941307801472,0.7021209001541138,0.5175055155387291,0.11980217676896321,0.4017619474010541,0.21714656278566946,0.4201611295220229
flows_24,corr_target_glass_blur_sev5,138,2600,False,True,False,0.14923076923076922,0.14923076923076922,0.8515384615384616,0.9396411092985317,0.9398201151912641,0.7904103400677625,0.0882816536528025,0.6890383803114339,0.7876080358187464,0.5398076110806647,0.06393042571971519,0.5721856727589396,0.5134615302085876,0.3642307609778184,0.33807693132987393,0.3488461673259735,0.1996153980952043,0.5026922942124881,0.6969651579856873,0.547734388754918,0.15457330355277432,0.6969023942947388,0.5476716250639695,0.1546360672437228,0.35644419385107273,0.2072134246203035,0.49509426768738884
flows_24,corr_target_gaussian_noise_sev1,139,2600,False,True,False,0.5380769230769231,0.5380769230769231,0.6761538461538461,0.9719256623171213,0.9719256623171213,0.4338487392401982,0.2957718161632752,0.8122546688198666,0.829224849059887,0.2741777457429435,0.15307100290604092,0.8202944864105591,0.7934615612030029,0.2553846381260798,0.11730771504915682,0.7203845977783203,0.1823076747013972,0.04423075162447421,0.8655381202697754,0.32746119719285227,0.18938427411592929,0.8654753565788269,0.3273984335019038,0.1893215104249808,0.8236452715583527,0.28556834848142953,0.14749142540450655
flows_24,corr_target_gaussian_noise_sev2,140,2600,False,True,False,0.48115384615384615,0.48115384615384615,0.6823076923076923,0.9649681528662419,0.965946342996461,0.4838143067123958,0.2836386506887687,0.7801932029584011,0.8202903035320384,0.29903935680455496,0.13798261122434607,0.8025291935787142,0.7869230508804321,0.305769204726586,0.10461535857273985,0.7007692456245422,0.21961539947069608,0.018461553316849955,0.8567718863487244,0.3756180401948782,0.17446419404103208,0.8567091226577759,0.3755552765039297,0.1744014303500836,0.7911525504762711,0.30999870432242493,0.1088448581685788
flows_24,corr_target_gaussian_noise_sev3,141,2600,False,True,False,0.37846153846153846,0.37846153846153846,0.7069230769230769,0.96,0.9601194801995444,0.5815384615384616,0.25319640327646753,0.7123246473132097,0.7960186449804201,0.3338631088516712,0.0890955680573432,0.7630322350563008,0.7415384650230408,0.3630769265615023,0.034615388099963895,0.6461538672447205,0.267692328783182,0.06076920967835642,0.8260385394096375,0.447577000948099,0.11911546248656057,0.825975775718689,0.4475142372571505,0.11905269879561209,0.6982180223626598,0.3197564839011214,0.008705054560417036
flows_24,corr_target_gaussian_noise_sev4,142,2600,False,True,False,0.27884615384615385,0.27884615384615385,0.7657692307692308,0.9503431570448123,0.9508038570230738,0.6714970031986585,0.18503462625384304,0.6517006754956923,0.7599837370166647,0.3728545216495385,0.0057854937525660954,0.7080445524265867,0.6692307591438293,0.3903846052976755,0.09653847162540141,0.5496153831481934,0.2707692293020395,0.2161538476210374,0.7869853377342224,0.5081391838880686,0.021216106964991654,0.7869225740432739,0.5080764201971201,0.021153343274043168,0.5919109169340641,0.3130647630879102,0.1738583138351667
flows_24,corr_target_gaussian_noise_sev5,143,2600,False,True,False,0.17038461538461538,0.17038461538461538,0.8415384615384616,0.9273927392739274,0.9273927392739274,0.757008123889312,0.08585427773546583,0.6275072386930672,0.760304355322126,0.4571226233084519,0.08123410621633553,0.6403894177077583,0.5796154141426086,0.4092307987579933,0.2619230473958529,0.4426923096179962,0.27230769423338086,0.39884615192046535,0.7376365065574646,0.5672518911728492,0.10390195498099697,0.7375737428665161,0.5671891274819008,0.10396471867194546,0.4637975317349543,0.29341291635033895,0.37774092980350726
flows_24,corr_target_shot_noise_sev1,144,2600,False,True,False,0.536923076923077,0.536923076923077,0.6834615384615385,0.9649681528662419,0.9654063571778538,0.428045075943165,0.2819448187163154,0.8048929991523516,0.8258825112027045,0.2679699222292746,0.14242097274116605,0.8104016340495065,0.7919231057167053,0.2550000287936284,0.10846156725516687,0.7142307758331299,0.17730769891005294,0.03076923737159143,0.8620701432228088,0.3251470662997319,0.17860860476127038,0.8620073795318604,0.3250843026087834,0.1785458410703219,0.8217238478365086,0.2848007709134317,0.1382623093749702
flows_24,corr_target_shot_noise_sev2,145,2600,False,True,False,0.4673076923076923,0.4673076923076923,0.6834615384615385,0.962490023942538,0.962490023942538,0.4951823316348457,0.27902848548099957,0.7695255765050186,0.8022962344781238,0.3022178841973263,0.11883469601658536,0.7870862111250158,0.7538461685180664,0.2865384762103741,0.07038463005652795,0.6692307591438293,0.20192306683613703,0.014230779317709108,0.8444811105728149,0.37717341826512263,0.1610195721112765,0.8444183468818665,0.37711065457417414,0.160956808420328,0.7800627189282272,0.3127550266205349,0.09660118046668875
flows_24,corr_target_shot_noise_sev3,146,2600,False,True,False,0.3776923076923077,0.3776923076923077,0.7157692307692308,0.9574979951884522,0.9574979951884522,0.5798056874961446,0.24172876441922142,0.7097610968711046,0.7915765930551474,0.33206878917879684,0.07580736228591656,0.7491506745599854,0.7196153998374939,0.3419230921451862,0.0038461690682630723,0.6138461828231812,0.23615387513087344,0.10192304794604967,0.8158544898033142,0.4381621821110065,0.10008525903408338,0.8157917261123657,0.438099418420058,0.1000224953431349,0.6970819651514524,0.31938965745914466,0.018687265617778448
flows_24,corr_target_shot_noise_sev4,147,2600,False,True,False,0.2519230769230769,0.2519230769230769,0.7834615384615384,0.937908496732026,0.9393460910005027,0.6859854198089491,0.15588455253896427,0.643655678340437,0.7605121121006387,0.3917326014173601,0.022949426360899694,0.6934738555853897,0.6553846001625061,0.4034615232394292,0.12807693829903233,0.5292307734489441,0.2773076965258672,0.25423076501259434,0.776634693145752,0.524711616222675,0.006826845315786478,0.7765719294548035,0.5246488525317266,0.006889609006734965,0.5762418404630073,0.3243187635399304,0.20721969799853113
flows_24,corr_target_shot_noise_sev5,148,2600,False,True,False,0.18423076923076923,0.18423076923076923,0.8323076923076923,0.9238410596026491,0.9238410596026491,0.7396102903718799,0.09153336729495676,0.64992213141235,0.7455034226052014,0.4656913621815808,0.08680426970249089,0.6667295023938958,0.6223077178001404,0.4380769485693712,0.20999997450755192,0.48076921701431274,0.29653844778354355,0.35153847529337956,0.7608631253242493,0.5766323560934801,0.07144456698344304,0.7608003616333008,0.5765695924025316,0.07150733067439152,0.48300710428311144,0.29877633505234225,0.34930058802458086
flows_24,corr_target_impulse_noise_sev1,149,2600,False,True,False,0.4753846153846154,0.4753846153846154,0.6811538461538461,0.9637305699481864,0.9641706778673699,0.488345954563571,0.28301683171352376,0.774657482079342,0.8174733959937811,0.29927286669472664,0.136319549839935,0.7861538063931632,0.7603846192359924,0.285000003851377,0.07923077308214632,0.6696153879165649,0.19423077253194954,0.011538458237281168,0.8437526226043701,0.3683680072197547,0.162598776450524,0.8436898589134216,0.3683052435288062,0.16253601275957552,0.7668364930109177,0.2914518776263023,0.08568264685707161
flows_24,corr_target_impulse_noise_sev2,150,2600,False,True,False,0.43115384615384617,0.43115384615384617,0.6907692307692308,0.9574979951884522,0.9576248594849642,0.5263441490346061,0.26685562871573343,0.7387557276160558,0.7943636196533901,0.3076018814622096,0.10359438888415928,0.7693468830521476,0.7480769157409668,0.31692306958712063,0.057307684971735995,0.6438461542129517,0.2126923080591055,0.04692307655627914,0.8320645093917847,0.4009106632379385,0.14129527862255387,0.8320017457008362,0.40084789954699,0.14123251493160538,0.7454779214184286,0.31432407526458245,0.05470869064919781
flows_24,corr_target_impulse_noise_sev3,151,2600,False,True,False,0.385,0.385,0.7119230769230769,0.9574979951884522,0.9574979951884522,0.5724979951884522,0.24557491826537536,0.7023825852746677,0.7811347203522752,0.3173825852746677,0.06921164342919828,0.7503993095821697,0.7111538648605347,0.32615386486053466,0.0007692120625422127,0.6126922965049744,0.22769229650497436,0.09923078041810252,0.816765308380127,0.43176530838012694,0.10484223145705007,0.8167025446891785,0.43170254468917846,0.10477946776610159,0.7096184900986204,0.3246184900986204,0.002304586824456445
flows_24,corr_target_impulse_noise_sev4,152,2600,False,True,False,0.2623076923076923,0.2623076923076923,0.7769230769230769,0.929600658707287,0.9297048792473449,0.6672929663995948,0.15278180232426797,0.6148720174043416,0.7741478956658363,0.3525643250966493,0.002775181257240633,0.6897908615477549,0.6280769109725952,0.3657692186649029,0.14884616595048172,0.5142307877540588,0.25192309544636654,0.2626922891690181,0.7676396369934082,0.5053319446857159,0.009283439929668735,0.7675768733024597,0.5052691809947674,0.009346203620617222,0.5888851256431289,0.3265774333354366,0.18803795127994805
flows_24,corr_target_impulse_noise_sev5,153,2600,False,True,False,0.1773076923076923,0.1773076923076923,0.833076923076923,0.9211618257261412,0.9221883809185262,0.743854133418449,0.08911145784160313,0.6163442231909995,0.735242599319527,0.4390365308833072,0.09783432375739609,0.6316227286025343,0.569615364074707,0.39230767176701475,0.263461559002216,0.4303846061229706,0.2530769138152783,0.40269231695395247,0.7307078242301941,0.5534001319225018,0.10236909884672896,0.7306450605392456,0.5533373682315533,0.10243186253767744,0.4744858321599893,0.297178139852297,0.35859109091693375
flows_24,corr_target_contrast_sev1,154,2600,False,True,False,0.571923076923077,0.571923076923077,0.6857692307692308,0.9666136724960255,0.9666136724960255,0.3946905955729485,0.2808444417267947,0.8326906048577559,0.8542910239233968,0.26076752793467894,0.16852179315416604,0.816758160688864,0.7919231057167053,0.22000002879362834,0.10615387494747452,0.7253845930099487,0.15346151608687175,0.03961536224071793,0.8657048940658569,0.29378181714277996,0.17993566329662614,0.8656421303749084,0.29371905345183147,0.17987289960567765,0.8099263313222963,0.23800325439921932,0.1241571005530655
flows_24,corr_target_contrast_sev2,155,2600,False,True,False,0.5380769230769231,0.5380769230769231,0.6915384615384615,0.9662027833001989,0.9666390885456492,0.4281258602232758,0.2751006270071876,0.8124011490502714,0.8418497173113778,0.27432422597334827,0.15031125577291626,0.8011331457313723,0.7734615206718445,0.23538459759492136,0.08192305913338294,0.6915384531021118,0.1534615300251887,8.436349729912251e-09,0.8538926243782043,0.3158157013012812,0.1623541628397428,0.8538298606872559,0.31575293761033274,0.1622913991487943,0.7872954754924093,0.24921855241548618,0.09575701395394776
flows_24,corr_target_contrast_sev3,156,2600,False,True,False,0.48115384615384615,0.48115384615384615,0.6773076923076923,0.9616613418530352,0.9616613418530352,0.48050749569918905,0.2843536495453429,0.7615874363386702,0.8194728628302789,0.28043359018482406,0.1421651705225866,0.7697342139727954,0.739230751991272,0.2580769058374258,0.061923059683579695,0.6523076891899109,0.17115384303606473,0.02500000311778139,0.8300389051437378,0.34888505898989164,0.15273121283604552,0.8299761414527893,0.34882229529894315,0.15266844914509703,0.7355708252897077,0.2544169791358616,0.058263132982015464
flows_24,corr_target_contrast_sev4,157,2600,False,True,False,0.3353846153846154,0.3353846153846154,0.7265384615384616,0.9486453699959562,0.9486453699959562,0.6132607546113408,0.2221069084574946,0.6697628656000296,0.7886656400152258,0.33437825021541423,0.06212717847676419,0.6843768835783449,0.635769248008728,0.30038463262411264,0.09076921352973355,0.5184615254402161,0.18307691005560067,0.2080769360982455,0.767293393611908,0.43190877822729257,0.04075493207344638,0.7672306299209595,0.4318460145363441,0.040692168382497895,0.6031111283013262,0.2677265129167108,0.1234273332371354
flows_24,corr_target_contrast_sev5,158,2600,False,True,False,0.19076923076923077,0.19076923076923077,0.8196153846153846,0.9494949494949495,0.9494949494949495,0.7587257187257187,0.12987956487956487,0.5719073296531836,0.7364013356306631,0.3811380988839528,0.08321404898472151,0.561415416284512,0.4950000047683716,0.3042307739991408,0.32461537984701305,0.3361538350582123,0.1453846042889815,0.48346154955717235,0.6812278628349304,0.4904586320656996,0.13838752178045421,0.6811650991439819,0.49039586837475113,0.1384502854714027,0.459785823385889,0.2690165926166582,0.3598295612294956
flows_24,corr_target_elastic_transform_sev1,159,2600,False,True,False,0.5676923076923077,0.5676923076923077,0.6857692307692308,0.9727380482022916,0.9731643011275568,0.4050457405099839,0.287395070358326,0.8302523578253571,0.8473061268660499,0.2625600501330494,0.1615368960968191,0.8172480477542867,0.8084615468978882,0.24076923920558047,0.12269231612865739,0.7261538505554199,0.1584615428631122,0.040384619786189124,0.8690030574798584,0.3013107497875507,0.1832338267106276,0.8689402937889099,0.3012479860966022,0.18317106301967911,0.8040551462770577,0.23636283858474993,0.11828591550782686
flows_24,corr_target_elastic_transform_sev2,160,2600,False,True,False,0.40615384615384614,0.40615384615384614,0.6846153846153846,0.9460883664369679,0.9470222319229211,0.5399345202831218,0.2624068473075365,0.7161493816717848,0.8134981796856884,0.3099955355179386,0.12888279507030376,0.7371074934501372,0.7084615230560303,0.30230767690218413,0.023846138440645648,0.5957692265510559,0.18961538039720977,0.08884615806432872,0.8102203011512756,0.4040664549974295,0.125604916535891,0.8101575374603271,0.404003691306481,0.12554215284494252,0.6948296414128087,0.28867579525896253,0.010214256797424048
flows_24,corr_target_elastic_transform_sev3,161,2600,False,True,False,0.4492307692307692,0.4492307692307692,0.6911538461538461,0.954983922829582,0.9551181874495195,0.5057531535988128,0.26396434129567337,0.7640611853674543,0.8382019811263883,0.31483041613668505,0.1470481349725422,0.7580586342893186,0.739230751991272,0.28999998276050276,0.048076905837425854,0.6376923322677612,0.18846156303699202,0.05346151388608489,0.8280107975006104,0.37878002826984114,0.13685695134676423,0.8279480338096619,0.37871726457889265,0.13679418765581575,0.7166723105510373,0.2674415413202681,0.025518464397191187
flows_24,corr_target_elastic_transform_sev4,162,2600,False,True,False,0.35115384615384615,0.35115384615384615,0.7119230769230769,0.9520354695687223,0.9520354695687223,0.6008816234148762,0.24011239264564543,0.7097397060033264,0.7934276697425765,0.3585858598494802,0.08150459281949962,0.7002508438055945,0.6603845953941345,0.30923074924028837,0.05153848152894236,0.5392307639122009,0.18807691775835478,0.17269231301087595,0.7811888456344604,0.4300349994806143,0.06926576871138357,0.781126081943512,0.4299722357896658,0.06920300502043508,0.6036112117600463,0.25245736560620013,0.1083118651630306
flows_24,corr_target_elastic_transform_sev5,163,2600,False,True,False,0.19,0.19,0.8238461538461539,0.9344262295081966,0.9344262295081966,0.7444262295081967,0.11058007566204275,0.6760401811032035,0.759792612689506,0.4860401811032035,0.06405354115664785,0.6323674239478068,0.5819230675697327,0.39192306756973266,0.24192308627642123,0.4307692348957062,0.24076923489570617,0.3930769189504477,0.7372749447822571,0.5472749447822571,0.08657120906389681,0.7372121810913086,0.5472121810913086,0.0866339727548453,0.42697435018812524,0.23697435018812524,0.39687180365802865
flows_24,corr_target_pixelate_sev1,164,2600,False,True,False,0.573076923076923,0.573076923076923,0.6796153846153846,0.9694807768529528,0.9694807768529528,0.3964038537760297,0.28986539223756813,0.8391416896049303,0.8453005361687296,0.26606476652800726,0.16568515155334496,0.8160091844155882,0.7980769276618958,0.2250000045849727,0.11846154304651113,0.7276923060417175,0.1546153829647945,0.04807692142633291,0.8678061366081238,0.29472921353120074,0.18819075199273916,0.8677433729171753,0.29466644984025225,0.18812798830179067,0.8056906504442684,0.2326137273673453,0.12607526582888373
flows_24,corr_target_pixelate_sev2,165,2600,False,True,False,0.565,0.565,0.6811538461538461,0.9690721649484536,0.9690721649484536,0.40407216494845366,0.2879183187946075,0.8316842519827402,0.844521371974299,0.26668425198274026,0.16336752582045289,0.8092775181940273,0.7938461303710938,0.2288461303710938,0.11269228421724764,0.7173076868057251,0.15230768680572515,0.03615384065187899,0.8628649711608887,0.2978649711608887,0.18171112500704256,0.8628022074699402,0.29780220746994024,0.18164836131609408,0.7935431463733026,0.22854314637330264,0.11238930021945648
flows_24,corr_target_pixelate_sev3,166,2600,False,True,False,0.5007692307692307,0.5007692307692307,0.675,0.9682539682539683,0.9686871184371185,0.4674847374847375,0.2936871184371185,0.7976879222375565,0.8302713647619013,0.2969186914683257,0.1552713647619013,0.7793941280122761,0.7669230699539185,0.2661538391846877,0.09192306995391841,0.6630769371986389,0.16230770642940817,0.011923062801361128,0.8424654603004456,0.3416962295312148,0.1674654603004455,0.8424026966094971,0.3416334658402663,0.16740269660949703,0.7554658676415522,0.25469663687232147,0.08046586764155217
flows_24,corr_target_pixelate_sev4,167,2600,False,True,False,0.42653846153846153,0.42653846153846153,0.6807692307692308,0.9443767762890783,0.9443767762890783,0.5178383147506168,0.26360754551984755,0.7294208579762455,0.7882478201540519,0.3028823964377839,0.10747858938482113,0.7247289109375944,0.6792307496070862,0.25269228806862465,0.0015384811621446115,0.5734615325927734,0.1469230710543119,0.10730769817645736,0.7982516884803772,0.37171322694191566,0.1174824577111464,0.7981889247894287,0.3716504632509672,0.11741969402019792,0.6880723240211645,0.26153386248270294,0.007303093251933679
flows_24,corr_target_pixelate_sev5,168,2600,False,True,False,0.3607692307692308,0.3607692307692308,0.7107692307692308,0.929600658707287,0.9299305267532665,0.5688314279380562,0.21916129598403566,0.6675478001773301,0.7756505525722468,0.3067785694080993,0.06488132180301598,0.6831963711496045,0.6388461589813232,0.27807692821209246,0.07192307178790758,0.5176923274993896,0.15692309673015886,0.19307690326984117,0.7677329182624817,0.4069636874932509,0.05696368749325087,0.7676701545715332,0.4069009238023024,0.05690092380230238,0.6385247773056432,0.2777555465364124,0.07224445346358765
flows_24,corr_target_jpeg_compression_sev1,169,2600,False,True,False,0.5715384615384616,0.5715384615384616,0.6953846153846154,0.9723320158102767,0.9723320158102767,0.4007935542718152,0.27694740042566135,0.841773099003732,0.8538672183268092,0.27023463746527043,0.15848260294219385,0.8235380338822883,0.8100000023841858,0.23846154084572424,0.11461538699957041,0.7357692122459412,0.1642307507074796,0.04038459686132578,0.872768759727478,0.3012302981890165,0.17738414434286265,0.8727059960365295,0.301167534498068,0.17732138065191416,0.7796247945224778,0.20808633298401624,0.08424017913786241
flows_24,corr_target_jpeg_compression_sev2,170,2600,False,True,False,0.5526923076923077,0.5526923076923077,0.681923076923077,0.9649681528662419,0.9658439490445859,0.41227584517393423,0.28392087212150896,0.8238066235936115,0.8457184159755402,0.27111431590130375,0.16379533905246324,0.8158067709719533,0.7980769276618958,0.24538461996958805,0.11615385073881879,0.7246153950691223,0.1719230873768146,0.04269231814604535,0.8654438853263855,0.3127515776340778,0.18352080840330853,0.865381121635437,0.3126888139431293,0.18345804471236005,0.7668439552479505,0.21415164755564275,0.0849208783248735
flows_24,corr_target_jpeg_compression_sev3,171,2600,False,True,False,0.5453846153846154,0.5453846153846154,0.6703846153846154,0.962490023942538,0.9629877896610242,0.41710540855792266,0.2926031742764088,0.8238189557112793,0.8460929165955837,0.2784343403266639,0.17570830121096837,0.8107477377722093,0.7919231057167053,0.24653849033208997,0.12153849033208997,0.7153846025466919,0.16999998716207654,0.04499998716207654,0.8638689517974854,0.31848433641287,0.19348433641287,0.8638061881065369,0.3184215727219215,0.1934215727219215,0.7593909834685659,0.21400636808395057,0.08900636808395057
flows_24,corr_target_jpeg_compression_sev4,172,2600,False,True,False,0.49,0.49,0.675,0.9616613418530352,0.9616613418530352,0.4716613418530352,0.28666134185303516,0.7966407838792869,0.8211626051368528,0.30664078387928695,0.14616260513685275,0.7816035521802481,0.7507692575454712,0.2607692575454712,0.07576925754547115,0.6565384864807129,0.1665384864807129,0.018461513519287154,0.8410285711288452,0.3510285711288452,0.16602857112884517,0.8409658074378967,0.35096580743789674,0.16596580743789668,0.7244879292311569,0.2344879292311569,0.04948792923115686
flows_24,corr_target_jpeg_compression_sev5,173,2600,False,True,False,0.41923076923076924,0.41923076923076924,0.6876923076923077,0.956661316211878,0.9572404446778346,0.5374305469811087,0.26954813698552693,0.7433827395653676,0.7979759724669657,0.32415197033459836,0.11028366477465801,0.7387682143244668,0.7080768942832947,0.28884612505252544,0.020384586590986964,0.6019230484962463,0.1826922792654771,0.08576925919606138,0.8110259771347046,0.39179520790393535,0.12333366944239688,0.8109632134437561,0.39173244421298686,0.12327090575144839,0.6821402656765756,0.26290949644580636,0.005552042015732117
flows_24,corr_target_speckle_noise_sev1,174,2600,False,True,False,0.5457692307692308,0.5457692307692308,0.6757692307692308,0.9727380482022916,0.9727380482022916,0.4269688174330608,0.2969688174330608,0.821067496971647,0.8414346920422993,0.27529826620241626,0.16566546127306847,0.8151965526041763,0.7973076701164246,0.2515384393471938,0.12153843934719377,0.7226923108100891,0.17692308004085833,0.04692308004085832,0.866203248500824,0.3204340177315932,0.19043401773159319,0.8661404848098755,0.3203712540406447,0.1903712540406447,0.8159512028448449,0.2701819720756141,0.14018197207561411
flows_24,corr_target_speckle_noise_sev2,175,2600,False,True,False,0.5088461538461538,0.5088461538461538,0.6715384615384615,0.9666136724960255,0.9666136724960255,0.45776751864987164,0.29507521095756395,0.8097852355421624,0.8362564440121252,0.3009390816960086,0.16471798247366365,0.8031557911492866,0.7892307639122009,0.2803846100660471,0.1176923023737394,0.704230785369873,0.1953846315237192,0.03269232383141152,0.858587920665741,0.34974176681958713,0.18704945912727944,0.8585251569747925,0.34967900312863864,0.18698669543633095,0.796067759174845,0.2872216053286911,0.12452929763638343
flows_24,corr_target_speckle_noise_sev3,176,2600,False,True,False,0.4026923076923077,0.4026923076923077,0.6984615384615385,0.96,0.96,0.5573076923076923,0.2615384615384615,0.7382589827204683,0.7886487457939126,0.3355666750281606,0.09018720733237418,0.755080876608404,0.7230769395828247,0.320384631890517,0.02461540112128624,0.6203846335411072,0.2176923258487995,0.07807690492043129,0.8190593123435974,0.41636700465128973,0.12059777388205895,0.8189965486526489,0.41630424096034124,0.12053501019111046,0.7116701017499149,0.30897779405760717,0.013208563288376385
flows_24,corr_target_speckle_noise_sev4,177,2600,False,True,False,0.33576923076923076,0.33576923076923076,0.73,0.9465153970826579,0.9476821376341464,0.610746166313427,0.21768213763414646,0.6892700572704196,0.7826536032988265,0.3535008265011888,0.05265360329882651,0.7247373797299488,0.6742307543754578,0.338461523606227,0.05576924562454222,0.574999988079071,0.23923075730984028,0.15500001192092894,0.7944521903991699,0.45868295962993916,0.06445219039916994,0.7943894267082214,0.45862019593899067,0.06438942670822145,0.6568495201215954,0.3210802893523646,0.07315047987840462
flows_24,corr_target_speckle_noise_sev5,178,2600,False,True,False,0.2773076923076923,0.2773076923076923,0.7592307692307693,0.9374744585206376,0.9377515266235147,0.6601667662129453,0.17852075739274542,0.6611012112592112,0.761457377436889,0.38379351895151886,0.002226608206119751,0.6987683398253159,0.6523076891899109,0.3749999968822186,0.10692308004085838,0.5311538577079773,0.253846165400285,0.22807691152279197,0.7790906429290771,0.5017829506213849,0.019859873698307884,0.7790278792381287,0.5017201869304364,0.019797110007359398,0.5951032766349073,0.31779558432721494,0.164127492595862
flows_24,corr_target_spatter_sev1,179,2600,False,True,False,0.5965384615384616,0.5965384615384616,0.696923076923077,0.9723320158102767,0.9727588932806325,0.37579355427181516,0.2758358163575555,0.8438934070850727,0.8611080365051584,0.24735494554661108,0.16418495958208146,0.832784373051188,0.8176922798156738,0.22115381827721226,0.12076920289259685,0.7484615445137024,0.15192308297524082,0.051538467590625414,0.879669189453125,0.2831307279146634,0.18274611253004802,0.8796064257621765,0.28306796422371494,0.18268334883909954,0.812008244176151,0.21546978263768946,0.11508516725307405
flows_24,corr_target_spatter_sev2,180,2600,False,True,False,0.5342307692307692,0.5342307692307692,0.6842307692307692,0.9694807768529528,0.9694807768529528,0.4352500076221836,0.28525000762218355,0.8106784240544549,0.8405711732456288,0.2764476548236857,0.1563404040148596,0.804476364374657,0.7865384817123413,0.25230771248157213,0.10230771248157211,0.7107692360877991,0.1765384668570299,0.026538466857029874,0.8587584495544434,0.3245276803236742,0.17452768032367416,0.8586956858634949,0.3244649166327257,0.17446491663272568,0.7712788904884198,0.23704812125765062,0.0870481212576506
flows_24,corr_target_spatter_sev3,181,2600,False,True,False,0.48307692307692307,0.48307692307692307,0.6884615384615385,0.948220064724919,0.9486840303709235,0.465143141647996,0.26022249190938507,0.7581794168497272,0.8288253995488881,0.27510249377280416,0.14036386108734966,0.7698672949955071,0.7403846383094788,0.2573077152325557,0.0519230998479403,0.6484615206718445,0.1653845975949214,0.040000017789693976,0.8315183520317078,0.3484414289547847,0.1430568135701693,0.8314555883407593,0.3483786652638362,0.14299404987922082,0.7462298674041759,0.2631529443272528,0.05776832894263739
flows_24,corr_target_spatter_sev4,182,2600,False,True,False,0.4153846153846154,0.4153846153846154,0.675,0.9583333333333335,0.9596767135108482,0.542948717948718,0.2846767135108481,0.7704707830088375,0.8106365235319823,0.3550861676242221,0.1356365235319823,0.7613932910765968,0.7346153855323792,0.31923077014776374,0.059615385532379106,0.6376923322677612,0.22230771688314582,0.037307667732238814,0.8265445828437805,0.4111599674591651,0.15154458284378047,0.826481819152832,0.4110972037682166,0.151481819152832,0.7182643493446196,0.30287973396000417,0.043264349344619535
flows_24,corr_target_spatter_sev5,183,2600,False,True,False,0.3261538461538461,0.3261538461538461,0.6988461538461539,0.9591673338670936,0.9591673338670936,0.6330134877132475,0.26032118002093974,0.7427568603322788,0.8188037081893673,0.4166030141784327,0.11995755434321342,0.7457673454825827,0.7115384340286255,0.38538458787477936,0.012692280182471594,0.6053845882415771,0.279230742087731,0.09346156560457675,0.8151075839996338,0.48895373784578766,0.1162614301534799,0.8150448203086853,0.4888909741548392,0.11619866646253141,0.6361685926789578,0.31001474652511163,0.06267756116719614
flows_24,corr_target_gaussian_blur_sev1,184,2600,False,True,False,0.583076923076923,0.583076923076923,0.6834615384615385,0.9649681528662419,0.9650208187356328,0.3818912297893189,0.2815592802740944,0.8434636520052424,0.8538171311586585,0.2603867289283194,0.17035559269712008,0.8213103692384762,0.8026922941207886,0.21961537104386553,0.11923075565925012,0.7311538457870483,0.1480769227101253,0.047692307325509886,0.868850588798523,0.2857736657215999,0.1853890503369845,0.8687878251075745,0.2857109020306514,0.185326286646036,0.8089353083285105,0.2258583852515874,0.125473769866972
flows_24,corr_target_gaussian_blur_sev2,185,2600,False,True,False,0.4973076923076923,0.4973076923076923,0.6907692307692308,0.9604158336665334,0.9604158336665334,0.4631081413588411,0.2696466028973026,0.8006488179147291,0.8336539267712636,0.3033411256070368,0.1428846960020328,0.7732670963393574,0.7469230890274048,0.2496153967197125,0.05615385825817398,0.6534615159034729,0.15615382359578062,0.0373077148657579,0.8352451920509338,0.33793749974324155,0.14447596128170304,0.8351824283599854,0.33787473605229307,0.14441319759075455,0.7747021874319698,0.27739449512427755,0.08393295666273903
flows_24,corr_target_gaussian_blur_sev3,186,2600,False,True,False,0.43,0.43,0.7007692307692308,0.948220064724919,0.9492235115288554,0.5182200647249191,0.2484542807596246,0.7412032461210045,0.802705376346312,0.31120324612100453,0.1019361455770812,0.7164778875294655,0.6788461804389954,0.24884618043899537,0.02192305033023545,0.5615384578704834,0.1315384578704834,0.1392307728987474,0.7941939830780029,0.36419398307800294,0.09342475230877212,0.7941312193870544,0.36413121938705445,0.09336198861782363,0.7292786195968248,0.29927861959682484,0.028509388827594018
flows_24,corr_target_gaussian_blur_sev4,187,2600,False,True,False,0.3630769230769231,0.3630769230769231,0.7138461538461538,0.9387755102040818,0.9399110156883266,0.5756985871271587,0.22606486184217278,0.6792572140013423,0.7877625829360894,0.31618029092441924,0.07391642908993556,0.6528968933786616,0.5961538553237915,0.23307693224686843,0.11769229852236229,0.4692307710647583,0.10615384798783523,0.2446153827813955,0.747456431388855,0.3843795083119319,0.033610277542701184,0.7473936676979065,0.3843167446209834,0.0335475138517527,0.668812761688189,0.30573583861126596,0.04503339215796476
flows_24,corr_target_gaussian_blur_sev5,188,2600,False,True,False,0.2323076923076923,0.2323076923076923,0.7738461538461539,0.9247311827956988,0.9280994584964809,0.6924234904880064,0.15425330465032705,0.5945430382950425,0.7782649149500112,0.3622353459873502,0.004418761103857305,0.5494503155788981,0.4719230830669403,0.239615390759248,0.30192307077921354,0.32346153259277344,0.09115384028508114,0.4503846212533804,0.6703373789787292,0.4380296866710369,0.1035087748674246,0.6702746152877808,0.43796692298008844,0.10357153855837309,0.5011576615719397,0.2688499692642474,0.2726884922742141
flows_24,corr_target_saturate_sev1,189,2600,False,True,False,0.5773076923076923,0.5773076923076923,0.6976923076923077,0.9682539682539683,0.9690485182722445,0.39094627594627596,0.27135621057993675,0.8460566152151192,0.8531724988434537,0.2687489229074269,0.15548019115114597,0.8286127948392618,0.8199999928474426,0.24269230053975033,0.1223076851551349,0.7484615445137024,0.1711538522060101,0.05076923682139467,0.8788324594497681,0.30152476714207577,0.18114015175746034,0.8787696957588196,0.3014620034511273,0.18107738806651186,0.786787235663756,0.20947954335606367,0.08909492797144825
flows_24,corr_target_saturate_sev2,190,2600,False,True,False,0.5734615384615385,0.5734615384615385,0.7,0.9682539682539683,0.9683017467733624,0.3947924297924298,0.2683017467733625,0.8451395694248341,0.859311477687897,0.2716780309632957,0.159311477687897,0.8239342989135516,0.8038461804389954,0.2303846419774569,0.1038461804389954,0.733846127986908,0.1603845895253695,0.033846127986908,0.8726176619529724,0.29915612349143395,0.17261766195297246,0.8725548982620239,0.29909335980048546,0.17255489826202397,0.8028833666615152,0.2294218281999767,0.10288336666151521
flows_24,corr_target_saturate_sev3,191,2600,False,True,False,0.5957692307692307,0.5957692307692307,0.6992307692307692,0.9735491512041057,0.9737796972327758,0.37777992043487496,0.2745489280020066,0.8414724759138249,0.8666427208852177,0.24570324514459418,0.16741195165444844,0.8323412039391926,0.8192307949066162,0.2234615641373855,0.120000025675847,0.7473077178001404,0.15153848703090966,0.04807694856937117,0.8790544271469116,0.2832851963776809,0.1798236579161424,0.8789916634559631,0.2832224326867324,0.17976089422519392,0.8268748183746307,0.2311055876054,0.12764404914386152
flows_24,corr_target_saturate_sev4,192,2600,False,True,False,0.5788461538461539,0.5788461538461539,0.693076923076923,0.9666136724960255,0.9670493457258164,0.3877675186498716,0.2739724226488933,0.8191165492171282,0.8534823235275124,0.24027039537097428,0.16040540045058937,0.8193457955395635,0.7946153879165649,0.21576923407041104,0.1015384648396419,0.7238461375236511,0.14499998367749722,0.030769214446728088,0.8678777813911438,0.2890316275449899,0.17480085831422076,0.8678150177001953,0.2889688638540414,0.17473809462327228,0.8307968911272685,0.2519507372811146,0.13771996805034548
flows_24,corr_target_saturate_sev5,193,2600,False,True,False,0.545,0.545,0.686923076923077,0.9616613418530352,0.9621616090673989,0.41666134185303516,0.2752385321443219,0.7820986633917683,0.8244496137787902,0.23709866339176822,0.13752653685571326,0.7973364279106928,0.7669230699539185,0.22192306995391842,0.07999999303084149,0.6792307496070862,0.13423074960708614,0.007692327315990788,0.8502680063247681,0.305268006324768,0.1633449294016911,0.8502052426338196,0.30520524263381954,0.1632821657107426,0.8104826347718338,0.26548263477183376,0.12355955784875683
