config,testset,testset_idx,n_samples,is_source,is_target,is_clean,true_acc,acc_st_true,acc_ta_true,acc_st_tdc,acc_ta_tdc,err_st_tdc,err_ta_tdc,acc_st_mm,acc_ta_mm,err_st_mm,err_ta_mm,mano_fro_norm,est_ATC,err_ATC,err_ta_ATC,est_ATC-NE,err_ATC-NE,err_ta_ATC-NE,est_AC,err_AC,err_ta_AC,est_DOC,err_DOC,err_ta_DOC,est_COT,err_COT,err_ta_COT
seed_42,val_source,0,10000,True,False,True,0.964,0.964,0.9642,0.9950758717716811,0.9950758717716811,0.03107587177168114,0.030875871771681163,0.9903597611222614,0.9903597611222614,0.02635976112226146,0.026159761122261482,0.9783173361354555,0.981499969959259,0.017499969959259065,0.017299969959259087,0.9738999605178833,0.009899960517883333,0.009699960517883355,0.9852292537689209,0.02122925376892093,0.021029253768920952,0.9851664900779724,0.021166490077972444,0.020966490077972466,0.9704303270579628,0.00643032705796287,0.006230327057962892
seed_42,val_target,1,66400,False,True,True,0.6698192771084337,0.6698192771084337,0.725105421686747,0.9510931378743839,0.951190127580109,0.2812738607659502,0.22608470589336205,0.8627832598197382,0.8711774611631429,0.19296398271130455,0.1460720394763959,0.8610611326180235,0.8532229065895081,0.18340362948107436,0.1281174849027611,0.7965210676193237,0.12670179051089003,0.07141564593257677,0.9003279805183411,0.23050870340990737,0.1752225588315941,0.9002652168273926,0.23044593971895888,0.1751597951406456,0.8553508780648118,0.1855316009563781,0.13024545637806484
seed_42,imagenet_val_source,2,2600,True,False,True,0.9326923076923077,0.9326923076923077,0.9411538461538461,0.9898989898989898,0.9902988464526925,0.057206682206682125,0.049145000298846386,0.9826102530927084,0.9826102530927084,0.04991794540040073,0.04145640693886232,0.9664690066114121,0.9661538600921631,0.03346155239985538,0.025000013938316967,0.9553846120834351,0.02269230439112735,0.01423076592958894,0.9758748412132263,0.04318253352091861,0.0347209950593802,0.9758120775222778,0.04311976982997012,0.03465823136843171,0.9647043488852605,0.032012041192952756,0.023550502731414347
seed_42,imagenet_val_target,3,2600,False,True,True,0.6388461538461538,0.6388461538461538,0.7057692307692308,0.9443767762890783,0.9443767762890783,0.3055306224429245,0.23860754551984753,0.8534781043701345,0.8629034184999481,0.21463195052398065,0.1571341877307173,0.8529742532149975,0.8376923203468323,0.19884616650067843,0.13192308957760146,0.7869230508804321,0.1480768970342783,0.08115382011120131,0.893774688243866,0.2549285343977121,0.18800545747463515,0.8937119245529175,0.25486577070676364,0.18794269378368667,0.848365893274902,0.20951973942874813,0.14259666250567116
seed_42,corr_source_fog_sev1,4,2600,True,False,False,0.8442307692307692,0.8442307692307692,0.8676923076923077,0.9799921537857984,0.9804072486948124,0.13576138455502917,0.11271494100250479,0.932766970392198,0.9330187845279319,0.0885362011614288,0.0653264768356242,0.9205700133236929,0.9142307639122009,0.0699999946814317,0.046538456219893276,0.8873077034950256,0.043076934264256406,0.019615395802717983,0.9422116279602051,0.09798085872943585,0.07451932026789743,0.9421488642692566,0.09791809503848736,0.07445655657694894,0.9010821228729884,0.05685135364221916,0.03338981518068074
seed_42,corr_source_fog_sev2,5,2600,True,False,False,0.8088461538461539,0.8088461538461539,0.8492307692307692,0.9674344718030182,0.9679172900624502,0.15858831795686434,0.11868652083168096,0.9052025627041818,0.9069937977948582,0.09635640885802788,0.05776302856408899,0.9018219683241305,0.8884615302085876,0.07961537636243377,0.03923076097781841,0.858846127986908,0.04999997414075408,0.009615358756138725,0.9270696640014648,0.11822351015531096,0.07783889477069561,0.9270069003105164,0.11816074646436248,0.07777613107974712,0.8750560559571434,0.06620990211098954,0.025825286726374186
seed_42,corr_source_fog_sev3,6,2600,True,False,False,0.75,0.75,0.811923076923077,0.956661316211878,0.9584615384615385,0.206661316211878,0.1465384615384615,0.8708094522317309,0.8715678963346137,0.1208094522317309,0.059644819411536765,0.8738510361960344,0.8676922917366028,0.11769229173660278,0.055769214813525814,0.813076913356781,0.063076913356781,0.0011538364337040363,0.9090059995651245,0.1590059995651245,0.09708292264204754,0.908943235874176,0.15894323587417603,0.09702015895109906,0.8317281633891073,0.08172816338910727,0.019805086466030297
seed_42,corr_source_fog_sev4,7,2600,True,False,False,0.678076923076923,0.678076923076923,0.7715384615384615,0.9452332657200812,0.9466370728662818,0.26715634264315813,0.17509861132782034,0.8352849602874776,0.8465524044689403,0.15720803721055454,0.0750139429304788,0.8503254755447722,0.8342307806015015,0.15615385752457844,0.06269231906303996,0.7726923227310181,0.09461539965409504,0.00115386119255656,0.8899754285812378,0.21189850550431477,0.11843696704277629,0.8899126648902893,0.21183574181336629,0.1183742033518278,0.7785979344094915,0.10052101133256852,0.007059472871030037
seed_42,corr_source_fog_sev5,8,2600,True,False,False,0.5219230769230769,0.5219230769230769,0.7138461538461538,0.9331144850225689,0.9331144850225689,0.41119140809949195,0.2192683311764151,0.7582682705072455,0.8164642345346366,0.2363451935841686,0.10261808068848277,0.8029547736604352,0.7823076844215393,0.2603846074984624,0.06846153057538551,0.7065384387969971,0.18461536187392014,0.007307715049156727,0.8567463755607605,0.33482329863768356,0.1429002217146067,0.856683611869812,0.3347605349467351,0.14283745802365821,0.6355637916615833,0.11364071473850634,0.07828236218457052
seed_42,corr_source_frost_sev1,9,2600,True,False,False,0.8369230769230769,0.8369230769230769,0.8703846153846154,0.9666136724960255,0.9668111192727152,0.1296905955729486,0.09642650388809981,0.9224339927218997,0.9272897287532008,0.08551091579882286,0.05690511336858539,0.9124040500937168,0.9107692241668701,0.07384614724379324,0.040384608782254694,0.8757692575454712,0.03884618062239431,0.005384642160855768,0.9362908601760864,0.09936778325300955,0.065906244791471,0.9362280964851379,0.09930501956206106,0.06584348110052252,0.9020479545093515,0.06512487758627461,0.03166333912473607
seed_42,corr_source_frost_sev2,10,2600,True,False,False,0.7184615384615385,0.7184615384615385,0.7903846153846154,0.9465153970826579,0.9474359935462571,0.22805385862111938,0.15705137816164172,0.8391015064195552,0.8541663214731142,0.12063996795801668,0.06378170608849887,0.8515999822622811,0.8296154141426086,0.11115387568107016,0.03923079875799329,0.7769230604171753,0.05846152195563681,0.01346155496744006,0.8895532488822937,0.17109171042075522,0.09916863349767835,0.8894904851913452,0.17102894672980673,0.09910586980672986,0.8156755228702348,0.09721398440869633,0.025290907485619463
seed_42,corr_source_frost_sev3,11,2600,True,False,False,0.6234615384615385,0.6234615384615385,0.7592307692307693,0.9348627611634577,0.9348627611634577,0.31140122270191917,0.1756319919326884,0.7757964024852196,0.8029598569028844,0.15233486402368113,0.04372908767211514,0.8064114368958077,0.7799999713897705,0.156538432928232,0.020769202159001243,0.7092307806015015,0.08576924213996295,0.0499999886292678,0.8591588139533997,0.23569727549186115,0.0999280447226304,0.8590960502624512,0.23563451180091266,0.09986528103168191,0.7434144028790695,0.11995286441753095,0.015816366351699807
seed_42,corr_source_frost_sev4,12,2600,True,False,False,0.6061538461538462,0.6061538461538462,0.7492307692307693,0.9202657807308972,0.9202657807308972,0.314111934577051,0.1710350115001279,0.7597652907172744,0.7953922531260315,0.15361144456342823,0.0461614838952622,0.7944821656963086,0.7638461589813232,0.1576923128274771,0.014615389750553986,0.6865384578704834,0.08038461171663724,0.06269231136028586,0.8474661707878113,0.24131232463396513,0.09823540155704202,0.8474034070968628,0.24124956094301664,0.09817263786609354,0.7226609353860756,0.11650708923222941,0.02656983384469369
seed_42,corr_source_frost_sev5,13,2600,True,False,False,0.5326923076923077,0.5326923076923077,0.7384615384615385,0.9198171998338179,0.9198171998338179,0.38712489214151025,0.18135566137227943,0.7224529773541593,0.7806239509857618,0.18976066966185157,0.04216241252422326,0.7650360816164614,0.7265384793281555,0.19384617163584783,0.011923059133382985,0.6376923322677612,0.10500002457545354,0.10076920619377727,0.8271726369857788,0.2944803292934711,0.0887110985242403,0.8271098732948303,0.29441756560252264,0.08864833483329182,0.6651682153076358,0.13247590761532813,0.07329332315390269
seed_42,corr_source_motion_blur_sev1,14,2600,True,False,False,0.8619230769230769,0.8619230769230769,0.8834615384615384,0.9747634069400631,0.9748758168444428,0.11284033001698623,0.09141427838290439,0.9410086214190756,0.9456059089879026,0.0790855444959987,0.062144370526364234,0.9248701124393709,0.9196153879165649,0.05769231099348804,0.03615384945502653,0.8915384411811829,0.02961536425810596,0.008076902719644452,0.9459293484687805,0.08400627154570361,0.06246781000724211,0.945866584777832,0.08394350785475513,0.06240504631629362,0.9265318424172116,0.06460876549413475,0.04307030395567324
seed_42,corr_source_motion_blur_sev2,15,2600,True,False,False,0.7907692307692308,0.7907692307692308,0.8442307692307692,0.9682539682539683,0.969334393484094,0.17748473748473748,0.12510362425332477,0.8958912464086433,0.9048100034962767,0.10512201563941248,0.06057923426550749,0.884387423712368,0.8746153712272644,0.08384614045803362,0.030384601996495175,0.829230785369873,0.03846155460064227,0.014999983860896182,0.9159390926361084,0.12516986186687762,0.07170832340533917,0.9158763289451599,0.12510709817592913,0.07164555971439068,0.8858406241022222,0.09507139333299142,0.04160985487145297
seed_42,corr_source_motion_blur_sev3,16,2600,True,False,False,0.6580769230769231,0.6580769230769231,0.7580769230769231,0.9465153970826579,0.9465153970826579,0.28843847400573475,0.18843847400573477,0.8008515840938615,0.8330159868066331,0.14277466101693836,0.07493906372971004,0.812053606940525,0.7873076796531677,0.1292307565762446,0.029230756576244632,0.7069230675697327,0.04884614449280955,0.05115385550719043,0.8606557846069336,0.20257886153001048,0.1025788615300105,0.8605930209159851,0.202516097839062,0.10251609783906201,0.789617650348363,0.13154072727143984,0.03154072727143986
seed_42,corr_source_motion_blur_sev4,17,2600,True,False,False,0.485,0.485,0.7296153846153847,0.9220563847429518,0.9220563847429518,0.43705638474295183,0.19244100012756715,0.7294819877725456,0.7961770082687476,0.2444819877725456,0.06656162365336293,0.7454734504687899,0.7088461518287659,0.22384615182876588,0.020769232786618796,0.6103846430778503,0.12538464307785036,0.11923074153753432,0.8159139156341553,0.3309139156341553,0.08629853101877061,0.8158511519432068,0.3308511519432068,0.08623576732782212,0.6657166261118053,0.18071662611180528,0.0638987585035794
seed_42,corr_source_motion_blur_sev5,18,2600,True,False,False,0.3719230769230769,0.3719230769230769,0.7315384615384616,0.8922028121005539,0.8922028121005539,0.5202797351774769,0.16066435056209227,0.6937739571107462,0.7706031443989065,0.3218508801876693,0.039064682860444955,0.7094809898990034,0.6665384769439697,0.2946154000208928,0.06499998459449186,0.5488461256027222,0.17692304867964526,0.1826923359357394,0.7892976403236389,0.417374563400562,0.057759178785177334,0.7892348766326904,0.4173117997096135,0.05769641509422885,0.5837792631522781,0.21185618622920122,0.14775919838618345
seed_42,corr_source_brightness_sev1,19,2600,True,False,False,0.9088461538461539,0.9088461538461539,0.9188461538461539,0.9823874755381605,0.9824400275502122,0.07354132169200667,0.06359387370405833,0.969336103173419,0.969336103173419,0.06048994932726515,0.05048994932726514,0.9514884574457239,0.9507692456245422,0.04192309177838838,0.03192309177838837,0.930384635925293,0.02153848207913911,0.0115384820791391,0.9639012813568115,0.055055127510657664,0.045055127510657655,0.963838517665863,0.05499236381970918,0.04499236381970917,0.9452253047572203,0.03637915091106647,0.026379150911066462
seed_42,corr_source_brightness_sev2,20,2600,True,False,False,0.9034615384615384,0.9034615384615384,0.92,0.9831834180680485,0.9832087812818974,0.07972187960651012,0.06320878128189733,0.9664310637935474,0.9676790299749541,0.06296952533200895,0.0476790299749541,0.9476172887032477,0.9449999928474426,0.0415384543859042,0.024999992847442587,0.9253846406936646,0.021923102232126124,0.005384640693664511,0.961771547794342,0.058310009332803614,0.041771547794342,0.9617087841033936,0.05824724564185513,0.041708784103393515,0.9408803681348786,0.037418829673340204,0.02088036813487859
seed_42,corr_source_brightness_sev3,21,2600,True,False,False,0.8946153846153846,0.8946153846153846,0.9061538461538462,0.9863547758284601,0.9863547758284601,0.0917393912130755,0.0802009296746139,0.9598636910948903,0.9603381472018012,0.06524830647950575,0.05418430104795502,0.9412347973049136,0.9419230818748474,0.04730769725946282,0.035769235721001214,0.9169231057167053,0.022307721101320732,0.010769259562859124,0.9577770233154297,0.0631616387000451,0.05162317716158349,0.9577142596244812,0.06309887500909661,0.051560413470635,0.9364824014528201,0.041867016837435544,0.030328555298973936
seed_42,corr_source_brightness_sev4,22,2600,True,False,False,0.8796153846153846,0.8796153846153846,0.8911538461538462,0.9827856025039122,0.9827856025039122,0.10317021788852765,0.09163175635006604,0.9514567055337436,0.9517722049925895,0.07184132091835904,0.060618358838743336,0.9316404931402663,0.9296153783798218,0.0499999937644372,0.03846153222597559,0.9007692337036133,0.021153849088228704,0.009615387549767096,0.9512939453125,0.07167856069711542,0.060140099158653815,0.9512311816215515,0.07161579700616694,0.06007733546770533,0.9318658661928483,0.0522504815774637,0.040712020039002095
seed_42,corr_source_brightness_sev5,23,2600,True,False,False,0.8453846153846154,0.8453846153846154,0.8642307692307692,0.9670242352006356,0.9670242352006356,0.12163961981602023,0.10279346596986638,0.9286809878429433,0.9337015340357446,0.08329637245832788,0.06947076480497538,0.9146500482770215,0.9088461399078369,0.06346152452322151,0.04461537067706767,0.873846173286438,0.028461557901822587,0.009615404055668741,0.9376990795135498,0.0923144641289344,0.07346831028278056,0.9376363158226013,0.09225170043798592,0.07340554659183207,0.913803681443303,0.06841906605868764,0.04957291221253379
seed_42,corr_source_zoom_blur_sev1,24,2600,True,False,False,0.81,0.81,0.8603846153846154,0.9678443826915443,0.9688967092185335,0.15784438269154422,0.10851209383391813,0.9098814789039361,0.910996298040231,0.09988147890393606,0.05061168265561555,0.8953686554864374,0.8892307877540588,0.07923078775405878,0.028846172369443424,0.8496153950691223,0.03961539506912226,0.0107692203154931,0.923414945602417,0.11341494560241694,0.06303033021780158,0.9233521819114685,0.11335218191146845,0.06296756652685309,0.8944029814624351,0.08440298146243508,0.03401836607781972
seed_42,corr_source_zoom_blur_sev2,25,2600,True,False,False,0.7465384615384615,0.7465384615384615,0.8242307692307692,0.96,0.96,0.21346153846153848,0.13576923076923075,0.8702560839829283,0.8748785690849956,0.12371762244446682,0.050647799854226405,0.8597542194720741,0.8461538553237915,0.09961539378533002,0.021923086093022293,0.7996153831481934,0.053076921609731875,0.024615386082575852,0.8984457850456238,0.1519073235071623,0.07421501581485457,0.8983830213546753,0.1518445598162138,0.07415225212390608,0.8589385608619463,0.11240009932348483,0.0347077916311771
seed_42,corr_source_zoom_blur_sev3,26,2600,True,False,False,0.6996153846153846,0.6996153846153846,0.7857692307692308,0.930921052631579,0.930921052631579,0.23130566801619434,0.1451518218623482,0.8194323202642944,0.8325892335853722,0.11981693564890972,0.046820002816141404,0.8265282620926041,0.8015384674072266,0.10192308279184192,0.015769236637995787,0.7376922965049744,0.038076911889589726,0.04807693426425641,0.8723154664039612,0.17270008178857654,0.0865462356347304,0.8722527027130127,0.17263731809762806,0.08648347194378192,0.8274893166121324,0.1278739319967478,0.041720085842901655
seed_42,corr_source_zoom_blur_sev4,27,2600,True,False,False,0.6365384615384615,0.6365384615384615,0.7703846153846153,0.9229494614747308,0.9230631624533512,0.2864109999362693,0.15267854706873585,0.7686107164518652,0.8153562586431832,0.13207225491340369,0.04497164325856784,0.7931442826316203,0.7688461542129517,0.13230769267449016,0.0015384611716636742,0.6769230961799622,0.04038463464150066,0.09346151920465318,0.8476022481918335,0.211063786653372,0.07721763280721816,0.847539484500885,0.2110010229624235,0.07715486911626968,0.7901532954502033,0.1536148339117418,0.019768680065587962
seed_42,corr_source_zoom_blur_sev5,28,2600,True,False,False,0.5696153846153846,0.5696153846153846,0.7380769230769231,0.9034162800506115,0.9041167194942223,0.33380089543522684,0.16603979641729927,0.7229357635707439,0.773659373539211,0.15332037895535922,0.03558245046228792,0.7563166688465784,0.7257692217826843,0.1561538371672997,0.012307701294238749,0.6226922869682312,0.05307690235284657,0.11538463610869187,0.8215000629425049,0.25188467832712025,0.08342313986558181,0.8214372992515564,0.25182191463617176,0.08336037617463332,0.7421608155472487,0.17254543093186403,0.00408389247032559
seed_42,corr_source_snow_sev1,29,2600,True,False,False,0.811923076923077,0.811923076923077,0.8515384615384616,0.9570798235058163,0.9575301613749266,0.14515674658273936,0.10599169983646506,0.9092156053756008,0.9092156053756008,0.09729252845252379,0.05767714383713918,0.9008401467929354,0.8999999761581421,0.08807689923506512,0.04846151461968051,0.8542307615280151,0.04230768460493817,0.0026922999895535593,0.9300574660301208,0.11813438910704388,0.07851900449165927,0.9299947023391724,0.1180716254160954,0.07845624080071079,0.8838649600993826,0.07194188317630568,0.03232649856092107
seed_42,corr_source_snow_sev2,30,2600,True,False,False,0.6115384615384616,0.6115384615384616,0.7692307692307693,0.9256198347107437,0.9261185632549268,0.31408137317228213,0.15688779402415753,0.7800591643027665,0.8101296010496659,0.16852070276430486,0.04089883181889664,0.8080979364018094,0.7853845953941345,0.17384613385567294,0.016153826163365248,0.7065384387969971,0.09499997725853548,0.0626923304337722,0.8593167662620544,0.24777830472359286,0.09008599703128517,0.859254002571106,0.24771554103264437,0.09002323334033668,0.7281937368817795,0.11665527534331788,0.04103703234898981
seed_42,corr_source_snow_sev3,31,2600,True,False,False,0.6415384615384615,0.6415384615384615,0.7661538461538462,0.9256198347107437,0.9269025266488269,0.2840813731722822,0.1607486804949807,0.7994467609335972,0.8138667822266342,0.15790829939513573,0.04771293607278804,0.8194490961935565,0.7976922988891602,0.15615383735069865,0.03153845273531397,0.7192307710647583,0.0776923095262968,0.046923075089087884,0.8675564527511597,0.22601799121269817,0.10140260659731348,0.8674936890602112,0.22595522752174968,0.101339842906365,0.7660285509146437,0.12449008937618222,0.00012529523920246088
seed_42,corr_source_snow_sev4,32,2600,True,False,False,0.5434615384615384,0.5434615384615384,0.7384615384615385,0.9153108051731332,0.9154353101472729,0.3718492667115948,0.17697377168573436,0.7455076681876018,0.7874696867838943,0.2020461297260634,0.04900814832235578,0.7795508472026584,0.7549999952316284,0.21153845677008998,0.016538456770089915,0.6676923036575317,0.1242307651959933,0.07076923480400676,0.8388268351554871,0.2953652966939486,0.10036529669394856,0.8387640714645386,0.29530253300300013,0.10030253300300007,0.7022525106956226,0.15879097223408412,0.036209027765915947
seed_42,corr_source_snow_sev5,33,2600,True,False,False,0.4807692307692308,0.4807692307692308,0.7446153846153846,0.9134977016297534,0.9140150760230157,0.43272847086052263,0.16939969140763111,0.6918028802305132,0.7757820496962433,0.2110336494612824,0.031166665080858746,0.7419899849015705,0.7019230723381042,0.22115384156887347,0.04269231227728032,0.5938461422920227,0.11307691152279192,0.15076924232336186,0.810452401638031,0.3296831708688002,0.06583701702264644,0.8103896379470825,0.32962040717785174,0.06577425333169795,0.6336798602863674,0.15291062951713658,0.11093552432901721
seed_42,corr_source_defocus_blur_sev1,34,2600,True,False,False,0.8361538461538461,0.8361538461538461,0.8719230769230769,0.9678443826915443,0.9685114094876368,0.13169053653769813,0.0965883325645599,0.9228489162459748,0.9271648405168981,0.08669507009212862,0.05524176359382116,0.904981200126925,0.8865384459495544,0.05038459979570831,0.014615369026477532,0.8592307567596436,0.023076910605797418,0.012692320163433357,0.9279488325119019,0.09179498635805572,0.056025755588824944,0.9278860688209534,0.09173222266710723,0.05596299189787646,0.8985663411244951,0.062412494970648935,0.02664326420141816
seed_42,corr_source_defocus_blur_sev2,35,2600,True,False,False,0.786923076923077,0.786923076923077,0.833076923076923,0.9616613418530352,0.9616613418530352,0.17473826492995825,0.12858441877611215,0.8918753268312354,0.9009892728271771,0.10495224990815843,0.06791234975025406,0.8743166336482212,0.8607692122459412,0.07384613532286421,0.027692289169018114,0.8100000023841858,0.023076925461108844,0.023076920692737257,0.9084352254867554,0.12151214856367842,0.07535830240983232,0.9083724617958069,0.12144938487272994,0.07529553871888384,0.8732751414042932,0.08635206448121624,0.04019821832737014
seed_42,corr_source_defocus_blur_sev3,36,2600,True,False,False,0.675,0.675,0.7796153846153846,0.9516129032258066,0.9531278927014301,0.27661290322580656,0.17351250808604546,0.8143293844719086,0.8487731859313299,0.13932938447190857,0.06915780131594529,0.8001681687212336,0.7761538624763489,0.10115386247634883,0.003461522139035722,0.6896153688430786,0.014615368843078569,0.09000001577230599,0.8543487191200256,0.1793487191200256,0.07473333450464104,0.8542859554290771,0.1792859554290771,0.07467057081369255,0.8084487056036218,0.13344870560362176,0.02883332098823721
seed_42,corr_source_defocus_blur_sev4,37,2600,True,False,False,0.568076923076923,0.568076923076923,0.7484615384615385,0.931799506984388,0.931799506984388,0.3637225839074649,0.18333796852284945,0.7377588867568989,0.8099315438143283,0.1696819636799759,0.06147000535278979,0.7295697098728215,0.6888461709022522,0.12076924782532916,0.059615367559286314,0.5865384340286255,0.018461510951702453,0.16192310443291302,0.8035396933555603,0.23546277027863727,0.05507815489402179,0.8034769296646118,0.23540000658768878,0.055015391203073305,0.7335852121329425,0.16550828905601944,0.014876326328596035
seed_42,corr_source_defocus_blur_sev5,38,2600,True,False,False,0.4542307692307692,0.4542307692307692,0.7257692307692307,0.9162150896206753,0.9177527495430787,0.4619843203899061,0.191983518773848,0.6667439693500987,0.7872649131078554,0.2125132001193295,0.06149568233862468,0.6589692966877121,0.6069231033325195,0.15269233410175032,0.11884612743671119,0.47999998927116394,0.025769220040394725,0.24576924149806678,0.7524961829185486,0.29826541368777937,0.026726952149317862,0.7524334192276001,0.2982026499968309,0.026664188458369376,0.6411767116348728,0.18694594240410356,0.08459251913435795
seed_42,corr_source_glass_blur_sev1,39,2600,True,False,False,0.7957692307692308,0.7957692307692308,0.8438461538461538,0.9608313349320542,0.9608313349320542,0.1650621041628234,0.11698518108590039,0.8995872841241033,0.9017674939745729,0.10381805335487249,0.057921340128419097,0.890657866473398,0.8730769157409668,0.07730768497173601,0.029230761894812995,0.8384615182876587,0.04269228751842791,0.00538463555849511,0.9187941551208496,0.12302492435161883,0.07494800127469581,0.9187313914299011,0.12296216066067034,0.07488523758374732,0.8697007152641604,0.07393148449492959,0.025854561418006572
seed_42,corr_source_glass_blur_sev2,40,2600,True,False,False,0.6846153846153846,0.6846153846153846,0.7753846153846153,0.9507667473769169,0.9512998033513214,0.2661513627615323,0.17591518796670602,0.8274373754916934,0.8474070003738408,0.14282199087630876,0.07202238498922542,0.8308414831832486,0.8103846311569214,0.12576924654153676,0.03500001577230605,0.7450000047683716,0.060384620152986956,0.030384610616243757,0.8761983513832092,0.1915829667678246,0.10081373599859389,0.8761355876922607,0.19152020307687612,0.1007509723076454,0.7851987385576885,0.10058335394230389,0.009814123173073175
seed_42,corr_source_glass_blur_sev3,41,2600,True,False,False,0.40192307692307694,0.40192307692307694,0.7330769230769231,0.9134977016297534,0.9140150760230157,0.5115746247066765,0.1809381529460926,0.6911654258893499,0.7816592815992125,0.289242348966273,0.048582358522289426,0.6583006343463247,0.6096153855323792,0.2076923086093022,0.12346153754454392,0.4669230878353119,0.06500001091223495,0.2661538352416112,0.7520161271095276,0.35009305018645065,0.018939204032604517,0.7519533634185791,0.35003028649550216,0.01887644034165603,0.5240553494369867,0.12213227251390979,0.20902157363993634
seed_42,corr_source_glass_blur_sev4,42,2600,True,False,False,0.31,0.31,0.7657692307692308,0.9061842658813631,0.9061842658813631,0.5961842658813632,0.14041503511213238,0.6650514523702935,0.7601909352872032,0.3550514523702935,0.005578295482027595,0.6215941894365071,0.5526922941207886,0.24269229412078858,0.21307693664844218,0.4069230854511261,0.0969230854511261,0.35884614531810466,0.7232920527458191,0.4132920527458191,0.042477178023411666,0.7232292890548706,0.4132292890548706,0.04253994171436015,0.4410428633985892,0.13104286339858923,0.32472636737064153
seed_42,corr_source_glass_blur_sev5,43,2600,True,False,False,0.23615384615384616,0.23615384615384616,0.7996153846153846,0.9166666666666665,0.9173011724970874,0.6805128205128204,0.11768578788170281,0.6942094813135044,0.7824941446917001,0.4580556351596582,0.017121239923684528,0.6143127031574768,0.5680769085884094,0.33192306243456327,0.2315384760269752,0.4042307734489441,0.16807692729509793,0.3953846111664405,0.7294188737869263,0.4932650276330801,0.07019651082845835,0.7293561100959778,0.4932022639421316,0.07025927451940683,0.3796859691601172,0.14353212300627105,0.4199294154552674
seed_42,corr_source_gaussian_noise_sev1,44,2600,True,False,False,0.838076923076923,0.838076923076923,0.8607692307692307,0.9715189873417722,0.973001424865917,0.13344206426484917,0.11223219409668628,0.9340497710808855,0.9340497710808855,0.09597284800396244,0.07328054031165476,0.9247055759022,0.9203846454620361,0.08230772238511308,0.0596154146928054,0.8907692432403564,0.05269232016343339,0.030000012471125714,0.9447344541549683,0.10665753107804521,0.08396522338573753,0.9446716904640198,0.10659476738709672,0.08390245969478904,0.9167657154039736,0.0786887923270505,0.05599648463474283
seed_42,corr_source_gaussian_noise_sev2,45,2600,True,False,False,0.7538461538461538,0.7538461538461538,0.8026923076923077,0.9616613418530352,0.9631003872252407,0.20781518800688137,0.160408079532933,0.8906907707724728,0.8907498004216851,0.136844616926319,0.08805749272937735,0.8943142443064903,0.8849999904632568,0.131153836617103,0.08230768277094913,0.8446153998374939,0.09076924599134006,0.04192309214518619,0.922519326210022,0.16867317236386814,0.11982701851771427,0.9224565625190735,0.16861040867291965,0.11976425482676578,0.8611700185177614,0.1073238646716076,0.05847771082545372
seed_42,corr_source_gaussian_noise_sev3,46,2600,True,False,False,0.6188461538461538,0.6188461538461538,0.745,0.9435188947582284,0.9450130001761056,0.32467274091207454,0.20001300017610557,0.7997102316814069,0.8145695371015019,0.18086407783525305,0.06956953710150193,0.844814618313374,0.8215384483337402,0.2026922944875864,0.07653844833374024,0.7649999856948853,0.14615383184873143,0.01999998569488526,0.8843250274658203,0.2654788736196665,0.13932502746582032,0.8842622637748718,0.265416109928718,0.13926226377487183,0.7715420877161057,0.15269593386995184,0.026542087716105667
seed_42,corr_source_gaussian_noise_sev4,47,2600,True,False,False,0.4442307692307692,0.4442307692307692,0.7207692307692307,0.9029535864978903,0.9030953793104678,0.45872281726712105,0.18232614854123708,0.6693641003385988,0.7673745664502765,0.22513333110782963,0.046605335681045745,0.7687338727748033,0.732692301273346,0.28846153204257674,0.01192307050411523,0.6465384364128113,0.20230766718204207,0.07423079435641944,0.8285787105560303,0.38434794132526107,0.10780947978679956,0.8285159468650818,0.3842851776343126,0.10774671609585107,0.6504879244227622,0.20625715519199295,0.07028130634646856
seed_42,corr_source_gaussian_noise_sev5,48,2600,True,False,False,0.24384615384615385,0.24384615384615385,0.7961538461538461,0.8490482514386897,0.8519339918386355,0.6052020975925358,0.055780145684789395,0.5642094465679497,0.7400652814690932,0.32036329272179587,0.05608856468475287,0.6716022221618431,0.617307722568512,0.37346156872235814,0.17884612358533414,0.49076923727989197,0.24692308343373812,0.30538460887395413,0.760624349117279,0.5167781952711252,0.03552949703656705,0.7605615854263306,0.5167154315801767,0.035592260727515534,0.4831350485023954,0.23928889465624156,0.3130187976514507
seed_42,corr_source_shot_noise_sev1,49,2600,True,False,False,0.8338461538461538,0.8338461538461538,0.865,0.9719256623171213,0.9719256623171213,0.1380795084709675,0.1069256623171213,0.935723360396809,0.9359254096068957,0.10187720655065524,0.07092540960689575,0.9233850026768295,0.9169231057167053,0.08307695187055153,0.05192310571670533,0.8915384411811829,0.05769228733502907,0.02653844118118287,0.9453955292701721,0.11154937542401833,0.08039552927017213,0.9453327655792236,0.11148661173306984,0.08033276557922364,0.9138467577981423,0.08000060395198849,0.04884675779814229
seed_42,corr_source_shot_noise_sev2,50,2600,True,False,False,0.7480769230769231,0.7480769230769231,0.8034615384615384,0.9591673338670936,0.9596144607994088,0.21109041079017055,0.15615292233787037,0.8832199255625324,0.8834029588569272,0.1351430024856093,0.07994142039538876,0.8907046774904775,0.8896153569221497,0.14153843384522657,0.08615381846061121,0.8369230628013611,0.088846139724438,0.033461524339822635,0.9201689958572388,0.17209207278031569,0.11670745739570032,0.9201062321662903,0.1720293090893672,0.11664469370475183,0.8597846858829524,0.11170776280602934,0.05632314742141398
seed_42,corr_source_shot_noise_sev3,51,2600,True,False,False,0.6188461538461538,0.6188461538461538,0.7411538461538462,0.9357347523536635,0.9381443055511824,0.3168885985075097,0.19699045939733628,0.795075757000711,0.8135292581657149,0.17622960315455716,0.0723754120118687,0.8345442997788118,0.8126922845840454,0.1938461307378916,0.07153843843019925,0.75,0.13115384615384618,0.008846153846153837,0.8764107823371887,0.2575646284910349,0.13525693618334256,0.8763480186462402,0.2575018648000864,0.13519417249239407,0.765714776241911,0.14686862239575715,0.024560930088064814
seed_42,corr_source_shot_noise_sev4,52,2600,True,False,False,0.40115384615384614,0.40115384615384614,0.7457692307692307,0.9107666527021365,0.9138766540540529,0.5096128065482903,0.1681074232848222,0.6562684867876933,0.7652513694048634,0.2551146406338472,0.01948213863563264,0.7483414861037067,0.7123076915740967,0.31115384542025054,0.03346153919513406,0.6115384697914124,0.21038462363756621,0.1342307609778184,0.8138096928596497,0.4126558467058035,0.06804046209041892,0.8137469291687012,0.41259308301485503,0.06797769839947043,0.6171454652022357,0.21599161904838954,0.12862376556699506
seed_42,corr_source_shot_noise_sev5,53,2600,True,False,False,0.28115384615384614,0.28115384615384614,0.7834615384615384,0.876889848812095,0.876889848812095,0.5957360026582488,0.09342831035055654,0.6223631505633525,0.7332917291448054,0.3412093044095063,0.05016980931673298,0.7047834159245829,0.6730769276618958,0.3919230815080496,0.11038461079964268,0.5492307543754578,0.2680769082216116,0.23423078408608067,0.7884699106216431,0.507316064467797,0.005008372160104635,0.7884071469306946,0.5072533007768485,0.004945608469156149,0.5191192093792836,0.23796536322543743,0.26434232908225486
seed_42,corr_source_impulse_noise_sev1,54,2600,True,False,False,0.7565384615384615,0.7565384615384615,0.8173076923076923,0.9499192245557351,0.950454823618313,0.19338076301727358,0.13314713131062073,0.8768222211559324,0.8781077078016774,0.12028375961747095,0.06080001549398506,0.8865915432521619,0.876153826713562,0.11961536517510052,0.05884613440586972,0.8261538743972778,0.06961541285881634,0.008846182089585541,0.9165369868278503,0.15999852528938885,0.09922929452015805,0.9164742231369019,0.15993576159844036,0.09916653082920956,0.8674052952710375,0.110866833732576,0.0500976029633452
seed_42,corr_source_impulse_noise_sev2,55,2600,True,False,False,0.6996153846153846,0.6996153846153846,0.765,0.9413680781758959,0.9413680781758959,0.2417526935605112,0.17636807817589584,0.8323607012215134,0.8465661754321239,0.13274531660612876,0.08156617543212386,0.8608667023710226,0.8507692217826843,0.1511538371672997,0.08576922178268431,0.7961538434028625,0.09653845878747791,0.031153843402862536,0.8989852070808411,0.19936982246545643,0.13398520708084105,0.8989224433898926,0.19930705877450794,0.13392244338989256,0.8297948027414337,0.13017941812604905,0.06479480274143368
seed_42,corr_source_impulse_noise_sev3,56,2600,True,False,False,0.6165384615384616,0.6165384615384616,0.7473076923076923,0.9366053169734152,0.9366053169734152,0.3200668554349536,0.18929762466572286,0.7772251476542129,0.8044317936177352,0.16068668611575132,0.05712410131004286,0.8312280695946784,0.8092307448387146,0.192692283300253,0.06192305253102226,0.7400000095367432,0.12346154799828157,0.007307682770949175,0.8744099140167236,0.25787145247826204,0.1271022217090313,0.8743471503257751,0.25780868878731356,0.1270394580180828,0.7838491879034618,0.16731072636500022,0.03654149559576947
seed_42,corr_source_impulse_noise_sev4,57,2600,True,False,False,0.43846153846153846,0.43846153846153846,0.7219230769230769,0.9057239057239057,0.9060392675972692,0.46726236726236725,0.18411619067419227,0.6522551701861643,0.7792100994250254,0.21379363172462584,0.057287022501948504,0.7555188341558736,0.7223076820373535,0.28384614357581506,0.000384605114276626,0.618461549282074,0.18000001082053552,0.10346152764100291,0.8207002878189087,0.38223874935737023,0.0987772108958318,0.8206375241279602,0.38217598566642175,0.09871444720488332,0.650381769791684,0.2119202313301456,0.07154130713139284
seed_42,corr_source_impulse_noise_sev5,58,2600,True,False,False,0.26615384615384613,0.26615384615384613,0.7730769230769231,0.8700564971751412,0.8718070738474911,0.603902651021295,0.09873015077056801,0.5847100396331368,0.7409902564874169,0.3185561934792907,0.03208666658950621,0.6699302405855919,0.6280769109725952,0.3619230648187491,0.1450000121043279,0.48500001430511475,0.21884616815126862,0.28807690877180836,0.7634927034378052,0.49733885728395905,0.00958421963911793,0.7634299397468567,0.49727609359301056,0.009646983330066417,0.5009236201321883,0.23476977397834214,0.27215330294473483
seed_42,corr_source_contrast_sev1,59,2600,True,False,False,0.8711538461538462,0.8711538461538462,0.8880769230769231,0.9775855289028705,0.9776193370415704,0.10643168274902437,0.08954241396464735,0.9500013374314386,0.9500013374314386,0.07884749127759239,0.061924414354515456,0.9309956550938538,0.9334615468978882,0.062307700744042016,0.045384623820965087,0.9019230604171753,0.030769214263329125,0.013846137340252196,0.9512603282928467,0.08010648213900051,0.06318340521592358,0.9511975646018982,0.08004371844805203,0.0631206415249751,0.9214332470099185,0.0502794008560723,0.03335632393299537
seed_42,corr_source_contrast_sev2,60,2600,True,False,False,0.8326923076923077,0.8326923076923077,0.8642307692307692,0.9682539682539683,0.9682539682539683,0.13556166056166052,0.10402319902319901,0.9269100173461371,0.9269100173461371,0.09421770965382936,0.06267924811536785,0.9109364362977977,0.9053846001625061,0.07269229247019837,0.04115383093173686,0.873846173286438,0.04115386559413026,0.009615404055668741,0.935899019241333,0.10320671154902528,0.07166825001056376,0.9358362555503845,0.10314394785807679,0.07160548631961527,0.8962631362849122,0.06357082859260443,0.03203236705414292
seed_42,corr_source_contrast_sev3,61,2600,True,False,False,0.75,0.75,0.805,0.9537223340040242,0.9541778362482588,0.20372233400402417,0.14917783624825875,0.8643220754362896,0.868329448665157,0.11432207543628958,0.063329448665157,0.8678732786213181,0.8523076772689819,0.10230767726898193,0.047307677268981885,0.800000011920929,0.050000011920928955,0.004999988079071094,0.9016941785812378,0.1516941785812378,0.09669417858123774,0.9016314148902893,0.1516314148902893,0.09663141489028926,0.8310657727073577,0.08106577270735771,0.02606577270735766
seed_42,corr_source_contrast_sev4,62,2600,True,False,False,0.5211538461538462,0.5211538461538462,0.7253846153846154,0.9130434782608696,0.9134114483638682,0.39188963210702343,0.18802683297925282,0.7184709150921345,0.7695155981881945,0.19731706893828826,0.04413098280357908,0.7682386810812024,0.7357692122459412,0.21461536609209497,0.010384596861325757,0.6526923179626465,0.1315384718088003,0.07269229742196892,0.830700695514679,0.30954684936083277,0.10531608013006355,0.8306379318237305,0.3094840856698843,0.10525331643911506,0.6742841666974714,0.1531303205436252,0.05110044868714403
seed_42,corr_source_contrast_sev5,63,2600,True,False,False,0.2903846153846154,0.2903846153846154,0.7711538461538462,0.8666085440278989,0.8666085440278989,0.5762239286432835,0.0954546978740527,0.5149504140234156,0.7349775105377085,0.22456579863880016,0.036176335616137645,0.6187558411066568,0.5507692098617554,0.26038459447713996,0.22038463629209082,0.4092307686805725,0.1188461532959571,0.3619230774732737,0.7177312970161438,0.4273466816315284,0.05342254913770239,0.7176685333251953,0.4272839179405799,0.05348531282865088,0.5027027164533197,0.21231810106870425,0.26845112970052654
seed_42,corr_source_elastic_transform_sev1,64,2600,True,False,False,0.8669230769230769,0.8669230769230769,0.8880769230769231,0.977183320220299,0.9773495926689403,0.11026024329722206,0.08927266959201718,0.9500101301904507,0.950375359059534,0.08308705326737376,0.06229843598261087,0.9303342517173416,0.925000011920929,0.05807693499785205,0.03692308884400586,0.8988461494445801,0.03192307252150317,0.010769226367656981,0.9485026597976685,0.08157958287459155,0.06042573672074536,0.94843989610672,0.08151681918364306,0.060362973029796874,0.9215604182286282,0.05463734130555131,0.03348349515170512
seed_42,corr_source_elastic_transform_sev2,65,2600,True,False,False,0.6530769230769231,0.6530769230769231,0.7611538461538462,0.92071398920714,0.9216337505166932,0.26763706613021687,0.16047990436284698,0.8074187556814151,0.845927500461823,0.15434183260449197,0.08477365430797679,0.8298044749062717,0.8111538290977478,0.1580769060208247,0.04999998294390162,0.7407692074775696,0.08769228440064647,0.0203846386762766,0.8743419647216797,0.22126504164475658,0.1131881185678335,0.8742792010307312,0.2212022779538081,0.11312535487688502,0.7734295497654794,0.12035262668855629,0.012275703611633215
seed_42,corr_source_elastic_transform_sev3,66,2600,True,False,False,0.7546153846153846,0.7546153846153846,0.8038461538461539,0.9616613418530352,0.9630451641858722,0.20704595723765062,0.15919901033971828,0.8844764552274699,0.8849314371915412,0.1298610706120853,0.08108528334538734,0.8759100695019769,0.870769202709198,0.11615381809381342,0.06692304886304412,0.817307710647583,0.06269232603219843,0.013461556801429131,0.9106556177139282,0.15604023309854365,0.10680946386777435,0.9105928540229797,0.15597746940759516,0.10674670017682586,0.8279317952616028,0.07331641064621819,0.02408564141544889
seed_42,corr_source_elastic_transform_sev4,67,2600,True,False,False,0.6107692307692307,0.6107692307692307,0.7384615384615385,0.9220563847429518,0.9241276617879995,0.3112871539737211,0.18566612332646104,0.7869379947354143,0.8127959660214106,0.17616876396618353,0.07433442755987207,0.8082502816005361,0.7892307639122009,0.1784615331429702,0.050769225450662425,0.7103846073150635,0.09961537654583275,0.028076931146475026,0.8603998422622681,0.24963061149303734,0.12193830380072956,0.8603370785713196,0.24956784780208885,0.12187554010978108,0.7091261493542071,0.09835691858497642,0.029335389107331356
seed_42,corr_source_elastic_transform_sev5,68,2600,True,False,False,0.35192307692307695,0.35192307692307695,0.7434615384615385,0.8710377768128528,0.8726876607835524,0.5191146998897758,0.12922612232201391,0.5978743963684996,0.7281725529381262,0.24595131944542264,0.01528898552341229,0.6784007080857167,0.6276922821998596,0.27576920527678267,0.11576925626167889,0.5030769109725952,0.15115383404951827,0.2403846274889433,0.7650689482688904,0.41314587134581343,0.021607409807351874,0.7650061845779419,0.41308310765486494,0.021544646116403388,0.48635259377056317,0.13442951684748622,0.25710894469097534
seed_42,corr_source_pixelate_sev1,69,2600,True,False,False,0.8723076923076923,0.8723076923076923,0.8957692307692308,0.9731437598736177,0.9744575226842039,0.10083606756592534,0.07868829191497317,0.9484372324213542,0.9484372324213542,0.07612954011366191,0.052668001652123486,0.9299558549073095,0.9269230961799622,0.05461540387226982,0.031153865410731396,0.8965384364128113,0.02423074410511894,0.0007692056435805172,0.9498379230499268,0.07753023074223442,0.054068692280695996,0.9497751593589783,0.07746746705128593,0.05400592858974751,0.919226194206066,0.046918501898373655,0.023456963436835232
seed_42,corr_source_pixelate_sev2,70,2600,True,False,False,0.8553846153846154,0.8553846153846154,0.8842307692307693,0.973954222573007,0.9743786048205937,0.1185696071883916,0.09014783558982442,0.9371148572244902,0.9371148572244902,0.08173024183987476,0.05288408799372091,0.9211283952371688,0.9123076796531677,0.056923064268552315,0.02807691042239846,0.8826923370361328,0.027307721651517403,0.001538432194636452,0.9420856833457947,0.08670106796117927,0.05785491411502541,0.9420229196548462,0.08663830427023078,0.05779215042407693,0.9074732124625374,0.052088597077922016,0.023242443231768162
seed_42,corr_source_pixelate_sev3,71,2600,True,False,False,0.7788461538461539,0.7788461538461539,0.8346153846153846,0.9503431570448123,0.9503431570448123,0.17149700319865846,0.11572777242942767,0.8840244591032582,0.885754226865113,0.10517830525710437,0.05113884224972831,0.8803884785753582,0.8769230842590332,0.09807693041287935,0.042307699643648555,0.8207692503929138,0.041923096546759964,0.01384613422247083,0.914177417755127,0.1353312639089731,0.0795620331397423,0.9141146540641785,0.1352685002180246,0.07949926944879382,0.8523244457868755,0.07347829194072164,0.017709061171490847
seed_42,corr_source_pixelate_sev4,72,2600,True,False,False,0.6538461538461539,0.6538461538461539,0.7857692307692308,0.9269500619067272,0.9270580686909987,0.2731039080605734,0.14128883792176794,0.7919074863803796,0.8191818388175873,0.1380613325342257,0.03341260804835655,0.8135585392609948,0.7823076844215393,0.12846153057538545,0.0034615463476914687,0.7099999785423279,0.056153824696174026,0.0757692522269029,0.8615999817848206,0.2077538279386667,0.07583075101558978,0.8615372180938721,0.20769106424771822,0.0757679873246413,0.7590098212191155,0.10516366737296168,0.026759409550115243
seed_42,corr_source_pixelate_sev5,73,2600,True,False,False,0.5769230769230769,0.5769230769230769,0.7642307692307693,0.9001692047377328,0.9004267773320904,0.3232461278146559,0.13619600810132115,0.6990309361491722,0.8008279594193685,0.12210785922609535,0.036597190188599193,0.761326378310632,0.7226923108100891,0.14576923388701224,0.04153845842068016,0.6284615397453308,0.05153846282225394,0.13576922948543846,0.8230568170547485,0.24613374013167166,0.058826047823979266,0.8229940533638,0.24607097644072318,0.05876328413303078,0.697649552952964,0.12072647602988718,0.06658121627780522
seed_42,corr_source_jpeg_compression_sev1,74,2600,True,False,False,0.8707692307692307,0.8707692307692307,0.8892307692307693,0.9727380482022916,0.9731643011275568,0.10196881743306085,0.08393353189678754,0.9513480603373334,0.952599476667272,0.0805788295681027,0.06336870743650269,0.9349116805167126,0.931538462638855,0.06076923186962424,0.04230769340808571,0.9096153974533081,0.038846166684077366,0.020384628222538836,0.9514044523239136,0.08063522155468283,0.062173683093144305,0.9513416886329651,0.08057245786373435,0.06211091940219582,0.9110150302100283,0.040245799440797536,0.021784260979259007
seed_42,corr_source_jpeg_compression_sev2,75,2600,True,False,False,0.8538461538461538,0.8538461538461538,0.8753846153846154,0.9694807768529528,0.9701330802986328,0.11563462300679894,0.09474846491401734,0.9402072525317539,0.9429062702247702,0.08636109868560005,0.06752165484015482,0.9260519277592427,0.9257692098617554,0.07192305601560156,0.05038459447713994,0.8984615206718445,0.04461536682569067,0.023076905287229055,0.9475264549255371,0.0936803010793833,0.07214183954092168,0.9474636912345886,0.09361753738843481,0.0720790758499732,0.90131833055244,0.04747217670628623,0.02593371516782461
seed_42,corr_source_jpeg_compression_sev3,76,2600,True,False,False,0.8365384615384616,0.8365384615384616,0.8603846153846154,0.9666136724960255,0.9666136724960255,0.1300752109575639,0.10622905711141006,0.9328742622676317,0.9340867750534592,0.09633580072917014,0.07370215966884375,0.9191261307590965,0.9130769371986389,0.07653847566017735,0.0526923218140235,0.8865384459495544,0.04999998441109288,0.02615383056493903,0.9415547847747803,0.10501632323631871,0.08117016939016486,0.9414920210838318,0.10495355954537022,0.08110740569921637,0.8895067863107973,0.052968324772335706,0.029122170926181856
seed_42,corr_source_jpeg_compression_sev4,77,2600,True,False,False,0.7757692307692308,0.7757692307692308,0.8246153846153846,0.962490023942538,0.963151616591189,0.18672079317330725,0.13853623197580434,0.8931256129819324,0.8945853049662372,0.11735638221270162,0.06996992035085259,0.8893778690004066,0.8811538219451904,0.10538459117595966,0.05653843732980579,0.8334615230560303,0.05769229228679951,0.008846138440645634,0.9196723699569702,0.14390313918773945,0.09505698534158558,0.9196096062660217,0.14384037549679096,0.09499422165063709,0.8541723296522854,0.07840309888305463,0.02955694503690076
seed_42,corr_source_jpeg_compression_sev5,78,2600,True,False,False,0.6873076923076923,0.6873076923076923,0.7857692307692308,0.9443767762890783,0.9462525375558263,0.25706908398138606,0.1604833067865955,0.8202404454448767,0.8306000542072925,0.13293275313718445,0.04483082343806177,0.8326699047589255,0.8165384531021118,0.12923076079441953,0.03076922233288104,0.742307722568512,0.05500003026081968,0.04346150820071881,0.8773059844970703,0.18999829218937803,0.09153675372783954,0.8772432208061218,0.18993552849842954,0.09147399003689105,0.7876892064608354,0.10038151415314311,0.0019199756916046251
seed_42,corr_source_speckle_noise_sev1,79,2600,True,False,False,0.8492307692307692,0.8492307692307692,0.8711538461538462,0.9751675206937328,0.9752049617134502,0.12593675146296357,0.104051115559604,0.943954727288702,0.944061328683025,0.09472395805793277,0.07290748252917878,0.9269036463045979,0.9284615516662598,0.07923078243549053,0.0573077055124136,0.9011538624763489,0.05192309324557964,0.03000001632250271,0.9468610286712646,0.09763025944049541,0.07570718251741848,0.9467982649803162,0.09756749574954693,0.07564441882647,0.9111004989713956,0.06186972974062632,0.03994665281754939
seed_42,corr_source_speckle_noise_sev2,80,2600,True,False,False,0.8103846153846154,0.8103846153846154,0.8411538461538461,0.9711119905025722,0.971240807254346,0.16072737511795687,0.1300869611004999,0.9171364596691646,0.9177465985790778,0.1067518442845492,0.07659275242523167,0.907754403900203,0.9011538624763489,0.09076924709173351,0.060000016322502736,0.8661538362503052,0.055769220865689806,0.024999990096459035,0.932694673538208,0.12231005815359264,0.09154082738436187,0.9326319098472595,0.12224729446264415,0.09147806369341338,0.8833522965613119,0.0729676811766965,0.042198450407465726
seed_42,corr_source_speckle_noise_sev3,81,2600,True,False,False,0.6684615384615384,0.6684615384615384,0.7607692307692308,0.9460883664369679,0.9460883664369679,0.2776268279754295,0.18531913566773717,0.8292014238009964,0.8380608950276267,0.16073988533945793,0.07729166425839595,0.8490866122060737,0.8353846073150635,0.16692306885352504,0.07461537654583272,0.7730769515037537,0.10461541304221522,0.012307720734522909,0.8895836472511292,0.2211221087895907,0.1288144164818984,0.8895208835601807,0.22105934509864222,0.1287516527909499,0.7811027138042872,0.11264117534274876,0.020333483035056443
seed_42,corr_source_speckle_noise_sev4,82,2600,True,False,False,0.5665384615384615,0.5665384615384615,0.7273076923076923,0.9278350515463918,0.9279417953690691,0.36129659000793024,0.20063410306137675,0.765599847926265,0.8060395530097393,0.19906138638780346,0.07873186070204696,0.8073739942509879,0.7788461446762085,0.21230768313774695,0.051538452368516174,0.7034615278244019,0.1369230662859403,0.023846164483290466,0.8568149209022522,0.29027645936379065,0.12950722859455988,0.8567521572113037,0.29021369567284216,0.1294444649036114,0.7161634390561107,0.14962497751764914,0.011144253251581637
seed_42,corr_source_speckle_noise_sev5,83,2600,True,False,False,0.44884615384615384,0.44884615384615384,0.7319230769230769,0.9098532494758909,0.9106388580808409,0.461007095629737,0.178715781157764,0.7010023865288151,0.7744666743272606,0.25215623268266124,0.042543597404183675,0.7651420811163696,0.7353846430778503,0.2865384892316965,0.0034615661547734433,0.635769248008728,0.1869230941625742,0.09615382891434887,0.8282983303070068,0.379452176460853,0.09637525338392994,0.8282355666160583,0.3793894127699045,0.09631248969298145,0.643525879843573,0.19467972599741917,0.08839719707950389
seed_42,corr_source_spatter_sev1,84,2600,True,False,False,0.9053846153846153,0.9053846153846153,0.9157692307692308,0.9835809225957779,0.9839904973837735,0.07819630721116255,0.06822126661454275,0.9671717572499728,0.9693157204837425,0.0617871418653575,0.0535464897145117,0.9487620646895255,0.9407692551612854,0.03538463977667006,0.02500002439205462,0.9242307543754578,0.01884613899084242,0.008461523606226984,0.9616134166717529,0.056228801287137586,0.04584418590252215,0.9615506529808044,0.0561660375961891,0.045781422211573664,0.9428257257981857,0.037441110413570344,0.027056495028954908
seed_42,corr_source_spatter_sev2,85,2600,True,False,False,0.8534615384615385,0.8534615384615385,0.8830769230769231,0.9682539682539683,0.9682539682539683,0.11479242979242976,0.08517704517704516,0.9383472176726115,0.9396000054565962,0.08488567921107304,0.05652308237967307,0.9242915357133575,0.9142307639122009,0.060769225450662434,0.031153840835277835,0.8884615302085876,0.03499999174704915,0.005384607131664554,0.9431476593017578,0.08968612084021932,0.06007073622483472,0.9430848956108093,0.08962335714927083,0.060007972533886234,0.9101733440197787,0.05671180555824018,0.02709642094285558
seed_42,corr_source_spatter_sev3,86,2600,True,False,False,0.8026923076923077,0.8026923076923077,0.84,0.956661316211878,0.956661316211878,0.1539690085195703,0.11666131621187803,0.8967730620000042,0.9013390153764745,0.09408075430769647,0.06133901537647457,0.8936190588242128,0.88692307472229,0.08423076702998233,0.04692307472229007,0.8434615135192871,0.040769205826979404,0.0034615135192871405,0.9228575825691223,0.12016527487681461,0.08285758256912235,0.9227948188781738,0.12010251118586612,0.08279481887817386,0.8752615278696269,0.07256922017731915,0.035261527869626885
seed_42,corr_source_spatter_sev4,87,2600,True,False,False,0.7207692307692307,0.7207692307692307,0.7926923076923077,0.9558232931726908,0.9563411534694578,0.23505406240346005,0.1636488457771501,0.8735339601111021,0.8765487533170774,0.15276472934187135,0.08385644562476968,0.8627870708351184,0.8469230532646179,0.1261538224953872,0.054230745572310224,0.7900000214576721,0.0692307906884414,0.002692286234635577,0.8989554643630981,0.17818623359386743,0.10626315667079045,0.8988927006721497,0.17812346990291894,0.10620039297984196,0.8247570709867094,0.10398784021747864,0.032064763294401666
seed_42,corr_source_spatter_sev5,88,2600,True,False,False,0.6219230769230769,0.6219230769230769,0.7269230769230769,0.9331144850225689,0.9350434180549883,0.311191408099492,0.20812034113191136,0.8137297689789662,0.826406432165346,0.1918066920558893,0.09948335524226914,0.8278372023614439,0.8092307448387146,0.1873076679156377,0.0823076679156377,0.7373076677322388,0.11538459080916186,0.010384590809161875,0.8733444213867188,0.25142134446364184,0.14642134446364186,0.8732816576957703,0.25135858077269335,0.14635858077269337,0.7359013975405324,0.1139783206174555,0.008978320617455515
seed_42,corr_source_gaussian_blur_sev1,89,2600,True,False,False,0.8746153846153846,0.8746153846153846,0.8911538461538462,0.9803921568627451,0.9803921568627451,0.10577677224736048,0.08923831070889887,0.9593480324851551,0.9593480324851551,0.08473264786977053,0.06819418633130891,0.9388646522095129,0.9399999976158142,0.06538461300042964,0.048846151461968024,0.9169231057167053,0.04230772110132075,0.025769259562859137,0.9577822685241699,0.08316688390878535,0.06662842237032374,0.9577195048332214,0.08310412021783686,0.06656565867937525,0.9306622796548838,0.05604689503949922,0.03950843350103761
seed_42,corr_source_gaussian_blur_sev2,90,2600,True,False,False,0.8107692307692308,0.8107692307692308,0.8503846153846154,0.9666136724960255,0.9673385187390344,0.15584444172679468,0.11695390335441902,0.9090863270276385,0.9199446588180155,0.09831709625840768,0.06956004343340005,0.8908700516005188,0.8799999952316284,0.06923076446239762,0.029615379847013013,0.8380769491195679,0.027307718350337074,0.012307666265047534,0.9207651019096375,0.10999587114040665,0.07038048652502205,0.920702338218689,0.10993310744945817,0.07031772283407356,0.8878091330875185,0.07703990231828772,0.037424517702903115
seed_42,corr_source_gaussian_blur_sev3,91,2600,True,False,False,0.7065384615384616,0.7065384615384616,0.785,0.9494949494949495,0.949570407137101,0.24295648795648794,0.16457040713710092,0.8362299512678398,0.8519535494442448,0.12969148972937827,0.06695354944424481,0.8260694582870314,0.8046153783798218,0.09807691684136022,0.019615378379821746,0.736923098564148,0.03038463702568639,0.04807690143585208,0.8720213770866394,0.16548291554817784,0.08702137708663937,0.8719586133956909,0.16542015185722936,0.08695861339569089,0.8233934488443158,0.1168549873058542,0.038393448844315725
seed_42,corr_source_gaussian_blur_sev4,92,2600,True,False,False,0.6015384615384616,0.6015384615384616,0.7573076923076923,0.9291598023064249,0.9291598023064249,0.32762134076796334,0.17185210999873257,0.7439599053201659,0.8172577739692904,0.1424214437817043,0.0599500816615981,0.7517196966802357,0.7126923203468323,0.1111538588083707,0.04461537196086007,0.6188461780548096,0.017307716516347993,0.13846151425288278,0.8159786462783813,0.21444018473991977,0.058670953970689,0.8159158825874329,0.21437742104897128,0.05860819027974051,0.7523582346518636,0.150819773113402,0.004949457655828771
seed_42,corr_source_gaussian_blur_sev5,93,2600,True,False,False,0.37884615384615383,0.37884615384615383,0.7338461538461538,0.9066442388561817,0.9071876579748727,0.5277980850100279,0.17334150412871885,0.6147377373806482,0.7818509210432815,0.23589158353449435,0.04800476719712765,0.611553551995688,0.5526922941207886,0.17384614027463474,0.18115385972536524,0.4092307686805725,0.030384614834418677,0.3246153851655813,0.7175594568252563,0.3387133029791025,0.016286697020897467,0.7174966931343079,0.33865053928815403,0.016349460711845953,0.5710430054353893,0.1921968515892355,0.1628031484107645
seed_42,corr_source_saturate_sev1,94,2600,True,False,False,0.885,0.885,0.8946153846153846,0.9795918367346937,0.9796226237165157,0.09459183673469373,0.08500723910113106,0.9565543044667713,0.9579383030313756,0.07155430446677125,0.06332291841599103,0.9394936694350435,0.9442307949066162,0.0592307949066162,0.04961541029123162,0.9176923036575317,0.03269230365753173,0.023076919042147148,0.9576581120491028,0.07265811204910277,0.0630427274337182,0.9575953483581543,0.07259534835815429,0.0629799637427697,0.9263582570206977,0.04135825702069773,0.03174287240531315
seed_42,corr_source_saturate_sev2,95,2600,True,False,False,0.8623076923076923,0.8623076923076923,0.8734615384615385,0.9803921568627451,0.9812205128205128,0.11808446455505273,0.1077589743589743,0.9500966114312832,0.9514898431489788,0.08778891912359088,0.07802830468744026,0.9308229289552853,0.927307665348053,0.06499997304036065,0.05384612688651447,0.8999999761581421,0.03769228385044976,0.02653843769660358,0.9501778483390808,0.08787015603138848,0.0767163098775423,0.9501150846481323,0.08780739234044,0.07665354618659381,0.9215027714954577,0.05919507918776534,0.04804123303391916
seed_42,corr_source_saturate_sev3,96,2600,True,False,False,0.9019230769230769,0.9019230769230769,0.9142307692307692,0.983978116451739,0.9840258545479301,0.08205503952866211,0.06979508531716094,0.9667292090057569,0.9689426648904155,0.06480613208267993,0.05471189565964629,0.9495889352397312,0.9492307901382446,0.04730771321516769,0.03500002090747545,0.9300000071525574,0.028076930229480435,0.015769237921788193,0.96421217918396,0.06228910226088302,0.04998140995319078,0.9641494154930115,0.062226338569934536,0.049918646262242294,0.9458633818204525,0.04394030489737555,0.03163261258968331
seed_42,corr_source_saturate_sev4,97,2600,True,False,False,0.8561538461538462,0.8561538461538462,0.8830769230769231,0.9775855289028705,0.9776852161001578,0.12143168274902438,0.0946082930232347,0.9435683438332957,0.9445500431767324,0.08741449767944953,0.06147312009980932,0.9313303119873303,0.9280769228935242,0.07192307673967802,0.04499999981660108,0.8992307782173157,0.04307693206346952,0.01615385514039258,0.9501977562904358,0.09404391013658964,0.0671208332135127,0.9501349925994873,0.09398114644564115,0.06705806952256421,0.9255482628130031,0.06939441665915691,0.04247133973607997
seed_42,corr_source_saturate_sev5,98,2600,True,False,False,0.8026923076923077,0.8026923076923077,0.833076923076923,0.9686632288774296,0.9695736453594448,0.1659709211851219,0.13649672228252174,0.9100592464562806,0.9133472937997896,0.10736693876397285,0.08027037072286658,0.9050359215544457,0.8980769515037537,0.09538464381144596,0.06500002842683061,0.8623076677322388,0.059615360039931065,0.02923074465531572,0.9313037395477295,0.1286114318554218,0.09822681647080644,0.931240975856781,0.1285486681644733,0.09816405277985796,0.8906022200297535,0.08790991233744583,0.057525296952830485
seed_42,corr_target_fog_sev1,99,2600,False,True,False,0.5538461538461539,0.5538461538461539,0.6884615384615385,0.926507018992568,0.9276085721490452,0.37266086514641417,0.23914703368750678,0.7846232699766846,0.8075493072951795,0.23077711613053076,0.11908776883364103,0.80876175943328,0.7869230508804321,0.23307689703427825,0.09846151241889367,0.7119230628013611,0.1580769089552072,0.023461524339822626,0.859741747379303,0.3058955935331491,0.17128020891776452,0.8596789836883545,0.3058328298422006,0.17121744522681603,0.7766215526373073,0.22277539879115338,0.0881600141757688
seed_42,corr_target_fog_sev2,100,2600,False,True,False,0.5330769230769231,0.5330769230769231,0.6853846153846154,0.9148580968280466,0.9148580968280466,0.3817811737511235,0.22947348144343127,0.7612670997943967,0.7975009132717488,0.22819017671747355,0.1121162978871334,0.7937142044379747,0.763076901435852,0.22999997835892894,0.07769228605123668,0.6796153783798218,0.14653845530289866,0.005769237004793593,0.8469176292419434,0.31384070616502024,0.161533013857328,0.8468548655509949,0.31377794247407176,0.1614702501663795,0.7549703593273622,0.2218934362504391,0.06958574394274686
seed_42,corr_target_fog_sev3,101,2600,False,True,False,0.4807692307692308,0.4807692307692308,0.6876923076923077,0.9107666527021365,0.9138864361445006,0.42999742193290574,0.2261941284521929,0.7351241122065372,0.7756012442044373,0.2543548814373064,0.08790893651212961,0.7724971807443264,0.7411538362503052,0.2603846054810744,0.05346152855799746,0.6438461542129517,0.16307692344372088,0.043846153479356054,0.83449387550354,0.35372464473430926,0.14680156781123233,0.8344311118125916,0.35366188104336077,0.14673880412028384,0.7222268541742224,0.2414576234049916,0.034534546481914674
seed_42,corr_target_fog_sev4,102,2600,False,True,False,0.41346153846153844,0.41346153846153844,0.7026923076923077,0.8931460195828013,0.8931460195828013,0.47968448112126283,0.19045371189049354,0.7049802997890354,0.7682199414115717,0.291518761327497,0.06552763371926396,0.7567286616350715,0.7230769395828247,0.30961540112128627,0.02038463189051698,0.6265384554862976,0.21307691702475917,0.07615385220601012,0.822426974773407,0.40896543631186855,0.11973466708109926,0.8223642110824585,0.40890267262092006,0.11967190339015077,0.6608338493474721,0.2473723108859337,0.04185845834483559
seed_42,corr_target_fog_sev5,103,2600,False,True,False,0.30115384615384616,0.30115384615384616,0.7384615384615385,0.897370653095844,0.897370653095844,0.5962168069419977,0.15890911463430546,0.6493903048850229,0.7598142627533412,0.34823645873117676,0.021352724291802683,0.7248221607171448,0.6926922798156738,0.39153843366182767,0.045769258645864674,0.5842307806015015,0.2830769344476553,0.15423075786003704,0.8016043901443481,0.500450543990502,0.06314285168280964,0.8015416264533997,0.5003877802995536,0.06308008799186116,0.5329320600439273,0.2317782138900812,0.20552947841761116
seed_42,corr_target_frost_sev1,104,2600,False,True,False,0.5357692307692308,0.5357692307692308,0.681923076923077,0.926507018992568,0.9270043829003367,0.39073778822333727,0.24508130597725974,0.763540544547535,0.8041080941698083,0.22777131377830417,0.12218501724673136,0.7974267927170237,0.766153872013092,0.23038464124386127,0.08423079509001508,0.6919230818748474,0.15615385110561664,0.010000004951770447,0.8520908951759338,0.31632166440670306,0.17016781825285687,0.8520281314849854,0.3162589007157546,0.1701050545619084,0.7713568184866508,0.23558758771742006,0.08943374156357387
seed_42,corr_target_frost_sev2,105,2600,False,True,False,0.4369230769230769,0.4369230769230769,0.6946153846153846,0.9193682460515377,0.9193682460515377,0.48244516912846075,0.22475286143615303,0.6964468030552344,0.7855805586622788,0.2595237261321575,0.09096517404689419,0.7524168364992105,0.7215384840965271,0.2846154071734502,0.026923099481142465,0.6230769157409668,0.18615383881788988,0.07153846887441784,0.8184942007064819,0.381571123783405,0.1238788160910973,0.8184314370155334,0.38150836009245653,0.12381605240014881,0.6898187849422196,0.2528957080191427,0.004796599673165036
seed_42,corr_target_frost_sev3,106,2600,False,True,False,0.3719230769230769,0.3719230769230769,0.7107692307692308,0.8959660297239915,0.8959660297239915,0.5240429528009146,0.1851967989547607,0.6456211548605185,0.7517395472617612,0.2736980779374416,0.040970316492530356,0.7160699895416713,0.6700000166893005,0.2980769397662236,0.04076921407993028,0.564230740070343,0.1923076631472661,0.1465384906988878,0.7932984232902527,0.4213753463671758,0.08252919252102187,0.7932356595993042,0.4213125826762273,0.08246642883007338,0.6254255501886563,0.2535024732655794,0.08534368058057451
seed_42,corr_target_frost_sev4,107,2600,False,True,False,0.35423076923076924,0.35423076923076924,0.7196153846153847,0.9048020219039594,0.9048020219039594,0.5505712526731902,0.18518663728857476,0.6454271668980637,0.7598058415324244,0.29119639766729444,0.04019045691703971,0.7126312875911822,0.677307665348053,0.32307689611728374,0.04230771926733168,0.5580769181251526,0.20384614889438335,0.16153846649023207,0.7935068011283875,0.4392760318976182,0.0738914165130028,0.793444037437439,0.4392132682066697,0.07382865282205431,0.6042711935043463,0.2500404242735771,0.11534419111103833
seed_42,corr_target_frost_sev5,108,2600,False,True,False,0.31038461538461537,0.31038461538461537,0.7415384615384616,0.9010989010989012,0.9021711424670004,0.5907142857142859,0.16063268092853877,0.6299408969592544,0.7565625303644146,0.319556281574639,0.015024068825952974,0.6925287941968318,0.6626923084259033,0.35230769304128795,0.07884615311255827,0.5192307829856873,0.20884616760107189,0.22230767855277433,0.779007077217102,0.4686224618324867,0.03746861567864046,0.7789443135261536,0.4685596981415382,0.037405851987691974,0.5582863103277287,0.24790169494311332,0.1832521512107329
seed_42,corr_target_motion_blur_sev1,109,2600,False,True,False,0.5503846153846154,0.5503846153846154,0.6903846153846154,0.9405052974735125,0.9405052974735125,0.39012068208889716,0.25012068208889715,0.8094877075545549,0.8211251892761342,0.25910309216993954,0.13074057389151883,0.8084072799818751,0.7857692241668701,0.23538460878225476,0.09538460878225474,0.7157692313194275,0.16538461593481213,0.025384615934812116,0.8625576496124268,0.3121730342278114,0.17217303422781138,0.8624948859214783,0.3121102705368629,0.1721102705368629,0.8010564150377459,0.2506717996531306,0.11067179965313056
seed_42,corr_target_motion_blur_sev2,110,2600,False,True,False,0.4957692307692308,0.4957692307692308,0.6784615384615384,0.9211618257261412,0.9211618257261412,0.42539259495691045,0.2427002872646028,0.7630261001578373,0.800619497520519,0.26725686938860654,0.12215795905898053,0.7720780220546104,0.7342307567596436,0.23846152599041276,0.055769218298105105,0.6446154117584229,0.14884618098919206,0.0338461267031156,0.8312162756919861,0.3354470449227553,0.15275473723044763,0.8311535120010376,0.3353842812318068,0.15269197353949915,0.7611009611273251,0.26533173035809426,0.08263942266578661
seed_42,corr_target_motion_blur_sev3,111,2600,False,True,False,0.3934615384615385,0.3934615384615385,0.7073076923076923,0.8992379339542759,0.8992379339542759,0.5057763954927375,0.19193024164658357,0.7105054152804772,0.7926626050094627,0.3170438768189387,0.08535491270177042,0.7291925228902686,0.6984615325927734,0.30499999413123496,0.008846159714918866,0.5911538600921631,0.1976923216306246,0.11615383221552922,0.8039877414703369,0.41052620300879844,0.09668004916264461,0.8039249777793884,0.41046343931784995,0.09661728547169612,0.69605258209771,0.30259104363617156,0.011255110209982266
seed_42,corr_target_motion_blur_sev4,112,2600,False,True,False,0.3007692307692308,0.3007692307692308,0.7307692307692307,0.8922028121005539,0.8925155739909664,0.5914335813313231,0.16174634322173564,0.6752782877305544,0.7779998110617801,0.37450905696132364,0.04723058029254934,0.6883072408036495,0.6565384864807129,0.3557692557114821,0.07423074428851784,0.5207692384719849,0.22000000770275407,0.20999999229724586,0.7771329879760742,0.47636375720684343,0.04636375720684349,0.7770702242851257,0.47630099351589494,0.046300993515895006,0.5815158045647679,0.28074657379553714,0.1492534262044628
seed_42,corr_target_motion_blur_sev5,113,2600,False,True,False,0.24384615384615385,0.24384615384615385,0.7680769230769231,0.8898377455166524,0.8916987292010535,0.6459915916704986,0.12362180612413043,0.6683239452821728,0.7723581148735693,0.42447779143601894,0.004281191796646211,0.6752829826718241,0.6399999856948853,0.39615383184873143,0.12807693738203785,0.5084615349769592,0.2646153811308054,0.2596153880999639,0.7689785957336426,0.5251324418874888,0.0009016726567194766,0.7689158320426941,0.5250696781965403,0.0008389089657709903,0.5114940233337708,0.267647869487617,0.2565828997431523
seed_42,corr_target_brightness_sev1,114,2600,False,True,False,0.6057692307692307,0.6057692307692307,0.703076923076923,0.9405052974735125,0.9405052974735125,0.3347360667042818,0.23742837439658948,0.8279438600711576,0.8520048103419484,0.22217462930192688,0.14892788726502537,0.8373430960564575,0.8288461565971375,0.22307692582790672,0.1257692335202144,0.7611538171768188,0.15538458640758812,0.058076894099895804,0.8825967907905579,0.27682756002132713,0.17951986771363482,0.8825340270996094,0.27676479633037865,0.17945710402268633,0.8217388397124936,0.2159696089432629,0.11866191663557057
seed_42,corr_target_brightness_sev2,115,2600,False,True,False,0.6026923076923076,0.6026923076923076,0.6992307692307692,0.9460883664369679,0.9467767985774629,0.3433960587446603,0.24754602934669367,0.8205936538283639,0.8461045181492143,0.21790134613605627,0.14687374891844507,0.8323841062828782,0.8149999976158142,0.21230768992350657,0.115769228385045,0.7519230842590332,0.14923077656672556,0.05269231502826399,0.8786869049072266,0.2759945972149189,0.17945613567645735,0.8786241412162781,0.27593183352397044,0.17939337198550886,0.8241784289508212,0.22148612125851352,0.12494765972005195
seed_42,corr_target_brightness_sev3,116,2600,False,True,False,0.5888461538461538,0.5888461538461538,0.6923076923076923,0.9282769991755978,0.9285936951321581,0.339430845329444,0.23628600282446577,0.8094923142438534,0.8352302096596098,0.22064616039769958,0.14292251735191752,0.8279698180658943,0.8157692551612854,0.2269231013151316,0.12346156285359311,0.75,0.1611538461538462,0.05769230769230771,0.8762339353561401,0.28738778150998634,0.18392624304844785,0.8761711716651917,0.28732501781903785,0.18386347935749936,0.824793664929945,0.2359475110837912,0.1324859726222527
seed_42,corr_target_brightness_sev4,117,2600,False,True,False,0.5734615384615385,0.5734615384615385,0.6853846153846154,0.9304812834224598,0.9306866552670926,0.35701974496092137,0.24530203988247723,0.7962930435298694,0.8375798984860511,0.22283150506833094,0.1521952831014357,0.8148663627660075,0.8034615516662598,0.2300000132047213,0.1180769362816444,0.7265384793281555,0.15307694086661705,0.04115386394354015,0.865573525428772,0.2921119869672335,0.1801889100441566,0.8655107617378235,0.292049223276285,0.18012614635320812,0.8162394690916356,0.24277793063009712,0.1308548537070202
seed_42,corr_target_brightness_sev5,118,2600,False,True,False,0.551923076923077,0.551923076923077,0.67,0.9331144850225689,0.9331144850225689,0.3811914080994919,0.26311448502256884,0.7791520512198801,0.8265545415952527,0.2272289742968031,0.15655454159525262,0.8002683982747025,0.7819230556488037,0.22999997872572675,0.11192305564880367,0.704230785369873,0.1523077084467961,0.03423078536987301,0.8554783463478088,0.3035552694247319,0.1854783463478088,0.8554155826568604,0.3034925057337834,0.1854155826568603,0.801109151708256,0.24918607478517907,0.131109151708256
seed_42,corr_target_zoom_blur_sev1,119,2600,False,True,False,0.5046153846153846,0.5046153846153846,0.6853846153846154,0.9189189189189189,0.9189189189189189,0.4143035343035343,0.2335343035343035,0.7533062007366248,0.7998077106436831,0.24869081612124022,0.11442309525906769,0.7731132621221948,0.7346153855323792,0.23000000091699457,0.04923077014776378,0.6449999809265137,0.1403845963111291,0.0403846344581017,0.8317705988883972,0.32715521427301264,0.14638598350378185,0.8317078351974487,0.32709245058206415,0.14632321981283336,0.7627124720807813,0.2580970874653967,0.07732785669616593
seed_42,corr_target_zoom_blur_sev2,120,2600,False,True,False,0.46,0.46,0.7011538461538461,0.9093959731543623,0.9122513601357678,0.44939597315436225,0.21109751398192167,0.7141810473452963,0.7680019696968473,0.2541810473452963,0.06684812354300118,0.7443067114605819,0.6888461709022522,0.22884617090225218,0.01230767525159393,0.5896154046058655,0.12961540460586546,0.11153844154798065,0.8068714141845703,0.3468714141845703,0.10571756803072418,0.8068086504936218,0.3468086504936218,0.1056548043397757,0.7333089825240287,0.27330898252402863,0.032155136370182524
seed_42,corr_target_zoom_blur_sev3,121,2600,False,True,False,0.4276923076923077,0.4276923076923077,0.6988461538461539,0.8954970263381478,0.896356553657252,0.46780471864584006,0.19751039981109808,0.6858854208517108,0.7609095399154475,0.2581931131594031,0.062063386069293625,0.7220022389904392,0.6846153736114502,0.2569230659191425,0.0142307802347037,0.567307710647583,0.1396154029552753,0.1315384431985709,0.7964872121810913,0.3687949044887836,0.09764105833493741,0.7964244484901428,0.3687321407978351,0.09757829464398893,0.7085275884812177,0.28083528078890996,0.009681434635063768
seed_42,corr_target_zoom_blur_sev4,122,2600,False,True,False,0.38961538461538464,0.38961538461538464,0.7142307692307692,0.8865096359743041,0.8869324157481255,0.49689425135891946,0.1727016465173563,0.6614945801661758,0.7515918265510902,0.27187919555079115,0.03736105732032102,0.6964727387153643,0.6465384364128113,0.25692305179742664,0.06769233281795795,0.5265384912490845,0.13692310663369983,0.18769227798168475,0.7777592539787292,0.3881438693633446,0.06352848474796002,0.7776964902877808,0.3880811056723961,0.06346572105701154,0.6815676365903318,0.2919522519749472,0.03266313264043741
seed_42,corr_target_zoom_blur_sev5,123,2600,False,True,False,0.3457692307692308,0.3457692307692308,0.7342307692307692,0.8581466842336406,0.8603249084182798,0.5123774534644099,0.12609413918751056,0.6356959037075347,0.7230664379030923,0.28992667293830393,0.011164331327676913,0.6691402232416757,0.6165384650230408,0.27076923425381,0.11769230420772847,0.48423075675964355,0.13846152599041278,0.2500000124711257,0.7596949934959412,0.4139257627267104,0.02546422426517192,0.7596322298049927,0.4138629990357619,0.025401460574223433,0.6465536983842046,0.30078446761497385,0.08767707084656462
seed_42,corr_target_snow_sev1,124,2600,False,True,False,0.485,0.485,0.6838461538461539,0.9166666666666665,0.9172742358546117,0.43166666666666653,0.23342808200845777,0.7276648131985837,0.7856852005116681,0.24266481319858368,0.10183904666551424,0.7799951330784808,0.7569230794906616,0.27192307949066163,0.07307692564450774,0.6596153974533081,0.17461539745330812,0.024230756392845776,0.8400134444236755,0.35501344442367555,0.15616729057752166,0.839950680732727,0.35495068073272706,0.15610452688657317,0.7428581736651108,0.25785817366511077,0.05901201981895687
seed_42,corr_target_snow_sev2,125,2600,False,True,False,0.33192307692307693,0.33192307692307693,0.7315384615384616,0.8903115663679044,0.8903115663679044,0.5583884894448274,0.15877310482944285,0.6592847573497631,0.7699069110153735,0.3273616804266862,0.03836844947691187,0.7222832912202222,0.694615364074707,0.3626922871516301,0.03692309746375455,0.5653846263885498,0.23346154946547287,0.16615383514991178,0.7999367117881775,0.46801363486510056,0.06839825024971591,0.799873948097229,0.46795087117415207,0.06833548655876742,0.6043163633869749,0.272393286463898,0.12722209815148666
seed_42,corr_target_snow_sev3,126,2600,False,True,False,0.36230769230769233,0.36230769230769233,0.7115384615384616,0.8893635198633062,0.8916570192894535,0.5270558275556139,0.18011855775099195,0.6708205454641256,0.7476126828395886,0.3085128531564333,0.03607422130112703,0.730746499755472,0.6919230818748474,0.3296153895671551,0.019615379663614152,0.5838461518287659,0.22153845952107354,0.1276923097096957,0.8059890270233154,0.4436813347156231,0.09445056548485387,0.8059262633323669,0.4436185710246746,0.09438780179390538,0.6499497857298397,0.2876420934221474,0.06158867580862182
seed_42,corr_target_snow_sev4,127,2600,False,True,False,0.2946153846153846,0.2946153846153846,0.7476923076923077,0.8817204301075269,0.8818913797693433,0.5871050454921423,0.13419907207703563,0.6266777813357503,0.7483593502746917,0.33206239672036564,0.0006670425823840365,0.6954928715208664,0.6515384912490845,0.35692310663369986,0.09615381644322318,0.5280769467353821,0.23346156211999747,0.21961536095692558,0.7800413370132446,0.48542595239786,0.03234902932093697,0.7799785733222961,0.48536318870691153,0.032286265629988486,0.5811810470172154,0.2865656624018308,0.16651126067509225
seed_42,corr_target_snow_sev5,128,2600,False,True,False,0.2603846153846154,0.2603846153846154,0.7657692307692308,0.880275624461671,0.8816070111605158,0.6198910090770555,0.115837780391285,0.6021418579489946,0.7548293211583307,0.34175724256437917,0.010939909610900078,0.6627417248951553,0.6138461828231812,0.35346156743856577,0.1519230479460496,0.4719230830669403,0.21153846768232493,0.29384614770229045,0.7565287351608276,0.49614411977621226,0.009240495608403121,0.7564659714698792,0.49608135608526377,0.009303259299351607,0.5332982763611358,0.2729136609765204,0.23247095440809495
seed_42,corr_target_defocus_blur_sev1,129,2600,False,True,False,0.5223076923076924,0.5223076923076924,0.6876923076923077,0.9331144850225689,0.9351503948938948,0.4108067927148765,0.24745808720158713,0.7937283127655731,0.8195206570170005,0.27142062045788073,0.13182834932469278,0.7903174741946486,0.766153872013092,0.24384617970539968,0.07846156432078433,0.680384635925293,0.1580769436176006,0.007307671767014745,0.8488876819610596,0.3265799896533672,0.16119537426875186,0.8488249182701111,0.3265172259624187,0.16113261057780337,0.7885723781811242,0.2662646858734319,0.10088007048881653
seed_42,corr_target_defocus_blur_sev2,130,2600,False,True,False,0.4815384615384615,0.4815384615384615,0.6857692307692308,0.9175686927560367,0.9189490870881292,0.43603023121757517,0.23317985631889837,0.7568640110890608,0.8053835971122145,0.27532554955059924,0.11961436634298372,0.7621226309192486,0.7373076677322388,0.25576920619377724,0.05153843696300797,0.6407692432403564,0.15923078170189492,0.04499998752887435,0.8295904994010925,0.348052037862631,0.14382126863186173,0.829527735710144,0.3479892741716825,0.14375850494091325,0.7712438197091132,0.28970535817065163,0.08547458893988236
seed_42,corr_target_defocus_blur_sev3,131,2600,False,True,False,0.41615384615384615,0.41615384615384615,0.6992307692307692,0.9233954451345756,0.9240100739527994,0.5072415989807295,0.22477930472203023,0.6916278927508577,0.793673289506134,0.2754740465970115,0.09444252027536482,0.695593752519901,0.6538461446762085,0.23769229852236234,0.045384624554560715,0.5299999713897705,0.11384612523592436,0.1692307978409987,0.7791460156440735,0.36299216949022733,0.07991524641330428,0.779083251953125,0.36292940579927885,0.07985248272235579,0.7112498706047153,0.2950960244508692,0.012019101373946128
seed_42,corr_target_defocus_blur_sev4,132,2600,False,True,False,0.3376923076923077,0.3376923076923077,0.7280769230769231,0.9052631578947369,0.9056954569701279,0.5675708502024293,0.1776185338932048,0.6211055819950485,0.7813626930605639,0.2834132743027408,0.053285769983640874,0.6344675913880419,0.5865384340286255,0.2488461263363178,0.14153848904829758,0.4430769085884094,0.10538460089610174,0.28500001448851364,0.7352874279022217,0.397595120209914,0.007210504825298614,0.7352246642112732,0.3975323565189655,0.007147741134350127,0.6338199617285711,0.29612765403626345,0.09425696134835193
seed_42,corr_target_defocus_blur_sev5,133,2600,False,True,False,0.26576923076923076,0.26576923076923076,0.7542307692307693,0.8959660297239915,0.8959660297239915,0.6301967989547608,0.14173526049322227,0.5824066294620016,0.775075124655384,0.31663739869277086,0.020844355424614713,0.5890187469862365,0.5292307734489441,0.26346154267971333,0.22499999578182517,0.3715384602546692,0.10576922948543843,0.38269230897610007,0.7000974416732788,0.43432821090404805,0.05413332755749045,0.7000346779823303,0.43426544721309956,0.05419609124843894,0.5476282584624659,0.2818590276932351,0.20660251076830338
seed_42,corr_target_glass_blur_sev1,134,2600,False,True,False,0.49846153846153846,0.49846153846153846,0.6692307692307692,0.9220563847429518,0.9220563847429518,0.42359484628141336,0.25282561551218263,0.7548342495278288,0.7894933347727606,0.2563727110662904,0.12026256554199144,0.7748140003669901,0.7469230890274048,0.24846155056586633,0.0776923197966356,0.6523076891899109,0.15384615072837243,0.016923080040858296,0.8365225195884705,0.338060981126932,0.16729175035770127,0.836459755897522,0.3379982174359835,0.1672289866667528,0.7699010840353351,0.2714395455737966,0.1006703148045659
seed_42,corr_target_glass_blur_sev2,135,2600,False,True,False,0.4176923076923077,0.4176923076923077,0.6811538461538461,0.9225031081641111,0.9263857451862808,0.5048108004718034,0.2452318990324347,0.699636700263583,0.78257737801721,0.28194439257127535,0.10142353186336384,0.7213294818483531,0.6938461661338806,0.2761538584415729,0.012692319980034505,0.572692334651947,0.15500002695963933,0.10846151150189909,0.8008325099945068,0.38314020230219914,0.11967866384066073,0.8007697463035583,0.38307743861125065,0.11961590014971224,0.6901473594504888,0.2724550517581811,0.008993513296642663
seed_42,corr_target_glass_blur_sev3,136,2600,False,True,False,0.23615384615384616,0.23615384615384616,0.7792307692307693,0.8845988845988847,0.8851607101607101,0.6484450384450385,0.10592994092994079,0.6271526542751356,0.7178847318370704,0.3909988081212894,0.06134603739369893,0.5889281029889488,0.5126923322677612,0.27653848611391507,0.26653843696300805,0.36000001430511475,0.12384616815126859,0.41923075492565454,0.700599730014801,0.46444588386095487,0.07863103921596826,0.7005369663238525,0.4643831201700064,0.07869380290691674,0.46877656170334525,0.2326227155494991,0.31045420752742403
seed_42,corr_target_glass_blur_sev4,137,2600,False,True,False,0.18461538461538463,0.18461538461538463,0.821923076923077,0.896902842596521,0.896902842596521,0.7122874579811364,0.074979765673444,0.6462246099034541,0.7345072827756965,0.46160922528806947,0.08741579414738043,0.5826019151002236,0.517307698726654,0.3326923141112694,0.3046153781964229,0.35538461804389954,0.1707692334285149,0.46653845887917744,0.7021836638450623,0.5175682792296776,0.11973941307801472,0.7021209001541138,0.5175055155387291,0.11980217676896321,0.4017619474010541,0.21714656278566946,0.4201611295220229
seed_42,corr_target_glass_blur_sev5,138,2600,False,True,False,0.14923076923076922,0.14923076923076922,0.8515384615384616,0.8860325621251071,0.8884007243447329,0.7368017928943378,0.03686226280627136,0.6336054418101198,0.7656946070254775,0.4843746725793506,0.08584385451298404,0.5721856727589396,0.5134615302085876,0.3642307609778184,0.33807693132987393,0.3488461673259735,0.1996153980952043,0.5026922942124881,0.6969651579856873,0.547734388754918,0.15457330355277432,0.6969023942947388,0.5476716250639695,0.1546360672437228,0.35644419385107273,0.2072134246203035,0.49509426768738884
seed_42,corr_target_gaussian_noise_sev1,139,2600,False,True,False,0.5380769230769231,0.5380769230769231,0.6761538461538461,0.9352989352989352,0.9353949795531115,0.39722201222201203,0.25924113339926536,0.7845689236706633,0.8104514838446275,0.2464920005937402,0.1342976376907814,0.8202944864105591,0.7934615612030029,0.2553846381260798,0.11730771504915682,0.7203845977783203,0.1823076747013972,0.04423075162447421,0.8655381202697754,0.32746119719285227,0.18938427411592929,0.8654753565788269,0.3273984335019038,0.1893215104249808,0.8236452715583527,0.28556834848142953,0.14749142540450655
seed_42,corr_target_gaussian_noise_sev2,140,2600,False,True,False,0.48115384615384615,0.48115384615384615,0.6823076923076923,0.9238410596026491,0.9250816968076074,0.4426872134488029,0.24277400449991515,0.7411020068046866,0.7950017262967479,0.2599481606508405,0.11269403398905564,0.8025291935787142,0.7869230508804321,0.305769204726586,0.10461535857273985,0.7007692456245422,0.21961539947069608,0.018461553316849955,0.8567718863487244,0.3756180401948782,0.17446419404103208,0.8567091226577759,0.3755552765039297,0.1744014303500836,0.7911525504762711,0.30999870432242493,0.1088448581685788
seed_42,corr_target_gaussian_noise_sev3,141,2600,False,True,False,0.37846153846153846,0.37846153846153846,0.7069230769230769,0.9098532494758909,0.9107671813968526,0.5313917110143525,0.20384410447377577,0.6626582482035955,0.7750377859583014,0.2841967097420571,0.06811470903522454,0.7630322350563008,0.7415384650230408,0.3630769265615023,0.034615388099963895,0.6461538672447205,0.267692328783182,0.06076920967835642,0.8260385394096375,0.447577000948099,0.11911546248656057,0.825975775718689,0.4475142372571505,0.11905269879561209,0.6982180223626598,0.3197564839011214,0.008705054560417036
seed_42,corr_target_gaussian_noise_sev4,142,2600,False,True,False,0.27884615384615385,0.27884615384615385,0.7657692307692308,0.8903115663679044,0.8914169867690994,0.6114654125217506,0.12564775599986866,0.5855998867694582,0.7473610367697008,0.3067537329233043,0.018408193999529976,0.7080445524265867,0.6692307591438293,0.3903846052976755,0.09653847162540141,0.5496153831481934,0.2707692293020395,0.2161538476210374,0.7869853377342224,0.5081391838880686,0.021216106964991654,0.7869225740432739,0.5080764201971201,0.021153343274043168,0.5919109169340641,0.3130647630879102,0.1738583138351667
seed_42,corr_target_gaussian_noise_sev5,143,2600,False,True,False,0.17038461538461538,0.17038461538461538,0.8415384615384616,0.8330341113105925,0.8336752520370114,0.6626494959259771,0.007863209501450141,0.5454933235452187,0.726028477154966,0.3751087081606034,0.11550998438349558,0.6403894177077583,0.5796154141426086,0.4092307987579933,0.2619230473958529,0.4426923096179962,0.27230769423338086,0.39884615192046535,0.7376365065574646,0.5672518911728492,0.10390195498099697,0.7375737428665161,0.5671891274819008,0.10396471867194546,0.4637975317349543,0.29341291635033895,0.37774092980350726
seed_42,corr_target_shot_noise_sev1,144,2600,False,True,False,0.536923076923077,0.536923076923077,0.6834615384615385,0.9269500619067272,0.9269500619067272,0.3900269849836503,0.2434885234451888,0.7741102473515175,0.8008398824509306,0.2371871704284405,0.11737834398939218,0.8104016340495065,0.7919231057167053,0.2550000287936284,0.10846156725516687,0.7142307758331299,0.17730769891005294,0.03076923737159143,0.8620701432228088,0.3251470662997319,0.17860860476127038,0.8620073795318604,0.3250843026087834,0.1785458410703219,0.8217238478365086,0.2848007709134317,0.1382623093749702
seed_42,corr_target_shot_noise_sev2,145,2600,False,True,False,0.4673076923076923,0.4673076923076923,0.6834615384615385,0.9229494614747308,0.9237900018823186,0.45564176916703847,0.24032846342078018,0.7343505165078783,0.7896174604517608,0.267042824200186,0.10615592199022239,0.7870862111250158,0.7538461685180664,0.2865384762103741,0.07038463005652795,0.6692307591438293,0.20192306683613703,0.014230779317709108,0.8444811105728149,0.37717341826512263,0.1610195721112765,0.8444183468818665,0.37711065457417414,0.160956808420328,0.7800627189282272,0.3127550266205349,0.09660118046668875
seed_42,corr_target_shot_noise_sev3,146,2600,False,True,False,0.3776923076923077,0.3776923076923077,0.7157692307692308,0.9038785834738617,0.9038785834738617,0.5261862757815541,0.18810935270463092,0.6647512663815378,0.7729231163177906,0.2870589586892301,0.057153885548559824,0.7491506745599854,0.7196153998374939,0.3419230921451862,0.0038461690682630723,0.6138461828231812,0.23615387513087344,0.10192304794604967,0.8158544898033142,0.4381621821110065,0.10008525903408338,0.8157917261123657,0.438099418420058,0.1000224953431349,0.6970819651514524,0.31938965745914466,0.018687265617778448
seed_42,corr_target_shot_noise_sev4,147,2600,False,True,False,0.2519230769230769,0.2519230769230769,0.7834615384615384,0.8783433994823123,0.8815438511681647,0.6264203225592354,0.09808231270662626,0.5853450120306181,0.7519996302184336,0.33342193510754115,0.0314619082431048,0.6934738555853897,0.6553846001625061,0.4034615232394292,0.12807693829903233,0.5292307734489441,0.2773076965258672,0.25423076501259434,0.776634693145752,0.524711616222675,0.006826845315786478,0.7765719294548035,0.5246488525317266,0.006889609006734965,0.5762418404630073,0.3243187635399304,0.20721969799853113
seed_42,corr_target_shot_noise_sev5,148,2600,False,True,False,0.18423076923076923,0.18423076923076923,0.8323076923076923,0.8304093567251462,0.831473494368714,0.646178587494377,0.0008341979389783205,0.5765182125115695,0.708791503378133,0.39228744328080034,0.12351618892955929,0.6667295023938958,0.6223077178001404,0.4380769485693712,0.20999997450755192,0.48076921701431274,0.29653844778354355,0.35153847529337956,0.7608631253242493,0.5766323560934801,0.07144456698344304,0.7608003616333008,0.5765695924025316,0.07150733067439152,0.48300710428311144,0.29877633505234225,0.34930058802458086
seed_42,corr_target_impulse_noise_sev1,149,2600,False,True,False,0.4753846153846154,0.4753846153846154,0.6811538461538461,0.9089383130507763,0.9096002131832922,0.4335536976661609,0.2284463670294461,0.726982244403548,0.7777141769467912,0.25159762901893257,0.09656033079294513,0.7861538063931632,0.7603846192359924,0.285000003851377,0.07923077308214632,0.6696153879165649,0.19423077253194954,0.011538458237281168,0.8437526226043701,0.3683680072197547,0.162598776450524,0.8436898589134216,0.3683052435288062,0.16253601275957552,0.7668364930109177,0.2914518776263023,0.08568264685707161
seed_42,corr_target_impulse_noise_sev2,150,2600,False,True,False,0.43115384615384617,0.43115384615384617,0.6907692307692308,0.8931460195828013,0.8932172738401937,0.4619921734289551,0.20244804307096287,0.6829081433526311,0.7705647033565015,0.2517542971987849,0.07979547258727071,0.7693468830521476,0.7480769157409668,0.31692306958712063,0.057307684971735995,0.6438461542129517,0.2126923080591055,0.04692307655627914,0.8320645093917847,0.4009106632379385,0.14129527862255387,0.8320017457008362,0.40084789954699,0.14123251493160538,0.7454779214184286,0.31432407526458245,0.05470869064919781
seed_42,corr_target_impulse_noise_sev3,151,2600,False,True,False,0.385,0.385,0.7119230769230769,0.886986301369863,0.8871500847279792,0.501986301369863,0.1752270078049023,0.6484715059938522,0.7556970869878267,0.26347150599385216,0.04377401006474979,0.7503993095821697,0.7111538648605347,0.32615386486053466,0.0007692120625422127,0.6126922965049744,0.22769229650497436,0.09923078041810252,0.816765308380127,0.43176530838012694,0.10484223145705007,0.8167025446891785,0.43170254468917846,0.10477946776610159,0.7096184900986204,0.3246184900986204,0.002304586824456445
seed_42,corr_target_impulse_noise_sev4,152,2600,False,True,False,0.2623076923076923,0.2623076923076923,0.7769230769230769,0.8611476127901884,0.8649262689034181,0.5988399204824961,0.08800319198034112,0.5525388393831948,0.7662367339575831,0.2902311470755025,0.010686342965493867,0.6897908615477549,0.6280769109725952,0.3657692186649029,0.14884616595048172,0.5142307877540588,0.25192309544636654,0.2626922891690181,0.7676396369934082,0.5053319446857159,0.009283439929668735,0.7675768733024597,0.5052691809947674,0.009346203620617222,0.5888851256431289,0.3265774333354366,0.18803795127994805
seed_42,corr_target_impulse_noise_sev5,153,2600,False,True,False,0.1773076923076923,0.1773076923076923,0.833076923076923,0.82988298829883,0.8301926168894894,0.6525752959911377,0.0028843061874336273,0.5345599962782708,0.7379965766072341,0.3572523039705785,0.09508034646968899,0.6316227286025343,0.569615364074707,0.39230767176701475,0.263461559002216,0.4303846061229706,0.2530769138152783,0.40269231695395247,0.7307078242301941,0.5534001319225018,0.10236909884672896,0.7306450605392456,0.5533373682315533,0.10243186253767744,0.4744858321599893,0.297178139852297,0.35859109091693375
seed_42,corr_target_contrast_sev1,154,2600,False,True,False,0.571923076923077,0.571923076923077,0.6857692307692308,0.9417989417989419,0.9417989417989419,0.3698758648758649,0.25602971102971106,0.804190864292034,0.830254882968693,0.23226778736895703,0.1444856521994622,0.816758160688864,0.7919231057167053,0.22000002879362834,0.10615387494747452,0.7253845930099487,0.15346151608687175,0.03961536224071793,0.8657048940658569,0.29378181714277996,0.17993566329662614,0.8656421303749084,0.29371905345183147,0.17987289960567765,0.8099263313222963,0.23800325439921932,0.1241571005530655
seed_42,corr_target_contrast_sev2,155,2600,False,True,False,0.5380769230769231,0.5380769230769231,0.6915384615384615,0.9304812834224598,0.9304812834224598,0.3924043603455367,0.2389428218839983,0.7765800626859799,0.8194349693548306,0.23850313960905678,0.12789650781636908,0.8011331457313723,0.7734615206718445,0.23538459759492136,0.08192305913338294,0.6915384531021118,0.1534615300251887,8.436349729912251e-09,0.8538926243782043,0.3158157013012812,0.1623541628397428,0.8538298606872559,0.31575293761033274,0.1622913991487943,0.7872954754924093,0.24921855241548618,0.09575701395394776
seed_42,corr_target_contrast_sev3,156,2600,False,True,False,0.48115384615384615,0.48115384615384615,0.6773076923076923,0.9015631601182932,0.9015631601182932,0.42040931396444703,0.2242554678106009,0.7158429555999031,0.7951386918788236,0.23468910944605692,0.1178309995711313,0.7697342139727954,0.739230751991272,0.2580769058374258,0.061923059683579695,0.6523076891899109,0.17115384303606473,0.02500000311778139,0.8300389051437378,0.34888505898989164,0.15273121283604552,0.8299761414527893,0.34882229529894315,0.15266844914509703,0.7355708252897077,0.2544169791358616,0.058263132982015464
seed_42,corr_target_contrast_sev4,157,2600,False,True,False,0.3353846153846154,0.3353846153846154,0.7265384615384616,0.8783433994823123,0.8783433994823123,0.5429587840976969,0.15180493794385075,0.6023327125355655,0.7404182598915657,0.26694809715095014,0.013879798353104156,0.6843768835783449,0.635769248008728,0.30038463262411264,0.09076921352973355,0.5184615254402161,0.18307691005560067,0.2080769360982455,0.767293393611908,0.43190877822729257,0.04075493207344638,0.7672306299209595,0.4318460145363441,0.040692168382497895,0.6031111283013262,0.2677265129167108,0.1234273332371354
seed_42,corr_target_contrast_sev5,158,2600,False,True,False,0.19076923076923077,0.19076923076923077,0.8196153846153846,0.8515901060070673,0.8515901060070673,0.6608208752378365,0.03197472139168267,0.4830877582105641,0.7073604474214708,0.29231852744133335,0.11225493719391388,0.561415416284512,0.4950000047683716,0.3042307739991408,0.32461537984701305,0.3361538350582123,0.1453846042889815,0.48346154955717235,0.6812278628349304,0.4904586320656996,0.13838752178045421,0.6811650991439819,0.49039586837475113,0.1384502854714027,0.459785823385889,0.2690165926166582,0.3598295612294956
seed_42,corr_target_elastic_transform_sev1,159,2600,False,True,False,0.5676923076923077,0.5676923076923077,0.6857692307692308,0.9331144850225689,0.9354310098450019,0.36542217733026117,0.24966177907577114,0.8018343829082657,0.8220054693043125,0.23414207521595798,0.1362362385350817,0.8172480477542867,0.8084615468978882,0.24076923920558047,0.12269231612865739,0.7261538505554199,0.1584615428631122,0.040384619786189124,0.8690030574798584,0.3013107497875507,0.1832338267106276,0.8689402937889099,0.3012479860966022,0.18317106301967911,0.8040551462770577,0.23636283858474993,0.11828591550782686
seed_42,corr_target_elastic_transform_sev2,160,2600,False,True,False,0.40615384615384614,0.40615384615384614,0.6846153846153846,0.8903115663679044,0.8903115663679044,0.4841577202140583,0.2056961817525198,0.6685403075218863,0.7888537830461637,0.26238646136804017,0.10423839843077909,0.7371074934501372,0.7084615230560303,0.30230767690218413,0.023846138440645648,0.5957692265510559,0.18961538039720977,0.08884615806432872,0.8102203011512756,0.4040664549974295,0.125604916535891,0.8101575374603271,0.404003691306481,0.12554215284494252,0.6948296414128087,0.28867579525896253,0.010214256797424048
seed_42,corr_target_elastic_transform_sev3,161,2600,False,True,False,0.4492307692307692,0.4492307692307692,0.6911538461538461,0.9038785834738617,0.904410753664548,0.45464781424309253,0.21325690751070192,0.6998958504267814,0.8053569962167273,0.25066508119601216,0.11420315006288118,0.7580586342893186,0.739230751991272,0.28999998276050276,0.048076905837425854,0.6376923322677612,0.18846156303699202,0.05346151388608489,0.8280107975006104,0.37878002826984114,0.13685695134676423,0.8279480338096619,0.37871726457889265,0.13679418765581575,0.7166723105510373,0.2674415413202681,0.025518464397191187
seed_42,corr_target_elastic_transform_sev4,162,2600,False,True,False,0.35115384615384615,0.35115384615384615,0.7119230769230769,0.86611426079372,0.86611426079372,0.5149604146398739,0.15419118387064312,0.6124615774223716,0.7547099028040286,0.26130773126852547,0.04278682588095173,0.7002508438055945,0.6603845953941345,0.30923074924028837,0.05153848152894236,0.5392307639122009,0.18807691775835478,0.17269231301087595,0.7811888456344604,0.4300349994806143,0.06926576871138357,0.781126081943512,0.4299722357896658,0.06920300502043508,0.6036112117600463,0.25245736560620013,0.1083118651630306
seed_42,corr_target_elastic_transform_sev5,163,2600,False,True,False,0.19,0.19,0.8238461538461539,0.8346033168982517,0.8360286630620865,0.6446033168982517,0.012182509215932558,0.5440319093224739,0.7201722468151749,0.3540319093224739,0.103673907030979,0.6323674239478068,0.5819230675697327,0.39192306756973266,0.24192308627642123,0.4307692348957062,0.24076923489570617,0.3930769189504477,0.7372749447822571,0.5472749447822571,0.08657120906389681,0.7372121810913086,0.5472121810913086,0.0866339727548453,0.42697435018812524,0.23697435018812524,0.39687180365802865
seed_42,corr_target_pixelate_sev1,164,2600,False,True,False,0.573076923076923,0.573076923076923,0.6796153846153846,0.9392084863321093,0.9392084863321093,0.36613156325518625,0.2595931017167247,0.809707589270646,0.822208708440209,0.23663066619372297,0.14259332382482437,0.8160091844155882,0.7980769276618958,0.2250000045849727,0.11846154304651113,0.7276923060417175,0.1546153829647945,0.04807692142633291,0.8678061366081238,0.29472921353120074,0.18819075199273916,0.8677433729171753,0.29466644984025225,0.18812798830179067,0.8056906504442684,0.2326137273673453,0.12607526582888373
seed_42,corr_target_pixelate_sev2,165,2600,False,True,False,0.565,0.565,0.6811538461538461,0.9300411522633746,0.9305330800886357,0.36504115226337464,0.24937923393478956,0.7988567992951695,0.815032219724425,0.23385679929516956,0.13387837357057886,0.8092775181940273,0.7938461303710938,0.2288461303710938,0.11269228421724764,0.7173076868057251,0.15230768680572515,0.03615384065187899,0.8628649711608887,0.2978649711608887,0.18171112500704256,0.8628022074699402,0.29780220746994024,0.18164836131609408,0.7935431463733026,0.22854314637330264,0.11238930021945648
seed_42,corr_target_pixelate_sev3,166,2600,False,True,False,0.5007692307692307,0.5007692307692307,0.675,0.9157631359466223,0.9157631359466223,0.41499390517739154,0.24076313594662224,0.7547336740000894,0.7938070780780929,0.25396444323085865,0.11880707807809288,0.7793941280122761,0.7669230699539185,0.2661538391846877,0.09192306995391841,0.6630769371986389,0.16230770642940817,0.011923062801361128,0.8424654603004456,0.3416962295312148,0.1674654603004455,0.8424026966094971,0.3416334658402663,0.16740269660949703,0.7554658676415522,0.25469663687232147,0.08046586764155217
seed_42,corr_target_pixelate_sev4,167,2600,False,True,False,0.42653846153846153,0.42653846153846153,0.6807692307692308,0.875918720276697,0.877027000669024,0.4493802587382355,0.19625776989979316,0.6641130870493085,0.7676196550272716,0.23757462551084696,0.08685042425804079,0.7247289109375944,0.6792307496070862,0.25269228806862465,0.0015384811621446115,0.5734615325927734,0.1469230710543119,0.10730769817645736,0.7982516884803772,0.37171322694191566,0.1174824577111464,0.7981889247894287,0.3716504632509672,0.11741969402019792,0.6880723240211645,0.26153386248270294,0.007303093251933679
seed_42,corr_target_pixelate_sev5,168,2600,False,True,False,0.3607692307692308,0.3607692307692308,0.7107692307692308,0.8520971302428256,0.8541543582068053,0.49132789947359484,0.14338512743757448,0.5883774853912958,0.7541580103749643,0.22760825462206496,0.04338877960573351,0.6831963711496045,0.6388461589813232,0.27807692821209246,0.07192307178790758,0.5176923274993896,0.15692309673015886,0.19307690326984117,0.7677329182624817,0.4069636874932509,0.05696368749325087,0.7676701545715332,0.4069009238023024,0.05690092380230238,0.6385247773056432,0.2777555465364124,0.07224445346358765
seed_42,corr_target_jpeg_compression_sev1,169,2600,False,True,False,0.5715384615384616,0.5715384615384616,0.6953846153846154,0.931799506984388,0.9322887301687631,0.3602610454459264,0.23690411478414775,0.8095746614684032,0.8222259132476101,0.23803619992994163,0.1268412978629947,0.8235380338822883,0.8100000023841858,0.23846154084572424,0.11461538699957041,0.7357692122459412,0.1642307507074796,0.04038459686132578,0.872768759727478,0.3012302981890165,0.17738414434286265,0.8727059960365295,0.301167534498068,0.17732138065191416,0.7796247945224778,0.20808633298401624,0.08424017913786241
seed_42,corr_target_jpeg_compression_sev2,170,2600,False,True,False,0.5526923076923077,0.5526923076923077,0.681923076923077,0.9220563847429518,0.9220563847429518,0.3693640770506441,0.24013330781987485,0.7936166858795133,0.8236432938725313,0.24092437818720558,0.14172021694945436,0.8158067709719533,0.7980769276618958,0.24538461996958805,0.11615385073881879,0.7246153950691223,0.1719230873768146,0.04269231814604535,0.8654438853263855,0.3127515776340778,0.18352080840330853,0.865381121635437,0.3126888139431293,0.18345804471236005,0.7668439552479505,0.21415164755564275,0.0849208783248735
seed_42,corr_target_jpeg_compression_sev3,171,2600,False,True,False,0.5453846153846154,0.5453846153846154,0.6703846153846154,0.9157631359466223,0.9187717851991777,0.37037852056200693,0.24838716981456233,0.7919576596611552,0.8209982083896693,0.2465730442765398,0.15061359300505395,0.8107477377722093,0.7919231057167053,0.24653849033208997,0.12153849033208997,0.7153846025466919,0.16999998716207654,0.04499998716207654,0.8638689517974854,0.31848433641287,0.19348433641287,0.8638061881065369,0.3184215727219215,0.1934215727219215,0.7593909834685659,0.21400636808395057,0.08900636808395057
seed_42,corr_target_jpeg_compression_sev4,172,2600,False,True,False,0.49,0.49,0.675,0.911678526580159,0.9139783428219815,0.42167852658015903,0.2389783428219815,0.7520906556123761,0.7891428998447082,0.2620906556123761,0.11414289984470816,0.7816035521802481,0.7507692575454712,0.2607692575454712,0.07576925754547115,0.6565384864807129,0.1665384864807129,0.018461513519287154,0.8410285711288452,0.3510285711288452,0.16602857112884517,0.8409658074378967,0.35096580743789674,0.16596580743789668,0.7244879292311569,0.2344879292311569,0.04948792923115686
seed_42,corr_target_jpeg_compression_sev5,173,2600,False,True,False,0.41923076923076924,0.41923076923076924,0.6876923076923077,0.8888888888888888,0.8888888888888888,0.4696581196581196,0.20119658119658113,0.684127706135383,0.7636935877949682,0.26489693690461374,0.0760012801026605,0.7387682143244668,0.7080768942832947,0.28884612505252544,0.020384586590986964,0.6019230484962463,0.1826922792654771,0.08576925919606138,0.8110259771347046,0.39179520790393535,0.12333366944239688,0.8109632134437561,0.39173244421298686,0.12327090575144839,0.6821402656765756,0.26290949644580636,0.005552042015732117
seed_42,corr_target_speckle_noise_sev1,174,2600,False,True,False,0.5457692307692308,0.5457692307692308,0.6757692307692308,0.9348627611634577,0.935347272555384,0.3890935303942269,0.2595780417861532,0.7923440151482843,0.8182342514986803,0.24657478437905356,0.14246502072944955,0.8151965526041763,0.7973076701164246,0.2515384393471938,0.12153843934719377,0.7226923108100891,0.17692308004085833,0.04692308004085832,0.866203248500824,0.3204340177315932,0.19043401773159319,0.8661404848098755,0.3203712540406447,0.1903712540406447,0.8159512028448449,0.2701819720756141,0.14018197207561411
seed_42,corr_target_speckle_noise_sev2,175,2600,False,True,False,0.5088461538461538,0.5088461538461538,0.6715384615384615,0.926507018992568,0.926507018992568,0.4176608651464142,0.2549685574541065,0.7765885035974892,0.8055136425899341,0.2677423497513354,0.13397518105147255,0.8031557911492866,0.7892307639122009,0.2803846100660471,0.1176923023737394,0.704230785369873,0.1953846315237192,0.03269232383141152,0.858587920665741,0.34974176681958713,0.18704945912727944,0.8585251569747925,0.34967900312863864,0.18698669543633095,0.796067759174845,0.2872216053286911,0.12452929763638343
seed_42,corr_target_speckle_noise_sev3,176,2600,False,True,False,0.4026923076923077,0.4026923076923077,0.6984615384615385,0.9066442388561817,0.9084952975333547,0.503951931163874,0.2100337590718162,0.6974862161417832,0.7719742924790944,0.2947939084494755,0.07351275401755597,0.755080876608404,0.7230769395828247,0.320384631890517,0.02461540112128624,0.6203846335411072,0.2176923258487995,0.07807690492043129,0.8190593123435974,0.41636700465128973,0.12059777388205895,0.8189965486526489,0.41630424096034124,0.12053501019111046,0.7116701017499149,0.30897779405760717,0.013208563288376385
seed_42,corr_target_speckle_noise_sev4,177,2600,False,True,False,0.33576923076923076,0.33576923076923076,0.73,0.9029535864978903,0.9032366421923385,0.5671843557286596,0.17323664219233847,0.6422821131602386,0.7729371129047374,0.3065128823910079,0.04293711290473745,0.7247373797299488,0.6742307543754578,0.338461523606227,0.05576924562454222,0.574999988079071,0.23923075730984028,0.15500001192092894,0.7944521903991699,0.45868295962993916,0.06445219039916994,0.7943894267082214,0.45862019593899067,0.06438942670822145,0.6568495201215954,0.3210802893523646,0.07315047987840462
seed_42,corr_target_speckle_noise_sev5,178,2600,False,True,False,0.2773076923076923,0.2773076923076923,0.7592307692307693,0.8773747841105354,0.8773747841105354,0.600067091802843,0.11814401487976611,0.6009717676563897,0.7414639409698252,0.3236640753486974,0.017766828260944112,0.6987683398253159,0.6523076891899109,0.3749999968822186,0.10692308004085838,0.5311538577079773,0.253846165400285,0.22807691152279197,0.7790906429290771,0.5017829506213849,0.019859873698307884,0.7790278792381287,0.5017201869304364,0.019797110007359398,0.5951032766349073,0.31779558432721494,0.164127492595862
seed_42,corr_target_spatter_sev1,179,2600,False,True,False,0.5965384615384616,0.5965384615384616,0.696923076923077,0.933989339893399,0.9347655546373577,0.3374508783549375,0.2378424777142807,0.8163541664701055,0.8395910363989558,0.21981570493164393,0.14266795947587885,0.832784373051188,0.8176922798156738,0.22115381827721226,0.12076920289259685,0.7484615445137024,0.15192308297524082,0.051538467590625414,0.879669189453125,0.2831307279146634,0.18274611253004802,0.8796064257621765,0.28306796422371494,0.18268334883909954,0.812008244176151,0.21546978263768946,0.11508516725307405
seed_42,corr_target_spatter_sev2,180,2600,False,True,False,0.5342307692307692,0.5342307692307692,0.6842307692307692,0.9089383130507763,0.9089383130507763,0.37470754382000715,0.22470754382000713,0.7693078665558368,0.8194793166269592,0.23507709732506765,0.13524854739618997,0.804476364374657,0.7865384817123413,0.25230771248157213,0.10230771248157211,0.7107692360877991,0.1765384668570299,0.026538466857029874,0.8587584495544434,0.3245276803236742,0.17452768032367416,0.8586956858634949,0.3244649166327257,0.17446491663272568,0.7712788904884198,0.23704812125765062,0.0870481212576506
seed_42,corr_target_spatter_sev3,181,2600,False,True,False,0.48307692307692307,0.48307692307692307,0.6884615384615385,0.8987717069038542,0.8989666370951009,0.41569478382693115,0.21050509863356248,0.7103853772338653,0.8001083786217076,0.22730845415694223,0.11164684016016913,0.7698672949955071,0.7403846383094788,0.2573077152325557,0.0519230998479403,0.6484615206718445,0.1653845975949214,0.040000017789693976,0.8315183520317078,0.3484414289547847,0.1430568135701693,0.8314555883407593,0.3483786652638362,0.14299404987922082,0.7462298674041759,0.2631529443272528,0.05776832894263739
seed_42,corr_target_spatter_sev4,182,2600,False,True,False,0.4153846153846154,0.4153846153846154,0.675,0.9211618257261412,0.923294220510727,0.5057772103415259,0.24829422051072692,0.7270378391370929,0.7763133448658881,0.31165322375247745,0.10131334486588806,0.7613932910765968,0.7346153855323792,0.31923077014776374,0.059615385532379106,0.6376923322677612,0.22230771688314582,0.037307667732238814,0.8265445828437805,0.4111599674591651,0.15154458284378047,0.826481819152832,0.4110972037682166,0.151481819152832,0.7182643493446196,0.30287973396000417,0.043264349344619535
seed_42,corr_target_spatter_sev5,183,2600,False,True,False,0.3261538461538461,0.3261538461538461,0.6988461538461539,0.9043404972608512,0.9046196948035161,0.5781866511070051,0.20577354095736222,0.691814049112332,0.7890267028393844,0.3656602029584859,0.09018054899323047,0.7457673454825827,0.7115384340286255,0.38538458787477936,0.012692280182471594,0.6053845882415771,0.279230742087731,0.09346156560457675,0.8151075839996338,0.48895373784578766,0.1162614301534799,0.8150448203086853,0.4888909741548392,0.11619866646253141,0.6361685926789578,0.31001474652511163,0.06267756116719614
seed_42,corr_target_gaussian_blur_sev1,184,2600,False,True,False,0.583076923076923,0.583076923076923,0.6834615384615385,0.937908496732026,0.938183685114757,0.354831573655103,0.2547221466532186,0.8177302795858927,0.8340487594015996,0.23465335650896968,0.15058722094006116,0.8213103692384762,0.8026922941207886,0.21961537104386553,0.11923075565925012,0.7311538457870483,0.1480769227101253,0.047692307325509886,0.868850588798523,0.2857736657215999,0.1853890503369845,0.8687878251075745,0.2857109020306514,0.185326286646036,0.8089353083285105,0.2258583852515874,0.125473769866972
seed_42,corr_target_gaussian_blur_sev2,185,2600,False,True,False,0.4973076923076923,0.4973076923076923,0.6907692307692308,0.924286305337195,0.9246200741159949,0.42697861302950274,0.2338508433467641,0.7713621036329621,0.8141478873225966,0.2740544113252698,0.12337865655336577,0.7732670963393574,0.7469230890274048,0.2496153967197125,0.05615385825817398,0.6534615159034729,0.15615382359578062,0.0373077148657579,0.8352451920509338,0.33793749974324155,0.14447596128170304,0.8351824283599854,0.33787473605229307,0.14441319759075455,0.7747021874319698,0.27739449512427755,0.08393295666273903
seed_42,corr_target_gaussian_blur_sev3,186,2600,False,True,False,0.43,0.43,0.7007692307692308,0.9107666527021365,0.9114185300949489,0.48076665270213653,0.21064929932571808,0.70754565145111,0.7905393623031692,0.27754565145111004,0.08977013153393842,0.7164778875294655,0.6788461804389954,0.24884618043899537,0.02192305033023545,0.5615384578704834,0.1315384578704834,0.1392307728987474,0.7941939830780029,0.36419398307800294,0.09342475230877212,0.7941312193870544,0.36413121938705445,0.09336198861782363,0.7292786195968248,0.29927861959682484,0.028509388827594018
seed_42,corr_target_gaussian_blur_sev4,187,2600,False,True,False,0.3630769230769231,0.3630769230769231,0.7138461538461538,0.8860325621251071,0.8863622129111774,0.522955639048184,0.17251605906502365,0.6321897264964629,0.7661596733086771,0.2691128034195398,0.05231351946252327,0.6528968933786616,0.5961538553237915,0.23307693224686843,0.11769229852236229,0.4692307710647583,0.10615384798783523,0.2446153827813955,0.747456431388855,0.3843795083119319,0.033610277542701184,0.7473936676979065,0.3843167446209834,0.0335475138517527,0.668812761688189,0.30573583861126596,0.04503339215796476
seed_42,corr_target_gaussian_blur_sev5,188,2600,False,True,False,0.2323076923076923,0.2323076923076923,0.7738461538461539,0.8764044943820225,0.8786802513806895,0.6440968020743302,0.10483409753453565,0.5454188741908672,0.7798404266511947,0.3131111818831749,0.0059942728050408345,0.5494503155788981,0.4719230830669403,0.239615390759248,0.30192307077921354,0.32346153259277344,0.09115384028508114,0.4503846212533804,0.6703373789787292,0.4380296866710369,0.1035087748674246,0.6702746152877808,0.43796692298008844,0.10357153855837309,0.5011576615719397,0.2688499692642474,0.2726884922742141
seed_42,corr_target_saturate_sev1,189,2600,False,True,False,0.5773076923076923,0.5773076923076923,0.6976923076923077,0.9361702127659575,0.9366527130807,0.35886252045826517,0.23896040538839225,0.8198776101827032,0.8339473422949308,0.24256991787501092,0.13625503460262312,0.8286127948392618,0.8199999928474426,0.24269230053975033,0.1223076851551349,0.7484615445137024,0.1711538522060101,0.05076923682139467,0.8788324594497681,0.30152476714207577,0.18114015175746034,0.8787696957588196,0.3014620034511273,0.18107738806651186,0.786787235663756,0.20947954335606367,0.08909492797144825
seed_42,corr_target_saturate_sev2,190,2600,False,True,False,0.5734615384615385,0.5734615384615385,0.7,0.9287185826122786,0.9287488632366702,0.3552570441507401,0.2287488632366702,0.8160602209248751,0.8318783650705485,0.2425986824633366,0.1318783650705485,0.8239342989135516,0.8038461804389954,0.2303846419774569,0.1038461804389954,0.733846127986908,0.1603845895253695,0.033846127986908,0.8726176619529724,0.29915612349143395,0.17261766195297246,0.8725548982620239,0.29909335980048546,0.17255489826202397,0.8028833666615152,0.2294218281999767,0.10288336666151521
seed_42,corr_target_saturate_sev3,191,2600,False,True,False,0.5957692307692307,0.5957692307692307,0.6992307692307692,0.9465153970826579,0.9492207283428706,0.35074616631342714,0.24998995911210142,0.8205017924744725,0.8464116702197244,0.2247325617052418,0.1471809009889552,0.8323412039391926,0.8192307949066162,0.2234615641373855,0.120000025675847,0.7473077178001404,0.15153848703090966,0.04807694856937117,0.8790544271469116,0.2832851963776809,0.1798236579161424,0.8789916634559631,0.2832224326867324,0.17976089422519392,0.8268748183746307,0.2311055876054,0.12764404914386152
seed_42,corr_target_saturate_sev4,192,2600,False,True,False,0.5788461538461539,0.5788461538461539,0.693076923076923,0.9344262295081966,0.9349114123581337,0.35558007566204275,0.24183448928121065,0.7942924374612663,0.8359361832889602,0.21544628361511242,0.1428592602120372,0.8193457955395635,0.7946153879165649,0.21576923407041104,0.1015384648396419,0.7238461375236511,0.14499998367749722,0.030769214446728088,0.8678777813911438,0.2890316275449899,0.17480085831422076,0.8678150177001953,0.2889688638540414,0.17473809462327228,0.8307968911272685,0.2519507372811146,0.13771996805034548
seed_42,corr_target_saturate_sev5,193,2600,False,True,False,0.545,0.545,0.686923076923077,0.9189189189189189,0.9194279545818007,0.3739189189189188,0.23250487765872374,0.7512051954106932,0.8047832280534558,0.20620519541069315,0.11786015113037884,0.7973364279106928,0.7669230699539185,0.22192306995391842,0.07999999303084149,0.6792307496070862,0.13423074960708614,0.007692327315990788,0.8502680063247681,0.305268006324768,0.1633449294016911,0.8502052426338196,0.30520524263381954,0.1632821657107426,0.8104826347718338,0.26548263477183376,0.12355955784875683
