config,testset,testset_idx,n_samples,is_source,is_target,is_clean,true_acc,acc_st_true,acc_ta_true,acc_st_tdc,acc_ta_tdc,err_st_tdc,err_ta_tdc,acc_st_mm,acc_ta_mm,err_st_mm,err_ta_mm,mano_fro_norm,est_ATC,err_ATC,err_ta_ATC,est_ATC-NE,err_ATC-NE,err_ta_ATC-NE,est_AC,err_AC,err_ta_AC,est_DOC,err_DOC,err_ta_DOC,est_COT,err_COT,err_ta_COT
seed_42,val_source,0,10000,True,False,True,0.9692,0.9692,0.9713,0.9964877069744105,0.9964877069744105,0.02728770697441052,0.025187706974410418,0.9939821206010527,0.9939821206010527,0.02478212060105278,0.02268212060105268,0.984037298114581,0.9827999472618103,0.013599947261810352,0.01149994726181025,0.9855999946594238,0.016399994659423878,0.014299994659423776,0.9905527234077454,0.02135272340774541,0.01925272340774531,0.9905281662940979,0.02132816629409795,0.019228166294097848,0.9766706740721954,0.007470674072195482,0.0053706740721953805
seed_42,val_target,1,154121,False,True,True,0.7322752901940683,0.7322752901940683,0.7678187917285769,0.9712510179288985,0.9712887598765418,0.2389757277348301,0.20346996814796492,0.9166993092288258,0.9168157519864298,0.18442401903475747,0.14899696025785292,0.9052495610535427,0.888211190700531,0.15593590050646267,0.12039239897195408,0.8949137330055237,0.16263844281145534,0.12709494127694676,0.9412089586257935,0.20893366843172512,0.17339016689721654,0.941184401512146,0.20890911131807766,0.17336560978356907,0.9996770456336997,0.2674017554396314,0.23185825390512282
seed_42,imagenet_val_source,2,6000,True,False,True,0.9425,0.9425,0.9455,0.9949748743718594,0.9951448352875488,0.05247487437185938,0.049644835287548816,0.9882975359071923,0.9885384868527561,0.045797535907192266,0.04303848685275613,0.9758794176125655,0.9708333015441895,0.02833330154418945,0.025333301544189446,0.9753333330154419,0.03283333301544189,0.029833333015441887,0.9847238063812256,0.04222380638122558,0.03922380638122558,0.9846992492675781,0.04219924926757812,0.03919924926757812,0.97595053128438,0.033450531284380025,0.030450531284380022
seed_42,imagenet_val_target,3,6000,False,True,True,0.717,0.717,0.7596666666666667,0.9694263139814496,0.9695057359784449,0.25242631398144966,0.2098390693117782,0.9118456847052077,0.9119637152258309,0.1948456847052077,0.15229704855916415,0.9025065301249727,0.8819999694824219,0.1649999694824219,0.12233330281575516,0.8920000195503235,0.17500001955032352,0.13233335288365677,0.9389160871505737,0.22191608715057376,0.17924942048390702,0.9388915300369263,0.2218915300369263,0.17922486337025956,0.8951577999032317,0.17815779990323177,0.13549113323656503
seed_42,corr_source_fog_sev1,4,6000,True,False,False,0.8673333333333333,0.8673333333333333,0.8821666666666667,0.9849433260023684,0.9849532335012976,0.11760999266903516,0.10278656683463094,0.9577073860474121,0.9580185243072642,0.09037405271407883,0.07585185764059754,0.9418746322736842,0.9329999685287476,0.06566663519541427,0.050833301862080904,0.9386666417121887,0.07133330837885543,0.056499975045522066,0.9649282097816467,0.09759487644831344,0.08276154311498007,0.9649036526679993,0.09757031933466598,0.08273698600133261,0.9432189626619222,0.07588562932858889,0.06105229599525552
seed_42,corr_source_fog_sev2,5,6000,True,False,False,0.8376666666666667,0.8376666666666667,0.8611666666666666,0.9778534923339012,0.9782304515520533,0.1401868256672345,0.11706378488538671,0.9412659732711549,0.9412889927628805,0.10359930660448824,0.08012232609621384,0.9256535841674602,0.9114999771118164,0.07383331044514974,0.05033331044514977,0.9149999618530273,0.07733329518636067,0.05383329518636071,0.9543020725250244,0.11663540585835774,0.09313540585835778,0.954277515411377,0.11661084874471028,0.09311084874471032,0.92175899737348,0.08409233070681332,0.06059233070681336
seed_42,corr_source_fog_sev3,6,6000,True,False,False,0.7845,0.7845,0.8265,0.9667642500430514,0.9667859853456269,0.18226425004305147,0.14028598534562686,0.8995369876492929,0.9002916226264766,0.11503698764929293,0.07379162262647654,0.897881360711899,0.8786666393280029,0.09416663932800295,0.05216663932800292,0.8776666522026062,0.09316665220260623,0.05116665220260619,0.9363438487052917,0.15184384870529177,0.10984384870529174,0.9363192915916443,0.1518192915916443,0.10981929159164427,0.8901177988706526,0.10561779887065259,0.06361779887065255
seed_42,corr_source_fog_sev4,7,6000,True,False,False,0.734,0.734,0.8003333333333333,0.9633724948168626,0.9635635222299008,0.22937249481686262,0.16323018889656749,0.8669222408968226,0.8771889510973391,0.13292224089682259,0.07685561776400573,0.8766096782141576,0.8579999804496765,0.12399998044967653,0.05766664711634317,0.8553333282470703,0.12133332824707033,0.05499999491373697,0.9237055778503418,0.1897055778503418,0.12337224451700846,0.9236810207366943,0.18968102073669435,0.123347687403361,0.8632146672004443,0.12921466720044428,0.06288133386711092
seed_42,corr_source_fog_sev5,8,6000,True,False,False,0.5853333333333334,0.5853333333333334,0.7438333333333333,0.9382410192886216,0.9382410192886216,0.3529076859552882,0.19440768595528823,0.7412713303866185,0.8271974140846954,0.15593799705328515,0.08336408075136204,0.8048567145923814,0.7608333230018616,0.1754999896685282,0.016999989668528226,0.7476666569709778,0.1623333236376444,0.003833323637644437,0.8744106888771057,0.28907735554377234,0.13057735554377237,0.8743861317634583,0.2890527984301249,0.1305527984301249,0.7544261524554225,0.16909281912208918,0.010592819122089203
seed_42,corr_source_frost_sev1,9,6000,True,False,False,0.8555,0.8555,0.8731666666666666,0.9825334916059013,0.98278908903926,0.12703349160590127,0.10962242237259334,0.9469675384382511,0.9482960793186468,0.09146753843825106,0.07512941265198014,0.9330521683097438,0.922333300113678,0.06683330011367794,0.04916663344701133,0.925166666507721,0.06966666650772091,0.0519999998410543,0.957651674747467,0.102151674747467,0.0844850080808004,0.9576271176338196,0.10212711763381954,0.08446045096715293,0.9318257292542997,0.0763257292542997,0.05865906258763309
seed_42,corr_source_frost_sev2,10,6000,True,False,False,0.734,0.734,0.7961666666666667,0.9703106229620732,0.9703300681925211,0.23631062296207317,0.1741634015258544,0.8819926828254842,0.892176527080169,0.14799268282548417,0.09600986041350235,0.8809203577960962,0.8621666431427002,0.1281666431427002,0.0659999764760335,0.8619999885559082,0.12799998855590822,0.06583332188924151,0.9271858334541321,0.1931858334541321,0.1310191667874654,0.9271612763404846,0.19316127634048463,0.13099460967381793,0.8578220952021154,0.1238220952021154,0.0616554285354487
seed_42,corr_source_frost_sev3,11,6000,True,False,False,0.6253333333333333,0.6253333333333333,0.7455,0.9534275248560963,0.9540500862162461,0.328094191522763,0.20855008621624604,0.8099013851321439,0.8418217100016685,0.18456805179881064,0.09632171000166845,0.8328235361618442,0.7988333106040955,0.17349997727076216,0.05333331060409541,0.7946666479110718,0.16933331457773848,0.049166647911071726,0.895237147808075,0.26990381447474165,0.1497371478080749,0.8952125906944275,0.2698792573610942,0.14971259069442744,0.7824658177817835,0.15713248444845018,0.03696581778178343
seed_42,corr_source_frost_sev4,12,6000,True,False,False,0.6031666666666666,0.6031666666666666,0.7386666666666667,0.9503149055283415,0.9507258917128767,0.3471482388616749,0.21205922504621,0.8032496086769892,0.8396959627228489,0.20008294201032262,0.10102929605618216,0.8275246837426874,0.7904999852180481,0.18733331855138147,0.0518333185513814,0.7873333096504211,0.1841666429837545,0.04866664298375445,0.890481173992157,0.28731450732549035,0.1518145073254903,0.8904566168785095,0.2872899502118429,0.15178995021184283,0.7648997540785797,0.16173308741191306,0.026233087411912992
seed_42,corr_source_frost_sev5,13,6000,True,False,False,0.5298333333333334,0.5298333333333334,0.723,0.94681411269089,0.9470161781054356,0.4169807793575566,0.22401617810543561,0.7553974394365561,0.8102626571690269,0.22556410610322275,0.08726265716902692,0.7964764642990411,0.7581666707992554,0.228333337465922,0.035166670799255395,0.7431666851043701,0.21333335177103674,0.02016668510437014,0.8723322749137878,0.34249894158045446,0.14933227491378787,0.8723077178001404,0.342474384466807,0.1493077178001404,0.7109858143662249,0.1811524810328915,0.012014185633775099
seed_42,corr_source_motion_blur_sev1,14,6000,True,False,False,0.8776666666666667,0.8776666666666667,0.8923333333333333,0.9851150202976996,0.9854775472317652,0.10744835363103289,0.09314421389843186,0.9562990533838998,0.9566709323022368,0.07863238671723305,0.06433759896890345,0.9439556873976439,0.9311666488647461,0.05349998219807939,0.03883331553141278,0.937999963760376,0.06033329709370927,0.045666630427042665,0.9644448161125183,0.0867781494458516,0.072111482779185,0.9644202589988708,0.08675359233220414,0.07208692566553754,0.9437849812216489,0.06611831455498218,0.05145164788831558
seed_42,corr_source_motion_blur_sev2,15,6000,True,False,False,0.8056666666666666,0.8056666666666666,0.8425,0.9752348420153715,0.9756009678337604,0.16956817534870483,0.13310096783376035,0.9177771554957473,0.9184807044744857,0.1121104888290807,0.07598070447448568,0.9104467356431002,0.8924999833106995,0.08683331664403282,0.049999983310699436,0.8951666355133057,0.08949996884663902,0.05266663551330564,0.9433603286743164,0.13769366200764976,0.10086032867431638,0.943335771560669,0.1376691048940023,0.10083577156066892,0.9070282493209618,0.10136158265429518,0.0645282493209618
seed_42,corr_source_motion_blur_sev3,16,6000,True,False,False,0.6706666666666666,0.6706666666666666,0.7745,0.9601386481802427,0.9601905242654346,0.2894719815135761,0.18569052426543464,0.8223326087523255,0.848675241825012,0.15166594208565887,0.074175241825012,0.8467278425120393,0.8133333325386047,0.1426666658719381,0.03883333253860477,0.8081666827201843,0.1375000160535177,0.03366668272018436,0.9012369513511658,0.23057028468449914,0.1267369513511658,0.9012123942375183,0.23054572757085168,0.12671239423751834,0.8218909279402021,0.1512242612735355,0.047390927940202165
seed_42,corr_source_motion_blur_sev4,17,6000,True,False,False,0.5133333333333333,0.5133333333333333,0.7188333333333333,0.9382410192886216,0.9382410192886216,0.4249076859552883,0.21940768595528826,0.7123038831676315,0.8018550867851665,0.19897054983429818,0.08302175345183316,0.7670935950301526,0.7204999923706055,0.20716665903727216,0.0016666590372721446,0.7036666870117188,0.19033335367838544,0.015166646321614574,0.8513342142105103,0.33800088087717695,0.13250088087717693,0.8513096570968628,0.3379763237635295,0.13247632376352947,0.7205238895205409,0.2071905561872076,0.0016905561872075925
seed_42,corr_source_motion_blur_sev5,18,6000,True,False,False,0.4181666666666667,0.4181666666666667,0.7206666666666667,0.9229940764674207,0.9229940764674207,0.504827409800754,0.20232740980075403,0.6545823135875718,0.7777805191649377,0.2364156469209051,0.057113852498271056,0.7219461096398452,0.6650000214576721,0.24683335479100543,0.05566664520899456,0.6416666507720947,0.22349998410542804,0.07900001589457195,0.822624683380127,0.40445801671346027,0.10195801671346028,0.8226001262664795,0.4044334595998128,0.10193345959981281,0.6547856193037255,0.2366189526370588,0.0658810473629412
seed_42,corr_source_brightness_sev1,19,6000,True,False,False,0.9265,0.9265,0.9335,0.9915966386554622,0.9915966386554622,0.06509663865546222,0.05809663865546222,0.9814802589584124,0.9815955976433027,0.05498025895841241,0.048095597643302734,0.9678929423261791,0.9616666436195374,0.03516664361953736,0.028166643619537357,0.965833306312561,0.039333306312561045,0.03233330631256104,0.9799410700798035,0.05344107007980348,0.04644107007980347,0.979916512966156,0.053416512966156016,0.04641651296615601,0.9672151685772766,0.04071516857727664,0.03371516857727663
seed_42,corr_source_brightness_sev2,20,6000,True,False,False,0.9181666666666667,0.9181666666666667,0.9233333333333333,0.9885367498314228,0.9892608210187795,0.07037008316475613,0.0659274876854462,0.977644970855481,0.9777075166556342,0.05947830418881428,0.05437418332230082,0.9632104176795343,0.9570000171661377,0.03883335049947101,0.033666683832804356,0.9603333473205566,0.042166680653889954,0.0370000139872233,0.976940393447876,0.05877372678120929,0.05360706011454264,0.9769158363342285,0.05874916966756183,0.053582503000895176,0.9630569281753986,0.04489026150873188,0.039723594842065224
seed_42,corr_source_brightness_sev3,21,6000,True,False,False,0.9051666666666667,0.9051666666666667,0.9115,0.9875126560917988,0.9876875914051073,0.08234598942513216,0.07618759140510734,0.9713662510481974,0.9714577675759083,0.06619958438153073,0.059957767575908316,0.9566227594236644,0.9508333206176758,0.045666653951009106,0.039333320617675804,0.953166663646698,0.04799999698003132,0.04166666364669802,0.9729909300804138,0.06782426341374714,0.06149093008041384,0.9729663729667664,0.06779970630009968,0.06146637296676638,0.9586536662349826,0.05348699956831593,0.04715366623498263
seed_42,corr_source_brightness_sev4,22,6000,True,False,False,0.8831666666666667,0.8831666666666667,0.8963333333333333,0.9852866565195333,0.985648841901757,0.10211998985286663,0.08931550856842363,0.958959918240133,0.9602068428660708,0.07579325157346639,0.06387350953273752,0.9445746660422958,0.9331666827201843,0.05000001605351767,0.03683334938685101,0.9348333477973938,0.05166668113072714,0.038500014464060484,0.9644041061401367,0.08123743947347006,0.0680707728068034,0.9643795490264893,0.0812128823598226,0.06804621569315594,0.9456530329936028,0.06248636632693616,0.0493196996602695
seed_42,corr_source_brightness_sev5,23,6000,True,False,False,0.8478333333333333,0.8478333333333333,0.8698333333333333,0.9797653460295868,0.9797918348968747,0.13193201269625343,0.10995850156354137,0.9389222263998962,0.9411025854101345,0.09108889306656287,0.07126925207680113,0.9296397729006453,0.9164999723434448,0.0686666390101115,0.04666663901011148,0.9214999675750732,0.07366663424173991,0.051666634241739895,0.955610990524292,0.10777765719095866,0.08577765719095864,0.9555864334106445,0.1077531000773112,0.08575310007731118,0.9224328487841169,0.07459951545078358,0.05259951545078356
seed_42,corr_source_zoom_blur_sev1,24,6000,True,False,False,0.8063333333333333,0.8063333333333333,0.8505,0.9692492698848995,0.9692492698848995,0.1629159365515661,0.11874926988489942,0.9253485927494208,0.9259891978441847,0.11901525941608748,0.07548919784418462,0.9107911080329026,0.8914999961853027,0.08516666285196939,0.0409999961853027,0.8945000171661377,0.08816668383280435,0.04400001716613766,0.9436429142951965,0.1373095809618632,0.0931429142951965,0.9436183571815491,0.13728502384821573,0.09311835718154904,0.8937778896909435,0.08744455635761017,0.04327788969094348
seed_42,corr_source_zoom_blur_sev2,25,6000,True,False,False,0.7303333333333333,0.7303333333333333,0.8086666666666666,0.9543394911118857,0.9550760272322041,0.22400615777855237,0.14640936056553744,0.8834775132801602,0.8862729470704802,0.15314417994682694,0.07760628040381357,0.8758308037817985,0.8529999852180481,0.12266665188471482,0.04433331855138145,0.8501666784286499,0.11983334509531662,0.04150001176198326,0.9206756353378296,0.1903423020044963,0.11200896867116295,0.9206510782241821,0.19031774489084885,0.11198441155751548,0.8404609030562282,0.11012756972289495,0.03179423638956158
seed_42,corr_source_zoom_blur_sev3,26,6000,True,False,False,0.6638333333333334,0.6638333333333334,0.7748333333333334,0.9436619718309859,0.9441425367988133,0.2798286384976525,0.16930920346547995,0.8449366693507188,0.8535685417642049,0.18110333601738537,0.07873520843087156,0.8453832478662012,0.8106666803359985,0.14683334700266515,0.03583334700266516,0.8040000200271606,0.14016668669382726,0.02916668669382727,0.9009925723075867,0.23715923897425328,0.1261592389742533,0.9009680151939392,0.23713468186060582,0.12613468186060584,0.7980387293441725,0.13420539601083914,0.023205396010839152
seed_42,corr_source_zoom_blur_sev4,27,6000,True,False,False,0.602,0.602,0.7631666666666667,0.9297181591152337,0.930465370857356,0.3277181591152337,0.16729870419068937,0.8041875057057825,0.8228587682774983,0.20218750570578248,0.059692101610831605,0.8180031124989594,0.7758333086967468,0.17383330869674685,0.012666642030080166,0.7668333053588867,0.16483330535888674,0.003666638692220059,0.8838565349578857,0.28185653495788576,0.12068986829121908,0.8838319778442383,0.2818319778442383,0.12066531117757162,0.7569710717538959,0.1549710717538959,0.006195594912770774
seed_42,corr_source_zoom_blur_sev5,28,6000,True,False,False,0.5371666666666667,0.5371666666666667,0.755,0.9171629669734704,0.91814191107531,0.37999630030680376,0.16314191107530995,0.7638763720730438,0.8049071761463397,0.22670970540637714,0.04990717614633966,0.789766504442174,0.7426666617393494,0.20549999507268268,0.01233333826065064,0.7326666712760925,0.19550000460942585,0.022333328723907475,0.8649423122406006,0.3277756455739339,0.10994231224060058,0.8649177551269531,0.32775108846028644,0.10991775512695312,0.7135331860396805,0.17636651937301384,0.04146681396031948
seed_42,corr_source_snow_sev1,29,6000,True,False,False,0.8298333333333333,0.8298333333333333,0.8601666666666666,0.9738327347357619,0.9742007297189442,0.14399940140242862,0.11403406305227759,0.932378909108084,0.9325530580554034,0.10254557577475065,0.07238639138873681,0.9188509642798871,0.9018332958221436,0.07199996248881024,0.04166662915547692,0.9043333530426025,0.07450001970926923,0.044166686375935904,0.9485248923301697,0.11869155899683637,0.08835822566350304,0.9485003352165222,0.1186670018831889,0.08833366854985558,0.9244184606343319,0.09458512730099855,0.06425179396766523
seed_42,corr_source_snow_sev2,30,6000,True,False,False,0.6493333333333333,0.6493333333333333,0.774,0.9515988118119867,0.9515988118119867,0.30226547847865337,0.17759881181198667,0.8173259328370632,0.8488545619927548,0.1679925995037299,0.07485456199275475,0.8362558131119916,0.7986666560173035,0.14933332268397015,0.024666656017303445,0.7918333411216736,0.14250000778834027,0.017833341121673563,0.8949809670448303,0.245647633711497,0.1209809670448303,0.8949564099311829,0.24562307659784954,0.12095640993118284,0.7960351723127914,0.1467018389794581,0.022035172312791396
seed_42,corr_source_snow_sev3,31,6000,True,False,False,0.6681666666666667,0.6681666666666667,0.7781666666666667,0.9547038327526133,0.9554097771962478,0.2865371660859466,0.17724311052958108,0.8366954601789565,0.850204762156477,0.16852879351228978,0.07203809548981033,0.8472450035676837,0.8141666650772095,0.1459999984105428,0.0359999984105428,0.8078333139419556,0.13966664727528888,0.029666647275288893,0.9028765559196472,0.23470988925298053,0.12470988925298054,0.9028519988059998,0.23468533213933307,0.12468533213933308,0.8142388654225143,0.14607219875584765,0.03607219875584766
seed_42,corr_source_snow_sev4,32,6000,True,False,False,0.5566666666666666,0.5566666666666666,0.7393333333333333,0.9384288747346072,0.9386365298419438,0.3817622080679406,0.1993031965086105,0.7536236287842955,0.826719621842849,0.1969569621176288,0.08738628850951569,0.7953171897146153,0.7528333067893982,0.19616664012273155,0.013499973456064907,0.7371666431427002,0.18049997647603355,0.0021666901906330915,0.869793176651001,0.31312650998433433,0.1304598433176677,0.8697686195373535,0.3131019528706869,0.13043528620402023,0.7390246440856609,0.1823579774189943,0.0003086892476723557
seed_42,corr_source_snow_sev5,33,6000,True,False,False,0.4785,0.4785,0.7451666666666666,0.9300998573466477,0.9303234277982153,0.4515998573466477,0.18515676113154866,0.6787193519606025,0.8067982092695564,0.20021935196060253,0.06163154260288972,0.7478871226706263,0.6948333382606506,0.21633333826065065,0.05033332840601601,0.6726666688919067,0.19416666889190676,0.0724999977747599,0.8393715620040894,0.3608715620040894,0.09420489533742271,0.8393470048904419,0.3608470048904419,0.09418033822377525,0.6700275269678826,0.1915275269678826,0.07513913969878405
seed_42,corr_source_defocus_blur_sev1,34,6000,True,False,False,0.8533333333333334,0.8533333333333334,0.8738333333333334,0.9818428644154081,0.9819014743527079,0.12850953108207475,0.10806814101937456,0.9422412084091022,0.9431468021288635,0.0889078750757688,0.06931346879553013,0.9309008650740783,0.9198333024978638,0.06649996916453038,0.04599996916453042,0.9241666793823242,0.07083334604899083,0.05033334604899087,0.9577442407608032,0.10441090742746983,0.08391090742746987,0.9577196836471558,0.10438635031382237,0.08388635031382241,0.9318868900759556,0.07855355674262221,0.05805355674262225
seed_42,corr_source_defocus_blur_sev2,35,6000,True,False,False,0.8048333333333333,0.8048333333333333,0.8371666666666666,0.9720746959054308,0.972111193840356,0.16724136257209754,0.13494452717368943,0.9056634631941324,0.9114234865286869,0.10083012986079909,0.07425681986202026,0.9042100769573822,0.8848333358764648,0.08000000254313155,0.04766666920979823,0.8916666507720947,0.08683331743876144,0.05449998410542811,0.938785970211029,0.13395263687769576,0.10161930354436244,0.9387614130973816,0.1339280797640483,0.10159474643071498,0.9064223378407965,0.10158900450746322,0.0692556711741299
seed_42,corr_source_defocus_blur_sev3,36,6000,True,False,False,0.68,0.68,0.7573333333333333,0.9585141468495053,0.9588056212664368,0.27851414684950526,0.20147228793310346,0.807149083693128,0.840577005959173,0.12714908369312794,0.08324367262583965,0.8354969407148692,0.8025000095367432,0.12250000953674312,0.04516667620340986,0.7964999675750732,0.1164999675750732,0.03916663424173994,0.8959052562713623,0.21590525627136226,0.138571922938029,0.8958806991577148,0.2158806991577148,0.13854736582438154,0.8358109438216453,0.1558109438216453,0.07847761048831203
seed_42,corr_source_defocus_blur_sev4,37,6000,True,False,False,0.5545,0.5545,0.7168333333333333,0.9471837164414808,0.9471837164414808,0.3926837164414808,0.23035038310814748,0.7095161791811626,0.7975813801516565,0.15501617918116262,0.08074804681832315,0.763864230292891,0.7109999656677246,0.15649996566772462,0.005833367665608713,0.6916666626930237,0.1371666626930237,0.02516667064030964,0.8481183052062988,0.29361830520629884,0.1312849718729655,0.8480937480926514,0.2935937480926514,0.13126041475931804,0.7480149161361479,0.1935149161361479,0.031181582802814578
seed_42,corr_source_defocus_blur_sev5,38,6000,True,False,False,0.44583333333333336,0.44583333333333336,0.6975,0.9361702127659575,0.9364204061381035,0.4903368794326241,0.2389204061381035,0.6371721856770112,0.7692398411061995,0.1913388523436778,0.07173984110619946,0.6936851617570485,0.6276666522026062,0.18183331886927284,0.06983334779739381,0.6003333330154419,0.15449999968210854,0.09716666698455811,0.8050029277801514,0.359169594446818,0.10750292778015136,0.8049783706665039,0.35914503733317055,0.1074783706665039,0.6583839107063423,0.21255057737300892,0.03911608929365773
seed_42,corr_source_glass_blur_sev1,39,6000,True,False,False,0.8241666666666667,0.8241666666666667,0.856,0.9782016348773842,0.9785638056312442,0.1540349682107175,0.12256380563124425,0.9331712817370965,0.9338877274971286,0.1090046150704298,0.07788772749712858,0.9233578084001738,0.906333327293396,0.08216666062672928,0.05033332729339601,0.9091666340827942,0.08499996741612748,0.053166634082794206,0.9516147375106812,0.12744807084401444,0.09561473751068117,0.9515901803970337,0.12742351373036698,0.09559018039703371,0.895451937099695,0.07128527043302824,0.03945193709969497
seed_42,corr_source_glass_blur_sev2,40,6000,True,False,False,0.7206666666666667,0.7206666666666667,0.7915,0.9577905158936947,0.9581479585745138,0.237123849227028,0.16664795857451387,0.8702652813008569,0.872998778801956,0.14959861463419022,0.081498778801956,0.8740601416865759,0.8516666293144226,0.13099996264775593,0.060166629314422626,0.8483332991600037,0.12766663249333698,0.05683329916000368,0.9211733341217041,0.20050666745503742,0.12967333412170412,0.9211487770080566,0.20048211034138996,0.12964877700805666,0.8284299786511862,0.1077633119845195,0.03692997865118619
seed_42,corr_source_glass_blur_sev3,41,6000,True,False,False,0.493,0.493,0.7328333333333333,0.9239598278335724,0.9243943089430895,0.43095982783357245,0.19156097560975616,0.7274073820648923,0.790846178764893,0.2344073820648923,0.05801284543155971,0.754936876138145,0.7018333077430725,0.20883330774307252,0.031000025590260827,0.684166669845581,0.19116666984558106,0.04866666348775228,0.845226526260376,0.352226526260376,0.11239319292704264,0.8452019691467285,0.3522019691467285,0.11236863581339518,0.6664421166152471,0.1734421166152471,0.06639121671808623
seed_42,corr_source_glass_blur_sev4,42,6000,True,False,False,0.41083333333333333,0.41083333333333333,0.7441666666666666,0.9134371604491127,0.9138263232737841,0.5026038271157793,0.16965965660711746,0.6736961665910437,0.766873788285878,0.26286283325771037,0.0227071216192114,0.7095873219942689,0.6458333134651184,0.23499998013178508,0.09833335320154823,0.6140000224113464,0.2031666890780131,0.1301666442553202,0.8166014552116394,0.4057681218783061,0.07243478854497276,0.8165768980979919,0.4057435647646586,0.0724102314313253,0.6042992180284419,0.19346588469510856,0.13986744863822476
seed_42,corr_source_glass_blur_sev5,43,6000,True,False,False,0.3308333333333333,0.3308333333333333,0.7573333333333333,0.906306963179001,0.906306963179001,0.5754736298456676,0.14897362984566764,0.6077605335858667,0.7545689546669251,0.27692720025253337,0.002764378666408218,0.651419776853684,0.5756666660308838,0.24483333269755048,0.1816666673024495,0.5386666655540466,0.20783333222071332,0.21866666777928667,0.7775781154632568,0.4467447821299235,0.020244782129923533,0.7775535583496094,0.44672022501627606,0.020220225016276072,0.5553376748817043,0.22450434154837096,0.20199565845162903
seed_42,corr_source_gaussian_noise_sev1,44,6000,True,False,False,0.8545,0.8545,0.879,0.9782016348773842,0.9783827770208902,0.12370163487738417,0.09938277702089016,0.9429360452540752,0.9429360452540752,0.08843604525407511,0.06393604525407515,0.9386394838153901,0.9235000014305115,0.06900000143051144,0.04450000143051147,0.9306666851043701,0.07616668510437008,0.051666685104370114,0.9607542157173157,0.10625421571731564,0.08175421571731567,0.9607296586036682,0.10622965860366818,0.08172965860366821,0.9331327630833228,0.07863276308332279,0.05413276308332282
seed_42,corr_source_gaussian_noise_sev2,45,6000,True,False,False,0.7585,0.7585,0.8068333333333333,0.9588755856324832,0.9595101402252962,0.20037558563248326,0.15267680689196295,0.8895471120400472,0.8896174080091461,0.13104711204004726,0.08278407467581284,0.9038390753519934,0.8836666345596313,0.1251666345596314,0.07683330122629806,0.8856666684150696,0.12716666841506963,0.07883333508173629,0.9395026564598083,0.1810026564598084,0.13266932312647506,0.9394780993461609,0.18097809934616094,0.1326447660128276,0.8681819978105972,0.10968199781059729,0.06134866447726395
seed_42,corr_source_gaussian_noise_sev3,46,6000,True,False,False,0.5988333333333333,0.5988333333333333,0.7296666666666667,0.9279971413257102,0.9286406110416295,0.3291638079923769,0.19897394437496285,0.7931620163877036,0.8128802807029706,0.19432868305437023,0.0832136140363039,0.8504170130713743,0.8230000138282776,0.22416668049494426,0.0933333471616109,0.8223333358764648,0.22350000254313152,0.09266666920979816,0.906706690788269,0.3078733574549357,0.17704002412160236,0.9066821336746216,0.30784880034128825,0.1770154670079549,0.7517898192415453,0.15295648590821198,0.022123152574878624
seed_42,corr_source_gaussian_noise_sev4,47,6000,True,False,False,0.4186666666666667,0.4186666666666667,0.7348333333333333,0.8828895922547012,0.8842407436336268,0.4642229255880345,0.14940741030029348,0.6671655002525345,0.7836483628291797,0.24849883358586783,0.048815029495846374,0.7848277489043765,0.734666645526886,0.3159999788602193,0.00016668780644735204,0.7254999876022339,0.3068333209355672,0.009333345731099452,0.86209636926651,0.4434297025998433,0.12726303593317667,0.8620718121528625,0.44340514548619586,0.1272384788195292,0.6211917341964596,0.20252506752979288,0.11364159913687377
seed_42,corr_source_gaussian_noise_sev5,48,6000,True,False,False,0.254,0.254,0.7855,0.7772569798247402,0.796739641300572,0.5232569798247402,0.011239641300571979,0.4717549715090109,0.7902661637155555,0.2177549715090109,0.004766163715555494,0.6804678530207299,0.6008333563804626,0.34683335638046264,0.18466664361953733,0.5681666731834412,0.31416667318344116,0.21733332681655881,0.7914960980415344,0.5374960980415344,0.005996098041534448,0.791471540927887,0.537471540927887,0.005971540927886987,0.5043212964838379,0.25032129648383794,0.28117870351616203
seed_42,corr_source_shot_noise_sev1,49,6000,True,False,False,0.8458333333333333,0.8458333333333333,0.8675,0.9752348420153715,0.9752510935272775,0.12940150868203815,0.10775109352727741,0.9408992255987195,0.9410999313213486,0.0950658922653862,0.07359993132134857,0.9355857996044867,0.9241666793823242,0.07833334604899089,0.05666667938232417,0.9284999966621399,0.08266666332880657,0.060999996662139844,0.9598290920257568,0.11399575869242351,0.09232909202575679,0.9598045349121094,0.11397120157877605,0.09230453491210933,0.9273264278844541,0.08149309455112075,0.059826427884454025
seed_42,corr_source_shot_noise_sev2,50,6000,True,False,False,0.7363333333333333,0.7363333333333333,0.7905,0.9530622927935788,0.9546015143959637,0.2167289594602455,0.16410151439596377,0.8774875208723896,0.8799264254106073,0.1411541875390563,0.0894264254106073,0.8956379999164683,0.8758333325386047,0.13949999920527145,0.08533333253860476,0.8794999718666077,0.14316663853327438,0.08899997186660769,0.9342947602272034,0.19796142689387008,0.1437947602272034,0.9342702031135559,0.19793686978022262,0.14377020311355593,0.8552679417211715,0.1189346083878382,0.06476794172117151
seed_42,corr_source_shot_noise_sev3,51,6000,True,False,False,0.5936666666666667,0.5936666666666667,0.7291666666666666,0.9256938227394808,0.9270827609371566,0.3320271560728141,0.19791609427048995,0.7984747365387038,0.8278711523303917,0.20480806987203715,0.09870448566372503,0.8495127041891256,0.8181666731834412,0.2245000065167745,0.08900000651677453,0.8144999742507935,0.22083330758412678,0.08533330758412683,0.9038858413696289,0.31021917470296223,0.17471917470296228,0.9038612842559814,0.31019461758931477,0.17469461758931482,0.7538524274564316,0.16018576078976487,0.02468576078976492
seed_42,corr_source_shot_noise_sev4,52,6000,True,False,False,0.377,0.377,0.7383333333333333,0.8612639969633705,0.8665658120844314,0.4842639969633705,0.1282324787510981,0.6436948435757062,0.7779789343719689,0.26669484357570616,0.03964560103863557,0.7734139971766518,0.7179999947547913,0.34099999475479126,0.020333338578542026,0.7089999914169312,0.33199999141693115,0.029333341916402134,0.8541926145553589,0.4771926145553589,0.1158592812220256,0.8541680574417114,0.4771680574417114,0.11583472410837814,0.5943230369462922,0.21732303694629218,0.1440102963870411
seed_42,corr_source_shot_noise_sev5,53,6000,True,False,False,0.2778333333333333,0.2778333333333333,0.7731666666666667,0.7987987987987989,0.8099017400772597,0.5209654654654656,0.03673507341059301,0.5323373173556849,0.778080022004364,0.2545039840223516,0.004913355337697323,0.7145893972279521,0.6489999890327454,0.37116665569941204,0.12416667763392131,0.6240000128746033,0.34616667954126995,0.1491666537920634,0.8165020942687988,0.5386687609354655,0.04333542760213216,0.8164775371551514,0.538644203821818,0.0433108704884847,0.5184535528632985,0.2406202195299652,0.25471311380336814
seed_42,corr_source_impulse_noise_sev1,54,6000,True,False,False,0.7816666666666666,0.7816666666666666,0.8248333333333333,0.9599583983359334,0.9599845050390089,0.17829173166926682,0.1351511717056756,0.8962786737914668,0.8988204971138287,0.11461200712480013,0.07398716378049541,0.9029536840572878,0.887499988079071,0.10583332141240442,0.06266665474573774,0.8865000009536743,0.1048333342870077,0.06166666762034101,0.9393535256385803,0.1576868589719137,0.11452019230524701,0.9393289685249329,0.15766230185826624,0.11449563519159955,0.8884951388902791,0.10682847222361247,0.06366180555694578
seed_42,corr_source_impulse_noise_sev2,55,6000,True,False,False,0.6981666666666667,0.6981666666666667,0.7676666666666667,0.9447766443897291,0.944812391083739,0.24660997772306237,0.17714572441707233,0.8441954626035435,0.855117675818633,0.1460287959368768,0.08745100915196624,0.8754873953455015,0.847000002861023,0.14883333619435624,0.07933333619435623,0.8508332967758179,0.15266663010915116,0.08316663010915115,0.920913577079773,0.22274691041310624,0.15324691041310623,0.9208890199661255,0.22272235329945878,0.15322235329945877,0.8408739934028,0.1427073267361333,0.07320732673613328
seed_42,corr_source_impulse_noise_sev3,56,6000,True,False,False,0.6123333333333333,0.6123333333333333,0.7271666666666666,0.9306718944929603,0.9306718944929603,0.318338561159627,0.20350522782629366,0.7833722070807265,0.8118242820497777,0.17103887374739324,0.08465761538311112,0.8486432181272592,0.8165000081062317,0.2041666747728984,0.08933334143956506,0.8166666626930237,0.2043333293596904,0.08949999602635705,0.9032905697822571,0.2909572364489238,0.17612390311559045,0.9032660126686096,0.29093267933527633,0.176099346001943,0.7895416807866374,0.17720834745330416,0.06237501411997082
seed_42,corr_source_impulse_noise_sev4,57,6000,True,False,False,0.4068333333333333,0.4068333333333333,0.7336666666666667,0.880805819809737,0.8818788139382213,0.4739724864764037,0.14821214727155463,0.6562938907226172,0.7788642193226656,0.2494605573892839,0.045197552655998896,0.7792174792558829,0.731333315372467,0.3244999820391337,0.002333351294199648,0.7201666831970215,0.31333334986368816,0.013499983469645205,0.8597971796989441,0.45296384636561077,0.1261305130322774,0.8597726225852966,0.4529392892519633,0.12610595591862994,0.6262948310867946,0.2194614977534613,0.10737183557987207
seed_42,corr_source_impulse_noise_sev5,58,6000,True,False,False,0.26266666666666666,0.26266666666666666,0.7781666666666667,0.8168014198382961,0.8211187736320786,0.5541347531716294,0.04295210696541196,0.5132175514414887,0.7819768807852364,0.25055088477482207,0.0038102141185697436,0.6992120494273253,0.6333333253860474,0.3706666587193807,0.1448333412806193,0.6101666688919067,0.3475000022252401,0.16799999777475993,0.8073166608810425,0.5446499942143759,0.029149994214375807,0.807292103767395,0.5446254371007284,0.029125437100728346,0.5097012811352563,0.2470346144685896,0.2684653855314104
seed_42,corr_source_contrast_sev1,59,6000,True,False,False,0.8858333333333334,0.8858333333333334,0.8993333333333333,0.9885367498314228,0.9887110024724657,0.10270341649808945,0.08937766913913237,0.9626292917681673,0.9627079662508965,0.07679595843483389,0.06337463291756318,0.9463907544464601,0.9340000152587891,0.0481666819254557,0.034666681925455745,0.9383333325386047,0.052499999205271375,0.03899999920527142,0.9656383991241455,0.07980506579081215,0.06630506579081219,0.965613842010498,0.07978050867716469,0.06628050867716473,0.9447343088945942,0.05890097556126084,0.04540097556126088
seed_42,corr_source_contrast_sev2,60,6000,True,False,False,0.846,0.846,0.8676666666666667,0.9802855200543849,0.9802984790390483,0.13428552005438488,0.11263181237238162,0.9427962112827207,0.9431883058246787,0.09679621128272076,0.07552163915801202,0.9261224270536469,0.9138333201408386,0.06783332014083865,0.046166653474171926,0.9178333282470703,0.07183332824707034,0.050166661580403615,0.954047679901123,0.10804767990112307,0.08638101323445635,0.9540231227874756,0.10802312278747561,0.08635645612080889,0.921245593899132,0.07524559389913199,0.05357892723246527
seed_42,corr_source_contrast_sev3,61,6000,True,False,False,0.7551666666666667,0.7551666666666667,0.8011666666666667,0.9621172807472755,0.9621420041431511,0.20695061408060889,0.1609753374764844,0.8778222552594616,0.8900728864267996,0.1226555885927949,0.08890621976013291,0.8793027233198552,0.856333315372467,0.10116664870580039,0.05516664870580035,0.8546666502952576,0.09949998362859092,0.053499983628590875,0.9242168068885803,0.16905014022191367,0.12305014022191363,0.9241922497749329,0.1690255831082662,0.12302558310826617,0.8602590410077029,0.10509237434103624,0.0590923743410362
seed_42,corr_source_contrast_sev4,62,6000,True,False,False,0.5053333333333333,0.5053333333333333,0.7316666666666667,0.9241527703066165,0.9244184276847753,0.41881943697328317,0.19275176101810865,0.6926293441029785,0.8035349529081832,0.1872960107696452,0.07186828624151653,0.7501120478552662,0.6981666684150696,0.19283333508173628,0.03349999825159711,0.6775000095367432,0.17216667620340986,0.05416665712992352,0.8406858444213867,0.3353525110880534,0.10901917775472003,0.8406612873077393,0.33532795397440596,0.10899462064107257,0.6919796790111521,0.1866463456778188,0.039686987655514594
seed_42,corr_source_contrast_sev5,63,6000,True,False,False,0.2515,0.2515,0.7903333333333333,0.8851727982162765,0.8851770930543044,0.6336727982162764,0.09484375972097103,0.5672883927972174,0.7492603531238142,0.31578839279721743,0.041072980209519105,0.5936489588276634,0.5253333449363708,0.27383334493637085,0.2649999883969625,0.47049999237060547,0.21899999237060547,0.31983334096272786,0.7454119324684143,0.4939119324684143,0.044921400864919026,0.7453873753547668,0.49388737535476684,0.044945957978566486,0.49323717375412635,0.24173717375412634,0.297096159579207
seed_42,corr_source_elastic_transform_sev1,64,6000,True,False,False,0.9006666666666666,0.9006666666666666,0.9113333333333333,0.9869998311666385,0.9876501293255163,0.08633316449997186,0.076316795992183,0.9687497514217007,0.9692795428964643,0.0680830847550341,0.05794620956313101,0.954278785981108,0.9446666836738586,0.04400001700719203,0.033333350340525314,0.9514999985694885,0.05083333190282191,0.0401666652361552,0.9711173176765442,0.07045065100987757,0.05978398434321086,0.9710927605628967,0.07042609389623011,0.0597594272295634,0.9547276557458214,0.0540609890791548,0.043394322412488084
seed_42,corr_source_elastic_transform_sev2,65,6000,True,False,False,0.7073333333333334,0.7073333333333334,0.7928333333333333,0.965695569729357,0.9657179934890339,0.2583622363960236,0.1728846601557006,0.8937238457767053,0.894211200247969,0.1863905124433719,0.10137786691463568,0.8829492389365765,0.8576666712760925,0.15033333794275916,0.06483333794275925,0.8579999804496765,0.15066664711634314,0.06516664711634323,0.926162600517273,0.21882926718393958,0.13332926718393967,0.9261380434036255,0.21880471007029212,0.1333047100702922,0.8100510007838577,0.10271766745052435,0.017217667450524443
seed_42,corr_source_elastic_transform_sev3,66,6000,True,False,False,0.8053333333333333,0.8053333333333333,0.8448333333333333,0.970487302676733,0.9705639793745491,0.16515396934339965,0.12573064604121575,0.9274081632070814,0.9283236510595043,0.12207482987374807,0.08349031772617099,0.9142251923958725,0.8991666436195374,0.09383331028620401,0.05433331028620403,0.9001666307449341,0.09483329741160074,0.05533329741160076,0.9457651972770691,0.14043186394373575,0.10093186394373577,0.9457406401634216,0.14040730683008829,0.1009073068300883,0.8790549370326433,0.07372160369930991,0.03422160369930993
seed_42,corr_source_elastic_transform_sev4,67,6000,True,False,False,0.6968333333333333,0.6968333333333333,0.7871666666666667,0.9572471324296142,0.9583300269906757,0.26041379909628093,0.17116336032400903,0.8686150900418127,0.8727339164813205,0.1717817567084794,0.0855672498146538,0.8676381629394456,0.8429999947547913,0.14616666142145796,0.05583332808812458,0.8403333425521851,0.14350000921885175,0.05316667588551838,0.918121337890625,0.2212880045572917,0.13095467122395832,0.9180967807769775,0.22126344744364423,0.13093011411031086,0.7965053266529813,0.09967199331964804,0.009338659986314668
seed_42,corr_source_elastic_transform_sev5,68,6000,True,False,False,0.42766666666666664,0.42766666666666664,0.7163333333333334,0.9059080962800875,0.9064261489627843,0.47824142961342087,0.1900928156294509,0.6925492915721725,0.7828533220626557,0.26488262490550585,0.0665199887293223,0.7605970906276367,0.7098333239555359,0.28216665728886925,0.006500009377797489,0.6961666345596313,0.2684999678929647,0.02016669877370203,0.8463532328605652,0.41868656619389855,0.1300198995272318,0.8463286757469177,0.4186620090802511,0.12999534241358435,0.5918434442469773,0.16417677758031068,0.12448988908635605
seed_42,corr_source_pixelate_sev1,69,6000,True,False,False,0.8898333333333334,0.8898333333333334,0.9048333333333334,0.9861439675566069,0.9864955502985241,0.09631063422327357,0.08166221696519071,0.965669210436161,0.9665910001736497,0.07583587710282769,0.06175766684031636,0.9520147001853113,0.9431666731834412,0.0533333398501078,0.038333339850107784,0.9478332996368408,0.057999966303507455,0.04299996630350744,0.9702450037002563,0.08041167036692298,0.06541167036692297,0.9702204465866089,0.08038711325327552,0.06538711325327551,0.9458724511360218,0.05603911780268844,0.04103911780268843
seed_42,corr_source_pixelate_sev2,70,6000,True,False,False,0.8761666666666666,0.8761666666666666,0.8941666666666667,0.9802855200543849,0.9817444017409229,0.1041188533877182,0.08757773507425626,0.9579860102596242,0.9589612555475778,0.0818193435929575,0.06479458888091116,0.944464895836869,0.9283333420753479,0.05216667540868125,0.034166675408681235,0.934333324432373,0.0581666577657064,0.04016665776570638,0.96431565284729,0.08814898618062339,0.07014898618062337,0.9642910957336426,0.08812442906697593,0.07012442906697591,0.935843511843951,0.05967684517728433,0.041676845177284316
seed_42,corr_source_pixelate_sev3,71,6000,True,False,False,0.8128333333333333,0.8128333333333333,0.8533333333333334,0.9692492698848995,0.9694363797743801,0.15641593655156616,0.11610304644104674,0.9204064262814756,0.9222647541576887,0.10757309294814232,0.06893142082435533,0.9123439166359059,0.8898333311080933,0.07699999777475997,0.036499997774759874,0.8955000042915344,0.08266667095820113,0.042166670958201036,0.9436706304550171,0.1308372971216838,0.0903372971216837,0.9436460733413696,0.13081274000803633,0.09031274000803624,0.8971667241804774,0.08433339084714409,0.043833390847143994
seed_42,corr_source_pixelate_sev4,72,6000,True,False,False,0.696,0.696,0.7933333333333333,0.9521480964023752,0.9521480964023752,0.25614809640237524,0.15881476306904185,0.8462703011029206,0.8623606226644447,0.1502703011029206,0.06902728933111135,0.8565349849817405,0.8228332996368408,0.12683329963684087,0.029499966303507485,0.8206666707992554,0.12466667079925542,0.027333337465922036,0.9073246121406555,0.21132461214065557,0.11399127880732218,0.9073000550270081,0.2113000550270081,0.11396672169367472,0.8147029140508382,0.11870291405083822,0.021369580717504832
seed_42,corr_source_pixelate_sev5,73,6000,True,False,False,0.5818333333333333,0.5818333333333333,0.7691666666666667,0.9369241672572644,0.9370054085432792,0.35509083392393104,0.16783874187661252,0.7720638466106005,0.8101836665534851,0.19023051327726714,0.041016999886818395,0.8039024006220401,0.7538333535194397,0.17200002018610638,0.015333313147226968,0.7426666617393494,0.16083332840601605,0.0265000049273173,0.8733830451965332,0.2915497118631999,0.10421637852986654,0.8733584880828857,0.29152515474955243,0.10419182141621908,0.7194609294736242,0.13762759614029085,0.0497057371930425
seed_42,corr_source_jpeg_compression_sev1,74,6000,True,False,False,0.8866666666666667,0.8866666666666667,0.9,0.9858012170385395,0.9859772932161371,0.0991345503718728,0.08597729321613712,0.9663272391496077,0.9671249420210459,0.079660572482941,0.06712494202104591,0.9523826894359959,0.9448333382606506,0.05816667159398392,0.04483333826065061,0.9519999623298645,0.06533329566319779,0.05199996232986448,0.971031904220581,0.08436523755391434,0.07103190422058103,0.9710073471069336,0.08434068044026688,0.07100734710693357,0.9457210713886427,0.059054404721975984,0.045721071388642676
seed_42,corr_source_jpeg_compression_sev2,75,6000,True,False,False,0.8745,0.8745,0.8908333333333334,0.9833954591663844,0.9833954591663844,0.10889545916638432,0.09256212583305101,0.9545326474303916,0.9548638735606824,0.08003264743039151,0.064030540227349,0.9424855378077284,0.9296666383743286,0.05516663837432856,0.03883330504099525,0.9356666803359985,0.06116668033599848,0.04483334700266517,0.9636002779006958,0.08910027790069575,0.07276694456736243,0.9635757207870483,0.08907572078704828,0.07274238745371497,0.9335679985334525,0.05906799853345246,0.04273466520011915
seed_42,corr_source_jpeg_compression_sev3,76,6000,True,False,False,0.8578333333333333,0.8578333333333333,0.876,0.9771564950562563,0.9779265113682134,0.11932316172292301,0.1019265113682134,0.945262814230349,0.9463390097115756,0.08742948089701563,0.07033900971157558,0.935172866021613,0.9238333106040955,0.06599997727076212,0.04783331060409546,0.9284999966621399,0.07066666332880656,0.05249999666213989,0.9594259262084961,0.10159259287516276,0.08342592620849609,0.9594013690948486,0.1015680357615153,0.08340136909484863,0.9254232017039704,0.06758986837063707,0.04942320170397041
seed_42,corr_source_jpeg_compression_sev4,77,6000,True,False,False,0.7908333333333334,0.7908333333333334,0.8381666666666666,0.965695569729357,0.966096614178689,0.1748622363960236,0.12792994751202236,0.8989052906051637,0.9012901535038589,0.10807195727183028,0.06312348683719227,0.9004813843043259,0.8811666369438171,0.09033330361048375,0.04299997027715052,0.8791666626930237,0.0883333293596903,0.040999996026357066,0.9372392296791077,0.14640589634577428,0.09907256301244105,0.9372146725654602,0.14638133923212682,0.09904800589879359,0.8807188772011015,0.08988554386776815,0.04255221053443492
seed_42,corr_source_jpeg_compression_sev5,78,6000,True,False,False,0.661,0.661,0.7825,0.9492119089316988,0.9492119089316988,0.2882119089316988,0.16671190893169885,0.81270572633992,0.8349240824848017,0.15170572633991997,0.05242408248480168,0.8327224415379659,0.7988333106040955,0.13783331060409543,0.016333310604095486,0.7870000004768372,0.12600000047683713,0.004500000476837185,0.8940820097923279,0.23308200979232785,0.11158200979232791,0.8940574526786804,0.2330574526786804,0.11155745267868045,0.7844045054167146,0.12340450541671455,0.001904505416714608
seed_42,corr_source_speckle_noise_sev1,79,6000,True,False,False,0.8626666666666667,0.8626666666666667,0.8826666666666667,0.983567677452143,0.983567677452143,0.12090101078547633,0.10090101078547631,0.9516929980642378,0.9520421658038937,0.0890263313975711,0.06937549913722696,0.9415693000008504,0.9303333163261414,0.06766664965947466,0.04766664965947465,0.934666633605957,0.07199996693929034,0.05199996693929032,0.9630295038223267,0.10036283715565997,0.08036283715565995,0.9630049467086792,0.1003382800420125,0.08033828004201249,0.9354923182065255,0.07282565153985876,0.05282565153985874
seed_42,corr_source_speckle_noise_sev2,80,6000,True,False,False,0.8205,0.8205,0.8545,0.9699570815450643,0.9699570815450643,0.14945708154506432,0.11545708154506429,0.9266665946669067,0.926941453665171,0.1061665946669067,0.07244145366517096,0.9224645849832369,0.9086666703224182,0.0881666703224182,0.054166670322418176,0.9110000133514404,0.09050001335144042,0.05650001335144039,0.9515808820724487,0.13108088207244872,0.0970808820724487,0.9515563249588013,0.13105632495880126,0.09705632495880123,0.9095507058624557,0.08905070586245567,0.05505070586245564
seed_42,corr_source_speckle_noise_sev3,81,6000,True,False,False,0.6551666666666667,0.6551666666666667,0.7513333333333333,0.9380530973451328,0.9380530973451328,0.2828864306784661,0.18671976401179946,0.8353824761641705,0.8476434713493236,0.18021580949750382,0.09631013801599031,0.8647254569287062,0.8334999680519104,0.17833330138524373,0.0821666347185771,0.8366666436195374,0.18149997695287068,0.08533331028620406,0.9128803610801697,0.257713694413503,0.16154702774683638,0.9128558039665222,0.25768913729985554,0.16152247063318892,0.8001561171458899,0.14498945047922318,0.04882278381255656
seed_42,corr_source_speckle_noise_sev4,82,6000,True,False,False,0.556,0.556,0.7216666666666667,0.9134371604491127,0.91417340481047,0.35743716044911267,0.19250673814380337,0.7704658089397314,0.8035137087644884,0.21446580893973133,0.08184704209782168,0.828419955560823,0.784333348274231,0.2283333482742309,0.06266668160756428,0.7829999923706055,0.22699999237060542,0.06133332570393879,0.8887020349502563,0.3327020349502563,0.16703536828358967,0.8886774778366089,0.33267747783660884,0.1670108111699422,0.7309312954300554,0.17493129543005537,0.009264628763388738
seed_42,corr_source_speckle_noise_sev5,83,6000,True,False,False,0.4425,0.4425,0.715,0.8668555240793201,0.8723152703577154,0.4243555240793201,0.15731527035771542,0.6771311154608344,0.7910329346870267,0.23463111546083437,0.07603293468702677,0.7886149414857915,0.737500011920929,0.29500001192092895,0.022500011920928986,0.7304999828338623,0.2879999828338623,0.015499982833862336,0.8636049628257751,0.42110496282577514,0.14860496282577518,0.8635804057121277,0.4210804057121277,0.14858040571212772,0.6486676289644001,0.2061676289644001,0.06633237103559986
seed_42,corr_source_spatter_sev1,84,6000,True,False,False,0.9201666666666667,0.9201666666666667,0.9281666666666667,0.9890480202190396,0.98906930951798,0.0688813535523729,0.060902642851313304,0.9789963277064644,0.980181666201486,0.0588296610397977,0.05201499953481925,0.9653338867577316,0.9606666564941406,0.04049998982747394,0.03249998982747393,0.9651666283607483,0.0449999616940816,0.036999961694081596,0.978512167930603,0.05834550126393634,0.05034550126393633,0.9784876108169556,0.05832094415028888,0.05032094415028887,0.9657285959271885,0.04556192926052183,0.03756192926052182
seed_42,corr_source_spatter_sev2,85,6000,True,False,False,0.8653333333333333,0.8653333333333333,0.8851666666666667,0.9795918367346939,0.9799521541950111,0.11425850340136057,0.09478548752834448,0.9534689740646306,0.9538178248619036,0.08813564073129732,0.06865115819523693,0.9369031625637972,0.9288333058357239,0.06349997250239059,0.04366663916905722,0.9329999685287476,0.06766663519541427,0.0478333018620809,0.9615312218666077,0.09619788853327438,0.07636455519994101,0.9615066647529602,0.09617333141962692,0.07633999808629355,0.9372608980177273,0.07192756468439399,0.052094231351060616
seed_42,corr_source_spatter_sev3,86,6000,True,False,False,0.8,0.8,0.838,0.9681857265692175,0.9683735454284895,0.1681857265692175,0.13037354542848956,0.9130006741514435,0.9162810308164789,0.11300067415144344,0.07828103081647897,0.9024850821594778,0.887333333492279,0.08733333349227901,0.049333333492279086,0.8863333463668823,0.08633334636688228,0.04833334636688236,0.9386782050132751,0.1386782050132751,0.10067820501327518,0.9386536478996277,0.13865364789962764,0.10065364789962772,0.901491403322856,0.101491403322856,0.06349140332285608
seed_42,corr_source_spatter_sev4,87,6000,True,False,False,0.7318333333333333,0.7318333333333333,0.793,0.9445910290237468,0.9456429024798894,0.21275769569041347,0.15264290247988932,0.8780668972422102,0.8793534944899941,0.14623356390887687,0.08635349448999408,0.8711553882922559,0.8481666445732117,0.11633331123987833,0.05516664457321163,0.8458333015441895,0.11399996821085612,0.052833301544189415,0.9197255969047546,0.1878922635714213,0.1267255969047546,0.9197010397911072,0.18786770645777384,0.12670103979110714,0.8569873912390633,0.12515405790572998,0.06398739123906327
seed_42,corr_source_spatter_sev5,88,6000,True,False,False,0.6188333333333333,0.6188333333333333,0.7528333333333334,0.9222202263337524,0.9225874060650013,0.3033868930004191,0.16975407273166798,0.811082638461728,0.828073026545073,0.19224930512839467,0.07523969321173962,0.8237179108556942,0.7841666340827942,0.16533330074946084,0.031333300749460835,0.7796666622161865,0.16083332888285318,0.02683332888285317,0.8877712488174438,0.2689379154841105,0.1349379154841105,0.8877466917037964,0.26891335837046304,0.13491335837046303,0.7716686451565212,0.15283531182318788,0.018835311823187872
seed_42,corr_source_gaussian_blur_sev1,89,6000,True,False,False,0.8998333333333334,0.8998333333333334,0.9118333333333334,0.9871708305199188,0.9873459936979517,0.08733749718658546,0.07551266036461834,0.9692022700221415,0.9693332883191007,0.06936893668880817,0.05749995498576732,0.9563899646521113,0.9484999775886536,0.04866664425532019,0.03666664425532018,0.9513333439826965,0.05150001064936316,0.03950001064936315,0.9729166626930237,0.07308332935969031,0.0610833293596903,0.9728921055793762,0.07305877224604285,0.061058772246042836,0.9554397591288769,0.055606425795543535,0.043606425795543524
seed_42,corr_source_gaussian_blur_sev2,90,6000,True,False,False,0.8251666666666667,0.8251666666666667,0.8573333333333333,0.9768076398362893,0.9772015720367916,0.15164097316962255,0.11986823870345831,0.9225081164994987,0.9250404869207872,0.097341449832832,0.06770715358745394,0.9167056857536304,0.8989999890327454,0.07383332236607865,0.04166665569941208,0.9024999737739563,0.07733330710728958,0.04516664044062302,0.9465649127960205,0.12139824612935379,0.08923157946268723,0.946540355682373,0.12137368901570633,0.08920702234903977,0.9172072758419602,0.09204060917529344,0.059873942508626876
seed_42,corr_source_gaussian_blur_sev3,91,6000,True,False,False,0.7183333333333334,0.7183333333333334,0.7908333333333334,0.966052042047217,0.9662412832442989,0.24771870871388357,0.17540794991096553,0.8420765238055732,0.8596456594008657,0.1237431904722398,0.06881232606753229,0.8613376423339952,0.8308333158493042,0.11249998251597082,0.03999998251597081,0.828499972820282,0.1101666394869486,0.037666639486948594,0.9119467735290527,0.19361344019571936,0.12111344019571935,0.9119222164154053,0.1935888830820719,0.12108888308207189,0.8586561917697833,0.14032285843644987,0.06782285843644986
seed_42,corr_source_gaussian_blur_sev4,92,6000,True,False,False,0.6028333333333333,0.6028333333333333,0.7365,0.9432898908066221,0.9432898908066221,0.34045655747328873,0.20678989080662202,0.7477804907967656,0.8061720470605618,0.14494715746343223,0.06967204706056174,0.7920539661104766,0.7511666417121887,0.1483333083788554,0.014666641712188677,0.7326666712760925,0.1298333379427592,0.0038333287239075142,0.8677445650100708,0.26491123167673747,0.13124456501007076,0.8677200078964233,0.26488667456309,0.1312200078964233,0.7851129521079656,0.18227961877463228,0.04861295210796557
seed_42,corr_source_gaussian_blur_sev5,93,6000,True,False,False,0.38383333333333336,0.38383333333333336,0.7141666666666666,0.9187240944314291,0.9191655553553193,0.5348907610980957,0.20499888868865268,0.5825765207567605,0.7660760987340867,0.19874318742342711,0.05190943206742005,0.6488193315315985,0.5799999833106995,0.1961666499773661,0.13416668335596715,0.5333333015441895,0.1494999682108561,0.18083336512247716,0.7754855155944824,0.39165218226114906,0.061318848927815806,0.775460958480835,0.3916276251475016,0.061294291814168345,0.6166309816010634,0.23279764826773008,0.09753568506560317
seed_42,corr_source_saturate_sev1,94,6000,True,False,False,0.8861666666666667,0.8861666666666667,0.8963333333333333,0.9823609226594301,0.9823840156959596,0.09619425599276343,0.08605068236262625,0.9658095963344696,0.9661014246959808,0.07964292966780295,0.0697680913626475,0.9502429536423952,0.9433333277702332,0.057166661103566496,0.04699999443689984,0.9488333463668823,0.06266667970021567,0.05250001303354901,0.9690834879875183,0.08291682132085165,0.072750154654185,0.9690589308738708,0.08289226420720419,0.07272559754053753,0.9452433068036176,0.05907664013695091,0.04890997347028425
seed_42,corr_source_saturate_sev2,95,6000,True,False,False,0.8546666666666667,0.8546666666666667,0.8755,0.9797653460295868,0.9799454457858641,0.12509867936292007,0.10444544578586412,0.9490569559446206,0.9492528150278488,0.0943902892779539,0.0737528150278488,0.9361821253417617,0.9244999885559082,0.06983332188924152,0.04899998855590826,0.925166666507721,0.07049999984105426,0.049666666507721,0.958740770816803,0.10407410415013629,0.08324077081680303,0.9587162137031555,0.10404954703648883,0.08321621370315557,0.925266523971142,0.07059985730447527,0.04976652397114201
seed_42,corr_source_saturate_sev3,96,6000,True,False,False,0.9153333333333333,0.9153333333333333,0.9213333333333333,0.9904088844018173,0.9907547815357002,0.07507555106848396,0.06942144820236684,0.9776050733282562,0.9780883355910426,0.06227173999492286,0.05675500225770924,0.9628595386035705,0.956333339214325,0.04100000588099162,0.035000005880991614,0.9605000019073486,0.0451666685740153,0.039166668574015295,0.9767482280731201,0.061414894739786785,0.05541489473978678,0.9767236709594727,0.061390337626139324,0.05539033762613932,0.9619801427094761,0.04664680937614274,0.040646809376142734
seed_42,corr_source_saturate_sev4,97,6000,True,False,False,0.863,0.863,0.8776666666666667,0.9825334916059013,0.9831010519977635,0.11953349160590132,0.10543438533109684,0.957868567133171,0.9579432855102353,0.09486856713317104,0.08027661884356863,0.9411502212143797,0.9289999604225159,0.06599996042251588,0.05133329375584916,0.9340000152587891,0.07100001525878907,0.056333348592122356,0.9627050757408142,0.09970507574081422,0.0850384090741475,0.9626805186271667,0.09968051862716676,0.08501385196050004,0.9268360137117045,0.06383601371170455,0.04916934704503784
seed_42,corr_source_saturate_sev5,98,6000,True,False,False,0.776,0.776,0.8093333333333333,0.9736572015053028,0.9740594309382291,0.19765720150530275,0.16472609760489576,0.923194692955613,0.923833029086722,0.14719469295561294,0.1144996957533887,0.913710079741427,0.8980000019073486,0.12200000190734861,0.08866666857401528,0.9028333425521851,0.12683334255218504,0.09350000921885171,0.9452713131904602,0.16927131319046018,0.13593797985712686,0.9452467560768127,0.16924675607681272,0.1359134227434794,0.8559996443460185,0.07999964434601847,0.04666631101268515
seed_42,corr_target_fog_sev1,99,6000,False,True,False,0.6333333333333333,0.6333333333333333,0.7336666666666667,0.9567031820552947,0.957484379528198,0.3233698487219614,0.2238177128615313,0.8519009335532952,0.8604252917670422,0.2185676002199619,0.1267586251003755,0.8608825357852605,0.8318333029747009,0.19849996964136762,0.09816663630803424,0.8356666564941406,0.20233332316080732,0.10199998982747394,0.9125049710273743,0.27917163769404096,0.17883830436070758,0.9124804139137268,0.2791470805803935,0.17881374724706012,0.8543341343024417,0.22100080096910835,0.12066746763577496
seed_42,corr_target_fog_sev2,100,6000,False,True,False,0.6023333333333334,0.6023333333333334,0.7171666666666666,0.9455184534270651,0.9455609353933936,0.3431851200937317,0.22839426872672697,0.823267432224243,0.8414556696109298,0.22093409889090965,0.12428900294426315,0.8438874330142044,0.809666633605957,0.20733330027262364,0.09249996693929041,0.8101666569709778,0.2078333236376444,0.09299999030431116,0.9000767469406128,0.2977434136072794,0.18291008027394617,0.9000521898269653,0.29771885649363194,0.1828855231602987,0.8343912225446388,0.23205788921130543,0.1172245558779722
seed_42,corr_target_fog_sev3,101,6000,False,True,False,0.5546666666666666,0.5546666666666666,0.7101666666666666,0.9369241672572644,0.9369241672572644,0.3822575005905977,0.22675750059059774,0.7837658688873909,0.8273668769819941,0.22909920222072422,0.11720021031532746,0.8229624122958407,0.7866666316986084,0.23199996503194176,0.07649996503194179,0.7854999899864197,0.23083332331975304,0.07533332331975306,0.8877519965171814,0.33308532985051476,0.17758532985051478,0.8877274394035339,0.3330607727368673,0.17756077273686732,0.8109745919251622,0.25630792525849555,0.10080792525849558
seed_42,corr_target_fog_sev4,102,6000,False,True,False,0.52,0.52,0.7103333333333334,0.933522929257021,0.933522929257021,0.41352292925702094,0.2231895959236876,0.7487803831625577,0.8145619958454671,0.22878038316255767,0.1042286625121337,0.804357627664963,0.7578333020210266,0.2378333020210266,0.04749996868769324,0.7488332986831665,0.2288332986831665,0.03849996534983313,0.8748888969421387,0.35488889694213865,0.1645555636088053,0.8748643398284912,0.3548643398284912,0.16453100649515784,0.7790326097580773,0.2590326097580773,0.06869927642474394
seed_42,corr_target_fog_sev5,103,6000,False,True,False,0.4073333333333333,0.4073333333333333,0.7158333333333333,0.9204749910039584,0.9205258487776985,0.513141657670625,0.20469251544436518,0.6624842545245406,0.7892716823744398,0.2551509211912073,0.07343834904110647,0.7502423020726827,0.6946666836738586,0.2873333503405253,0.02116664965947468,0.6821666359901428,0.2748333026568095,0.0336666973431905,0.840485155582428,0.43315182224909465,0.12465182224909466,0.8404605984687805,0.4331272651354472,0.1246272651354472,0.6851501427005577,0.2778168093672244,0.03068319063277558
seed_42,corr_target_frost_sev1,104,6000,False,True,False,0.6176666666666667,0.6176666666666667,0.7336666666666667,0.9539748953974897,0.9540346383776529,0.336308228730823,0.2203679717109862,0.8422173833268909,0.8567081149853376,0.2245507166602242,0.12304144831867092,0.8541840228762702,0.8234999775886536,0.20583331092198687,0.08983331092198688,0.8234999775886536,0.20583331092198687,0.08983331092198688,0.9084631204605103,0.29079645379384356,0.17479645379384356,0.9084385633468628,0.2907718966801961,0.1747718966801961,0.8372992035618649,0.21963253689519824,0.10363253689519825
seed_42,corr_target_frost_sev2,105,6000,False,True,False,0.5123333333333333,0.5123333333333333,0.7113333333333334,0.9395546129374337,0.9395546129374337,0.4272212796041004,0.22822127960410032,0.7731406951946175,0.8141134591120138,0.26080736186128417,0.10278012577868045,0.8046294625534844,0.7581666707992554,0.24583333746592206,0.046833337465922,0.7515000104904175,0.23916667715708417,0.04016667715708411,0.8753165602684021,0.3629832269350688,0.16398322693506873,0.8752920031547546,0.36295866982142133,0.16395866982142127,0.7683994582167696,0.2560661248834363,0.05706612488343621
seed_42,corr_target_frost_sev3,106,6000,False,True,False,0.42183333333333334,0.42183333333333334,0.7081666666666667,0.9278055754110078,0.9288922723204653,0.5059722420776744,0.22072560565379862,0.7081428004376934,0.792541019812452,0.28630946710436006,0.08437435314578523,0.7647464284916097,0.703499972820282,0.28166663948694864,0.00466669384638474,0.6936666369438171,0.2718333036104838,0.014500029722849583,0.8499678373336792,0.42813450400034586,0.14180117066701248,0.8499432802200317,0.4281099468866984,0.14177661355336502,0.7022418557455401,0.28040852241220676,0.005924810921126622
seed_42,corr_target_frost_sev4,107,6000,False,True,False,0.4096666666666667,0.4096666666666667,0.7095,0.9212513484358145,0.9212513484358145,0.5115846817691478,0.21175134843581445,0.7016655049564487,0.7945431440700622,0.29199883828978207,0.0850431440700622,0.7612920408579325,0.7071666717529297,0.297500005086263,0.002333328247070332,0.6946666836738586,0.28500001700719196,0.014833316326141377,0.8471581935882568,0.43749152692159016,0.13765819358825682,0.8471336364746094,0.4374669698079427,0.13763363647460936,0.6887891746025953,0.2791225079359286,0.020710825397404764
seed_42,corr_target_frost_sev5,108,6000,False,True,False,0.35383333333333333,0.35383333333333333,0.7206666666666667,0.9185291997116078,0.9189709204518144,0.5646958663782745,0.1983042537851477,0.661785612507889,0.7972465820001243,0.3079522791745557,0.07657991533345765,0.7363046790794576,0.6828333139419556,0.32899998060862223,0.03783335272471111,0.6679999828338623,0.31416664950052897,0.05266668383280437,0.8325221538543701,0.4786888205210368,0.11185548718770344,0.8324975967407227,0.4786642634073893,0.11183093007405598,0.6440831194239707,0.29024978609063734,0.076583547242696
seed_42,corr_target_motion_blur_sev1,109,6000,False,True,False,0.635,0.635,0.7235,0.9565217391304348,0.9565217391304348,0.3215217391304348,0.23302173913043478,0.846863590138986,0.8581852344429217,0.21186359013898604,0.1346852344429217,0.8605159924648341,0.8309999704360962,0.19599997043609618,0.10749997043609616,0.8341666460037231,0.19916664600372314,0.11066664600372311,0.9114514589309692,0.27645145893096923,0.1879514589309692,0.9114269018173218,0.27642690181732177,0.18792690181732175,0.868494317580106,0.23349431758010597,0.14499431758010595
seed_42,corr_target_motion_blur_sev2,110,6000,False,True,False,0.5603333333333333,0.5603333333333333,0.7096666666666667,0.9517819706498952,0.9518274454468959,0.3914486373165619,0.24216077878022924,0.7958100567782905,0.831929163477903,0.23547672344495718,0.12226249681123635,0.8292078670572954,0.7879999876022339,0.22766665426890054,0.07833332093556722,0.7868333458900452,0.22650001255671182,0.0771666792233785,0.8905808925628662,0.33024755922953286,0.18091422589619954,0.8905563354492188,0.3302230021158854,0.18088966878255208,0.8339414606452588,0.2736081273119254,0.12427479397859209
seed_42,corr_target_motion_blur_sev3,111,6000,False,True,False,0.45166666666666666,0.45166666666666666,0.6936666666666667,0.9331436699857752,0.9331866993307224,0.4814770033191086,0.23952003266405575,0.7091526832271096,0.7811433454183906,0.2574860165604429,0.08747667875172394,0.7696765686949529,0.7231666445732117,0.271499977906545,0.029499977906545016,0.7116666436195374,0.2599999769528707,0.0179999769528707,0.8564386367797852,0.4047719701131185,0.1627719701131185,0.8564140796661377,0.40474741299947103,0.16274741299947104,0.7570912783684798,0.3054246117018131,0.06342461170181313
seed_42,corr_target_motion_blur_sev4,112,6000,False,True,False,0.3305,0.3305,0.7116666666666667,0.9155973251400685,0.9155973251400685,0.5850973251400685,0.20393065847340186,0.6248245878138114,0.7649212155541475,0.29432458781381143,0.053254548887480824,0.7001067790216142,0.6284999847412109,0.2979999847412109,0.08316668192545573,0.6058333516120911,0.27533335161209105,0.1058333150545756,0.8073844313621521,0.4768844313621521,0.09571776469548543,0.8073598742485046,0.4768598742485046,0.09569320758183797,0.6566618781233846,0.3261618781233846,0.05500478854328206
seed_42,corr_target_motion_blur_sev5,113,6000,False,True,False,0.26316666666666666,0.26316666666666666,0.7518333333333334,0.8954344624447718,0.8954344624447718,0.6322677957781051,0.1436011291114384,0.5775243788609908,0.754910285913604,0.3143577121943242,0.003076952580270631,0.6592357528638036,0.5843333005905151,0.3211666339238485,0.16750003274281822,0.5504999756813049,0.28733330901463827,0.20133335765202842,0.7802926898002625,0.5171260231335958,0.028459356466929098,0.780268132686615,0.5171014660199483,0.028434799353281637,0.599249606588707,0.3360829399220403,0.1525837267446264
seed_42,corr_target_brightness_sev1,114,6000,False,True,False,0.698,0.698,0.7561666666666667,0.9678307242387751,0.9678307242387751,0.2698307242387752,0.2116640575721085,0.8942141983844645,0.8959336248975631,0.19621419838446452,0.13976695823089647,0.891569393158572,0.8738332986831665,0.17583329868316655,0.11766663201649985,0.8761666417121887,0.17816664171218877,0.11999997504552207,0.9325699806213379,0.23456998062133794,0.17640331395467124,0.9325454235076904,0.23454542350769048,0.17637875684102378,0.8843285261493954,0.18632852614939543,0.12816185948272873
seed_42,corr_target_brightness_sev2,115,6000,False,True,False,0.6898333333333333,0.6898333333333333,0.7533333333333333,0.9613986498182447,0.9614238340229372,0.27156531648491145,0.20809050068960389,0.8882526801130805,0.8907790590102789,0.19841934677974715,0.13744572567694557,0.8863589834735354,0.8675000071525574,0.17766667381922407,0.11416667381922407,0.8688333034515381,0.1789999701182048,0.11549997011820479,0.9283783435821533,0.23854501024882002,0.17504501024882002,0.9283537864685059,0.23852045313517256,0.17502045313517256,0.879776346554698,0.18994301322136475,0.12644301322136475
seed_42,corr_target_brightness_sev3,116,6000,False,True,False,0.6715,0.6715,0.7488333333333334,0.9592367736339983,0.9594305579647296,0.2877367736339983,0.2105972246313963,0.87799263962521,0.8819253262935737,0.20649263962521003,0.13309199296024032,0.8783215391455511,0.856499969959259,0.18499996995925905,0.10766663662592568,0.8551666736602783,0.18366667366027833,0.10633334032694497,0.9237626791000366,0.25226267910003664,0.17492934576670327,0.9237381219863892,0.2522381219863892,0.1749047886530558,0.8721143861584977,0.2006143861584977,0.12328105282516433
seed_42,corr_target_brightness_sev4,117,6000,False,True,False,0.6455,0.6455,0.7408333333333333,0.961038961038961,0.9610643757581756,0.31553896103896106,0.22023104242484226,0.8602716977489937,0.8651051481269723,0.21477169774899374,0.12427181479363891,0.8671047351683977,0.8413333296775818,0.19583332967758182,0.10049999634424844,0.843666672706604,0.19816667270660404,0.10283333937327066,0.9165652394294739,0.2710652394294739,0.17573190609614053,0.9165406823158264,0.27104068231582645,0.17570734898249307,0.8588341846169181,0.2133341846169181,0.11800085128358473
seed_42,corr_target_brightness_sev5,118,6000,False,True,False,0.6171666666666666,0.6171666666666666,0.723,0.9588755856324832,0.9588755856324832,0.34170891896581657,0.23587558563248323,0.8327633408306986,0.8478423705068329,0.21559667416403194,0.12484237050683289,0.8503249555116091,0.8231666684150696,0.20600000174840294,0.1001666684150696,0.8215000033378601,0.20433333667119347,0.09850000333786013,0.9067844748497009,0.2896178081830343,0.18378447484970095,0.9067599177360535,0.2895932510693868,0.1837599177360535,0.8331697569784369,0.21600309031177023,0.1101697569784369
seed_42,corr_target_zoom_blur_sev1,119,6000,False,True,False,0.557,0.557,0.7085,0.9423585404547858,0.9423585404547858,0.3853585404547858,0.23385854045478582,0.8000320213828307,0.8268372965220774,0.24303202138283064,0.11833729652207736,0.8252191479461588,0.7896666526794434,0.2326666526794433,0.08116665267944334,0.7871666550636292,0.2301666550636291,0.07866665506362913,0.8899096846580505,0.3329096846580505,0.18140968465805052,0.8898851275444031,0.332885127544403,0.18138512754440306,0.8137725022617023,0.25677250226170223,0.10527250226170226
seed_42,corr_target_zoom_blur_sev2,120,6000,False,True,False,0.487,0.487,0.703,0.9229940764674207,0.923505683939887,0.4359940764674207,0.220505683939887,0.7573519755129982,0.8033733877537188,0.27035197551299817,0.10037338775371885,0.7943443196392953,0.7551666498184204,0.2681666498184204,0.05216664981842045,0.7493333220481873,0.26233332204818727,0.0463333220481873,0.8710274696350098,0.3840274696350098,0.1680274696350098,0.8710029125213623,0.3840029125213623,0.16800291252136235,0.7638605314512158,0.2768605314512158,0.06086053145121584
seed_42,corr_target_zoom_blur_sev3,121,6000,False,True,False,0.44,0.44,0.6935,0.9128465301685088,0.9132371657464053,0.4728465301685088,0.21973716574640534,0.7252184857250238,0.790894792658143,0.2852184857250238,0.09739479265814299,0.7703612166721597,0.7221666574478149,0.28216665744781494,0.028666657447814936,0.7148333191871643,0.2748333191871643,0.0213333191871643,0.8559265732765198,0.4159265732765198,0.16242657327651977,0.8559020161628723,0.4159020161628723,0.1624020161628723,0.7290251792231071,0.28902517922310705,0.03552517922310705
seed_42,corr_target_zoom_blur_sev4,122,6000,False,True,False,0.39066666666666666,0.39066666666666666,0.7086666666666667,0.8996882450027508,0.8997083721135397,0.5090215783360841,0.19104170544687304,0.6914912840305909,0.776962442403236,0.30082461736392424,0.06829577573656931,0.7462717173368663,0.6911666393280029,0.30049997266133627,0.017500027338663737,0.6743333339691162,0.28366666730244955,0.034333332697550456,0.8393055200576782,0.44863885339101156,0.13063885339101156,0.8392809629440308,0.4486142962773641,0.1306142962773641,0.6929559346969951,0.30228926803032846,0.015710731969671543
seed_42,corr_target_zoom_blur_sev5,123,6000,False,True,False,0.3428333333333333,0.3428333333333333,0.725,0.8925802879291251,0.8925802879291251,0.5497469545957918,0.16758028792912516,0.6733452625534605,0.7675274107623186,0.3305119292201272,0.042527410762318585,0.7243698502349728,0.6728333234786987,0.3299999901453654,0.05216667652130125,0.6518333554267883,0.309000022093455,0.07316664457321165,0.8290183544158936,0.48618502108256023,0.10401835441589358,0.8289937973022461,0.48616046396891277,0.10399379730224612,0.6554187521242154,0.3125854187908821,0.06958124787578457
seed_42,corr_target_snow_sev1,124,6000,False,True,False,0.5916666666666667,0.5916666666666667,0.7293333333333333,0.9534275248560963,0.9536853990082671,0.3617608581894296,0.22435206567493382,0.8212747486578518,0.8382843596775761,0.2296080819911851,0.10895102634424281,0.8390679064756054,0.8058333396911621,0.21416667302449544,0.07650000635782883,0.8063333034515381,0.2146666367848714,0.07699997011820481,0.9000313878059387,0.30836472113927205,0.17069805447260544,0.9000068306922913,0.3083401640256246,0.17067349735895798,0.8523989403605058,0.2607322736938391,0.12306560702717251
seed_42,corr_target_snow_sev2,125,6000,False,True,False,0.44566666666666666,0.44566666666666666,0.7221666666666666,0.9212513484358145,0.9214522619756044,0.4755846817691478,0.19928559530893775,0.7252781041593152,0.7974221397727634,0.2796114374926485,0.07525547310609682,0.7712569704670481,0.7226666808128357,0.27700001414616904,0.0005000141461690699,0.7126666307449341,0.2669999640782674,0.009500035921732541,0.8559421896934509,0.4102755230267843,0.1337755230267843,0.8559176325798035,0.4102509659131368,0.13375096591313684,0.7184725745542316,0.272805907887565,0.003694092112434988
seed_42,corr_target_snow_sev3,126,6000,False,True,False,0.4578333333333333,0.4578333333333333,0.7143333333333334,0.9233805849632155,0.9240106283006858,0.4655472516298822,0.20967729496735243,0.725445858182707,0.7869334654807002,0.2676125248493737,0.07260013214736682,0.7718072674244406,0.7224999666213989,0.2646666332880656,0.00816663328806555,0.7124999761581421,0.2546666428248088,0.0018333571751912858,0.8548657298088074,0.39703239647547406,0.140532396475474,0.8548411726951599,0.3970078393618266,0.14050783936182654,0.7448597365381787,0.2870264032048454,0.030526403204845343
seed_42,corr_target_snow_sev4,127,6000,False,True,False,0.36966666666666664,0.36966666666666664,0.7295,0.9148128052088985,0.9152594803159101,0.5451461385422318,0.18575948031591005,0.6732241988157379,0.7627405884035849,0.3035575321490713,0.0332405884035849,0.7282312672363033,0.6708333492279053,0.30116668256123863,0.058666650772094764,0.6466666460037231,0.2769999793370565,0.08283335399627689,0.8272441029548645,0.45757743628819786,0.09774410295486446,0.827219545841217,0.4575528791745504,0.097719545841217,0.6738599012700714,0.3041932346034048,0.05564009872992859
seed_42,corr_target_snow_sev5,128,6000,False,True,False,0.3305,0.3305,0.7438333333333333,0.9075018208302986,0.9077887455510525,0.5770018208302986,0.16395541221771914,0.6131553471917562,0.7791639369198333,0.2826553471917562,0.035330603586499976,0.6956532535795948,0.6368333101272583,0.3063333101272583,0.10700002320607505,0.6071666479110718,0.27666664791107176,0.13666668542226157,0.8070855736732483,0.4765855736732483,0.06325224033991494,0.8070610165596008,0.4765610165596008,0.06322768322626748,0.6193563220751575,0.28885632207515743,0.1244770112581759
seed_42,corr_target_defocus_blur_sev1,129,6000,False,True,False,0.618,0.618,0.718,0.95324494068388,0.9534729968488368,0.33524494068388,0.23547299684883682,0.8264804832876297,0.8481787601214199,0.2084804832876297,0.13017876012141993,0.8506234196157171,0.8198333382606506,0.20183333826065064,0.10183333826065066,0.8199999928474426,0.20199999284744263,0.10199999284744266,0.9062239527702332,0.28822395277023316,0.18822395277023318,0.9061993956565857,0.2881993956565857,0.18819939565658572,0.8693690596409762,0.2513690596409762,0.15136905964097624
seed_42,corr_target_defocus_blur_sev2,130,6000,False,True,False,0.5711666666666667,0.5711666666666667,0.6955,0.9523310633839707,0.9523310633839707,0.38116439671730395,0.25683106338397066,0.7856982559208594,0.8289844939779732,0.2145315892541927,0.13348449397797324,0.8242280832484244,0.7893333435058594,0.21816667683919266,0.09383334350585937,0.7824999690055847,0.211333302338918,0.08699996900558471,0.8889614939689636,0.3177948273022969,0.19346149396896362,0.8889369368553162,0.31777027018864945,0.19343693685531616,0.8507910920861158,0.2796244254194491,0.1552910920861158
seed_42,corr_target_defocus_blur_sev3,131,6000,False,True,False,0.4726666666666667,0.4726666666666667,0.6891666666666667,0.933522929257021,0.933522929257021,0.4608562625903543,0.24435626259035426,0.6863896135497547,0.7958969555693988,0.21372294688308802,0.10673028890273206,0.7577168578006103,0.7049999833106995,0.23233331664403278,0.015833316644032758,0.6944999694824219,0.2218333028157552,0.00533330281575517,0.8449497222900391,0.3722830556233724,0.15578305562337236,0.8449251651763916,0.3722584985097249,0.1557584985097249,0.7753542904300741,0.3026876237634074,0.08618762376340738
seed_42,corr_target_defocus_blur_sev4,132,6000,False,True,False,0.383,0.383,0.6893333333333334,0.9270386266094419,0.9277162999401818,0.5440386266094419,0.23838296660684843,0.6173986552171574,0.7633890494978546,0.23439865521715741,0.07405571616452122,0.6906372612671775,0.6263333559036255,0.24333335590362548,0.06299997742970787,0.5981666445732117,0.21516664457321166,0.09116668876012168,0.8025996088981628,0.41959960889816283,0.11326627556482949,0.8025750517845154,0.4195750517845154,0.11324171845118203,0.69158117601748,0.30858117601748003,0.0022478426841466836
seed_42,corr_target_defocus_blur_sev5,133,6000,False,True,False,0.2921666666666667,0.2921666666666667,0.7348333333333333,0.9214452633471147,0.9214452633471147,0.629278596680448,0.1866119300137814,0.568322874068157,0.7574194704562714,0.2761562074014903,0.02258613712293811,0.6382998274214103,0.5615000128746033,0.2693333462079366,0.17333332045873007,0.5208333134651184,0.22866664679845172,0.21400001986821493,0.7698233723640442,0.4776567056973775,0.03499003903071085,0.7697988152503967,0.47763214858373004,0.03496548191706339,0.6094772321911373,0.31731056552447057,0.12535610114219609
seed_42,corr_target_glass_blur_sev1,134,6000,False,True,False,0.5926666666666667,0.5926666666666667,0.7161666666666666,0.95324494068388,0.9532753291933957,0.3605782740172133,0.23710866252672913,0.8247211493927865,0.8463555786138119,0.23205448272611984,0.13018891194714532,0.850134213211729,0.8246666789054871,0.23200001223882039,0.10850001223882044,0.8231666684150696,0.2305000017484029,0.10700000174840296,0.9069169163703918,0.31425024970372517,0.19075024970372523,0.9068923592567444,0.3142256925900777,0.19072569259007777,0.8143728524445277,0.22170618577786105,0.09820618577786111
seed_42,corr_target_glass_blur_sev2,135,6000,False,True,False,0.5053333333333333,0.5053333333333333,0.6981666666666667,0.9386166637183796,0.9386562780131608,0.4332833303850463,0.24048961134649405,0.7519326867820297,0.8099715439077739,0.24659935344869643,0.11180487724110721,0.8053250755018151,0.7674999833106995,0.26216664997736616,0.06933331664403275,0.7621666789054871,0.25683334557215376,0.06400001223882035,0.8772333860397339,0.3719000527064006,0.17906671937306717,0.8772088289260864,0.3718754955927531,0.1790421622594197,0.7493973745178284,0.2440640411844951,0.05123070785116168
seed_42,corr_target_glass_blur_sev3,136,6000,False,True,False,0.3458333333333333,0.3458333333333333,0.7216666666666667,0.9134371604491127,0.9139954482465396,0.5676038271157794,0.19232878157987288,0.6374794418160667,0.7621187163665427,0.2916461084827334,0.040452049699876036,0.704619406862933,0.6401666402816772,0.2943333069483439,0.08150002638498943,0.6116666793823242,0.2658333460489909,0.10999998728434246,0.8124198913574219,0.46658655802408855,0.0907532246907552,0.8123953342437744,0.4665620009104411,0.09072866757710774,0.6035636403720349,0.2577303070387016,0.11810302629463176
seed_42,corr_target_glass_blur_sev4,137,6000,False,True,False,0.2895,0.2895,0.7461666666666666,0.9029072956664839,0.903081085670274,0.6134072956664839,0.15691441900360736,0.6093361663060516,0.7532200486072658,0.3198361663060516,0.007053381940599124,0.666155252113906,0.5920000076293945,0.30250000762939455,0.1541666590372721,0.5631666779518127,0.27366667795181276,0.1829999887148539,0.788273274898529,0.4987732748985291,0.04210660823186241,0.7882487177848816,0.4987487177848816,0.04208205111821495,0.5523217502363638,0.2628217502363638,0.19384491643030288
seed_42,corr_target_glass_blur_sev5,138,6000,False,True,False,0.23383333333333334,0.23383333333333334,0.7826666666666666,0.9023051591657519,0.902754426008524,0.6684718258324186,0.12008775934185734,0.5772662629785752,0.7514693548622406,0.34343292964524186,0.031197311804425976,0.619242105137185,0.5418333411216736,0.30800000778834025,0.24083332554499304,0.4984999895095825,0.2646666561762492,0.2841666771570841,0.7584207057952881,0.5245873724619547,0.024245960871378536,0.7583961486816406,0.5245628153483073,0.024270517985025997,0.5174109697329252,0.2835776363995919,0.2652556969337414
seed_42,corr_target_gaussian_noise_sev1,139,6000,False,True,False,0.611,0.611,0.7178333333333333,0.94681411269089,0.9474540872154771,0.33581411269089,0.22962075388214376,0.8368192878285774,0.8482658044602637,0.2258192878285774,0.13043247112693035,0.8675089931697227,0.8386666774749756,0.2276666774749756,0.12083334414164226,0.8433333039283752,0.23233330392837526,0.12549997059504192,0.9161974191665649,0.30519741916656495,0.19836408583323162,0.9161728620529175,0.3051728620529175,0.19833952871958416,0.8616000846061946,0.25060008460619465,0.14376675127286132
seed_42,corr_target_gaussian_noise_sev2,140,6000,False,True,False,0.5193333333333333,0.5193333333333333,0.6933333333333334,0.9210573637834923,0.9215577806349309,0.40172403045015903,0.22822444730159752,0.776756625398226,0.8063127720404489,0.2574232920648927,0.11297943870711558,0.8378111520929465,0.8034999966621399,0.2841666633288066,0.11016666332880654,0.8031666874885559,0.2838333541552226,0.10983335415522255,0.896985650062561,0.3776523167292277,0.20365231672922768,0.8969610929489136,0.37762775961558026,0.20362775961558022,0.793294199233093,0.27396086589975965,0.09996086589975961
seed_42,corr_target_gaussian_noise_sev3,141,6000,False,True,False,0.3968333333333333,0.3968333333333333,0.693,0.899284534947716,0.9003197771924285,0.5024512016143827,0.20731977719242856,0.6919475316309549,0.7760833587904389,0.2951141982976216,0.08308335879043893,0.7956455363773904,0.7486666440963745,0.3518333107630412,0.05566664409637456,0.7459999918937683,0.349166658560435,0.05299999189376836,0.870096743106842,0.4732634097735087,0.1770967431068421,0.8700721859931946,0.47323885265986126,0.17707218599319463,0.6826151636103088,0.2857818302769755,0.010384836389691121
seed_42,corr_target_gaussian_noise_sev4,142,6000,False,True,False,0.2805,0.2805,0.7498333333333334,0.8523335883703138,0.8534004786153323,0.5718335883703138,0.10356714528199895,0.5906599069625686,0.7677674906862704,0.3101599069625686,0.01793415735293702,0.74265225266539,0.6886666417121887,0.4081666417121887,0.06116669162114463,0.6735000014305115,0.39300000143051145,0.07633333190282188,0.8361449241638184,0.5556449241638184,0.08631159083048501,0.8361203670501709,0.5556203670501709,0.08628703371683755,0.5691293297314648,0.28862932973146477,0.18070400360186856
seed_42,corr_target_gaussian_noise_sev5,143,6000,False,True,False,0.1695,0.1695,0.8361666666666666,0.7682200780127284,0.7876798499930311,0.5987200780127284,0.048486816673635524,0.44420777022222124,0.7754711100212156,0.27470777022222126,0.06069555664545101,0.6536974182456504,0.5823333263397217,0.4128333263397217,0.25383334032694493,0.5394999980926514,0.3699999980926514,0.29666666857401525,0.7799444198608398,0.6104444198608399,0.05622224680582677,0.7799198627471924,0.6104198627471924,0.05624680391947423,0.4698062394407564,0.3003062394407564,0.3663604272259102
seed_42,corr_target_shot_noise_sev1,144,6000,False,True,False,0.6038333333333333,0.6038333333333333,0.7118333333333333,0.9447766443897291,0.9459327302436159,0.34094331105639575,0.2340993969102826,0.8321294454876801,0.8423830959448042,0.22829611215434675,0.1305497626114709,0.861206906139826,0.8323333263397217,0.22849999300638835,0.12049999300638836,0.8353333473205566,0.2315000139872233,0.12350001398722332,0.9124703407287598,0.30863700739542643,0.20063700739542645,0.9124457836151123,0.30861245028177897,0.200612450281779,0.848767304252,0.24493397091866664,0.13693397091866666
seed_42,corr_target_shot_noise_sev2,145,6000,False,True,False,0.5101666666666667,0.5101666666666667,0.6841666666666667,0.9283800678692623,0.9285314864144077,0.41821340120259565,0.24436481974774105,0.7713332995353883,0.8053428765223141,0.26116663286872166,0.12117620985564737,0.832632673367776,0.8009999990463257,0.290833332379659,0.11683333237965898,0.8003333210945129,0.2901666544278463,0.11616665442784624,0.8942078351974487,0.3840411685307821,0.21004116853078203,0.8941832780838013,0.3840166114171346,0.21001661141713457,0.7739107712094933,0.2637441045428266,0.08974410454282655
seed_42,corr_target_shot_noise_sev3,146,6000,False,True,False,0.3985,0.3985,0.7043333333333334,0.8878591288229842,0.8878591288229842,0.4893591288229842,0.18352579548965087,0.6912251712572555,0.7753081352962269,0.29272517125725545,0.07097480196289352,0.7929665890917094,0.7425000071525574,0.34400000715255735,0.038166673819224006,0.7444999814033508,0.3459999814033508,0.04016664807001746,0.8677168488502502,0.4692168488502502,0.16338351551691688,0.8676922917366028,0.46919229173660276,0.16335895840326942,0.6773440129553191,0.2788440129553191,0.02698932037801427
seed_42,corr_target_shot_noise_sev4,147,6000,False,True,False,0.2575,0.2575,0.7668333333333334,0.8294966835739368,0.8348621068067722,0.5719966835739367,0.06802877347343883,0.5676444013996338,0.7767923783316869,0.3101444013996338,0.009959044998353539,0.7339946247508723,0.6798333525657654,0.4223333525657654,0.08699998076756799,0.659500002861023,0.40200000286102294,0.10733333047231042,0.8305995464324951,0.573099546432495,0.06376621309916175,0.8305749893188477,0.5730749893188476,0.06374165598551429,0.5410969313607212,0.2835969313607212,0.22573640197261213
seed_42,corr_target_shot_noise_sev5,148,6000,False,True,False,0.1875,0.1875,0.8226666666666667,0.7684729064039408,0.7931048988580334,0.5809729064039408,0.029561767808633288,0.48725566452263214,0.7826303460096868,0.29975566452263214,0.04003632065697982,0.68277031621546,0.6141666769981384,0.4266666769981384,0.20849998966852823,0.5839999914169312,0.39649999141693115,0.2386666752497355,0.796685516834259,0.609185516834259,0.025981149832407624,0.7966609597206116,0.6091609597206116,0.026005706946055085,0.47880803047169607,0.29130803047169607,0.3438586361949706
seed_42,corr_target_impulse_noise_sev1,149,6000,False,True,False,0.5386666666666666,0.5386666666666666,0.698,0.9237668161434978,0.9244339523483369,0.38510014947683113,0.22643395234833696,0.7819252115175448,0.8151861242456142,0.24325854485087817,0.11718612424561425,0.8324307251083958,0.7986666560173035,0.25999998935063684,0.10066665601730351,0.8009999990463257,0.26233333237965906,0.10299999904632573,0.8942524194717407,0.3555857528050741,0.19625241947174077,0.8942278623580933,0.35556119569142663,0.1962278623580933,0.8110332679291029,0.2723666012624363,0.11303326792910295
seed_42,corr_target_impulse_noise_sev2,150,6000,False,True,False,0.474,0.474,0.6736666666666666,0.9126495106922798,0.9129853092255351,0.43864951069227986,0.23931864255886848,0.734480709901089,0.800076411667659,0.26048070990108907,0.12640974500099234,0.814719404882831,0.7739999890327454,0.2999999890327454,0.10033332236607873,0.7718333005905151,0.29783330059051516,0.0981666339238485,0.883831799030304,0.409831799030304,0.21016513236363732,0.8838072419166565,0.4098072419166565,0.21014057524998986,0.7718291710387651,0.29782917103876516,0.0981625043720985
seed_42,corr_target_impulse_noise_sev3,151,6000,False,True,False,0.4058333333333333,0.4058333333333333,0.6965,0.8919667590027701,0.8920348417853103,0.4861334256694368,0.19553484178531033,0.6868873675858942,0.7839525243522854,0.28105403425256087,0.08745252435228534,0.79537297852374,0.75,0.3441666666666667,0.05349999999999999,0.7481666803359985,0.3423333470026652,0.05166668033599853,0.8704364895820618,0.46460315624872844,0.17393648958206176,0.8704119324684143,0.464578599135081,0.1739119324684143,0.7273478953914165,0.3215145620580832,0.030847895391416524
seed_42,corr_target_impulse_noise_sev4,152,6000,False,True,False,0.2803333333333333,0.2803333333333333,0.7515,0.8485895221646517,0.8489502091213367,0.5682561888313183,0.09745020912133673,0.5822725051834601,0.7670676356957234,0.30193917185012675,0.015567635695723503,0.7377886252539192,0.6779999732971191,0.3976666399637858,0.0735000267028808,0.6613333225250244,0.3809999891916911,0.09016667747497553,0.831858217716217,0.5515248843828837,0.0803582177162171,0.8318336606025696,0.5515003272692363,0.08033366060256963,0.5849840404473772,0.30465070711404385,0.16651595955262277
seed_42,corr_target_impulse_noise_sev5,153,6000,False,True,False,0.178,0.178,0.8268333333333333,0.7794955248169243,0.7975612423415106,0.6014955248169243,0.029272090991822708,0.47395942861781026,0.7837967210933433,0.29595942861781027,0.04303661223999,0.668303482747773,0.6001666784286499,0.4221666784286499,0.2266666549046834,0.5630000233650208,0.38500002336502076,0.26383330996831256,0.787915825843811,0.6099158258438111,0.038917507489522274,0.7878912687301636,0.6098912687301636,0.038942064603169735,0.47750641281149697,0.299506412811497,0.34932692052183634
seed_42,corr_target_contrast_sev1,154,6000,False,True,False,0.6576666666666666,0.6576666666666666,0.7318333333333333,0.9576094510076442,0.9580537398161306,0.29994278434097754,0.2262204064827973,0.8651189078534438,0.8699488622386604,0.2074522411867772,0.13811552890532708,0.8677844428838892,0.8451666831970215,0.18750001653035486,0.11333334986368815,0.8464999794960022,0.18883331282933558,0.11466664616266886,0.9169519543647766,0.25928528769811,0.18511862103144328,0.9169273972511292,0.25926073058446253,0.18509406391779581,0.8624141163116639,0.20474744964499725,0.13058078297833053
seed_42,corr_target_contrast_sev2,155,6000,False,True,False,0.6078333333333333,0.6078333333333333,0.7166666666666667,0.9515988118119867,0.9520276591189233,0.34376547847865335,0.2353609924522566,0.8333845129380585,0.8493130426154668,0.22555117960472515,0.13264637594880013,0.8454195166168418,0.8100000023841858,0.20216666905085245,0.09333333571751912,0.8144999742507935,0.20666664091746012,0.09783330758412678,0.9010248780250549,0.2931915446917216,0.18435821135838826,0.9010003209114075,0.29316698757807413,0.1843336542447408,0.8371343388438286,0.22930100551049526,0.12046767217716192
seed_42,corr_target_contrast_sev3,156,6000,False,True,False,0.5275,0.5275,0.6951666666666667,0.9391796322489392,0.9397736089837919,0.4116796322489392,0.2446069423171252,0.7703152741571843,0.8278378368746113,0.2428152741571843,0.1326711702079446,0.8056836662058221,0.7718333005905151,0.24433330059051517,0.07666663392384843,0.7634999752044678,0.2359999752044678,0.06833330853780106,0.8794243335723877,0.3519243335723877,0.18425766690572098,0.8793997764587402,0.35189977645874027,0.18423310979207352,0.7834972984006627,0.25599729840066276,0.08833063173399602
seed_42,corr_target_contrast_sev4,157,6000,False,True,False,0.3358333333333333,0.3358333333333333,0.7283333333333334,0.9126495106922798,0.9126495106922798,0.5768161773589465,0.18431617735894645,0.6313719694657528,0.7818972871609253,0.2955386361324195,0.05356395382759194,0.6976224900969289,0.6393333077430725,0.3034999744097392,0.08900002559026088,0.6114999651908875,0.27566663185755413,0.11683336814244594,0.8108453750610352,0.47501204172770184,0.08251204172770177,0.8108208179473877,0.4749874846140544,0.08248748461405431,0.6315499869390465,0.2957166536057132,0.09678334639428687
seed_42,corr_target_contrast_sev5,158,6000,False,True,False,0.1785,0.1785,0.8275,0.8913525498891353,0.8918571105069659,0.7128525498891353,0.06435711050696591,0.5603808517726847,0.7372394160514756,0.3818808517726847,0.09026058394852443,0.5681681733486144,0.49549999833106995,0.31699999833106995,0.33200000166893007,0.43933331966400146,0.2608333196640015,0.38816668033599855,0.7300779819488525,0.5515779819488525,0.09742201805114747,0.7300534248352051,0.5515534248352051,0.09744657516479494,0.47339007135512856,0.29489007135512857,0.35410992864487145
seed_42,corr_target_elastic_transform_sev1,159,6000,False,True,False,0.6598333333333334,0.6598333333333334,0.7403333333333333,0.9606790230382817,0.9608718459495353,0.3008456897049483,0.22053851261620205,0.8708801516274209,0.876795846275671,0.21104681829408756,0.1364625129423377,0.8757436864837482,0.8508332967758179,0.1909999634424845,0.11049996344248458,0.8558333516120911,0.19600001827875768,0.11550001827875778,0.9214588403701782,0.26162550703684484,0.18112550703684493,0.9214342832565308,0.2616009499231974,0.18110094992319747,0.8757983461274724,0.21596501279413904,0.13546501279413914
seed_42,corr_target_elastic_transform_sev2,160,6000,False,True,False,0.48983333333333334,0.48983333333333334,0.7028333333333333,0.946259220231823,0.9474066262825298,0.4564258868984896,0.2445732929491965,0.7960951585294624,0.8209187138308098,0.3062618251961291,0.11808538049747652,0.8178362280483379,0.7768332958221436,0.2869999624888102,0.07399996248881024,0.7745000123977661,0.28466667906443277,0.0716666790644328,0.8839154243469238,0.3940820910135905,0.18108209101359052,0.8838908672332764,0.394057533899943,0.18105753389994306,0.7159816444874841,0.2261483111541508,0.013148311154150827
seed_42,corr_target_elastic_transform_sev3,161,6000,False,True,False,0.5636666666666666,0.5636666666666666,0.7148333333333333,0.9492119089316988,0.9494452114046122,0.3855452422650322,0.23461187807127892,0.8130426684525363,0.8389549925230156,0.2493760017858696,0.12412165918968232,0.8368720203903154,0.8040000200271606,0.240333353360494,0.08916668669382732,0.8028333187103271,0.2391666520436605,0.08799998537699383,0.8962435722351074,0.3325769055684408,0.1814102389017741,0.89621901512146,0.3325523484547933,0.18138568178812664,0.7749603397321363,0.21129367306546964,0.060127006398802973
seed_42,corr_target_elastic_transform_sev4,162,6000,False,True,False,0.4671666666666667,0.4671666666666667,0.7055,0.9308624376336422,0.9313319424530921,0.4636957709669755,0.22583194245309213,0.7618026581743997,0.7991270373147743,0.29463599150773306,0.09362703731477429,0.797828770572922,0.7556666731834412,0.2885000065167745,0.050166673183441146,0.7543333172798157,0.287166650613149,0.04883331727981566,0.8726104497909546,0.4054437831242879,0.16711044979095457,0.8725858926773071,0.40541922601064045,0.1670858926773071,0.6952368931613098,0.2280702264946431,0.01026310683869025
seed_42,corr_target_elastic_transform_sev5,163,6000,False,True,False,0.2653333333333333,0.2653333333333333,0.7426666666666667,0.9015012815818382,0.9020122352377336,0.6361679482485049,0.15934556857106685,0.6593834940315627,0.7560003657463515,0.3940501606982294,0.013333699079684846,0.7242840583729927,0.6700000166893005,0.4046666833559672,0.07266664997736616,0.6549999713897705,0.3896666380564372,0.08766669527689619,0.8277032971382141,0.5623699638048808,0.08503663047154741,0.8276787400245667,0.5623454066912333,0.08501207335789995,0.5220533029401944,0.25671996960686105,0.22061336372647233
seed_42,corr_target_pixelate_sev1,164,6000,False,True,False,0.6531666666666667,0.6531666666666667,0.7308333333333333,0.9552498694062338,0.9554463114516223,0.3020832027395671,0.22461297811828895,0.8732283490033526,0.877174368743871,0.22006168233668588,0.14634103541053767,0.8748368472235479,0.8488333225250244,0.19566665585835774,0.11799998919169108,0.8550000190734863,0.20183335240681965,0.124166685740153,0.9200558066368103,0.26688913997014363,0.18922247330347697,0.9200312495231628,0.26686458285649617,0.1891979161898295,0.8614213976121681,0.2082547309455014,0.13058806427883474
seed_42,corr_target_pixelate_sev2,165,6000,False,True,False,0.6381666666666667,0.6381666666666667,0.72,0.9561586638830898,0.9561586638830898,0.31799199721642313,0.23615866388308981,0.8657584896699722,0.871577927167304,0.2275918230033055,0.151577927167304,0.866990988654761,0.8413333296775818,0.20316666301091513,0.12133332967758181,0.8463333249092102,0.20816665824254355,0.12633332490921023,0.9172254204750061,0.27905875380833944,0.19722542047500613,0.9172008633613586,0.279034196694692,0.19720086336135867,0.8541959388120889,0.21602927214542222,0.1341959388120889
seed_42,corr_target_pixelate_sev3,166,6000,False,True,False,0.5738333333333333,0.5738333333333333,0.7036666666666667,0.947737635917222,0.9479728534706046,0.37390430258388874,0.2443061868039379,0.8196577852724511,0.8336061580517735,0.24582445193911784,0.12993949138510685,0.8346802311074233,0.7989999651908875,0.22516663185755414,0.09533329852422079,0.796833336353302,0.2230000030199687,0.09316666968663534,0.8955893516540527,0.32175601832071943,0.19192268498738607,0.8955647945404053,0.32173146120707197,0.1918981278737386,0.8110169293252825,0.23718359599194916,0.1073502626586158
seed_42,corr_target_pixelate_sev4,167,6000,False,True,False,0.4785,0.4785,0.7136666666666667,0.9193083573487032,0.9197490393852065,0.4408083573487032,0.2060823727185398,0.7315704549736735,0.7967169145836793,0.2530704549736735,0.08305024791701265,0.7825102239361245,0.7306666374206543,0.2521666374206543,0.016999970753987625,0.7208333015441895,0.24233330154418947,0.007166634877522782,0.8598412871360779,0.3813412871360779,0.1461746204694112,0.8598167300224304,0.38131673002243044,0.14615006335576375,0.716472704834658,0.237972704834658,0.0028060381679912982
seed_42,corr_target_pixelate_sev5,168,6000,False,True,False,0.3968333333333333,0.3968333333333333,0.7223333333333334,0.9073028592241851,0.9079877071571663,0.5104695258908518,0.18565437382383287,0.6886967427805989,0.7722986070165964,0.2918634094472656,0.04996527368326298,0.7429010731639701,0.6856666803359985,0.2888333470026652,0.03666665299733485,0.6668333411216736,0.27000000778834027,0.0554999922116598,0.836438775062561,0.4396054417292277,0.11410544172922765,0.8364142179489136,0.43958088461558026,0.11408088461558019,0.6347526412682261,0.23791930793489274,0.08758069206510732
seed_42,corr_target_jpeg_compression_sev1,169,6000,False,True,False,0.658,0.658,0.735,0.9586948976049983,0.9594866572553886,0.30069489760499823,0.22448665725538863,0.86398398886956,0.8690360101735429,0.20598398886955993,0.13403601017354294,0.8751521805140003,0.8496666550636292,0.19166665506362912,0.11466665506362916,0.8523333072662354,0.19433330726623532,0.11733330726623536,0.9209893345832825,0.26298933458328244,0.18598933458328248,0.920964777469635,0.262964777469635,0.18596477746963502,0.8507741549061718,0.19277415490617178,0.11577415490617182
seed_42,corr_target_jpeg_compression_sev2,170,6000,False,True,False,0.6335,0.6335,0.7328333333333333,0.9530622927935788,0.9532601931018436,0.31956229279357884,0.22042685976851029,0.8454730161229523,0.8585732498414842,0.21197301612295238,0.12573991650815086,0.8654325168249135,0.8401666283607483,0.20666662836074834,0.10733329502741495,0.8453333377838135,0.21183333778381352,0.11250000445048014,0.9158288240432739,0.282328824043274,0.1829954907099406,0.9158042669296265,0.2823042669296265,0.18297093359629313,0.8370755422584117,0.2035755422584118,0.1042422089250784
seed_42,corr_target_jpeg_compression_sev3,171,6000,False,True,False,0.62,0.62,0.7248333333333333,0.946259220231823,0.9473044837321093,0.32625922023182297,0.22247115039877596,0.8314239710942579,0.8487863904571998,0.21142397109425792,0.1239530571238665,0.8553053417914209,0.82833331823349,0.20833331823349,0.10349998490015666,0.8264999985694885,0.20649999856948853,0.1016666652361552,0.9085106253623962,0.28851062536239624,0.1836772920290629,0.9084860682487488,0.2884860682487488,0.18365273491541545,0.8278741626374733,0.20787416263747327,0.10304082930413994
seed_42,corr_target_jpeg_compression_sev4,172,6000,False,True,False,0.5563333333333333,0.5563333333333333,0.7145,0.9337124577927848,0.9343026128135994,0.37737912445945143,0.21980261281359936,0.7724964144292935,0.8149751393960275,0.21616308109596016,0.10047513939602748,0.8198065490133654,0.7820000052452087,0.2256666719118754,0.06750000524520872,0.7786666750907898,0.22233334175745645,0.06416667509078977,0.886608898639679,0.3302755653063456,0.17210889863967893,0.8865843415260315,0.33025100819269815,0.17208434152603147,0.7780160296446054,0.22168269631127202,0.06351602964460534
seed_42,corr_target_jpeg_compression_sev5,173,6000,False,True,False,0.45266666666666666,0.45266666666666666,0.722,0.9237668161434978,0.9237668161434978,0.4711001494768311,0.20176681614349778,0.69597060930169,0.774085943855172,0.2433039426350233,0.05208594385517207,0.757656610706523,0.7078333497047424,0.25516668303807577,0.014166650295257543,0.6924999952316284,0.23983332856496176,0.029500004768371557,0.8489679098129272,0.3963012431462606,0.12696790981292727,0.8489433526992798,0.3962766860326131,0.1269433526992798,0.6913738310939139,0.23870716442724726,0.03062616890608605
seed_42,corr_target_speckle_noise_sev1,174,6000,False,True,False,0.6255,0.6255,0.7213333333333334,0.948843728100911,0.9499149613076816,0.32334372810091105,0.22858162797434822,0.8508273265946444,0.8545117948359887,0.2253273265946445,0.13317846150265533,0.8663051357356724,0.843666672706604,0.21816667270660406,0.12233333937327062,0.8471666574478149,0.221666657447815,0.12583332411448156,0.9169219732284546,0.29142197322845464,0.1955886398951212,0.9168974161148071,0.2913974161148072,0.19556408278147375,0.8534768780605622,0.22797687806056222,0.13214354472722878
seed_42,corr_target_speckle_noise_sev2,175,6000,False,True,False,0.5786666666666667,0.5786666666666667,0.7068333333333333,0.9495798319327731,0.9495798319327731,0.3709131652661064,0.24274649859943975,0.8321621045163626,0.8399455388938822,0.25349543784969597,0.13311220556054892,0.8554423436833752,0.8321666717529297,0.253500005086263,0.12533333841959637,0.8330000042915344,0.25433333762486776,0.1261666709582011,0.910775363445282,0.3321086967786153,0.20394203011194867,0.9107508063316345,0.33208413966496786,0.2039174729983012,0.8257930484912384,0.2471263818245717,0.11895971515790504
seed_42,corr_target_speckle_noise_sev3,176,6000,False,True,False,0.44283333333333336,0.44283333333333336,0.6955,0.9084955430234674,0.9095234881184012,0.465662209690134,0.21402348811840122,0.7450604006798066,0.7980609473077772,0.30222706734647325,0.1025609473077772,0.8132845600900505,0.7786666750907898,0.33583334175745644,0.08316667509078979,0.7743332982063293,0.331499964872996,0.07883329820632934,0.8834048509597778,0.4405715176264445,0.18790485095977782,0.8833802938461304,0.440546960512797,0.18788029384613036,0.717604098506677,0.2747707651733436,0.02210409850667694
seed_42,corr_target_speckle_noise_sev4,177,6000,False,True,False,0.372,0.372,0.7106666666666667,0.8847583643122677,0.8856201751810259,0.5127583643122677,0.1749535085143592,0.6803538280101339,0.780214809223644,0.3083538280101339,0.06954814255697728,0.7824951621626026,0.7294999957084656,0.3574999957084656,0.018833329041798907,0.7268333435058594,0.3548333435058594,0.016166676839192706,0.8614289164543152,0.4894289164543152,0.15076224978764852,0.8614043593406677,0.4894043593406677,0.15073769267400106,0.6527448041678258,0.28074480416782577,0.057921862498840904
seed_42,corr_target_speckle_noise_sev5,178,6000,False,True,False,0.2906666666666667,0.2906666666666667,0.7501666666666666,0.8481474371280477,0.856365373380471,0.5574807704613811,0.10619870671380438,0.6081845938181831,0.7705685357765566,0.31751792715151644,0.020401869109889947,0.7514475451898971,0.7018333077430725,0.4111666410764058,0.04833335892359414,0.6869999766349792,0.39633330996831256,0.0631666900316874,0.8430164456367493,0.5523497789700826,0.09284977897008262,0.8429918885231018,0.5523252218564352,0.09282522185643516,0.5865240970562833,0.2958574303896166,0.16364256961038337
seed_42,corr_target_spatter_sev1,179,6000,False,True,False,0.6903333333333334,0.6903333333333334,0.7471666666666666,0.9615784008307373,0.962731477852105,0.27124506749740396,0.21556481118543835,0.8847903152435126,0.8938056194360037,0.19445698191017924,0.14663895276933703,0.8864346538237088,0.8638333082199097,0.1734999748865763,0.11666664155324302,0.8684999942779541,0.17816666094462075,0.12133332761128746,0.9283747673034668,0.23804143397013344,0.18120810063680015,0.9283502101898193,0.23801687685648598,0.1811835435231527,0.888218314707258,0.19788498137392463,0.14105164804059134
seed_42,corr_target_spatter_sev2,180,6000,False,True,False,0.6295,0.6295,0.7215,0.9482909728308502,0.9485254717694304,0.3187909728308502,0.22702547176943033,0.8410966841433863,0.8593121419725139,0.2115966841433864,0.1378121419725139,0.8532095863765038,0.8209999799728394,0.1914999799728394,0.09949997997283933,0.8216666579246521,0.19216665792465215,0.10016665792465207,0.9064518213272095,0.2769518213272095,0.18495182132720944,0.906427264213562,0.27692726421356206,0.18492726421356198,0.8664307773555113,0.23693077735551138,0.1449307773555113
seed_42,corr_target_spatter_sev3,181,6000,False,True,False,0.569,0.569,0.7141666666666666,0.9337124577927848,0.9346803463835217,0.3647124577927848,0.2205136797168551,0.7898098858423773,0.8305855104217832,0.22080988584237737,0.11641884375511657,0.8240642111525073,0.7873333096504211,0.2183333096504212,0.07316664298375453,0.7828333377838135,0.21383333778381353,0.06866667111714686,0.8886426687240601,0.3196426687240601,0.17447600205739344,0.8886181116104126,0.31961811161041265,0.17445144494374598,0.8198901775736376,0.25089017757363763,0.10572351090697096
seed_42,corr_target_spatter_sev4,182,6000,False,True,False,0.5101666666666667,0.5101666666666667,0.699,0.9173583543846986,0.9173583543846986,0.40719168771803194,0.21835835438469864,0.7584235977594492,0.8044611280279864,0.24825693109278257,0.10546112802798646,0.7999003066560162,0.7561666369438171,0.24599997027715048,0.057166636943817184,0.7546666860580444,0.24450001939137778,0.05566668605804448,0.8745474219322205,0.3643807552655538,0.1755474219322205,0.874522864818573,0.36435619815190634,0.17552286481857304,0.7737707393663593,0.26360407269969266,0.07477073936635936
seed_42,corr_target_spatter_sev5,183,6000,False,True,False,0.42033333333333334,0.42033333333333334,0.6966666666666667,0.8998899889988999,0.9004114932992747,0.4795566556655666,0.20374482663260807,0.7230566328408846,0.7729797776833212,0.3027232995075513,0.0763131110166545,0.7664735921849014,0.7171666622161865,0.2968333288828532,0.020499995549519867,0.7068333029747009,0.2864999696413676,0.010166636308034271,0.8530630469322205,0.4327297135988871,0.1563963802655538,0.853038489818573,0.43270515648523966,0.15637182315190634,0.6916287478241552,0.27129541449082184,0.00503791884251148
seed_42,corr_target_gaussian_blur_sev1,184,6000,False,True,False,0.6666666666666666,0.6666666666666666,0.7385,0.9597780859916782,0.9597780859916782,0.2931114193250116,0.2212780859916782,0.869670007743777,0.873451954757558,0.20300334107711038,0.13495195475755795,0.8759694925923871,0.8576666712760925,0.1910000046094259,0.11916667127609248,0.8600000143051147,0.19333334763844812,0.1215000143051147,0.9237697124481201,0.2571030457814535,0.18526971244812007,0.9237451553344727,0.257078488667806,0.1852451553344726,0.8825000905169591,0.21583342385029247,0.14400009051695906
seed_42,corr_target_gaussian_blur_sev2,185,6000,False,True,False,0.5941666666666666,0.5941666666666666,0.7053333333333334,0.9508655359328554,0.9516622952730663,0.35669886926618877,0.24632896193973297,0.8028967586782936,0.8381192821952222,0.20873009201162696,0.13278594886188888,0.8368375590524976,0.8028333187103271,0.20866665204366053,0.09749998537699378,0.8014999628067017,0.20733329614003504,0.09616662947336829,0.8962870240211487,0.30212035735448206,0.19095369068781531,0.8962624669075012,0.3020958002408346,0.19092913357416785,0.8590863041232577,0.2649196374565911,0.15375297078992434
seed_42,corr_target_gaussian_blur_sev3,186,6000,False,True,False,0.5073333333333333,0.5073333333333333,0.6911666666666667,0.941985540469053,0.9421908246634927,0.4346522071357197,0.251024157996826,0.7276273897639605,0.8104322300806767,0.22029405643062716,0.11926556341400996,0.784320950348915,0.7378333210945129,0.23049998776117964,0.04666665442784623,0.7304999828338623,0.223166649500529,0.0393333161671956,0.8628634214401245,0.3555300881067912,0.1716967547734578,0.862838864326477,0.35550553099314375,0.17167219765981034,0.8022669603077257,0.2949336269743924,0.111100293641059
seed_42,corr_target_gaussian_blur_sev4,187,6000,False,True,False,0.41633333333333333,0.41633333333333333,0.6946666666666667,0.9302906043858085,0.9302906043858085,0.5139572710524751,0.2356239377191418,0.646718996008603,0.7810932858912162,0.23038566267526972,0.08642661922454953,0.7249905760453533,0.6673333048820496,0.2509999715487162,0.027333361784617094,0.6434999704360962,0.22716663710276286,0.05116669623057046,0.8256465792655945,0.40931324593226115,0.13097991259892783,0.825622022151947,0.4092886888186137,0.13095535548528037,0.7332283095362943,0.3168949762029609,0.0385616428696276
seed_42,corr_target_gaussian_blur_sev5,188,6000,False,True,False,0.25833333333333336,0.25833333333333336,0.76,0.908098271155596,0.9083312802315223,0.6497649378222627,0.1483312802315223,0.536071106244744,0.7499589156576858,0.2777377729114106,0.01004108434231421,0.6017846661661038,0.5199999809265137,0.2616666475931803,0.24000001907348634,0.47583332657814026,0.2174999932448069,0.28416667342185975,0.7443373799324036,0.4860040465990702,0.015662620067596444,0.7443128228187561,0.48597948948542274,0.015687177181243905,0.5768721071296081,0.31853877379627477,0.18312789287039188
seed_42,corr_target_saturate_sev1,189,6000,False,True,False,0.6561666666666667,0.6561666666666667,0.7503333333333333,0.9563402330840146,0.9568158175019003,0.30017356641734794,0.20648248416856696,0.873342962924462,0.8792530950650101,0.21717629625779533,0.12891976173167685,0.8757934505834643,0.8466666340827942,0.1904999674161275,0.09633330074946089,0.8519999980926514,0.1958333314259847,0.10166666475931807,0.9206880331039429,0.2645213664372762,0.17035469977060957,0.9206634759902954,0.26449680932362873,0.1703301426569621,0.8552721681889979,0.1991055015223312,0.10493883485566458
seed_42,corr_target_saturate_sev2,190,6000,False,True,False,0.6296666666666667,0.6296666666666667,0.7503333333333333,0.9521480964023752,0.9524392121187968,0.3224814297357085,0.2021058787854635,0.8586301797870401,0.8648959653382219,0.22896351312037344,0.11456263200488859,0.8641278057553613,0.8326666355133057,0.20299996884663896,0.08233330217997237,0.8336666822433472,0.20400001557668046,0.08333334891001387,0.9129573702812195,0.2832907036145528,0.16262403694788619,0.912932813167572,0.2832661465009053,0.16259947983423872,0.8401570070717206,0.21049034040505388,0.08982367373838729
seed_42,corr_target_saturate_sev3,191,6000,False,True,False,0.6848333333333333,0.6848333333333333,0.739,0.9649818871830257,0.9649818871830257,0.2801485538496924,0.2259818871830257,0.891763913663202,0.8929555439537575,0.20693058032986866,0.15395554395375755,0.888398588596763,0.8733333349227905,0.18850000158945723,0.13433333492279054,0.878166675567627,0.19333334223429366,0.13916667556762696,0.93206787109375,0.2472345377604167,0.19306787109375,0.9320433139801025,0.24720998064676925,0.19304331398010255,0.8788483777557717,0.19401504442243844,0.13984837775577175
seed_42,corr_target_saturate_sev4,192,6000,False,True,False,0.6226666666666667,0.6226666666666667,0.7133333333333334,0.9464442493415277,0.9467499998971699,0.323777582674861,0.23341666656383653,0.8570211711552255,0.8605460732538497,0.23435450448855877,0.1472127399205163,0.8641291311914311,0.8388333320617676,0.21616666539510088,0.1254999987284342,0.8371666669845581,0.2145000003178914,0.12383333365122473,0.9147777557373047,0.292111089070638,0.2014444224039713,0.9147531986236572,0.2920865319569905,0.20141986529032385,0.826892083225752,0.20422541655908533,0.11355874989241865
seed_42,corr_target_saturate_sev5,193,6000,False,True,False,0.5358333333333334,0.5358333333333334,0.6738333333333333,0.94681411269089,0.9468485745750277,0.4109807793575566,0.2730152412416944,0.8236340221294699,0.831529198812906,0.2878006887961365,0.1576958654795727,0.8423990888018744,0.8149999976158142,0.2791666642824808,0.14116666428248092,0.8178333044052124,0.281999971071879,0.14399997107187912,0.9022430777549744,0.366409744421641,0.22840974442164108,0.9022185206413269,0.3663851873079935,0.22838518730799362,0.7539629202440222,0.21812958691068884,0.08012958691068894
