config,testset,testset_idx,n_samples,is_source,is_target,is_clean,true_acc,acc_st_true,acc_ta_true,acc_st_tdc,acc_ta_tdc,err_st_tdc,err_ta_tdc,acc_st_mm,acc_ta_mm,err_st_mm,err_ta_mm,mano_fro_norm,est_ATC,err_ATC,err_ta_ATC,est_ATC-NE,err_ATC-NE,err_ta_ATC-NE,est_AC,err_AC,err_ta_AC,est_DOC,err_DOC,err_ta_DOC,est_COT,err_COT,err_ta_COT
zscore_norm,val_source,0,10000,True,False,True,0.9692,0.9692,0.9713,0.9954796584630838,0.9954796584630838,0.026279658463083888,0.024179658463083786,0.9942082939226151,0.9942082939226151,0.025008293922615166,0.022908293922615064,0.984037298114581,0.9827999472618103,0.013599947261810352,0.01149994726181025,0.9855999946594238,0.016399994659423878,0.014299994659423776,0.9905527234077454,0.02135272340774541,0.01925272340774531,0.9905281662940979,0.02132816629409795,0.019228166294097848,0.9766706740721954,0.007470674072195482,0.0053706740721953805
zscore_norm,val_target,1,154121,False,True,True,0.7322752901940683,0.7322752901940683,0.7678187917285769,0.9661235250316963,0.9661308925707303,0.23384823483762796,0.19831210084215334,0.9202527698682526,0.9203960392813585,0.1879774796741842,0.15257724755278157,0.9052495610535427,0.888211190700531,0.15593590050646267,0.12039239897195408,0.8949137330055237,0.16263844281145534,0.12709494127694676,0.9412089586257935,0.20893366843172512,0.17339016689721654,0.941184401512146,0.20890911131807766,0.17336560978356907,0.9996770456336997,0.2674017554396314,0.23185825390512282
zscore_norm,imagenet_val_source,2,6000,True,False,True,0.9425,0.9425,0.9455,0.9919354838709677,0.9921074708781361,0.049435483870967745,0.046607470878136104,0.988927705255402,0.9891734452517079,0.04642770525540196,0.04367344525170791,0.9758794176125655,0.9708333015441895,0.02833330154418945,0.025333301544189446,0.9753333330154419,0.03283333301544189,0.029833333015441887,0.9847238063812256,0.04222380638122558,0.03922380638122558,0.9846992492675781,0.04219924926757812,0.03919924926757812,0.97595053128438,0.033450531284380025,0.030450531284380022
zscore_norm,imagenet_val_target,3,6000,False,True,True,0.717,0.717,0.7596666666666667,0.9653388515261252,0.9653388515261252,0.24833885152612523,0.20567218485945848,0.9150308292870314,0.9151645431811596,0.19803082928703142,0.15549787651449287,0.9025065301249727,0.8819999694824219,0.1649999694824219,0.12233330281575516,0.8920000195503235,0.17500001955032352,0.13233335288365677,0.9389160871505737,0.22191608715057376,0.17924942048390702,0.9388915300369263,0.2218915300369263,0.17922486337025956,0.8951577999032317,0.17815779990323177,0.13549113323656503
zscore_norm,corr_source_fog_sev1,4,6000,True,False,False,0.8673333333333333,0.8673333333333333,0.8821666666666667,0.9799387963277797,0.9801187804601609,0.1126054629944464,0.09795211379349422,0.9583997194815681,0.9587375182023852,0.09106638614823481,0.07657085153571852,0.9418746322736842,0.9329999685287476,0.06566663519541427,0.050833301862080904,0.9386666417121887,0.07133330837885543,0.056499975045522066,0.9649282097816467,0.09759487644831344,0.08276154311498007,0.9649036526679993,0.09757031933466598,0.08273698600133261,0.9432189626619222,0.07588562932858889,0.06105229599525552
zscore_norm,corr_source_fog_sev2,5,6000,True,False,False,0.8376666666666667,0.8376666666666667,0.8611666666666666,0.9750597881790228,0.9750597881790228,0.13739312151235616,0.1138931215123562,0.9428282287349034,0.9431185488092639,0.10516156206823668,0.0819518821425973,0.9256535841674602,0.9114999771118164,0.07383331044514974,0.05033331044514977,0.9149999618530273,0.07733329518636067,0.05383329518636071,0.9543020725250244,0.11663540585835774,0.09313540585835778,0.954277515411377,0.11661084874471028,0.09311084874471032,0.92175899737348,0.08409233070681332,0.06059233070681336
zscore_norm,corr_source_fog_sev3,6,6000,True,False,False,0.7845,0.7845,0.8265,0.961218836565097,0.961218836565097,0.17671883656509701,0.13471883656509698,0.901735632923339,0.9027025168357711,0.11723563292333905,0.07620251683577106,0.897881360711899,0.8786666393280029,0.09416663932800295,0.05216663932800292,0.8776666522026062,0.09316665220260623,0.05116665220260619,0.9363438487052917,0.15184384870529177,0.10984384870529174,0.9363192915916443,0.1518192915916443,0.10981929159164427,0.8901177988706526,0.10561779887065259,0.06361779887065255
zscore_norm,corr_source_fog_sev4,7,6000,True,False,False,0.734,0.734,0.8003333333333333,0.9526968057252575,0.9539541849507334,0.21869680572525751,0.15362085161740002,0.8704827624702403,0.8829244247305917,0.13648276247024027,0.0825910913972584,0.8766096782141576,0.8579999804496765,0.12399998044967653,0.05766664711634317,0.8553333282470703,0.12133332824707033,0.05499999491373697,0.9237055778503418,0.1897055778503418,0.12337224451700846,0.9236810207366943,0.18968102073669435,0.123347687403361,0.8632146672004443,0.12921466720044428,0.06288133386711092
zscore_norm,corr_source_fog_sev5,8,6000,True,False,False,0.5853333333333334,0.5853333333333334,0.7438333333333333,0.9241527703066165,0.9244428139690969,0.3388194369732831,0.18060948063576354,0.7490953713355787,0.8308963407371996,0.1637620380022453,0.0870630074038663,0.8048567145923814,0.7608333230018616,0.1754999896685282,0.016999989668528226,0.7476666569709778,0.1623333236376444,0.003833323637644437,0.8744106888771057,0.28907735554377234,0.13057735554377237,0.8743861317634583,0.2890527984301249,0.1305527984301249,0.7544261524554225,0.16909281912208918,0.010592819122089203
zscore_norm,corr_source_frost_sev1,9,6000,True,False,False,0.8555,0.8555,0.8731666666666666,0.9790709545686574,0.9796653244483129,0.12357095456865741,0.10649865778164624,0.9485728293570935,0.9500927002392273,0.09307282935709349,0.07692603357256067,0.9330521683097438,0.922333300113678,0.06683330011367794,0.04916663344701133,0.925166666507721,0.06966666650772091,0.0519999998410543,0.957651674747467,0.102151674747467,0.0844850080808004,0.9576271176338196,0.10212711763381954,0.08446045096715293,0.9318257292542997,0.0763257292542997,0.05865906258763309
zscore_norm,corr_source_frost_sev2,10,6000,True,False,False,0.734,0.734,0.7961666666666667,0.9559770314946928,0.9562299600921942,0.22197703149469283,0.1600632934255275,0.884206270600658,0.8950140676836551,0.15020627060065805,0.09884740101698841,0.8809203577960962,0.8621666431427002,0.1281666431427002,0.0659999764760335,0.8619999885559082,0.12799998855590822,0.06583332188924151,0.9271858334541321,0.1931858334541321,0.1310191667874654,0.9271612763404846,0.19316127634048463,0.13099460967381793,0.8578220952021154,0.1238220952021154,0.0616554285354487
zscore_norm,corr_source_frost_sev3,11,6000,True,False,False,0.6253333333333333,0.6253333333333333,0.7455,0.9410518884574657,0.9412957726193217,0.3157185551241324,0.19579577261932168,0.8152731804534514,0.843744503525376,0.18993984712011813,0.09824450352537595,0.8328235361618442,0.7988333106040955,0.17349997727076216,0.05333331060409541,0.7946666479110718,0.16933331457773848,0.049166647911071726,0.895237147808075,0.26990381447474165,0.1497371478080749,0.8952125906944275,0.2698792573610942,0.14971259069442744,0.7824658177817835,0.15713248444845018,0.03696581778178343
zscore_norm,corr_source_frost_sev4,12,6000,True,False,False,0.6031666666666666,0.6031666666666666,0.7386666666666667,0.9382410192886216,0.9382808686169831,0.33507435262195495,0.19961420195031643,0.8081956013976852,0.8402191306178347,0.20502893473101858,0.10155246395116801,0.8275246837426874,0.7904999852180481,0.18733331855138147,0.0518333185513814,0.7873333096504211,0.1841666429837545,0.04866664298375445,0.890481173992157,0.28731450732549035,0.1518145073254903,0.8904566168785095,0.2872899502118429,0.15178995021184283,0.7648997540785797,0.16173308741191306,0.026233087411912992
zscore_norm,corr_source_frost_sev5,13,6000,True,False,False,0.5298333333333334,0.5298333333333334,0.723,0.9287627209426887,0.9289768196155448,0.39892938760935537,0.20597681961554482,0.7620710087518303,0.81522447027419,0.23223767541849694,0.09222447027419,0.7964764642990411,0.7581666707992554,0.228333337465922,0.035166670799255395,0.7431666851043701,0.21333335177103674,0.02016668510437014,0.8723322749137878,0.34249894158045446,0.14933227491378787,0.8723077178001404,0.342474384466807,0.1493077178001404,0.7109858143662249,0.1811524810328915,0.012014185633775099
zscore_norm,corr_source_motion_blur_sev1,14,6000,True,False,False,0.8776666666666667,0.8776666666666667,0.8923333333333333,0.983050847457627,0.983050847457627,0.10538418079096035,0.09071751412429374,0.9579375417806897,0.9583020920897869,0.08027087511402298,0.06596875875645358,0.9439556873976439,0.9311666488647461,0.05349998219807939,0.03883331553141278,0.937999963760376,0.06033329709370927,0.045666630427042665,0.9644448161125183,0.0867781494458516,0.072111482779185,0.9644202589988708,0.08675359233220414,0.07208692566553754,0.9437849812216489,0.06611831455498218,0.05145164788831558
zscore_norm,corr_source_motion_blur_sev2,15,6000,True,False,False,0.8056666666666666,0.8056666666666666,0.8425,0.9727786337955829,0.9727786337955829,0.1671119671289163,0.1302786337955829,0.9204859812260299,0.9212802998982876,0.11481931455936323,0.07878029989828761,0.9104467356431002,0.8924999833106995,0.08683331664403282,0.049999983310699436,0.8951666355133057,0.08949996884663902,0.05266663551330564,0.9433603286743164,0.13769366200764976,0.10086032867431638,0.943335771560669,0.1376691048940023,0.10083577156066892,0.9070282493209618,0.10136158265429518,0.0645282493209618
zscore_norm,corr_source_motion_blur_sev3,16,6000,True,False,False,0.6706666666666666,0.6706666666666666,0.7745,0.9482909728308502,0.9482909728308502,0.27762430616418354,0.1737909728308502,0.8311444191448645,0.8538362282483228,0.16047775247819784,0.07933622824832287,0.8467278425120393,0.8133333325386047,0.1426666658719381,0.03883333253860477,0.8081666827201843,0.1375000160535177,0.03366668272018436,0.9012369513511658,0.23057028468449914,0.1267369513511658,0.9012123942375183,0.23054572757085168,0.12671239423751834,0.8218909279402021,0.1512242612735355,0.047390927940202165
zscore_norm,corr_source_motion_blur_sev4,17,6000,True,False,False,0.5133333333333333,0.5133333333333333,0.7188333333333333,0.9299090422685928,0.9304968794124003,0.4165757089352595,0.211663546079067,0.7316839890442003,0.8050703080852291,0.21835065571086698,0.08623697475189573,0.7670935950301526,0.7204999923706055,0.20716665903727216,0.0016666590372721446,0.7036666870117188,0.19033335367838544,0.015166646321614574,0.8513342142105103,0.33800088087717695,0.13250088087717693,0.8513096570968628,0.3379763237635295,0.13247632376352947,0.7205238895205409,0.2071905561872076,0.0016905561872075925
zscore_norm,corr_source_motion_blur_sev5,18,6000,True,False,False,0.4181666666666667,0.4181666666666667,0.7206666666666667,0.9161849710982659,0.9161849710982659,0.4980183044315992,0.19551830443159923,0.6809170517983614,0.7824638240280599,0.2627503851316947,0.06179715736139324,0.7219461096398452,0.6650000214576721,0.24683335479100543,0.05566664520899456,0.6416666507720947,0.22349998410542804,0.07900001589457195,0.822624683380127,0.40445801671346027,0.10195801671346028,0.8226001262664795,0.4044334595998128,0.10193345959981281,0.6547856193037255,0.2366189526370588,0.0658810473629412
zscore_norm,corr_source_brightness_sev1,19,6000,True,False,False,0.9265,0.9265,0.9335,0.9904088844018173,0.9904088844018173,0.0639088844018173,0.056908884401817295,0.9822578799470015,0.9823919378703304,0.05575787994700154,0.048891937870330415,0.9678929423261791,0.9616666436195374,0.03516664361953736,0.028166643619537357,0.965833306312561,0.039333306312561045,0.03233330631256104,0.9799410700798035,0.05344107007980348,0.04644107007980347,0.979916512966156,0.053416512966156016,0.04641651296615601,0.9672151685772766,0.04071516857727664,0.03371516857727663
zscore_norm,corr_source_brightness_sev2,20,6000,True,False,False,0.9181666666666667,0.9181666666666667,0.9233333333333333,0.9871708305199188,0.9871708305199188,0.06900416385325214,0.06383749718658549,0.9785465956647285,0.9786070553983605,0.06037992899806177,0.05527372206502712,0.9632104176795343,0.9570000171661377,0.03883335049947101,0.033666683832804356,0.9603333473205566,0.042166680653889954,0.0370000139872233,0.976940393447876,0.05877372678120929,0.05360706011454264,0.9769158363342285,0.05874916966756183,0.053582503000895176,0.9630569281753986,0.04489026150873188,0.039723594842065224
zscore_norm,corr_source_brightness_sev3,21,6000,True,False,False,0.9051666666666667,0.9051666666666667,0.9115,0.983050847457627,0.983228757062147,0.07788418079096038,0.07172875706214699,0.9720756027302033,0.9721614228152675,0.06690893606353665,0.06066142281526754,0.9566227594236644,0.9508333206176758,0.045666653951009106,0.039333320617675804,0.953166663646698,0.04799999698003132,0.04166666364669802,0.9729909300804138,0.06782426341374714,0.06149093008041384,0.9729663729667664,0.06779970630009968,0.06146637296676638,0.9586536662349826,0.05348699956831593,0.04715366623498263
zscore_norm,corr_source_brightness_sev4,22,6000,True,False,False,0.8831666666666667,0.8831666666666667,0.8963333333333333,0.9825334916059013,0.9829976221475669,0.09936682493923465,0.0866642888142336,0.9602131189553695,0.9615288991660115,0.07704645228870288,0.06519556583267816,0.9445746660422958,0.9331666827201843,0.05000001605351767,0.03683334938685101,0.9348333477973938,0.05166668113072714,0.038500014464060484,0.9644041061401367,0.08123743947347006,0.0680707728068034,0.9643795490264893,0.0812128823598226,0.06804621569315594,0.9456530329936028,0.06248636632693616,0.0493196996602695
zscore_norm,corr_source_brightness_sev5,23,6000,True,False,False,0.8478333333333333,0.8478333333333333,0.8698333333333333,0.9790709545686574,0.9794319664227781,0.13123762123532412,0.10959863308944473,0.9409760490773945,0.9434272642635478,0.09314271574406119,0.07359393093021449,0.9296397729006453,0.9164999723434448,0.0686666390101115,0.04666663901011148,0.9214999675750732,0.07366663424173991,0.051666634241739895,0.955610990524292,0.10777765719095866,0.08577765719095864,0.9555864334106445,0.1077531000773112,0.08575310007731118,0.9224328487841169,0.07459951545078358,0.05259951545078356
zscore_norm,corr_source_zoom_blur_sev1,24,6000,True,False,False,0.8063333333333333,0.8063333333333333,0.8505,0.961218836565097,0.9616098157696233,0.15488550323176364,0.11110981576962331,0.9243954612999964,0.925522033506738,0.11806212796666304,0.07502203350673797,0.9107911080329026,0.8914999961853027,0.08516666285196939,0.0409999961853027,0.8945000171661377,0.08816668383280435,0.04400001716613766,0.9436429142951965,0.1373095809618632,0.0931429142951965,0.9436183571815491,0.13728502384821573,0.09311835718154904,0.8937778896909435,0.08744455635761017,0.04327788969094348
zscore_norm,corr_source_zoom_blur_sev2,25,6000,True,False,False,0.7303333333333333,0.7303333333333333,0.8086666666666666,0.9501312335958005,0.9501312335958005,0.21979790026246726,0.1414645669291339,0.8847283153969921,0.888044798004188,0.15439498206365887,0.07937813133752136,0.8758308037817985,0.8529999852180481,0.12266665188471482,0.04433331855138145,0.8501666784286499,0.11983334509531662,0.04150001176198326,0.9206756353378296,0.1903423020044963,0.11200896867116295,0.9206510782241821,0.19031774489084885,0.11198441155751548,0.8404609030562282,0.11012756972289495,0.03179423638956158
zscore_norm,corr_source_zoom_blur_sev3,26,6000,True,False,False,0.6638333333333334,0.6638333333333334,0.7748333333333334,0.9287627209426887,0.9288084695335016,0.26492938760935536,0.15397513620016823,0.8454648035866876,0.8547431659058785,0.18163147025335424,0.07990983257254514,0.8453832478662012,0.8106666803359985,0.14683334700266515,0.03583334700266516,0.8040000200271606,0.14016668669382726,0.02916668669382727,0.9009925723075867,0.23715923897425328,0.1261592389742533,0.9009680151939392,0.23713468186060582,0.12613468186060584,0.7980387293441725,0.13420539601083914,0.023205396010839152
zscore_norm,corr_source_zoom_blur_sev4,27,6000,True,False,False,0.602,0.602,0.7631666666666667,0.9181391994230076,0.91841255891784,0.3161391994230076,0.15524589225117336,0.8061108744809521,0.8248280759409709,0.2041108744809521,0.06166140927430419,0.8180031124989594,0.7758333086967468,0.17383330869674685,0.012666642030080166,0.7668333053588867,0.16483330535888674,0.003666638692220059,0.8838565349578857,0.28185653495788576,0.12068986829121908,0.8838319778442383,0.2818319778442383,0.12066531117757162,0.7569710717538959,0.1549710717538959,0.006195594912770774
zscore_norm,corr_source_zoom_blur_sev5,28,6000,True,False,False,0.5371666666666667,0.5371666666666667,0.755,0.8974641675854466,0.8991490087119404,0.3602975009187799,0.14414900871194036,0.7664963722809423,0.8010934772045478,0.22932970561427557,0.04609347720454782,0.789766504442174,0.7426666617393494,0.20549999507268268,0.01233333826065064,0.7326666712760925,0.19550000460942585,0.022333328723907475,0.8649423122406006,0.3277756455739339,0.10994231224060058,0.8649177551269531,0.32775108846028644,0.10991775512695312,0.7135331860396805,0.17636651937301384,0.04146681396031948
zscore_norm,corr_source_snow_sev1,29,6000,True,False,False,0.8298333333333333,0.8298333333333333,0.8601666666666666,0.9672977624784853,0.9672977624784853,0.137464429145152,0.10713109581181868,0.93200002704122,0.9321874939161762,0.10216669370788667,0.07202082724950953,0.9188509642798871,0.9018332958221436,0.07199996248881024,0.04166662915547692,0.9043333530426025,0.07450001970926923,0.044166686375935904,0.9485248923301697,0.11869155899683637,0.08835822566350304,0.9485003352165222,0.1186670018831889,0.08833366854985558,0.9244184606343319,0.09458512730099855,0.06425179396766523
zscore_norm,corr_source_snow_sev2,30,6000,True,False,False,0.6493333333333333,0.6493333333333333,0.774,0.9378651088688263,0.9378651088688263,0.28853177553549303,0.16386510886882633,0.8227267371722453,0.8516164530115937,0.173393403838912,0.0776164530115937,0.8362558131119916,0.7986666560173035,0.14933332268397015,0.024666656017303445,0.7918333411216736,0.14250000778834027,0.017833341121673563,0.8949809670448303,0.245647633711497,0.1209809670448303,0.8949564099311829,0.24562307659784954,0.12095640993118284,0.7960351723127914,0.1467018389794581,0.022035172312791396
zscore_norm,corr_source_snow_sev3,31,6000,True,False,False,0.6681666666666667,0.6681666666666667,0.7781666666666667,0.9359815570136549,0.9364000118224273,0.26781489034698824,0.1582333451557606,0.8394546251465175,0.8532432395947926,0.1712879584798508,0.07507657292812597,0.8472450035676837,0.8141666650772095,0.1459999984105428,0.0359999984105428,0.8078333139419556,0.13966664727528888,0.029666647275288893,0.9028765559196472,0.23470988925298053,0.12470988925298054,0.9028519988059998,0.23468533213933307,0.12468533213933308,0.8142388654225143,0.14607219875584765,0.03607219875584766
zscore_norm,corr_source_snow_sev4,32,6000,True,False,False,0.5566666666666666,0.5566666666666666,0.7393333333333333,0.9202807270109772,0.9208720757738027,0.36361406034431054,0.18153874244046941,0.7581702348003454,0.8259891277728579,0.20150356813367876,0.08665579443952465,0.7953171897146153,0.7528333067893982,0.19616664012273155,0.013499973456064907,0.7371666431427002,0.18049997647603355,0.0021666901906330915,0.869793176651001,0.31312650998433433,0.1304598433176677,0.8697686195373535,0.3131019528706869,0.13043528620402023,0.7390246440856609,0.1823579774189943,0.0003086892476723557
zscore_norm,corr_source_snow_sev5,33,6000,True,False,False,0.4785,0.4785,0.7451666666666666,0.9327641408751333,0.9329755721570022,0.4542641408751333,0.18780890549033558,0.7113221238196576,0.812071225861186,0.23282212381965767,0.06690455919451932,0.7478871226706263,0.6948333382606506,0.21633333826065065,0.05033332840601601,0.6726666688919067,0.19416666889190676,0.0724999977747599,0.8393715620040894,0.3608715620040894,0.09420489533742271,0.8393470048904419,0.3608470048904419,0.09418033822377525,0.6700275269678826,0.1915275269678826,0.07513913969878405
zscore_norm,corr_source_defocus_blur_sev1,34,6000,True,False,False,0.8533333333333334,0.8533333333333334,0.8738333333333334,0.9775051124744376,0.9779257651972313,0.12417177914110422,0.10409243186389794,0.9431160737850819,0.9439876372938368,0.0897827404517485,0.07015430396050348,0.9309008650740783,0.9198333024978638,0.06649996916453038,0.04599996916453042,0.9241666793823242,0.07083334604899083,0.05033334604899087,0.9577442407608032,0.10441090742746983,0.08391090742746987,0.9577196836471558,0.10438635031382237,0.08388635031382241,0.9318868900759556,0.07855355674262221,0.05805355674262225
zscore_norm,corr_source_defocus_blur_sev2,35,6000,True,False,False,0.8048333333333333,0.8048333333333333,0.8371666666666666,0.9674754775425916,0.9685183219751488,0.16264214420925827,0.13135165530848214,0.907728784763151,0.9142659575748052,0.10289545142981771,0.0770992909081386,0.9042100769573822,0.8848333358764648,0.08000000254313155,0.04766666920979823,0.8916666507720947,0.08683331743876144,0.05449998410542811,0.938785970211029,0.13395263687769576,0.10161930354436244,0.9387614130973816,0.1339280797640483,0.10159474643071498,0.9064223378407965,0.10158900450746322,0.0692556711741299
zscore_norm,corr_source_defocus_blur_sev3,36,6000,True,False,False,0.68,0.68,0.7573333333333333,0.9482909728308502,0.9484920537540168,0.2682909728308501,0.1911587204206835,0.8139026717243317,0.8440868178782488,0.13390267172433168,0.0867534845449155,0.8354969407148692,0.8025000095367432,0.12250000953674312,0.04516667620340986,0.7964999675750732,0.1164999675750732,0.03916663424173994,0.8959052562713623,0.21590525627136226,0.138571922938029,0.8958806991577148,0.2158806991577148,0.13854736582438154,0.8358109438216453,0.1558109438216453,0.07847761048831203
zscore_norm,corr_source_defocus_blur_sev4,37,6000,True,False,False,0.5545,0.5545,0.7168333333333333,0.9308624376336422,0.9311637061572074,0.3763624376336422,0.21433037282387413,0.7295395458589322,0.802983223671066,0.17503954585893222,0.08614989033773268,0.763864230292891,0.7109999656677246,0.15649996566772462,0.005833367665608713,0.6916666626930237,0.1371666626930237,0.02516667064030964,0.8481183052062988,0.29361830520629884,0.1312849718729655,0.8480937480926514,0.2935937480926514,0.13126041475931804,0.7480149161361479,0.1935149161361479,0.031181582802814578
zscore_norm,corr_source_defocus_blur_sev5,38,6000,True,False,False,0.44583333333333336,0.44583333333333336,0.6975,0.9159891598915989,0.9160962669413428,0.47015582655826554,0.21859626694134282,0.6635461259145861,0.76418467247839,0.2177127925812527,0.06668467247838994,0.6936851617570485,0.6276666522026062,0.18183331886927284,0.06983334779739381,0.6003333330154419,0.15449999968210854,0.09716666698455811,0.8050029277801514,0.359169594446818,0.10750292778015136,0.8049783706665039,0.35914503733317055,0.1074783706665039,0.6583839107063423,0.21255057737300892,0.03911608929365773
zscore_norm,corr_source_glass_blur_sev1,39,6000,True,False,False,0.8241666666666667,0.8241666666666667,0.856,0.9731302413143934,0.9731302413143934,0.1489635746477267,0.11713024131439342,0.9348867377297203,0.9358228125980488,0.1107200710630536,0.0798228125980488,0.9233578084001738,0.906333327293396,0.08216666062672928,0.05033332729339601,0.9091666340827942,0.08499996741612748,0.053166634082794206,0.9516147375106812,0.12744807084401444,0.09561473751068117,0.9515901803970337,0.12742351373036698,0.09559018039703371,0.895451937099695,0.07128527043302824,0.03945193709969497
zscore_norm,corr_source_glass_blur_sev2,40,6000,True,False,False,0.7206666666666667,0.7206666666666667,0.7915,0.9528795811518324,0.9531081130356348,0.23221291448516568,0.16160811303563483,0.8740189661859886,0.8769900550848493,0.15335229951932194,0.0854900550848493,0.8740601416865759,0.8516666293144226,0.13099996264775593,0.060166629314422626,0.8483332991600037,0.12766663249333698,0.05683329916000368,0.9211733341217041,0.20050666745503742,0.12967333412170412,0.9211487770080566,0.20048211034138996,0.12964877700805666,0.8284299786511862,0.1077633119845195,0.03692997865118619
zscore_norm,corr_source_glass_blur_sev3,41,6000,True,False,False,0.493,0.493,0.7328333333333333,0.9196975153042852,0.9199531725073326,0.42669751530428524,0.18711983917399921,0.7416566831382916,0.7894721481896216,0.2486566831382916,0.0566388148562883,0.754936876138145,0.7018333077430725,0.20883330774307252,0.031000025590260827,0.684166669845581,0.19116666984558106,0.04866666348775228,0.845226526260376,0.352226526260376,0.11239319292704264,0.8452019691467285,0.3522019691467285,0.11236863581339518,0.6664421166152471,0.1734421166152471,0.06639121671808623
zscore_norm,corr_source_glass_blur_sev4,42,6000,True,False,False,0.41083333333333333,0.41083333333333333,0.7441666666666666,0.9023051591657519,0.9024905574734573,0.4914718258324186,0.15832389080679066,0.6928934502843842,0.7664299282810386,0.2820601169510509,0.022263261614371976,0.7095873219942689,0.6458333134651184,0.23499998013178508,0.09833335320154823,0.6140000224113464,0.2031666890780131,0.1301666442553202,0.8166014552116394,0.4057681218783061,0.07243478854497276,0.8165768980979919,0.4057435647646586,0.0724102314313253,0.6042992180284419,0.19346588469510856,0.13986744863822476
zscore_norm,corr_source_glass_blur_sev5,43,6000,True,False,False,0.3308333333333333,0.3308333333333333,0.7573333333333333,0.904709748083242,0.9049398807350614,0.5738764147499087,0.14760654740172807,0.6424260551891907,0.7534090463408778,0.3115927218558574,0.003924286992455506,0.651419776853684,0.5756666660308838,0.24483333269755048,0.1816666673024495,0.5386666655540466,0.20783333222071332,0.21866666777928667,0.7775781154632568,0.4467447821299235,0.020244782129923533,0.7775535583496094,0.44672022501627606,0.020220225016276072,0.5553376748817043,0.22450434154837096,0.20199565845162903
zscore_norm,corr_source_gaussian_noise_sev1,44,6000,True,False,False,0.8545,0.8545,0.879,0.966052042047217,0.9663072108263462,0.11155204204721691,0.08730721082634618,0.9428232409928071,0.9428232409928071,0.08832324099280708,0.06382324099280712,0.9386394838153901,0.9235000014305115,0.06900000143051144,0.04450000143051147,0.9306666851043701,0.07616668510437008,0.051666685104370114,0.9607542157173157,0.10625421571731564,0.08175421571731567,0.9607296586036682,0.10622965860366818,0.08172965860366821,0.9331327630833228,0.07863276308332279,0.05413276308332282
zscore_norm,corr_source_gaussian_noise_sev2,45,6000,True,False,False,0.7585,0.7585,0.8068333333333333,0.9447766443897291,0.9449800680032829,0.18627664438972913,0.13814673466994964,0.8901062131732157,0.890161318671517,0.13160621317321575,0.08332798533818375,0.9038390753519934,0.8836666345596313,0.1251666345596314,0.07683330122629806,0.8856666684150696,0.12716666841506963,0.07883333508173629,0.9395026564598083,0.1810026564598084,0.13266932312647506,0.9394780993461609,0.18097809934616094,0.1326447660128276,0.8681819978105972,0.10968199781059729,0.06134866447726395
zscore_norm,corr_source_gaussian_noise_sev3,46,6000,True,False,False,0.5988333333333333,0.5988333333333333,0.7296666666666667,0.9191136732120339,0.9193857862474256,0.3202803398787005,0.18971911958075893,0.8052857736031465,0.8205509870882554,0.20645244026981313,0.09088432042158867,0.8504170130713743,0.8230000138282776,0.22416668049494426,0.0933333471616109,0.8223333358764648,0.22350000254313152,0.09266666920979816,0.906706690788269,0.3078733574549357,0.17704002412160236,0.9066821336746216,0.30784880034128825,0.1770154670079549,0.7517898192415453,0.15295648590821198,0.022123152574878624
zscore_norm,corr_source_gaussian_noise_sev4,47,6000,True,False,False,0.4186666666666667,0.4186666666666667,0.7348333333333333,0.8884772137828826,0.8902999668447428,0.4698105471162159,0.15546663351140944,0.6996045728186141,0.7802600230230238,0.2809379061519474,0.045426689689690436,0.7848277489043765,0.734666645526886,0.3159999788602193,0.00016668780644735204,0.7254999876022339,0.3068333209355672,0.009333345731099452,0.86209636926651,0.4434297025998433,0.12726303593317667,0.8620718121528625,0.44340514548619586,0.1272384788195292,0.6211917341964596,0.20252506752979288,0.11364159913687377
zscore_norm,corr_source_gaussian_noise_sev5,48,6000,True,False,False,0.254,0.254,0.7855,0.8408037094281298,0.8410699631955428,0.5868037094281298,0.05556996319554286,0.5548554347444614,0.7488466741618608,0.3008554347444614,0.036653325838139184,0.6804678530207299,0.6008333563804626,0.34683335638046264,0.18466664361953733,0.5681666731834412,0.31416667318344116,0.21733332681655881,0.7914960980415344,0.5374960980415344,0.005996098041534448,0.791471540927887,0.537471540927887,0.005971540927886987,0.5043212964838379,0.25032129648383794,0.28117870351616203
zscore_norm,corr_source_shot_noise_sev1,49,6000,True,False,False,0.8458333333333333,0.8458333333333333,0.8675,0.9631933644375325,0.963526436058345,0.11736003110419913,0.09602643605834493,0.940245443068553,0.9404623685756563,0.09441210973521963,0.0729623685756563,0.9355857996044867,0.9241666793823242,0.07833334604899089,0.05666667938232417,0.9284999966621399,0.08266666332880657,0.060999996662139844,0.9598290920257568,0.11399575869242351,0.09232909202575679,0.9598045349121094,0.11397120157877605,0.09230453491210933,0.9273264278844541,0.08149309455112075,0.059826427884454025
zscore_norm,corr_source_shot_noise_sev2,50,6000,True,False,False,0.7363333333333333,0.7363333333333333,0.7905,0.9374889321763769,0.938262516327821,0.20115559884304357,0.147762516327821,0.8773449636071803,0.8823661854171999,0.141011630273847,0.09186618541719993,0.8956379999164683,0.8758333325386047,0.13949999920527145,0.08533333253860476,0.8794999718666077,0.14316663853327438,0.08899997186660769,0.9342947602272034,0.19796142689387008,0.1437947602272034,0.9342702031135559,0.19793686978022262,0.14377020311355593,0.8552679417211715,0.1189346083878382,0.06476794172117151
zscore_norm,corr_source_shot_noise_sev3,51,6000,True,False,False,0.5936666666666667,0.5936666666666667,0.7291666666666666,0.9159891598915989,0.9159891598915989,0.3223224932249322,0.18682249322493227,0.8023313183788422,0.8271158574118715,0.20866465171217552,0.09794919074520492,0.8495127041891256,0.8181666731834412,0.2245000065167745,0.08900000651677453,0.8144999742507935,0.22083330758412678,0.08533330758412683,0.9038858413696289,0.31021917470296223,0.17471917470296228,0.9038612842559814,0.31019461758931477,0.17469461758931482,0.7538524274564316,0.16018576078976487,0.02468576078976492
zscore_norm,corr_source_shot_noise_sev4,52,6000,True,False,False,0.377,0.377,0.7383333333333333,0.8793425476279417,0.8793425476279417,0.5023425476279417,0.14100921429460844,0.6757742947357002,0.7760274959131163,0.29877429473570016,0.037694162579782975,0.7734139971766518,0.7179999947547913,0.34099999475479126,0.020333338578542026,0.7089999914169312,0.33199999141693115,0.029333341916402134,0.8541926145553589,0.4771926145553589,0.1158592812220256,0.8541680574417114,0.4771680574417114,0.11583472410837814,0.5943230369462922,0.21732303694629218,0.1440102963870411
zscore_norm,corr_source_shot_noise_sev5,53,6000,True,False,False,0.2778333333333333,0.2778333333333333,0.7731666666666667,0.8365328679464805,0.8375964949703483,0.5586995346131471,0.0644298283036816,0.5764096933816257,0.7681272337786388,0.2985763600482924,0.005039432888027884,0.7145893972279521,0.6489999890327454,0.37116665569941204,0.12416667763392131,0.6240000128746033,0.34616667954126995,0.1491666537920634,0.8165020942687988,0.5386687609354655,0.04333542760213216,0.8164775371551514,0.538644203821818,0.0433108704884847,0.5184535528632985,0.2406202195299652,0.25471311380336814
zscore_norm,corr_source_impulse_noise_sev1,54,6000,True,False,False,0.7816666666666666,0.7816666666666666,0.8248333333333333,0.9464442493415277,0.9470508340649693,0.1647775826748611,0.12221750073163595,0.8962980250420864,0.8989815416100516,0.11463135837541982,0.07414820827671831,0.9029536840572878,0.887499988079071,0.10583332141240442,0.06266665474573774,0.8865000009536743,0.1048333342870077,0.06166666762034101,0.9393535256385803,0.1576868589719137,0.11452019230524701,0.9393289685249329,0.15766230185826624,0.11449563519159955,0.8884951388902791,0.10682847222361247,0.06366180555694578
zscore_norm,corr_source_impulse_noise_sev2,55,6000,True,False,False,0.6981666666666667,0.6981666666666667,0.7676666666666667,0.9320042719829121,0.9320480097807814,0.23383760531624542,0.16438134311411468,0.8479046135038683,0.857429767412473,0.14973794683720154,0.08976310074580629,0.8754873953455015,0.847000002861023,0.14883333619435624,0.07933333619435623,0.8508332967758179,0.15266663010915116,0.08316663010915115,0.920913577079773,0.22274691041310624,0.15324691041310623,0.9208890199661255,0.22272235329945878,0.15322235329945877,0.8408739934028,0.1427073267361333,0.07320732673613328
zscore_norm,corr_source_impulse_noise_sev3,56,6000,True,False,False,0.6123333333333333,0.6123333333333333,0.7271666666666666,0.9155973251400685,0.9155973251400685,0.30326399180673524,0.1884306584734019,0.7928401804889481,0.8184031549864035,0.18050684715561482,0.09123648831973685,0.8486432181272592,0.8165000081062317,0.2041666747728984,0.08933334143956506,0.8166666626930237,0.2043333293596904,0.08949999602635705,0.9032905697822571,0.2909572364489238,0.17612390311559045,0.9032660126686096,0.29093267933527633,0.176099346001943,0.7895416807866374,0.17720834745330416,0.06237501411997082
zscore_norm,corr_source_impulse_noise_sev4,57,6000,True,False,False,0.4068333333333333,0.4068333333333333,0.7336666666666667,0.8833054159687326,0.8836373789270034,0.47647208263539925,0.14997071226033676,0.6903963103969071,0.7803080592133301,0.28356297706357375,0.04664139254666344,0.7792174792558829,0.731333315372467,0.3244999820391337,0.002333351294199648,0.7201666831970215,0.31333334986368816,0.013499983469645205,0.8597971796989441,0.45296384636561077,0.1261305130322774,0.8597726225852966,0.4529392892519633,0.12610595591862994,0.6262948310867946,0.2194614977534613,0.10737183557987207
zscore_norm,corr_source_impulse_noise_sev5,58,6000,True,False,False,0.26266666666666666,0.26266666666666666,0.7781666666666667,0.8463756969813497,0.8474779443404341,0.583709030314683,0.06931127767376744,0.5842982340502152,0.7520663502644238,0.32163156738354853,0.026100316402242862,0.6992120494273253,0.6333333253860474,0.3706666587193807,0.1448333412806193,0.6101666688919067,0.3475000022252401,0.16799999777475993,0.8073166608810425,0.5446499942143759,0.029149994214375807,0.807292103767395,0.5446254371007284,0.029125437100728346,0.5097012811352563,0.2470346144685896,0.2684653855314104
zscore_norm,corr_source_contrast_sev1,59,6000,True,False,False,0.8858333333333334,0.8858333333333334,0.8993333333333333,0.9849433260023684,0.9851199740596628,0.09910999266903509,0.08578664072632947,0.9645467339693847,0.96464325613468,0.07871340063605137,0.06530992280134673,0.9463907544464601,0.9340000152587891,0.0481666819254557,0.034666681925455745,0.9383333325386047,0.052499999205271375,0.03899999920527142,0.9656383991241455,0.07980506579081215,0.06630506579081219,0.965613842010498,0.07978050867716469,0.06628050867716473,0.9447343088945942,0.05890097556126084,0.04540097556126088
zscore_norm,corr_source_contrast_sev2,60,6000,True,False,False,0.846,0.846,0.8676666666666667,0.9736572015053028,0.9736572015053028,0.1276572015053028,0.10599053483863607,0.9446965915633961,0.9450930142036671,0.09869659156339616,0.0774263475370004,0.9261224270536469,0.9138333201408386,0.06783332014083865,0.046166653474171926,0.9178333282470703,0.07183332824707034,0.050166661580403615,0.954047679901123,0.10804767990112307,0.08638101323445635,0.9540231227874756,0.10802312278747561,0.08635645612080889,0.921245593899132,0.07524559389913199,0.05357892723246527
zscore_norm,corr_source_contrast_sev3,61,6000,True,False,False,0.7551666666666667,0.7551666666666667,0.8011666666666667,0.9583333333333334,0.9583333333333334,0.20316666666666672,0.15716666666666668,0.8816189989979301,0.8940408537440021,0.1264523323312634,0.09287418707733541,0.8793027233198552,0.856333315372467,0.10116664870580039,0.05516664870580035,0.8546666502952576,0.09949998362859092,0.053499983628590875,0.9242168068885803,0.16905014022191367,0.12305014022191363,0.9241922497749329,0.1690255831082662,0.12302558310826617,0.8602590410077029,0.10509237434103624,0.0590923743410362
zscore_norm,corr_source_contrast_sev4,62,6000,True,False,False,0.5053333333333333,0.5053333333333333,0.7316666666666667,0.9043097151205259,0.9080017239938653,0.39897638178719264,0.17633505732719856,0.7006004359276772,0.816557631519178,0.19526710259434388,0.08489096485251135,0.7501120478552662,0.6981666684150696,0.19283333508173628,0.03349999825159711,0.6775000095367432,0.17216667620340986,0.05416665712992352,0.8406858444213867,0.3353525110880534,0.10901917775472003,0.8406612873077393,0.33532795397440596,0.10899462064107257,0.6919796790111521,0.1866463456778188,0.039686987655514594
zscore_norm,corr_source_contrast_sev5,63,6000,True,False,False,0.2515,0.2515,0.7903333333333333,0.8499137435307648,0.8531974329398234,0.5984137435307648,0.06286409960649009,0.551454466739103,0.7709928969412091,0.29995446673910303,0.01934043639212424,0.5936489588276634,0.5253333449363708,0.27383334493637085,0.2649999883969625,0.47049999237060547,0.21899999237060547,0.31983334096272786,0.7454119324684143,0.4939119324684143,0.044921400864919026,0.7453873753547668,0.49388737535476684,0.044945957978566486,0.49323717375412635,0.24173717375412634,0.297096159579207
zscore_norm,corr_source_elastic_transform_sev1,64,6000,True,False,False,0.9006666666666666,0.9006666666666666,0.9113333333333333,0.983050847457627,0.9838039693673389,0.08238418079096044,0.07247063603400561,0.9695196000973988,0.9700716464452653,0.06885293343073218,0.058738313111932006,0.954278785981108,0.9446666836738586,0.04400001700719203,0.033333350340525314,0.9514999985694885,0.05083333190282191,0.0401666652361552,0.9711173176765442,0.07045065100987757,0.05978398434321086,0.9710927605628967,0.07042609389623011,0.0597594272295634,0.9547276557458214,0.0540609890791548,0.043394322412488084
zscore_norm,corr_source_elastic_transform_sev2,65,6000,True,False,False,0.7073333333333334,0.7073333333333334,0.7928333333333333,0.9581524570237889,0.958374114702505,0.25081912369045556,0.16554078136917172,0.8950215600582546,0.895874189573668,0.18768822672492125,0.10304085624033477,0.8829492389365765,0.8576666712760925,0.15033333794275916,0.06483333794275925,0.8579999804496765,0.15066664711634314,0.06516664711634323,0.926162600517273,0.21882926718393958,0.13332926718393967,0.9261380434036255,0.21880471007029212,0.1333047100702922,0.8100510007838577,0.10271766745052435,0.017217667450524443
zscore_norm,corr_source_elastic_transform_sev3,66,6000,True,False,False,0.8053333333333333,0.8053333333333333,0.8448333333333333,0.9646246764452115,0.9646839335132948,0.1592913431118782,0.11985060017996152,0.9289787882867682,0.9302158624858509,0.12364545495343482,0.08538252915251754,0.9142251923958725,0.8991666436195374,0.09383331028620401,0.05433331028620403,0.9001666307449341,0.09483329741160074,0.05533329741160076,0.9457651972770691,0.14043186394373575,0.10093186394373577,0.9457406401634216,0.14040730683008829,0.1009073068300883,0.8790549370326433,0.07372160369930991,0.03422160369930993
zscore_norm,corr_source_elastic_transform_sev4,67,6000,True,False,False,0.6968333333333333,0.6968333333333333,0.7871666666666667,0.9475530608665147,0.947855231473612,0.2507197275331814,0.16068856480694527,0.8715170059032593,0.8763796331767665,0.174683672569926,0.0892129665100998,0.8676381629394456,0.8429999947547913,0.14616666142145796,0.05583332808812458,0.8403333425521851,0.14350000921885175,0.05316667588551838,0.918121337890625,0.2212880045572917,0.13095467122395832,0.9180967807769775,0.22126344744364423,0.13093011411031086,0.7965053266529813,0.09967199331964804,0.009338659986314668
zscore_norm,corr_source_elastic_transform_sev5,68,6000,True,False,False,0.42766666666666664,0.42766666666666664,0.7163333333333334,0.8843436221643733,0.887684249351687,0.4566769554977067,0.17135091601835362,0.7019349633872867,0.7892278351322378,0.27426829672062003,0.07289450179890444,0.7605970906276367,0.7098333239555359,0.28216665728886925,0.006500009377797489,0.6961666345596313,0.2684999678929647,0.02016669877370203,0.8463532328605652,0.41868656619389855,0.1300198995272318,0.8463286757469177,0.4186620090802511,0.12999534241358435,0.5918434442469773,0.16417677758031068,0.12448988908635605
zscore_norm,corr_source_pixelate_sev1,69,6000,True,False,False,0.8898333333333334,0.8898333333333334,0.9048333333333334,0.9828784539752501,0.9832563603371123,0.09304512064191672,0.0784230270037789,0.9657877857426483,0.9667336029602508,0.07595445240931498,0.061900269626917415,0.9520147001853113,0.9431666731834412,0.0533333398501078,0.038333339850107784,0.9478332996368408,0.057999966303507455,0.04299996630350744,0.9702450037002563,0.08041167036692298,0.06541167036692297,0.9702204465866089,0.08038711325327552,0.06538711325327551,0.9458724511360218,0.05603911780268844,0.04103911780268843
zscore_norm,corr_source_pixelate_sev2,70,6000,True,False,False,0.8761666666666666,0.8761666666666666,0.8941666666666667,0.9769820971867008,0.9771790556100249,0.10081543052003417,0.08301238894335827,0.9577668757793492,0.9587673667932842,0.08160020911268251,0.06460070012661756,0.944464895836869,0.9283333420753479,0.05216667540868125,0.034166675408681235,0.934333324432373,0.0581666577657064,0.04016665776570638,0.96431565284729,0.08814898618062339,0.07014898618062337,0.9642910957336426,0.08812442906697593,0.07012442906697591,0.935843511843951,0.05967684517728433,0.041676845177284316
zscore_norm,corr_source_pixelate_sev3,71,6000,True,False,False,0.8128333333333333,0.8128333333333333,0.8533333333333334,0.9644459785985502,0.9644459785985502,0.1516126452652169,0.1111126452652168,0.9207376251173511,0.923207522490298,0.10790429178401784,0.06987418915696464,0.9123439166359059,0.8898333311080933,0.07699999777475997,0.036499997774759874,0.8955000042915344,0.08266667095820113,0.042166670958201036,0.9436706304550171,0.1308372971216838,0.0903372971216837,0.9436460733413696,0.13081274000803633,0.09031274000803624,0.8971667241804774,0.08433339084714409,0.043833390847143994
zscore_norm,corr_source_pixelate_sev4,72,6000,True,False,False,0.696,0.696,0.7933333333333333,0.9423585404547858,0.9423585404547858,0.2463585404547859,0.1490252071214525,0.8476604580043496,0.8629132255806781,0.15166045800434969,0.06957989224734473,0.8565349849817405,0.8228332996368408,0.12683329963684087,0.029499966303507485,0.8206666707992554,0.12466667079925542,0.027333337465922036,0.9073246121406555,0.21132461214065557,0.11399127880732218,0.9073000550270081,0.2113000550270081,0.11396672169367472,0.8147029140508382,0.11870291405083822,0.021369580717504832
zscore_norm,corr_source_pixelate_sev5,73,6000,True,False,False,0.5818333333333333,0.5818333333333333,0.7691666666666667,0.9264626945786366,0.9265098656695142,0.3446293612453033,0.15734319900284754,0.7777196309274353,0.8144569957989045,0.19588629759410203,0.04529032913223785,0.8039024006220401,0.7538333535194397,0.17200002018610638,0.015333313147226968,0.7426666617393494,0.16083332840601605,0.0265000049273173,0.8733830451965332,0.2915497118631999,0.10421637852986654,0.8733584880828857,0.29152515474955243,0.10419182141621908,0.7194609294736242,0.13762759614029085,0.0497057371930425
zscore_norm,corr_source_jpeg_compression_sev1,74,6000,True,False,False,0.8866666666666667,0.8866666666666667,0.9,0.9820156090939939,0.9820156090939939,0.09534894242732717,0.08201560909399386,0.9668233204548917,0.9676702904320664,0.08015665378822501,0.0676702904320664,0.9523826894359959,0.9448333382606506,0.05816667159398392,0.04483333826065061,0.9519999623298645,0.06533329566319779,0.05199996232986448,0.971031904220581,0.08436523755391434,0.07103190422058103,0.9710073471069336,0.08434068044026688,0.07100734710693357,0.9457210713886427,0.059054404721975984,0.045721071388642676
zscore_norm,corr_source_jpeg_compression_sev2,75,6000,True,False,False,0.8745,0.8745,0.8908333333333334,0.9759344598054277,0.9761483755482803,0.10143445980542765,0.0853150422149469,0.9549748464485514,0.9552796136693114,0.0804748464485513,0.06444628033597799,0.9424855378077284,0.9296666383743286,0.05516663837432856,0.03883330504099525,0.9356666803359985,0.06116668033599848,0.04483334700266517,0.9636002779006958,0.08910027790069575,0.07276694456736243,0.9635757207870483,0.08907572078704828,0.07274238745371497,0.9335679985334525,0.05906799853345246,0.04273466520011915
zscore_norm,corr_source_jpeg_compression_sev3,76,6000,True,False,False,0.8578333333333333,0.8578333333333333,0.876,0.9708404802744426,0.9716163777523709,0.11300714694110925,0.09561637775237086,0.9447955321942052,0.9460376367243446,0.08696219886087186,0.0700376367243446,0.935172866021613,0.9238333106040955,0.06599997727076212,0.04783331060409546,0.9284999966621399,0.07066666332880656,0.05249999666213989,0.9594259262084961,0.10159259287516276,0.08342592620849609,0.9594013690948486,0.1015680357615153,0.08340136909484863,0.9254232017039704,0.06758986837063707,0.04942320170397041
zscore_norm,corr_source_jpeg_compression_sev4,77,6000,True,False,False,0.7908333333333334,0.7908333333333334,0.8381666666666666,0.9603188355570959,0.9610903945012418,0.16948550222376246,0.12292372783457517,0.8978953911363551,0.8998096262850341,0.10706205780302169,0.06164295961836752,0.9004813843043259,0.8811666369438171,0.09033330361048375,0.04299997027715052,0.8791666626930237,0.0883333293596903,0.040999996026357066,0.9372392296791077,0.14640589634577428,0.09907256301244105,0.9372146725654602,0.14638133923212682,0.09904800589879359,0.8807188772011015,0.08988554386776815,0.04255221053443492
zscore_norm,corr_source_jpeg_compression_sev5,78,6000,True,False,False,0.661,0.661,0.7825,0.9350372736954207,0.935288929038469,0.27403727369542064,0.15278892903846908,0.8156655887003899,0.8347770910093122,0.15466558870038982,0.052277091009312215,0.8327224415379659,0.7988333106040955,0.13783331060409543,0.016333310604095486,0.7870000004768372,0.12600000047683713,0.004500000476837185,0.8940820097923279,0.23308200979232785,0.11158200979232791,0.8940574526786804,0.2330574526786804,0.11155745267868045,0.7844045054167146,0.12340450541671455,0.001904505416714608
zscore_norm,corr_source_speckle_noise_sev1,79,6000,True,False,False,0.8626666666666667,0.8626666666666667,0.8826666666666667,0.9722507708119219,0.9730434308447478,0.10958410414525521,0.09037676417808105,0.9509838089277052,0.9513218326702496,0.08831714226103848,0.0686551660035829,0.9415693000008504,0.9303333163261414,0.06766664965947466,0.04766664965947465,0.934666633605957,0.07199996693929034,0.05199996693929032,0.9630295038223267,0.10036283715565997,0.08036283715565995,0.9630049467086792,0.1003382800420125,0.08033828004201249,0.9354923182065255,0.07282565153985876,0.05282565153985874
zscore_norm,corr_source_speckle_noise_sev2,80,6000,True,False,False,0.8205,0.8205,0.8545,0.9606790230382817,0.9607556390067788,0.14017902303828167,0.10625563900677881,0.9258365246373188,0.9261348495117304,0.1053365246373188,0.07163484951173038,0.9224645849832369,0.9086666703224182,0.0881666703224182,0.054166670322418176,0.9110000133514404,0.09050001335144042,0.05650001335144039,0.9515808820724487,0.13108088207244872,0.0970808820724487,0.9515563249588013,0.13105632495880126,0.09705632495880123,0.9095507058624557,0.08905070586245567,0.05505070586245564
zscore_norm,corr_source_speckle_noise_sev3,81,6000,True,False,False,0.6551666666666667,0.6551666666666667,0.7513333333333333,0.9224137931034482,0.9228571189310902,0.2672471264367815,0.17152378559775694,0.8354356758019912,0.8478091833042213,0.1802690091353245,0.09647584997088798,0.8647254569287062,0.8334999680519104,0.17833330138524373,0.0821666347185771,0.8366666436195374,0.18149997695287068,0.08533331028620406,0.9128803610801697,0.257713694413503,0.16154702774683638,0.9128558039665222,0.25768913729985554,0.16152247063318892,0.8001561171458899,0.14498945047922318,0.04882278381255656
zscore_norm,corr_source_speckle_noise_sev4,82,6000,True,False,False,0.556,0.556,0.7216666666666667,0.9000916590284143,0.9009215811334099,0.3440916590284142,0.17925491446674324,0.7738438317865242,0.805666665185221,0.2178438317865241,0.08399999851855433,0.828419955560823,0.784333348274231,0.2283333482742309,0.06266668160756428,0.7829999923706055,0.22699999237060542,0.06133332570393879,0.8887020349502563,0.3327020349502563,0.16703536828358967,0.8886774778366089,0.33267747783660884,0.1670108111699422,0.7309312954300554,0.17493129543005537,0.009264628763388738
zscore_norm,corr_source_speckle_noise_sev5,83,6000,True,False,False,0.4425,0.4425,0.715,0.8638515432683204,0.8643661553998612,0.42135154326832036,0.1493661553998612,0.6871755694044146,0.7979382406572901,0.2446755694044146,0.08293824065729016,0.7886149414857915,0.737500011920929,0.29500001192092895,0.022500011920928986,0.7304999828338623,0.2879999828338623,0.015499982833862336,0.8636049628257751,0.42110496282577514,0.14860496282577518,0.8635804057121277,0.4210804057121277,0.14858040571212772,0.6486676289644001,0.2061676289644001,0.06633237103559986
zscore_norm,corr_source_spatter_sev1,84,6000,True,False,False,0.9201666666666667,0.9201666666666667,0.9281666666666667,0.9854582346973284,0.9856533462679399,0.06529156803066172,0.05748667960127318,0.9790290448771728,0.9801989150162382,0.058862378210506106,0.05203224834957154,0.9653338867577316,0.9606666564941406,0.04049998982747394,0.03249998982747393,0.9651666283607483,0.0449999616940816,0.036999961694081596,0.978512167930603,0.05834550126393634,0.05034550126393633,0.9784876108169556,0.05832094415028888,0.05032094415028887,0.9657285959271885,0.04556192926052183,0.03756192926052182
zscore_norm,corr_source_spatter_sev2,85,6000,True,False,False,0.8653333333333333,0.8653333333333333,0.8851666666666667,0.9703106229620732,0.9703300681925211,0.10497728962873987,0.08516340152585444,0.9514966770767146,0.9519233410304792,0.0861633437433813,0.0667566743638125,0.9369031625637972,0.9288333058357239,0.06349997250239059,0.04366663916905722,0.9329999685287476,0.06766663519541427,0.0478333018620809,0.9615312218666077,0.09619788853327438,0.07636455519994101,0.9615066647529602,0.09617333141962692,0.07633999808629355,0.9372608980177273,0.07192756468439399,0.052094231351060616
zscore_norm,corr_source_spatter_sev3,86,6000,True,False,False,0.8,0.8,0.838,0.9499474973748686,0.9499474973748686,0.14994749737486857,0.11194749737486864,0.9080204009594129,0.9103362254022352,0.1080204009594129,0.07233622540223528,0.9024850821594778,0.887333333492279,0.08733333349227901,0.049333333492279086,0.8863333463668823,0.08633334636688228,0.04833334636688236,0.9386782050132751,0.1386782050132751,0.10067820501327518,0.9386536478996277,0.13865364789962764,0.10065364789962772,0.901491403322856,0.101491403322856,0.06349140332285608
zscore_norm,corr_source_spatter_sev4,87,6000,True,False,False,0.7318333333333333,0.7318333333333333,0.793,0.9414255469301339,0.9419119045347442,0.20959221359680058,0.14891190453474412,0.8808484272697715,0.882450027817336,0.1490150939364382,0.08945002781733591,0.8711553882922559,0.8481666445732117,0.11633331123987833,0.05516664457321163,0.8458333015441895,0.11399996821085612,0.052833301544189415,0.9197255969047546,0.1878922635714213,0.1267255969047546,0.9197010397911072,0.18786770645777384,0.12670103979110714,0.8569873912390633,0.12515405790572998,0.06398739123906327
zscore_norm,corr_source_spatter_sev5,88,6000,True,False,False,0.6188333333333333,0.6188333333333333,0.7528333333333334,0.9116633411935425,0.9123903773142094,0.2928300078602092,0.159557043980876,0.8232721170444709,0.8359536741036458,0.20443878371113755,0.0831203407703125,0.8237179108556942,0.7841666340827942,0.16533330074946084,0.031333300749460835,0.7796666622161865,0.16083332888285318,0.02683332888285317,0.8877712488174438,0.2689379154841105,0.1349379154841105,0.8877466917037964,0.26891335837046304,0.13491335837046303,0.7716686451565212,0.15283531182318788,0.018835311823187872
zscore_norm,corr_source_gaussian_blur_sev1,89,6000,True,False,False,0.8998333333333334,0.8998333333333334,0.9118333333333334,0.9851150202976996,0.9851150202976996,0.08528168696436622,0.07328168696436621,0.9697349254214139,0.969868861097471,0.06990159208808056,0.05803552776413756,0.9563899646521113,0.9484999775886536,0.04866664425532019,0.03666664425532018,0.9513333439826965,0.05150001064936316,0.03950001064936315,0.9729166626930237,0.07308332935969031,0.0610833293596903,0.9728921055793762,0.07305877224604285,0.061058772246042836,0.9554397591288769,0.055606425795543535,0.043606425795543524
zscore_norm,corr_source_gaussian_blur_sev2,90,6000,True,False,False,0.8251666666666667,0.8251666666666667,0.8573333333333333,0.9701338825952626,0.9708792768051265,0.14496721592859585,0.11354594347179325,0.9249562117418509,0.9278284144621134,0.09978954507518423,0.07049508112878011,0.9167056857536304,0.8989999890327454,0.07383332236607865,0.04166665569941208,0.9024999737739563,0.07733330710728958,0.04516664044062302,0.9465649127960205,0.12139824612935379,0.08923157946268723,0.946540355682373,0.12137368901570633,0.08920702234903977,0.9172072758419602,0.09204060917529344,0.059873942508626876
zscore_norm,corr_source_gaussian_blur_sev3,91,6000,True,False,False,0.7183333333333334,0.7183333333333334,0.7908333333333334,0.9534275248560963,0.9534577973118499,0.2350941915227629,0.1626244639785165,0.846284021877788,0.8656593691438415,0.12795068854445457,0.07482603581050806,0.8613376423339952,0.8308333158493042,0.11249998251597082,0.03999998251597081,0.828499972820282,0.1101666394869486,0.037666639486948594,0.9119467735290527,0.19361344019571936,0.12111344019571935,0.9119222164154053,0.1935888830820719,0.12108888308207189,0.8586561917697833,0.14032285843644987,0.06782285843644986
zscore_norm,corr_source_gaussian_blur_sev4,92,6000,True,False,False,0.6028333333333333,0.6028333333333333,0.7365,0.9359815570136549,0.9361908435301766,0.3331482236803216,0.19969084353017652,0.7608951124085552,0.8085396784525429,0.1580617790752219,0.07203967845254289,0.7920539661104766,0.7511666417121887,0.1483333083788554,0.014666641712188677,0.7326666712760925,0.1298333379427592,0.0038333287239075142,0.8677445650100708,0.26491123167673747,0.13124456501007076,0.8677200078964233,0.26488667456309,0.1312200078964233,0.7851129521079656,0.18227961877463228,0.04861295210796557
zscore_norm,corr_source_gaussian_blur_sev5,93,6000,True,False,False,0.38383333333333336,0.38383333333333336,0.7141666666666666,0.904109589041096,0.9049925811612939,0.5202762557077626,0.19082591449462727,0.6236610715734446,0.7554135682358935,0.23982773824011128,0.041246901569226835,0.6488193315315985,0.5799999833106995,0.1961666499773661,0.13416668335596715,0.5333333015441895,0.1494999682108561,0.18083336512247716,0.7754855155944824,0.39165218226114906,0.061318848927815806,0.775460958480835,0.3916276251475016,0.061294291814168345,0.6166309816010634,0.23279764826773008,0.09753568506560317
zscore_norm,corr_source_saturate_sev1,94,6000,True,False,False,0.8861666666666667,0.8861666666666667,0.8963333333333333,0.9797653460295868,0.9797786449001182,0.0935986793629201,0.08344531156678492,0.9668253482678506,0.9670884608305819,0.08065868160118395,0.07075512749724855,0.9502429536423952,0.9433333277702332,0.057166661103566496,0.04699999443689984,0.9488333463668823,0.06266667970021567,0.05250001303354901,0.9690834879875183,0.08291682132085165,0.072750154654185,0.9690589308738708,0.08289226420720419,0.07272559754053753,0.9452433068036176,0.05907664013695091,0.04890997347028425
zscore_norm,corr_source_saturate_sev2,95,6000,True,False,False,0.8546666666666667,0.8546666666666667,0.8755,0.9764585465711362,0.9764893487644725,0.12179187990446949,0.10098934876447252,0.9514450913699617,0.9518765963832911,0.09677842470329501,0.0763765963832912,0.9361821253417617,0.9244999885559082,0.06983332188924152,0.04899998855590826,0.925166666507721,0.07049999984105426,0.049666666507721,0.958740770816803,0.10407410415013629,0.08324077081680303,0.9587162137031555,0.10404954703648883,0.08321621370315557,0.925266523971142,0.07059985730447527,0.04976652397114201
zscore_norm,corr_source_saturate_sev3,96,6000,True,False,False,0.9153333333333333,0.9153333333333333,0.9213333333333333,0.9887072307433001,0.9887219829924386,0.0733738974099668,0.06738864965910529,0.9781416344870718,0.9786198568088111,0.06280830115373848,0.0572865234754778,0.9628595386035705,0.956333339214325,0.04100000588099162,0.035000005880991614,0.9605000019073486,0.0451666685740153,0.039166668574015295,0.9767482280731201,0.061414894739786785,0.05541489473978678,0.9767236709594727,0.061390337626139324,0.05539033762613932,0.9619801427094761,0.04664680937614274,0.040646809376142734
zscore_norm,corr_source_saturate_sev4,97,6000,True,False,False,0.863,0.863,0.8776666666666667,0.9801121876593575,0.9801252599208305,0.11711218765935749,0.10245859325416384,0.9592580811105786,0.9593619184016924,0.09625808111057865,0.08169525173502568,0.9411502212143797,0.9289999604225159,0.06599996042251588,0.05133329375584916,0.9340000152587891,0.07100001525878907,0.056333348592122356,0.9627050757408142,0.09970507574081422,0.0850384090741475,0.9626805186271667,0.09968051862716676,0.08501385196050004,0.9268360137117045,0.06383601371170455,0.04916934704503784
zscore_norm,corr_source_saturate_sev5,98,6000,True,False,False,0.776,0.776,0.8093333333333333,0.9667642500430514,0.9675393840205447,0.19076425004305142,0.15820605068721139,0.9284199282855492,0.9291136763443453,0.15241992828554918,0.11978034301101192,0.913710079741427,0.8980000019073486,0.12200000190734861,0.08866666857401528,0.9028333425521851,0.12683334255218504,0.09350000921885171,0.9452713131904602,0.16927131319046018,0.13593797985712686,0.9452467560768127,0.16924675607681272,0.1359134227434794,0.8559996443460185,0.07999964434601847,0.04666631101268515
zscore_norm,corr_target_fog_sev1,99,6000,False,True,False,0.6333333333333333,0.6333333333333333,0.7336666666666667,0.9449621944786356,0.945816620075355,0.3116288611453023,0.21214995340868836,0.8555068075268346,0.8652506235803931,0.2221734741935013,0.13158395691372637,0.8608825357852605,0.8318333029747009,0.19849996964136762,0.09816663630803424,0.8356666564941406,0.20233332316080732,0.10199998982747394,0.9125049710273743,0.27917163769404096,0.17883830436070758,0.9124804139137268,0.2791470805803935,0.17881374724706012,0.8543341343024417,0.22100080096910835,0.12066746763577496
zscore_norm,corr_target_fog_sev2,100,6000,False,True,False,0.6023333333333334,0.6023333333333334,0.7171666666666666,0.933522929257021,0.935407742637472,0.3311895959236876,0.21824107597080533,0.8270494623379416,0.8454613921809249,0.22471612900460824,0.12829472551425825,0.8438874330142044,0.809666633605957,0.20733330027262364,0.09249996693929041,0.8101666569709778,0.2078333236376444,0.09299999030431116,0.9000767469406128,0.2977434136072794,0.18291008027394617,0.9000521898269653,0.29771885649363194,0.1828855231602987,0.8343912225446388,0.23205788921130543,0.1172245558779722
zscore_norm,corr_target_fog_sev3,101,6000,False,True,False,0.5546666666666666,0.5546666666666666,0.7101666666666666,0.9196975153042852,0.9205066498576264,0.3650308486376186,0.2103399831909598,0.7866280044948754,0.8301967540455868,0.2319613378282087,0.12003008737892018,0.8229624122958407,0.7866666316986084,0.23199996503194176,0.07649996503194179,0.7854999899864197,0.23083332331975304,0.07533332331975306,0.8877519965171814,0.33308532985051476,0.17758532985051478,0.8877274394035339,0.3330607727368673,0.17756077273686732,0.8109745919251622,0.25630792525849555,0.10080792525849558
zscore_norm,corr_target_fog_sev4,102,6000,False,True,False,0.52,0.52,0.7103333333333334,0.9130434782608696,0.9142019669300996,0.3930434782608696,0.2038686335967662,0.7528830100781084,0.8196639318463723,0.2328830100781084,0.10933059851303895,0.804357627664963,0.7578333020210266,0.2378333020210266,0.04749996868769324,0.7488332986831665,0.2288332986831665,0.03849996534983313,0.8748888969421387,0.35488889694213865,0.1645555636088053,0.8748643398284912,0.3548643398284912,0.16453100649515784,0.7790326097580773,0.2590326097580773,0.06869927642474394
zscore_norm,corr_target_fog_sev5,103,6000,False,True,False,0.4073333333333333,0.4073333333333333,0.7158333333333333,0.8936013276784068,0.8947795541296701,0.4862679943450735,0.17894622079633682,0.6675263257664437,0.7949985596830408,0.26019299243311034,0.07916522634970746,0.7502423020726827,0.6946666836738586,0.2873333503405253,0.02116664965947468,0.6821666359901428,0.2748333026568095,0.0336666973431905,0.840485155582428,0.43315182224909465,0.12465182224909466,0.8404605984687805,0.4331272651354472,0.1246272651354472,0.6851501427005577,0.2778168093672244,0.03068319063277558
zscore_norm,corr_target_frost_sev1,104,6000,False,True,False,0.6176666666666667,0.6176666666666667,0.7336666666666667,0.9416122772975833,0.9422467491312823,0.32394561063091665,0.20858008246461557,0.8494911536736598,0.8639469805953498,0.2318244870069931,0.1302803139286831,0.8541840228762702,0.8234999775886536,0.20583331092198687,0.08983331092198688,0.8234999775886536,0.20583331092198687,0.08983331092198688,0.9084631204605103,0.29079645379384356,0.17479645379384356,0.9084385633468628,0.2907718966801961,0.1747718966801961,0.8372992035618649,0.21963253689519824,0.10363253689519825
zscore_norm,corr_target_frost_sev2,105,6000,False,True,False,0.5123333333333333,0.5123333333333333,0.7113333333333334,0.9274222381122631,0.9274222381122631,0.4150889047789298,0.21608890477892972,0.7822668231290835,0.8182982644433655,0.26993348979575016,0.10696493111003214,0.8046294625534844,0.7581666707992554,0.24583333746592206,0.046833337465922,0.7515000104904175,0.23916667715708417,0.04016667715708411,0.8753165602684021,0.3629832269350688,0.16398322693506873,0.8752920031547546,0.36295866982142133,0.16395866982142127,0.7683994582167696,0.2560661248834363,0.05706612488343621
zscore_norm,corr_target_frost_sev3,106,6000,False,True,False,0.42183333333333334,0.42183333333333334,0.7081666666666667,0.9108731167180977,0.9113815431705492,0.48903978338476434,0.20321487650388248,0.7196357008809415,0.7897930060270223,0.2978023675476082,0.08162633936035557,0.7647464284916097,0.703499972820282,0.28166663948694864,0.00466669384638474,0.6936666369438171,0.2718333036104838,0.014500029722849583,0.8499678373336792,0.42813450400034586,0.14180117066701248,0.8499432802200317,0.4281099468866984,0.14177661355336502,0.7022418557455401,0.28040852241220676,0.005924810921126622
zscore_norm,corr_target_frost_sev4,107,6000,False,True,False,0.4096666666666667,0.4096666666666667,0.7095,0.9102796948783145,0.9115235391333134,0.5006130282116479,0.2020235391333134,0.7101155055724903,0.7947895788541107,0.3004488389058236,0.0852895788541107,0.7612920408579325,0.7071666717529297,0.297500005086263,0.002333328247070332,0.6946666836738586,0.28500001700719196,0.014833316326141377,0.8471581935882568,0.43749152692159016,0.13765819358825682,0.8471336364746094,0.4374669698079427,0.13763363647460936,0.6887891746025953,0.2791225079359286,0.020710825397404764
zscore_norm,corr_target_frost_sev5,108,6000,False,True,False,0.35383333333333333,0.35383333333333333,0.7206666666666667,0.8919667590027701,0.8941405532623687,0.5381334256694368,0.17347388659570206,0.6709419954040096,0.7967157820042645,0.31710866207067623,0.07604911533759784,0.7363046790794576,0.6828333139419556,0.32899998060862223,0.03783335272471111,0.6679999828338623,0.31416664950052897,0.05266668383280437,0.8325221538543701,0.4786888205210368,0.11185548718770344,0.8324975967407227,0.4786642634073893,0.11183093007405598,0.6440831194239707,0.29024978609063734,0.076583547242696
zscore_norm,corr_target_motion_blur_sev1,109,6000,False,True,False,0.635,0.635,0.7235,0.9464442493415277,0.9475905717209686,0.3114442493415277,0.22409057172096858,0.8503706882014958,0.8624662484094872,0.21537068820149574,0.13896624840948713,0.8605159924648341,0.8309999704360962,0.19599997043609618,0.10749997043609616,0.8341666460037231,0.19916664600372314,0.11066664600372311,0.9114514589309692,0.27645145893096923,0.1879514589309692,0.9114269018173218,0.27642690181732177,0.18792690181732175,0.868494317580106,0.23349431758010597,0.14499431758010595
zscore_norm,corr_target_motion_blur_sev2,110,6000,False,True,False,0.5603333333333333,0.5603333333333333,0.7096666666666667,0.935226264418811,0.935226264418811,0.3748929310854776,0.2255595977521443,0.8005742065948382,0.8374301621592916,0.2402408732615049,0.1277634954926249,0.8292078670572954,0.7879999876022339,0.22766665426890054,0.07833332093556722,0.7868333458900452,0.22650001255671182,0.0771666792233785,0.8905808925628662,0.33024755922953286,0.18091422589619954,0.8905563354492188,0.3302230021158854,0.18088966878255208,0.8339414606452588,0.2736081273119254,0.12427479397859209
zscore_norm,corr_target_motion_blur_sev3,111,6000,False,True,False,0.45166666666666666,0.45166666666666666,0.6936666666666667,0.9124524197933661,0.9129546314886852,0.46078575312669945,0.2192879648220185,0.7179956137730845,0.7822824362988191,0.26632894710641786,0.08861576963215245,0.7696765686949529,0.7231666445732117,0.271499977906545,0.029499977906545016,0.7116666436195374,0.2599999769528707,0.0179999769528707,0.8564386367797852,0.4047719701131185,0.1627719701131185,0.8564140796661377,0.40474741299947103,0.16274741299947104,0.7570912783684798,0.3054246117018131,0.06342461170181313
zscore_norm,corr_target_motion_blur_sev4,112,6000,False,True,False,0.3305,0.3305,0.7116666666666667,0.9029072956664839,0.9029604224091932,0.5724072956664839,0.1912937557425265,0.6500062904945918,0.7596691193438397,0.3195062904945918,0.04800245267717307,0.7001067790216142,0.6284999847412109,0.2979999847412109,0.08316668192545573,0.6058333516120911,0.27533335161209105,0.1058333150545756,0.8073844313621521,0.4768844313621521,0.09571776469548543,0.8073598742485046,0.4768598742485046,0.09569320758183797,0.6566618781233846,0.3261618781233846,0.05500478854328206
zscore_norm,corr_target_motion_blur_sev5,113,6000,False,True,False,0.26316666666666666,0.26316666666666666,0.7518333333333334,0.8874466901539032,0.8881712404969406,0.6242800234872365,0.13633790716360727,0.6133598905486766,0.7461804133321939,0.3501932238820099,0.005652920001139483,0.6592357528638036,0.5843333005905151,0.3211666339238485,0.16750003274281822,0.5504999756813049,0.28733330901463827,0.20133335765202842,0.7802926898002625,0.5171260231335958,0.028459356466929098,0.780268132686615,0.5171014660199483,0.028434799353281637,0.599249606588707,0.3360829399220403,0.1525837267446264
zscore_norm,corr_target_brightness_sev1,114,6000,False,True,False,0.698,0.698,0.7561666666666667,0.9594172736732569,0.9596109376806566,0.26141727367325696,0.20344427101398999,0.8962165845625715,0.8985012407533932,0.19821658456257152,0.14233457408672656,0.891569393158572,0.8738332986831665,0.17583329868316655,0.11766663201649985,0.8761666417121887,0.17816664171218877,0.11999997504552207,0.9325699806213379,0.23456998062133794,0.17640331395467124,0.9325454235076904,0.23454542350769048,0.17637875684102378,0.8843285261493954,0.18632852614939543,0.12816185948272873
zscore_norm,corr_target_brightness_sev2,115,6000,False,True,False,0.6898333333333333,0.6898333333333333,0.7533333333333333,0.9568845618915162,0.95727515067223,0.26705122855818286,0.2039418173388967,0.8905754636643524,0.8935555289249109,0.20074213033101906,0.14022219559157756,0.8863589834735354,0.8675000071525574,0.17766667381922407,0.11416667381922407,0.8688333034515381,0.1789999701182048,0.11549997011820479,0.9283783435821533,0.23854501024882002,0.17504501024882002,0.9283537864685059,0.23852045313517256,0.17502045313517256,0.879776346554698,0.18994301322136475,0.12644301322136475
zscore_norm,corr_target_brightness_sev3,116,6000,False,True,False,0.6715,0.6715,0.7488333333333334,0.9547038327526133,0.9547038327526133,0.2832038327526133,0.20587049941927993,0.8803669279272168,0.8861601540199165,0.20886692792721684,0.1373268206865832,0.8783215391455511,0.856499969959259,0.18499996995925905,0.10766663662592568,0.8551666736602783,0.18366667366027833,0.10633334032694497,0.9237626791000366,0.25226267910003664,0.17492934576670327,0.9237381219863892,0.2522381219863892,0.1749047886530558,0.8721143861584977,0.2006143861584977,0.12328105282516433
zscore_norm,corr_target_brightness_sev4,117,6000,False,True,False,0.6455,0.6455,0.7408333333333333,0.9552498694062338,0.9557003134887324,0.30974986940623384,0.21486698015539907,0.866266511288943,0.8717859868784025,0.2207665112889431,0.13095265354506913,0.8671047351683977,0.8413333296775818,0.19583332967758182,0.10049999634424844,0.843666672706604,0.19816667270660404,0.10283333937327066,0.9165652394294739,0.2710652394294739,0.17573190609614053,0.9165406823158264,0.27104068231582645,0.17570734898249307,0.8588341846169181,0.2133341846169181,0.11800085128358473
zscore_norm,corr_target_brightness_sev5,118,6000,False,True,False,0.6171666666666666,0.6171666666666666,0.723,0.9515988118119867,0.9515988118119867,0.33443214514532005,0.2285988118119867,0.8416436880032357,0.8528490650646933,0.2244770213365691,0.1298490650646933,0.8503249555116091,0.8231666684150696,0.20600000174840294,0.1001666684150696,0.8215000033378601,0.20433333667119347,0.09850000333786013,0.9067844748497009,0.2896178081830343,0.18378447484970095,0.9067599177360535,0.2895932510693868,0.1837599177360535,0.8331697569784369,0.21600309031177023,0.1101697569784369
zscore_norm,corr_target_zoom_blur_sev1,119,6000,False,True,False,0.557,0.557,0.7085,0.9220265900107797,0.9222255974517639,0.36502659001077964,0.2137255974517639,0.799806767801443,0.8261593418841071,0.24280676780144295,0.1176593418841071,0.8252191479461588,0.7896666526794434,0.2326666526794433,0.08116665267944334,0.7871666550636292,0.2301666550636291,0.07866665506362913,0.8899096846580505,0.3329096846580505,0.18140968465805052,0.8898851275444031,0.332885127544403,0.18138512754440306,0.8137725022617023,0.25677250226170223,0.10527250226170226
zscore_norm,corr_target_zoom_blur_sev2,120,6000,False,True,False,0.487,0.487,0.703,0.903107861060329,0.9038751215563223,0.41610786106032904,0.20087512155632237,0.7595812065843563,0.8022334601923042,0.27258120658435636,0.09923346019230428,0.7943443196392953,0.7551666498184204,0.2681666498184204,0.05216664981842045,0.7493333220481873,0.26233332204818727,0.0463333220481873,0.8710274696350098,0.3840274696350098,0.1680274696350098,0.8710029125213623,0.3840029125213623,0.16800291252136235,0.7638605314512158,0.2768605314512158,0.06086053145121584
zscore_norm,corr_target_zoom_blur_sev3,121,6000,False,True,False,0.44,0.44,0.6935,0.8925802879291251,0.8943711202177904,0.45258028792912514,0.2008711202177904,0.7298053759161216,0.7913895121263967,0.2898053759161216,0.09788951212639674,0.7703612166721597,0.7221666574478149,0.28216665744781494,0.028666657447814936,0.7148333191871643,0.2748333191871643,0.0213333191871643,0.8559265732765198,0.4159265732765198,0.16242657327651977,0.8559020161628723,0.4159020161628723,0.1624020161628723,0.7290251792231071,0.28902517922310705,0.03552517922310705
zscore_norm,corr_target_zoom_blur_sev4,122,6000,False,True,False,0.39066666666666666,0.39066666666666666,0.7086666666666667,0.8822652757078987,0.8831223804546969,0.49159860904123204,0.17445571378803026,0.6956248532165921,0.7765881491387966,0.3049581865499254,0.06792148247212992,0.7462717173368663,0.6911666393280029,0.30049997266133627,0.017500027338663737,0.6743333339691162,0.28366666730244955,0.034333332697550456,0.8393055200576782,0.44863885339101156,0.13063885339101156,0.8392809629440308,0.4486142962773641,0.1306142962773641,0.6929559346969951,0.30228926803032846,0.015710731969671543
zscore_norm,corr_target_zoom_blur_sev5,123,6000,False,True,False,0.3428333333333333,0.3428333333333333,0.725,0.8668555240793201,0.8674487197186903,0.5240221907459868,0.14244871971869033,0.6794702400696736,0.7651768877729164,0.3366369067363403,0.04017688777291639,0.7243698502349728,0.6728333234786987,0.3299999901453654,0.05216667652130125,0.6518333554267883,0.309000022093455,0.07316664457321165,0.8290183544158936,0.48618502108256023,0.10401835441589358,0.8289937973022461,0.48616046396891277,0.10399379730224612,0.6554187521242154,0.3125854187908821,0.06958124787578457
zscore_norm,corr_target_snow_sev1,124,6000,False,True,False,0.5916666666666667,0.5916666666666667,0.7293333333333333,0.9251164457183804,0.9261242186778674,0.3334497790517137,0.19679088534453415,0.8175359498421614,0.8388415747011766,0.2258692831754947,0.10950824136784332,0.8390679064756054,0.8058333396911621,0.21416667302449544,0.07650000635782883,0.8063333034515381,0.2146666367848714,0.07699997011820481,0.9000313878059387,0.30836472113927205,0.17069805447260544,0.9000068306922913,0.3083401640256246,0.17067349735895798,0.8523989403605058,0.2607322736938391,0.12306560702717251
zscore_norm,corr_target_snow_sev2,125,6000,False,True,False,0.44566666666666666,0.44566666666666666,0.7221666666666666,0.911860718171926,0.9132665567540066,0.4661940515052594,0.19109989008733996,0.7363807910477457,0.8088506335671585,0.290714124381079,0.08668396690049185,0.7712569704670481,0.7226666808128357,0.27700001414616904,0.0005000141461690699,0.7126666307449341,0.2669999640782674,0.009500035921732541,0.8559421896934509,0.4102755230267843,0.1337755230267843,0.8559176325798035,0.4102509659131368,0.13375096591313684,0.7184725745542316,0.272805907887565,0.003694092112434988
zscore_norm,corr_target_snow_sev3,126,6000,False,True,False,0.4578333333333333,0.4578333333333333,0.7143333333333334,0.904709748083242,0.9067471742427081,0.4468764147499087,0.19241384090937474,0.7300362930435964,0.789988338967627,0.2722029597102631,0.07565500563429362,0.7718072674244406,0.7224999666213989,0.2646666332880656,0.00816663328806555,0.7124999761581421,0.2546666428248088,0.0018333571751912858,0.8548657298088074,0.39703239647547406,0.140532396475474,0.8548411726951599,0.3970078393618266,0.14050783936182654,0.7448597365381787,0.2870264032048454,0.030526403204845343
zscore_norm,corr_target_snow_sev4,127,6000,False,True,False,0.36966666666666664,0.36966666666666664,0.7295,0.8948240928347763,0.8952209007112316,0.5251574261681096,0.16572090071123158,0.6792459751334131,0.7613038085188739,0.3095793084667465,0.03180380851887388,0.7282312672363033,0.6708333492279053,0.30116668256123863,0.058666650772094764,0.6466666460037231,0.2769999793370565,0.08283335399627689,0.8272441029548645,0.45757743628819786,0.09774410295486446,0.827219545841217,0.4575528791745504,0.097719545841217,0.6738599012700714,0.3041932346034048,0.05564009872992859
zscore_norm,corr_target_snow_sev5,128,6000,False,True,False,0.3305,0.3305,0.7438333333333333,0.9148128052088985,0.9150834052666025,0.5843128052088985,0.17125007193326913,0.661067953591604,0.7794477799986783,0.33056795359160396,0.03561444666534497,0.6956532535795948,0.6368333101272583,0.3063333101272583,0.10700002320607505,0.6071666479110718,0.27666664791107176,0.13666668542226157,0.8070855736732483,0.4765855736732483,0.06325224033991494,0.8070610165596008,0.4765610165596008,0.06322768322626748,0.6193563220751575,0.28885632207515743,0.1244770112581759
zscore_norm,corr_target_defocus_blur_sev1,129,6000,False,True,False,0.618,0.618,0.718,0.9393671557362558,0.9395741853750517,0.32136715573625585,0.2215741853750517,0.8310120361792382,0.8529461355416644,0.21301203617923825,0.13494613554166446,0.8506234196157171,0.8198333382606506,0.20183333826065064,0.10183333826065066,0.8199999928474426,0.20199999284744263,0.10199999284744266,0.9062239527702332,0.28822395277023316,0.18822395277023318,0.9061993956565857,0.2881993956565857,0.18819939565658572,0.8693690596409762,0.2513690596409762,0.15136905964097624
zscore_norm,corr_target_defocus_blur_sev2,130,6000,False,True,False,0.5711666666666667,0.5711666666666667,0.6955,0.9382410192886216,0.9391772275068182,0.36707435262195487,0.2436772275068182,0.7907069031752938,0.8340244136551467,0.21954023650862708,0.13852441365514667,0.8242280832484244,0.7893333435058594,0.21816667683919266,0.09383334350585937,0.7824999690055847,0.211333302338918,0.08699996900558471,0.8889614939689636,0.3177948273022969,0.19346149396896362,0.8889369368553162,0.31777027018864945,0.19343693685531616,0.8507910920861158,0.2796244254194491,0.1552910920861158
zscore_norm,corr_target_defocus_blur_sev3,131,6000,False,True,False,0.4726666666666667,0.4726666666666667,0.6891666666666667,0.9167719805018957,0.9170365967779501,0.444105313835229,0.22786993011128343,0.6968112260075647,0.7980952829292466,0.22414455934089805,0.10892861626257988,0.7577168578006103,0.7049999833106995,0.23233331664403278,0.015833316644032758,0.6944999694824219,0.2218333028157552,0.00533330281575517,0.8449497222900391,0.3722830556233724,0.15578305562337236,0.8449251651763916,0.3722584985097249,0.1557584985097249,0.7753542904300741,0.3026876237634074,0.08618762376340738
zscore_norm,corr_target_defocus_blur_sev4,132,6000,False,True,False,0.383,0.383,0.6893333333333334,0.9059080962800875,0.906943174545645,0.5229080962800875,0.21760984121231164,0.6401663024166884,0.7579453719115696,0.25716630241668836,0.06861203857823628,0.6906372612671775,0.6263333559036255,0.24333335590362548,0.06299997742970787,0.5981666445732117,0.21516664457321166,0.09116668876012168,0.8025996088981628,0.41959960889816283,0.11326627556482949,0.8025750517845154,0.4195750517845154,0.11324171845118203,0.69158117601748,0.30858117601748003,0.0022478426841466836
zscore_norm,corr_target_defocus_blur_sev5,133,6000,False,True,False,0.2921666666666667,0.2921666666666667,0.7348333333333333,0.8938053097345133,0.8950197825164091,0.6016386430678466,0.16018644918307579,0.5971551543133343,0.7440805911835491,0.30498848764666764,0.00924725785021574,0.6382998274214103,0.5615000128746033,0.2693333462079366,0.17333332045873007,0.5208333134651184,0.22866664679845172,0.21400001986821493,0.7698233723640442,0.4776567056973775,0.03499003903071085,0.7697988152503967,0.47763214858373004,0.03496548191706339,0.6094772321911373,0.31731056552447057,0.12535610114219609
zscore_norm,corr_target_glass_blur_sev1,134,6000,False,True,False,0.5926666666666667,0.5926666666666667,0.7161666666666666,0.937112488928255,0.9377779552012039,0.3444458222615884,0.22161128853453727,0.828944945788827,0.849389708560189,0.23627827912216037,0.1332230418935224,0.850134213211729,0.8246666789054871,0.23200001223882039,0.10850001223882044,0.8231666684150696,0.2305000017484029,0.10700000174840296,0.9069169163703918,0.31425024970372517,0.19075024970372523,0.9068923592567444,0.3142256925900777,0.19072569259007777,0.8143728524445277,0.22170618577786105,0.09820618577786111
zscore_norm,corr_target_glass_blur_sev2,135,6000,False,True,False,0.5053333333333333,0.5053333333333333,0.6981666666666667,0.9222202263337524,0.9224883615210805,0.41688689300041915,0.22432169485441378,0.7597911449779841,0.8141910104575222,0.25445781164465076,0.11602434379085547,0.8053250755018151,0.7674999833106995,0.26216664997736616,0.06933331664403275,0.7621666789054871,0.25683334557215376,0.06400001223882035,0.8772333860397339,0.3719000527064006,0.17906671937306717,0.8772088289260864,0.3718754955927531,0.1790421622594197,0.7493973745178284,0.2440640411844951,0.05123070785116168
zscore_norm,corr_target_glass_blur_sev3,136,6000,False,True,False,0.3458333333333333,0.3458333333333333,0.7216666666666667,0.8972615328064694,0.8980310529778444,0.551428199473136,0.17636438631117768,0.6531013713104808,0.7595744168045939,0.3072680379771475,0.03790775013792724,0.704619406862933,0.6401666402816772,0.2943333069483439,0.08150002638498943,0.6116666793823242,0.2658333460489909,0.10999998728434246,0.8124198913574219,0.46658655802408855,0.0907532246907552,0.8123953342437744,0.4665620009104411,0.09072866757710774,0.6035636403720349,0.2577303070387016,0.11810302629463176
zscore_norm,corr_target_glass_blur_sev4,137,6000,False,True,False,0.2895,0.2895,0.7461666666666666,0.8890946121088689,0.890472326767647,0.5995946121088689,0.14430566010098034,0.6310455497454621,0.746814267647973,0.34154554974546214,0.0006476009813063399,0.666155252113906,0.5920000076293945,0.30250000762939455,0.1541666590372721,0.5631666779518127,0.27366667795181276,0.1829999887148539,0.788273274898529,0.4987732748985291,0.04210660823186241,0.7882487177848816,0.4987487177848816,0.04208205111821495,0.5523217502363638,0.2628217502363638,0.19384491643030288
zscore_norm,corr_target_glass_blur_sev5,138,6000,False,True,False,0.23383333333333334,0.23383333333333334,0.7826666666666666,0.8980716253443526,0.8988390408324781,0.6642382920110192,0.1161723741658115,0.6123010638989881,0.7408890225479268,0.37846773056565475,0.041777644118739854,0.619242105137185,0.5418333411216736,0.30800000778834025,0.24083332554499304,0.4984999895095825,0.2646666561762492,0.2841666771570841,0.7584207057952881,0.5245873724619547,0.024245960871378536,0.7583961486816406,0.5245628153483073,0.024270517985025997,0.5174109697329252,0.2835776363995919,0.2652556969337414
zscore_norm,corr_target_gaussian_noise_sev1,139,6000,False,True,False,0.611,0.611,0.7178333333333333,0.9276139410187667,0.9280897891683385,0.3166139410187667,0.21025645583500518,0.8324044124365437,0.846239759684192,0.22140441243654374,0.12840642635085864,0.8675089931697227,0.8386666774749756,0.2276666774749756,0.12083334414164226,0.8433333039283752,0.23233330392837526,0.12549997059504192,0.9161974191665649,0.30519741916656495,0.19836408583323162,0.9161728620529175,0.3051728620529175,0.19833952871958416,0.8616000846061946,0.25060008460619465,0.14376675127286132
zscore_norm,corr_target_gaussian_noise_sev2,140,6000,False,True,False,0.5193333333333333,0.5193333333333333,0.6933333333333334,0.9013001281816517,0.9034203138072987,0.3819667948483184,0.21008698047396535,0.7764283708660752,0.8068997077146015,0.2570950375327419,0.11356637438126815,0.8378111520929465,0.8034999966621399,0.2841666633288066,0.11016666332880654,0.8031666874885559,0.2838333541552226,0.10983335415522255,0.896985650062561,0.3776523167292277,0.20365231672922768,0.8969610929489136,0.37762775961558026,0.20362775961558022,0.793294199233093,0.27396086589975965,0.09996086589975961
zscore_norm,corr_target_gaussian_noise_sev3,141,6000,False,True,False,0.3968333333333333,0.3968333333333333,0.693,0.877245508982036,0.8774376525299916,0.4804121756487027,0.18443765252999167,0.7042246503039186,0.7800214632088335,0.30739131697058525,0.08702146320883353,0.7956455363773904,0.7486666440963745,0.3518333107630412,0.05566664409637456,0.7459999918937683,0.349166658560435,0.05299999189376836,0.870096743106842,0.4732634097735087,0.1770967431068421,0.8700721859931946,0.47323885265986126,0.17707218599319463,0.6826151636103088,0.2857818302769755,0.010384836389691121
zscore_norm,corr_target_gaussian_noise_sev4,142,6000,False,True,False,0.2805,0.2805,0.7498333333333334,0.8573605027613788,0.8573605027613788,0.5768605027613787,0.10752716942804541,0.6356948930843881,0.7633770705647479,0.35519489308438806,0.013543737231414554,0.74265225266539,0.6886666417121887,0.4081666417121887,0.06116669162114463,0.6735000014305115,0.39300000143051145,0.07633333190282188,0.8361449241638184,0.5556449241638184,0.08631159083048501,0.8361203670501709,0.5556203670501709,0.08628703371683755,0.5691293297314648,0.28862932973146477,0.18070400360186856
zscore_norm,corr_target_gaussian_noise_sev5,143,6000,False,True,False,0.1695,0.1695,0.8361666666666666,0.8313206077132839,0.8335408734779385,0.6618206077132839,0.0026257931887281316,0.5392186262872916,0.737665830035325,0.3697186262872916,0.09850083663134157,0.6536974182456504,0.5823333263397217,0.4128333263397217,0.25383334032694493,0.5394999980926514,0.3699999980926514,0.29666666857401525,0.7799444198608398,0.6104444198608399,0.05622224680582677,0.7799198627471924,0.6104198627471924,0.05624680391947423,0.4698062394407564,0.3003062394407564,0.3663604272259102
zscore_norm,corr_target_shot_noise_sev1,144,6000,False,True,False,0.6038333333333333,0.6038333333333333,0.7118333333333333,0.9224137931034482,0.9236773339948732,0.31858045977011484,0.21184400066153986,0.8295301475197684,0.8409008879800686,0.22569681418643506,0.12906755464673525,0.861206906139826,0.8323333263397217,0.22849999300638835,0.12049999300638836,0.8353333473205566,0.2315000139872233,0.12350001398722332,0.9124703407287598,0.30863700739542643,0.20063700739542645,0.9124457836151123,0.30861245028177897,0.200612450281779,0.848767304252,0.24493397091866664,0.13693397091866666
zscore_norm,corr_target_shot_noise_sev2,145,6000,False,True,False,0.5101666666666667,0.5101666666666667,0.6841666666666667,0.9006962257237082,0.9032039406656428,0.39052955905704156,0.2190372739989761,0.771690216927668,0.8066276625149279,0.2615235502610014,0.1224609958482612,0.832632673367776,0.8009999990463257,0.290833332379659,0.11683333237965898,0.8003333210945129,0.2901666544278463,0.11616665442784624,0.8942078351974487,0.3840411685307821,0.21004116853078203,0.8941832780838013,0.3840166114171346,0.21001661141713457,0.7739107712094933,0.2637441045428266,0.08974410454282655
zscore_norm,corr_target_shot_noise_sev3,146,6000,False,True,False,0.3985,0.3985,0.7043333333333334,0.8726042841037203,0.8733447038012743,0.47410428410372024,0.1690113704679409,0.6985711937868329,0.7702995806246521,0.30007119378683283,0.06596624729131872,0.7929665890917094,0.7425000071525574,0.34400000715255735,0.038166673819224006,0.7444999814033508,0.3459999814033508,0.04016664807001746,0.8677168488502502,0.4692168488502502,0.16338351551691688,0.8676922917366028,0.46919229173660276,0.16335895840326942,0.6773440129553191,0.2788440129553191,0.02698932037801427
zscore_norm,corr_target_shot_noise_sev4,147,6000,False,True,False,0.2575,0.2575,0.7668333333333334,0.8304093567251463,0.8306890188434047,0.5729093567251462,0.06385568551007137,0.6022564097866503,0.771411892881037,0.3447564097866503,0.004578559547703587,0.7339946247508723,0.6798333525657654,0.4223333525657654,0.08699998076756799,0.659500002861023,0.40200000286102294,0.10733333047231042,0.8305995464324951,0.573099546432495,0.06376621309916175,0.8305749893188477,0.5730749893188476,0.06374165598551429,0.5410969313607212,0.2835969313607212,0.22573640197261213
zscore_norm,corr_target_shot_noise_sev5,148,6000,False,True,False,0.1875,0.1875,0.8226666666666667,0.8038277511961722,0.8076333120510061,0.6163277511961722,0.015033354615660577,0.5457387446910013,0.752687656063356,0.35823874469100125,0.06997901060331069,0.68277031621546,0.6141666769981384,0.4266666769981384,0.20849998966852823,0.5839999914169312,0.39649999141693115,0.2386666752497355,0.796685516834259,0.609185516834259,0.025981149832407624,0.7966609597206116,0.6091609597206116,0.026005706946055085,0.47880803047169607,0.29130803047169607,0.3438586361949706
zscore_norm,corr_target_impulse_noise_sev1,149,6000,False,True,False,0.5386666666666666,0.5386666666666666,0.698,0.908098271155596,0.9091907475928823,0.3694316044889294,0.21119074759288237,0.7836314980949985,0.813818909940647,0.24496483142833192,0.11581890994064703,0.8324307251083958,0.7986666560173035,0.25999998935063684,0.10066665601730351,0.8009999990463257,0.26233333237965906,0.10299999904632573,0.8942524194717407,0.3555857528050741,0.19625241947174077,0.8942278623580933,0.35556119569142663,0.1962278623580933,0.8110332679291029,0.2723666012624363,0.11303326792910295
zscore_norm,corr_target_impulse_noise_sev2,150,6000,False,True,False,0.474,0.474,0.6736666666666666,0.8929889298892989,0.8931910590344596,0.4189889298892989,0.21952439236779298,0.7381615204462151,0.7938568600147428,0.2641615204462151,0.12019019334807612,0.814719404882831,0.7739999890327454,0.2999999890327454,0.10033332236607873,0.7718333005905151,0.29783330059051516,0.0981666339238485,0.883831799030304,0.409831799030304,0.21016513236363732,0.8838072419166565,0.4098072419166565,0.21014057524998986,0.7718291710387651,0.29782917103876516,0.0981625043720985
zscore_norm,corr_target_impulse_noise_sev3,151,6000,False,True,False,0.4058333333333333,0.4058333333333333,0.6965,0.8801791713325868,0.8804256563394302,0.4743458379992535,0.18392565633943014,0.7019962112264174,0.7883604660249912,0.2961628778930841,0.0918604660249912,0.79537297852374,0.75,0.3441666666666667,0.05349999999999999,0.7481666803359985,0.3423333470026652,0.05166668033599853,0.8704364895820618,0.46460315624872844,0.17393648958206176,0.8704119324684143,0.464578599135081,0.1739119324684143,0.7273478953914165,0.3215145620580832,0.030847895391416524
zscore_norm,corr_target_impulse_noise_sev4,152,6000,False,True,False,0.2803333333333333,0.2803333333333333,0.7515,0.847926267281106,0.8485913677067098,0.5675929339477727,0.0970913677067099,0.6232492632907374,0.7614858583258834,0.34291592995740405,0.009985858325883501,0.7377886252539192,0.6779999732971191,0.3976666399637858,0.0735000267028808,0.6613333225250244,0.3809999891916911,0.09016667747497553,0.831858217716217,0.5515248843828837,0.0803582177162171,0.8318336606025696,0.5515003272692363,0.08033366060256963,0.5849840404473772,0.30465070711404385,0.16651595955262277
zscore_norm,corr_target_impulse_noise_sev5,153,6000,False,True,False,0.178,0.178,0.8268333333333333,0.8256018790369936,0.8275897627540514,0.6476018790369935,0.0007564294207180744,0.5524758544773609,0.7535063484555701,0.3744758544773609,0.07332698487776323,0.668303482747773,0.6001666784286499,0.4221666784286499,0.2266666549046834,0.5630000233650208,0.38500002336502076,0.26383330996831256,0.787915825843811,0.6099158258438111,0.038917507489522274,0.7878912687301636,0.6098912687301636,0.038942064603169735,0.47750641281149697,0.299506412811497,0.34932692052183634
zscore_norm,corr_target_contrast_sev1,154,6000,False,True,False,0.6576666666666666,0.6576666666666666,0.7318333333333333,0.952513966480447,0.9530019578281412,0.29484729981378033,0.2211686244948079,0.8695388992276033,0.8752595756697932,0.21187223256093668,0.14342624233645984,0.8677844428838892,0.8451666831970215,0.18750001653035486,0.11333334986368815,0.8464999794960022,0.18883331282933558,0.11466664616266886,0.9169519543647766,0.25928528769811,0.18511862103144328,0.9169273972511292,0.25926073058446253,0.18509406391779581,0.8624141163116639,0.20474744964499725,0.13058078297833053
zscore_norm,corr_target_contrast_sev2,155,6000,False,True,False,0.6078333333333333,0.6078333333333333,0.7166666666666667,0.9425449418399718,0.9429915761693118,0.3347116085066385,0.22632490950264517,0.838055157869548,0.8503409223483541,0.23022182453621465,0.13367425568168745,0.8454195166168418,0.8100000023841858,0.20216666905085245,0.09333333571751912,0.8144999742507935,0.20666664091746012,0.09783330758412678,0.9010248780250549,0.2931915446917216,0.18435821135838826,0.9010003209114075,0.29316698757807413,0.1843336542447408,0.8371343388438286,0.22930100551049526,0.12046767217716192
zscore_norm,corr_target_contrast_sev3,156,6000,False,True,False,0.5275,0.5275,0.6951666666666667,0.9247311827956989,0.9255187573384007,0.3972311827956989,0.230352090671734,0.7771485361986942,0.8292808062069309,0.2496485361986942,0.1341141395402642,0.8056836662058221,0.7718333005905151,0.24433330059051517,0.07666663392384843,0.7634999752044678,0.2359999752044678,0.06833330853780106,0.8794243335723877,0.3519243335723877,0.18425766690572098,0.8793997764587402,0.35189977645874027,0.18423310979207352,0.7834972984006627,0.25599729840066276,0.08833063173399602
zscore_norm,corr_target_contrast_sev4,157,6000,False,True,False,0.3358333333333333,0.3358333333333333,0.7283333333333334,0.8820570150922303,0.8842330354979888,0.546223681758897,0.15589970216465543,0.6344476533181146,0.786933306338611,0.2986143199847813,0.05859997300527764,0.6976224900969289,0.6393333077430725,0.3034999744097392,0.08900002559026088,0.6114999651908875,0.27566663185755413,0.11683336814244594,0.8108453750610352,0.47501204172770184,0.08251204172770177,0.8108208179473877,0.4749874846140544,0.08248748461405431,0.6315499869390465,0.2957166536057132,0.09678334639428687
zscore_norm,corr_target_contrast_sev5,158,6000,False,True,False,0.1785,0.1785,0.8275,0.8349514563106796,0.8424817041043244,0.6564514563106796,0.014981704104324423,0.5301114883836187,0.7667788349970488,0.35161148838361866,0.060721165002951216,0.5681681733486144,0.49549999833106995,0.31699999833106995,0.33200000166893007,0.43933331966400146,0.2608333196640015,0.38816668033599855,0.7300779819488525,0.5515779819488525,0.09742201805114747,0.7300534248352051,0.5515534248352051,0.09744657516479494,0.47339007135512856,0.29489007135512857,0.35410992864487145
zscore_norm,corr_target_elastic_transform_sev1,159,6000,False,True,False,0.6598333333333334,0.6598333333333334,0.7403333333333333,0.9481065918653576,0.9481065918653576,0.28827325853202423,0.20777325853202433,0.8712694613060611,0.8768910392192513,0.2114361279727277,0.13655770588591798,0.8757436864837482,0.8508332967758179,0.1909999634424845,0.11049996344248458,0.8558333516120911,0.19600001827875768,0.11550001827875778,0.9214588403701782,0.26162550703684484,0.18112550703684493,0.9214342832565308,0.2616009499231974,0.18110094992319747,0.8757983461274724,0.21596501279413904,0.13546501279413914
zscore_norm,corr_target_elastic_transform_sev2,160,6000,False,True,False,0.48983333333333334,0.48983333333333334,0.7028333333333333,0.9297181591152337,0.9317302542919224,0.43988482578190036,0.22889692095858905,0.794781518458654,0.8191847721917835,0.3049481851253206,0.11635143885845023,0.8178362280483379,0.7768332958221436,0.2869999624888102,0.07399996248881024,0.7745000123977661,0.28466667906443277,0.0716666790644328,0.8839154243469238,0.3940820910135905,0.18108209101359052,0.8838908672332764,0.394057533899943,0.18105753389994306,0.7159816444874841,0.2261483111541508,0.013148311154150827
zscore_norm,corr_target_elastic_transform_sev3,161,6000,False,True,False,0.5636666666666666,0.5636666666666666,0.7148333333333333,0.9287627209426887,0.9288084695335016,0.3650960542760221,0.21397513620016828,0.8181157131547099,0.8418887349388247,0.25444904648804323,0.12705540160549134,0.8368720203903154,0.8040000200271606,0.240333353360494,0.08916668669382732,0.8028333187103271,0.2391666520436605,0.08799998537699383,0.8962435722351074,0.3325769055684408,0.1814102389017741,0.89621901512146,0.3325523484547933,0.18138568178812664,0.7749603397321363,0.21129367306546964,0.060127006398802973
zscore_norm,corr_target_elastic_transform_sev4,162,6000,False,True,False,0.4671666666666667,0.4671666666666667,0.7055,0.9226072903573352,0.9232667504100509,0.45544062369066857,0.2177667504100509,0.7695123824863033,0.8040505751728112,0.3023457158196366,0.09855057517281118,0.797828770572922,0.7556666731834412,0.2885000065167745,0.050166673183441146,0.7543333172798157,0.287166650613149,0.04883331727981566,0.8726104497909546,0.4054437831242879,0.16711044979095457,0.8725858926773071,0.40541922601064045,0.1670858926773071,0.6952368931613098,0.2280702264946431,0.01026310683869025
zscore_norm,corr_target_elastic_transform_sev5,163,6000,False,True,False,0.2653333333333333,0.2653333333333333,0.7426666666666667,0.8728160811572422,0.8752682273868625,0.6074827478239089,0.1326015607201958,0.6688684599404411,0.7631743508517792,0.4035351266071078,0.020507684185112507,0.7242840583729927,0.6700000166893005,0.4046666833559672,0.07266664997736616,0.6549999713897705,0.3896666380564372,0.08766669527689619,0.8277032971382141,0.5623699638048808,0.08503663047154741,0.8276787400245667,0.5623454066912333,0.08501207335789995,0.5220533029401944,0.25671996960686105,0.22061336372647233
zscore_norm,corr_target_pixelate_sev1,164,6000,False,True,False,0.6531666666666667,0.6531666666666667,0.7308333333333333,0.9501312335958005,0.9503310877806941,0.29696456692913387,0.21949775444736075,0.873621473029704,0.8777618856824354,0.22045480636303738,0.14692855234910207,0.8748368472235479,0.8488333225250244,0.19566665585835774,0.11799998919169108,0.8550000190734863,0.20183335240681965,0.124166685740153,0.9200558066368103,0.26688913997014363,0.18922247330347697,0.9200312495231628,0.26686458285649617,0.1891979161898295,0.8614213976121681,0.2082547309455014,0.13058806427883474
zscore_norm,corr_target_pixelate_sev2,165,6000,False,True,False,0.6381666666666667,0.6381666666666667,0.72,0.9438479140996302,0.944291992003656,0.30568124743296354,0.22429199200365602,0.8659381893914052,0.8731328631278134,0.22777152272473855,0.15313286312781338,0.866990988654761,0.8413333296775818,0.20316666301091513,0.12133332967758181,0.8463333249092102,0.20816665824254355,0.12633332490921023,0.9172254204750061,0.27905875380833944,0.19722542047500613,0.9172008633613586,0.279034196694692,0.19720086336135867,0.8541959388120889,0.21602927214542222,0.1341959388120889
zscore_norm,corr_target_pixelate_sev3,166,6000,False,True,False,0.5738333333333333,0.5738333333333333,0.7036666666666667,0.9287627209426887,0.9289768196155448,0.35492938760935544,0.22531015294887813,0.8192503949501557,0.834474353008921,0.24541706161682242,0.13080768634225437,0.8346802311074233,0.7989999651908875,0.22516663185755414,0.09533329852422079,0.796833336353302,0.2230000030199687,0.09316666968663534,0.8955893516540527,0.32175601832071943,0.19192268498738607,0.8955647945404053,0.32173146120707197,0.1918981278737386,0.8110169293252825,0.23718359599194916,0.1073502626586158
zscore_norm,corr_target_pixelate_sev4,167,6000,False,True,False,0.4785,0.4785,0.7136666666666667,0.9021043000914913,0.9032767656473843,0.42360430009149136,0.18961009898071768,0.734406275469198,0.7964840784141456,0.25590627546919803,0.08281741174747892,0.7825102239361245,0.7306666374206543,0.2521666374206543,0.016999970753987625,0.7208333015441895,0.24233330154418947,0.007166634877522782,0.8598412871360779,0.3813412871360779,0.1461746204694112,0.8598167300224304,0.38131673002243044,0.14615006335576375,0.716472704834658,0.237972704834658,0.0028060381679912982
zscore_norm,corr_target_pixelate_sev5,168,6000,False,True,False,0.3968333333333333,0.3968333333333333,0.7223333333333334,0.8962472406181016,0.896718665685553,0.49941390728476825,0.17438533235221965,0.7041093001370722,0.7726216343502498,0.30727596680373886,0.05028830101691639,0.7429010731639701,0.6856666803359985,0.2888333470026652,0.03666665299733485,0.6668333411216736,0.27000000778834027,0.0554999922116598,0.836438775062561,0.4396054417292277,0.11410544172922765,0.8364142179489136,0.43958088461558026,0.11408088461558019,0.6347526412682261,0.23791930793489274,0.08758069206510732
zscore_norm,corr_target_jpeg_compression_sev1,169,6000,False,True,False,0.658,0.658,0.735,0.9440337909186906,0.9440337909186906,0.2860337909186905,0.20903379091869057,0.8643755954696403,0.8698135757196805,0.20637559546964024,0.13481357571968056,0.8751521805140003,0.8496666550636292,0.19166665506362912,0.11466665506362916,0.8523333072662354,0.19433330726623532,0.11733330726623536,0.9209893345832825,0.26298933458328244,0.18598933458328248,0.920964777469635,0.262964777469635,0.18596477746963502,0.8507741549061718,0.19277415490617178,0.11577415490617182
zscore_norm,corr_target_jpeg_compression_sev2,170,6000,False,True,False,0.6335,0.6335,0.7328333333333333,0.9410518884574657,0.9410518884574657,0.3075518884574657,0.20821855512413234,0.8454077646325558,0.8601424743436581,0.2119077646325559,0.12730914101032476,0.8654325168249135,0.8401666283607483,0.20666662836074834,0.10733329502741495,0.8453333377838135,0.21183333778381352,0.11250000445048014,0.9158288240432739,0.282328824043274,0.1829954907099406,0.9158042669296265,0.2823042669296265,0.18297093359629313,0.8370755422584117,0.2035755422584118,0.1042422089250784
zscore_norm,corr_target_jpeg_compression_sev3,171,6000,False,True,False,0.62,0.62,0.7248333333333333,0.9308624376336422,0.9317125207887859,0.3108624376336422,0.20687918745545253,0.8291913725173042,0.8477830759951073,0.20919137251730424,0.12294974266177394,0.8553053417914209,0.82833331823349,0.20833331823349,0.10349998490015666,0.8264999985694885,0.20649999856948853,0.1016666652361552,0.9085106253623962,0.28851062536239624,0.1836772920290629,0.9084860682487488,0.2884860682487488,0.18365273491541545,0.8278741626374733,0.20787416263747327,0.10304082930413994
zscore_norm,corr_target_jpeg_compression_sev4,172,6000,False,True,False,0.5563333333333333,0.5563333333333333,0.7145,0.9181391994230076,0.9186335087224689,0.36180586608967424,0.20413350872246883,0.7698230001238106,0.8177270435695572,0.2134896667904772,0.10322704356955714,0.8198065490133654,0.7820000052452087,0.2256666719118754,0.06750000524520872,0.7786666750907898,0.22233334175745645,0.06416667509078977,0.886608898639679,0.3302755653063456,0.17210889863967893,0.8865843415260315,0.33025100819269815,0.17208434152603147,0.7780160296446054,0.22168269631127202,0.06351602964460534
zscore_norm,corr_target_jpeg_compression_sev5,173,6000,False,True,False,0.45266666666666666,0.45266666666666666,0.722,0.8978692138133725,0.8983403389199242,0.4452025471467058,0.17634033891992418,0.696478905336176,0.7739122610503425,0.2438122386695093,0.05191226105034252,0.757656610706523,0.7078333497047424,0.25516668303807577,0.014166650295257543,0.6924999952316284,0.23983332856496176,0.029500004768371557,0.8489679098129272,0.3963012431462606,0.12696790981292727,0.8489433526992798,0.3962766860326131,0.1269433526992798,0.6913738310939139,0.23870716442724726,0.03062616890608605
zscore_norm,corr_target_speckle_noise_sev1,174,6000,False,True,False,0.6255,0.6255,0.7213333333333334,0.931433659839715,0.9342268152451215,0.3059336598397151,0.21289348191178814,0.8493788622380101,0.8538346938530628,0.22387886223801012,0.13250136051972938,0.8663051357356724,0.843666672706604,0.21816667270660406,0.12233333937327062,0.8471666574478149,0.221666657447815,0.12583332411448156,0.9169219732284546,0.29142197322845464,0.1955886398951212,0.9168974161148071,0.2913974161148072,0.19556408278147375,0.8534768780605622,0.22797687806056222,0.13214354472722878
zscore_norm,corr_target_speckle_noise_sev2,175,6000,False,True,False,0.5786666666666667,0.5786666666666667,0.7068333333333333,0.9235737351991388,0.9247570257484563,0.3449070685324721,0.217923692415123,0.8291352802986564,0.838385786025868,0.2504686136319897,0.13155245269253468,0.8554423436833752,0.8321666717529297,0.253500005086263,0.12533333841959637,0.8330000042915344,0.25433333762486776,0.1261666709582011,0.910775363445282,0.3321086967786153,0.20394203011194867,0.9107508063316345,0.33208413966496786,0.2039174729983012,0.8257930484912384,0.2471263818245717,0.11895971515790504
zscore_norm,corr_target_speckle_noise_sev3,176,6000,False,True,False,0.44283333333333336,0.44283333333333336,0.6955,0.8931931377974545,0.8942589744442971,0.4503598044641211,0.19875897444429713,0.7503829376231144,0.7974856726357625,0.307549604289781,0.10198567263576253,0.8132845600900505,0.7786666750907898,0.33583334175745644,0.08316667509078979,0.7743332982063293,0.331499964872996,0.07883329820632934,0.8834048509597778,0.4405715176264445,0.18790485095977782,0.8833802938461304,0.440546960512797,0.18788029384613036,0.717604098506677,0.2747707651733436,0.02210409850667694
zscore_norm,corr_target_speckle_noise_sev4,177,6000,False,True,False,0.372,0.372,0.7106666666666667,0.8677108888469524,0.8677108888469524,0.49571088884695236,0.1570442221802857,0.6905435380965722,0.7770436151247894,0.3185435380965722,0.0663769484581227,0.7824951621626026,0.7294999957084656,0.3574999957084656,0.018833329041798907,0.7268333435058594,0.3548333435058594,0.016166676839192706,0.8614289164543152,0.4894289164543152,0.15076224978764852,0.8614043593406677,0.4894043593406677,0.15073769267400106,0.6527448041678258,0.28074480416782577,0.057921862498840904
zscore_norm,corr_target_speckle_noise_sev5,178,6000,False,True,False,0.2906666666666667,0.2906666666666667,0.7501666666666666,0.839907192575406,0.8401240634725909,0.5492405259087394,0.0899573968059243,0.6237947477014524,0.7698180251759738,0.3331280810347857,0.019651358509307104,0.7514475451898971,0.7018333077430725,0.4111666410764058,0.04833335892359414,0.6869999766349792,0.39633330996831256,0.0631666900316874,0.8430164456367493,0.5523497789700826,0.09284977897008262,0.8429918885231018,0.5523252218564352,0.09282522185643516,0.5865240970562833,0.2958574303896166,0.16364256961038337
zscore_norm,corr_target_spatter_sev1,179,6000,False,True,False,0.6903333333333334,0.6903333333333334,0.7471666666666666,0.9473684210526316,0.9478723392121139,0.2570350877192983,0.20070567254544724,0.8842967183352867,0.8949951010050875,0.19396338500195331,0.14782843433842086,0.8864346538237088,0.8638333082199097,0.1734999748865763,0.11666664155324302,0.8684999942779541,0.17816666094462075,0.12133332761128746,0.9283747673034668,0.23804143397013344,0.18120810063680015,0.9283502101898193,0.23801687685648598,0.1811835435231527,0.888218314707258,0.19788498137392463,0.14105164804059134
zscore_norm,corr_target_spatter_sev2,180,6000,False,True,False,0.6295,0.6295,0.7215,0.9195029713668288,0.9197259094995972,0.29000297136682884,0.19822590949959717,0.8345748263121726,0.8557545296598276,0.20507482631217266,0.13425452965982754,0.8532095863765038,0.8209999799728394,0.1914999799728394,0.09949997997283933,0.8216666579246521,0.19216665792465215,0.10016665792465207,0.9064518213272095,0.2769518213272095,0.18495182132720944,0.906427264213562,0.27692726421356206,0.18492726421356198,0.8664307773555113,0.23693077735551138,0.1449307773555113
zscore_norm,corr_target_spatter_sev3,181,6000,False,True,False,0.569,0.569,0.7141666666666666,0.9002932551319649,0.9016772070657701,0.33129325513196495,0.18751054039910353,0.7796909277986073,0.8291093961098601,0.21069092779860732,0.1149427294431935,0.8240642111525073,0.7873333096504211,0.2183333096504212,0.07316664298375453,0.7828333377838135,0.21383333778381353,0.06866667111714686,0.8886426687240601,0.3196426687240601,0.17447600205739344,0.8886181116104126,0.31961811161041265,0.17445144494374598,0.8198901775736376,0.25089017757363763,0.10572351090697096
zscore_norm,corr_target_spatter_sev4,182,6000,False,True,False,0.5101666666666667,0.5101666666666667,0.699,0.8982739625413148,0.8984245055959401,0.3881072958746481,0.19942450559594016,0.7630492358470854,0.803056937765946,0.25288256918041874,0.10405693776594604,0.7999003066560162,0.7561666369438171,0.24599997027715048,0.057166636943817184,0.7546666860580444,0.24450001939137778,0.05566668605804448,0.8745474219322205,0.3643807552655538,0.1755474219322205,0.874522864818573,0.36435619815190634,0.17552286481857304,0.7737707393663593,0.26360407269969266,0.07477073936635936
zscore_norm,corr_target_spatter_sev5,183,6000,False,True,False,0.42033333333333334,0.42033333333333334,0.6966666666666667,0.8960441582336707,0.8975084636274814,0.47571082490033734,0.20084179696081472,0.7403461031225339,0.7769841360641851,0.32001276978920057,0.08031746939751849,0.7664735921849014,0.7171666622161865,0.2968333288828532,0.020499995549519867,0.7068333029747009,0.2864999696413676,0.010166636308034271,0.8530630469322205,0.4327297135988871,0.1563963802655538,0.853038489818573,0.43270515648523966,0.15637182315190634,0.6916287478241552,0.27129541449082184,0.00503791884251148
zscore_norm,corr_target_gaussian_blur_sev1,184,6000,False,True,False,0.6666666666666666,0.6666666666666666,0.7385,0.9521480964023752,0.9526215671740927,0.28548142973570856,0.2141215671740927,0.8723925290810663,0.8775432193620892,0.20572586241439972,0.1390432193620892,0.8759694925923871,0.8576666712760925,0.1910000046094259,0.11916667127609248,0.8600000143051147,0.19333334763844812,0.1215000143051147,0.9237697124481201,0.2571030457814535,0.18526971244812007,0.9237451553344727,0.257078488667806,0.1852451553344726,0.8825000905169591,0.21583342385029247,0.14400009051695906
zscore_norm,corr_target_gaussian_blur_sev2,185,6000,False,True,False,0.5941666666666666,0.5941666666666666,0.7053333333333334,0.9357928343384179,0.9364569289191579,0.34162616767175125,0.23112359558582452,0.808019294494162,0.8422063315144419,0.21385262782749537,0.13687299818110854,0.8368375590524976,0.8028333187103271,0.20866665204366053,0.09749998537699378,0.8014999628067017,0.20733329614003504,0.09616662947336829,0.8962870240211487,0.30212035735448206,0.19095369068781531,0.8962624669075012,0.3020958002408346,0.19092913357416785,0.8590863041232577,0.2649196374565911,0.15375297078992434
zscore_norm,corr_target_gaussian_blur_sev3,186,6000,False,True,False,0.5073333333333333,0.5073333333333333,0.6911666666666667,0.916380711576666,0.916380711576666,0.4090473782433327,0.2252140449099993,0.7305129298245545,0.8100806828776452,0.2231795964912212,0.11891401621097852,0.784320950348915,0.7378333210945129,0.23049998776117964,0.04666665442784623,0.7304999828338623,0.223166649500529,0.0393333161671956,0.8628634214401245,0.3555300881067912,0.1716967547734578,0.862838864326477,0.35550553099314375,0.17167219765981034,0.8022669603077257,0.2949336269743924,0.111100293641059
zscore_norm,corr_target_gaussian_blur_sev4,187,6000,False,True,False,0.41633333333333333,0.41633333333333333,0.6946666666666667,0.9120580235720761,0.9127890324066447,0.49572469023874277,0.218122365739978,0.6606473583213507,0.7812576299385853,0.24431402498801735,0.08659096327191862,0.7249905760453533,0.6673333048820496,0.2509999715487162,0.027333361784617094,0.6434999704360962,0.22716663710276286,0.05116669623057046,0.8256465792655945,0.40931324593226115,0.13097991259892783,0.825622022151947,0.4092886888186137,0.13095535548528037,0.7332283095362943,0.3168949762029609,0.0385616428696276
zscore_norm,corr_target_gaussian_blur_sev5,188,6000,False,True,False,0.25833333333333336,0.25833333333333336,0.76,0.8886830894610113,0.8890322732877219,0.6303497561276779,0.12903227328772193,0.5806961928631746,0.7435684287113276,0.3223628595298413,0.016431571288672453,0.6017846661661038,0.5199999809265137,0.2616666475931803,0.24000001907348634,0.47583332657814026,0.2174999932448069,0.28416667342185975,0.7443373799324036,0.4860040465990702,0.015662620067596444,0.7443128228187561,0.48597948948542274,0.015687177181243905,0.5768721071296081,0.31853877379627477,0.18312789287039188
zscore_norm,corr_target_saturate_sev1,189,6000,False,True,False,0.6561666666666667,0.6561666666666667,0.7503333333333333,0.9455184534270651,0.9461364720161661,0.2893517867603984,0.19580313868283283,0.8761345999892131,0.882582416708921,0.21996793332254638,0.13224908337558772,0.8757934505834643,0.8466666340827942,0.1904999674161275,0.09633330074946089,0.8519999980926514,0.1958333314259847,0.10166666475931807,0.9206880331039429,0.2645213664372762,0.17035469977060957,0.9206634759902954,0.26449680932362873,0.1703301426569621,0.8552721681889979,0.1991055015223312,0.10493883485566458
zscore_norm,corr_target_saturate_sev2,190,6000,False,True,False,0.6296666666666667,0.6296666666666667,0.7503333333333333,0.94681411269089,0.9469853719659385,0.3171474460242233,0.19665203863260516,0.8637004341861723,0.8715983833674104,0.23403376751950555,0.12126505003407706,0.8641278057553613,0.8326666355133057,0.20299996884663896,0.08233330217997237,0.8336666822433472,0.20400001557668046,0.08333334891001387,0.9129573702812195,0.2832907036145528,0.16262403694788619,0.912932813167572,0.2832661465009053,0.16259947983423872,0.8401570070717206,0.21049034040505388,0.08982367373838729
zscore_norm,corr_target_saturate_sev3,191,6000,False,True,False,0.6848333333333333,0.6848333333333333,0.739,0.9561586638830898,0.9563545001159823,0.2713253305497565,0.21735450011598234,0.8942218683678537,0.8961630846671407,0.20938853503452037,0.15716308466714068,0.888398588596763,0.8733333349227905,0.18850000158945723,0.13433333492279054,0.878166675567627,0.19333334223429366,0.13916667556762696,0.93206787109375,0.2472345377604167,0.19306787109375,0.9320433139801025,0.24720998064676925,0.19304331398010255,0.8788483777557717,0.19401504442243844,0.13984837775577175
zscore_norm,corr_target_saturate_sev4,192,6000,False,True,False,0.6226666666666667,0.6226666666666667,0.7133333333333334,0.9386166637183796,0.9403509526327085,0.3159499970517129,0.22701761929937514,0.8609222765106501,0.8649376958360405,0.23825560984398342,0.15160436250270715,0.8641291311914311,0.8388333320617676,0.21616666539510088,0.1254999987284342,0.8371666669845581,0.2145000003178914,0.12383333365122473,0.9147777557373047,0.292111089070638,0.2014444224039713,0.9147531986236572,0.2920865319569905,0.20141986529032385,0.826892083225752,0.20422541655908533,0.11355874989241865
zscore_norm,corr_target_saturate_sev5,193,6000,False,True,False,0.5358333333333334,0.5358333333333334,0.6738333333333333,0.9412387506617257,0.9416501970472324,0.4054054173283923,0.2678168637138991,0.8358482742966288,0.8417285336375763,0.3000149409632954,0.167895200304243,0.8423990888018744,0.8149999976158142,0.2791666642824808,0.14116666428248092,0.8178333044052124,0.281999971071879,0.14399997107187912,0.9022430777549744,0.366409744421641,0.22840974442164108,0.9022185206413269,0.3663851873079935,0.22838518730799362,0.7539629202440222,0.21812958691068884,0.08012958691068894
