testset,testset_idx,n_samples,is_source,is_target,is_clean,true_acc,acc_st_true,acc_ta_true,acc_st_tdc,acc_ta_tdc,err_st_tdc,err_ta_tdc,acc_st_mm,acc_ta_mm,err_st_mm,err_ta_mm,mano_fro_norm,est_ATC,err_ATC,err_ta_ATC,est_ATC-NE,err_ATC-NE,err_ta_ATC-NE,est_AC,err_AC,err_ta_AC,est_DOC,err_DOC,err_ta_DOC,est_COT,err_COT,err_ta_COT
val_source,0,10000,True,False,True,0.9692,0.9692,0.9713,0.9962862591588879,0.9962862591588879,0.02708625915888796,0.024986259158887858,0.9940185194406617,0.9940185194406617,0.024818519440661713,0.02271851944066161,0.984037298114581,0.9827999472618103,0.013599947261810352,0.01149994726181025,0.9855999946594238,0.016399994659423878,0.014299994659423776,0.9905527234077454,0.02135272340774541,0.01925272340774531,0.9905281662940979,0.02132816629409795,0.019228166294097848,0.9766706740721954,0.007470674072195482,0.0053706740721953805
val_target,1,154121,False,True,True,0.7322752901940683,0.7322752901940683,0.7678187917285769,0.9684555043906617,0.9685309782972052,0.2361802141965934,0.20071218656862833,0.9165121962077707,0.9166280364134709,0.18423690601370235,0.14880924468489398,0.9052647767133614,0.888211190700531,0.15593590050646267,0.12039239897195408,0.8949137330055237,0.16263844281145534,0.12709494127694676,0.9412089586257935,0.20893366843172512,0.17339016689721654,0.941184401512146,0.20890911131807766,0.17336560978356907,0.9996770456336997,0.2674017554396314,0.23185825390512282
imagenet_val_source,2,6000,True,False,True,0.9425,0.9425,0.9455,0.9931196509481457,0.9931196509481457,0.05061965094814569,0.047619650948145686,0.9881247934309285,0.9883669173968456,0.04562479343092851,0.04286691739684556,0.975879658600942,0.9708333015441895,0.02833330154418945,0.025333301544189446,0.9753333330154419,0.03283333301544189,0.029833333015441887,0.9847238063812256,0.04222380638122558,0.03922380638122558,0.9846992492675781,0.04219924926757812,0.03919924926757812,0.97595053128438,0.033450531284380025,0.030450531284380022
imagenet_val_target,3,6000,False,True,True,0.717,0.717,0.7596666666666667,0.9674754775425916,0.9682901331093826,0.2504754775425916,0.2086234664427159,0.9119634952677059,0.9121021024244962,0.19496349526770596,0.15243543575782947,0.9025078555610427,0.8819999694824219,0.1649999694824219,0.12233330281575516,0.8920000195503235,0.17500001955032352,0.13233335288365677,0.9389160871505737,0.22191608715057376,0.17924942048390702,0.9388915300369263,0.2218915300369263,0.17922486337025956,0.8951577999032317,0.17815779990323177,0.13549113323656503
corr_source_fog_sev1,4,6000,True,False,False,0.8673333333333333,0.8673333333333333,0.8821666666666667,0.9811512990320937,0.9811512990320937,0.11381796569876046,0.0989846323654271,0.957511111036182,0.9578387579572826,0.09017777770284874,0.07567209129061592,0.9418753552388132,0.9329999685287476,0.06566663519541427,0.050833301862080904,0.9386666417121887,0.07133330837885543,0.056499975045522066,0.9649282097816467,0.09759487644831344,0.08276154311498007,0.9649036526679993,0.09757031933466598,0.08273698600133261,0.9432189626619222,0.07588562932858889,0.06105229599525552
corr_source_fog_sev2,5,6000,True,False,False,0.8376666666666667,0.8376666666666667,0.8611666666666666,0.9740082079343365,0.9743566430420253,0.13634154126766984,0.11318997637535866,0.9405167709661286,0.940551568424403,0.10285010429946195,0.07938490175773638,0.9256545481209656,0.9114999771118164,0.07383331044514974,0.05033331044514977,0.9149999618530273,0.07733329518636067,0.05383329518636071,0.9543020725250244,0.11663540585835774,0.09313540585835778,0.954277515411377,0.11661084874471028,0.09311084874471032,0.92175899737348,0.08409233070681332,0.06059233070681336
corr_source_fog_sev3,6,6000,True,False,False,0.7845,0.7845,0.8265,0.9678307242387751,0.9682067205688399,0.18333072423877517,0.14170672056883993,0.9004492753530142,0.901523459525721,0.11594927535301425,0.07502345952572098,0.897882686147969,0.8786666393280029,0.09416663932800295,0.05216663932800292,0.8776666522026062,0.09316665220260623,0.05116665220260619,0.9363438487052917,0.15184384870529177,0.10984384870529174,0.9363192915916443,0.1518192915916443,0.10981929159164427,0.8901177988706526,0.10561779887065259,0.06361779887065255
corr_source_fog_sev4,7,6000,True,False,False,0.734,0.734,0.8003333333333333,0.9640883977900553,0.9642789479742173,0.2300883977900553,0.16394561464088397,0.8651440462911478,0.8773369600369767,0.13114404629114784,0.07700362670364336,0.8766112446386038,0.8579999804496765,0.12399998044967653,0.05766664711634317,0.8553333282470703,0.12133332824707033,0.05499999491373697,0.9237055778503418,0.1897055778503418,0.12337224451700846,0.9236810207366943,0.18968102073669435,0.123347687403361,0.8632146672004443,0.12921466720044428,0.06288133386711092
corr_source_fog_sev5,8,6000,True,False,False,0.5853333333333334,0.5853333333333334,0.7438333333333333,0.9359815570136549,0.9363139835588551,0.35064822368032156,0.19248065022552174,0.7351689573471161,0.8285787099379838,0.1498356240137827,0.08474537660465042,0.804858642499392,0.7608333230018616,0.1754999896685282,0.016999989668528226,0.7476666569709778,0.1623333236376444,0.003833323637644437,0.8744106888771057,0.28907735554377234,0.13057735554377237,0.8743861317634583,0.2890527984301249,0.1305527984301249,0.7544261524554225,0.16909281912208918,0.010592819122089203
corr_source_frost_sev1,9,6000,True,False,False,0.8555,0.8555,0.8731666666666666,0.9778534923339012,0.9778534923339012,0.12235349233390114,0.10468682566723453,0.9464179511649335,0.9479303019658102,0.09091795116493351,0.07476363529914354,0.9330532527574374,0.922333300113678,0.06683330011367794,0.04916663344701133,0.925166666507721,0.06966666650772091,0.0519999998410543,0.957651674747467,0.102151674747467,0.0844850080808004,0.9576271176338196,0.10212711763381954,0.08446045096715293,0.9318257292542997,0.0763257292542997,0.05865906258763309
corr_source_frost_sev2,10,6000,True,False,False,0.734,0.734,0.7961666666666667,0.9640883977900553,0.9643022946637524,0.2300883977900553,0.1681356279970857,0.8783603223032257,0.8883641911241521,0.1443603223032257,0.09219752445748541,0.8809219242205425,0.8621666431427002,0.1281666431427002,0.0659999764760335,0.8619999885559082,0.12799998855590822,0.06583332188924151,0.9271858334541321,0.1931858334541321,0.1310191667874654,0.9271612763404846,0.19316127634048463,0.13099460967381793,0.8578220952021154,0.1238220952021154,0.0616554285354487
corr_source_frost_sev3,11,6000,True,False,False,0.6253333333333333,0.6253333333333333,0.7455,0.9412387506617257,0.9416879465967752,0.3159054173283924,0.1961879465967752,0.8062603272924826,0.8404689432934754,0.18092699395914935,0.09496894329347538,0.832825464068855,0.7988333106040955,0.17349997727076216,0.05333331060409541,0.7946666479110718,0.16933331457773848,0.049166647911071726,0.895237147808075,0.26990381447474165,0.1497371478080749,0.8952125906944275,0.2698792573610942,0.14971259069442744,0.7824658177817835,0.15713248444845018,0.03696581778178343
corr_source_frost_sev4,12,6000,True,False,False,0.6031666666666666,0.6031666666666666,0.7386666666666667,0.9373007438894793,0.9374704375301203,0.33413407722281263,0.19880377086345358,0.7960693977095287,0.837970454563652,0.19290273104286204,0.09930378789698535,0.8275266116496982,0.7904999852180481,0.18733331855138147,0.0518333185513814,0.7873333096504211,0.1841666429837545,0.04866664298375445,0.890481173992157,0.28731450732549035,0.1518145073254903,0.8904566168785095,0.2872899502118429,0.15178995021184283,0.7648997540785797,0.16173308741191306,0.026233087411912992
corr_source_frost_sev5,13,6000,True,False,False,0.5298333333333334,0.5298333333333334,0.723,0.9297181591152337,0.9308288822169103,0.3998848257819003,0.20782888221691032,0.7502958940053366,0.8159004055223106,0.2204625606720032,0.0929004055223106,0.7964787536886163,0.7581666707992554,0.228333337465922,0.035166670799255395,0.7431666851043701,0.21333335177103674,0.02016668510437014,0.8723322749137878,0.34249894158045446,0.14933227491378787,0.8723077178001404,0.342474384466807,0.1493077178001404,0.7109858143662249,0.1811524810328915,0.012014185633775099
corr_source_motion_blur_sev1,14,6000,True,False,False,0.8776666666666667,0.8776666666666667,0.8923333333333333,0.9832231825114388,0.983245145453753,0.1055565158447721,0.09091181212041965,0.9566264983041308,0.957017859094934,0.07895983163746412,0.06468452576160066,0.9439562898685848,0.9311666488647461,0.05349998219807939,0.03883331553141278,0.937999963760376,0.06033329709370927,0.045666630427042665,0.9644448161125183,0.0867781494458516,0.072111482779185,0.9644202589988708,0.08675359233220414,0.07208692566553754,0.9437849812216489,0.06611831455498218,0.05145164788831558
corr_source_motion_blur_sev2,15,6000,True,False,False,0.8056666666666666,0.8056666666666666,0.8425,0.9729544676480658,0.9729544676480658,0.16728780098139917,0.13045446764806579,0.9169843305945409,0.9177535835872306,0.11131766392787423,0.07525358358723055,0.910447940584982,0.8924999833106995,0.08683331664403282,0.049999983310699436,0.8951666355133057,0.08949996884663902,0.05266663551330564,0.9433603286743164,0.13769366200764976,0.10086032867431638,0.943335771560669,0.1376691048940023,0.10083577156066892,0.9070282493209618,0.10136158265429518,0.0645282493209618
corr_source_motion_blur_sev3,16,6000,True,False,False,0.6706666666666666,0.6706666666666666,0.7745,0.9519650655021834,0.9519650655021834,0.28129839883551677,0.17746506550218344,0.8199449570051638,0.8497039104492704,0.14927829033849715,0.07520391044927044,0.8467294089364854,0.8133333325386047,0.1426666658719381,0.03883333253860477,0.8081666827201843,0.1375000160535177,0.03366668272018436,0.9012369513511658,0.23057028468449914,0.1267369513511658,0.9012123942375183,0.23054572757085168,0.12671239423751834,0.8218909279402021,0.1512242612735355,0.047390927940202165
corr_source_motion_blur_sev4,17,6000,True,False,False,0.5133333333333333,0.5133333333333333,0.7188333333333333,0.9210573637834923,0.9216462466279267,0.40772403045015904,0.2028129132945934,0.7029242625530412,0.7932366495449631,0.18959092921970788,0.07440331621162977,0.7670956434313517,0.7204999923706055,0.20716665903727216,0.0016666590372721446,0.7036666870117188,0.19033335367838544,0.015166646321614574,0.8513342142105103,0.33800088087717695,0.13250088087717693,0.8513096570968628,0.3379763237635295,0.13247632376352947,0.7205238895205409,0.2071905561872076,0.0016905561872075925
corr_source_motion_blur_sev5,18,6000,True,False,False,0.4181666666666667,0.4181666666666667,0.7206666666666667,0.903107861060329,0.9032442009211252,0.48494119439366234,0.18257753425445855,0.6427590780219044,0.7812800147122094,0.22459241135523766,0.06061334804554275,0.7219483387823263,0.6650000214576721,0.24683335479100543,0.05566664520899456,0.6416666507720947,0.22349998410542804,0.07900001589457195,0.822624683380127,0.40445801671346027,0.10195801671346028,0.8226001262664795,0.4044334595998128,0.10193345959981281,0.6547856193037255,0.2366189526370588,0.0658810473629412
corr_source_brightness_sev1,19,6000,True,False,False,0.9265,0.9265,0.9335,0.9914271306101865,0.9914271306101865,0.06492713061018651,0.057927130610186506,0.9813037940263971,0.9814211113567143,0.054803794026397123,0.047921111356714285,0.9678931833145554,0.9616666436195374,0.03516664361953736,0.028166643619537357,0.965833306312561,0.039333306312561045,0.03233330631256104,0.9799410700798035,0.05344107007980348,0.04644107007980347,0.979916512966156,0.053416512966156016,0.04641651296615601,0.9672151685772766,0.04071516857727664,0.03371516857727663
corr_source_brightness_sev2,20,6000,True,False,False,0.9181666666666667,0.9181666666666667,0.9233333333333333,0.9892183288409704,0.9892183288409704,0.0710516621743037,0.06588499550763705,0.9775285868347854,0.977580712288553,0.0593619201681187,0.054247378955219694,0.9632108996562869,0.9570000171661377,0.03883335049947101,0.033666683832804356,0.9603333473205566,0.042166680653889954,0.0370000139872233,0.976940393447876,0.05877372678120929,0.05360706011454264,0.9769158363342285,0.05874916966756183,0.053582503000895176,0.9630569281753986,0.04489026150873188,0.039723594842065224
corr_source_brightness_sev3,21,6000,True,False,False,0.9051666666666667,0.9051666666666667,0.9115,0.9868287740628165,0.9868287740628165,0.08166210739614987,0.07532877406281657,0.9712826846364903,0.9713659194769352,0.06611601796982358,0.0598659194769352,0.956623241400417,0.9508333206176758,0.045666653951009106,0.039333320617675804,0.953166663646698,0.04799999698003132,0.04166666364669802,0.9729909300804138,0.06782426341374714,0.06149093008041384,0.9729663729667664,0.06779970630009968,0.06146637296676638,0.9586536662349826,0.05348699956831593,0.04715366623498263
corr_source_brightness_sev4,22,6000,True,False,False,0.8831666666666667,0.8831666666666667,0.8963333333333333,0.9823609226594301,0.9827949045891125,0.09919425599276344,0.08646157125577913,0.958636645878308,0.9599227664209188,0.07546997921164134,0.06358943308758547,0.9445752685132366,0.9331666827201843,0.05000001605351767,0.03683334938685101,0.9348333477973938,0.05166668113072714,0.038500014464060484,0.9644041061401367,0.08123743947347006,0.0680707728068034,0.9643795490264893,0.0812128823598226,0.06804621569315594,0.9456530329936028,0.06248636632693616,0.0493196996602695
corr_source_brightness_sev5,23,6000,True,False,False,0.8478333333333333,0.8478333333333333,0.8698333333333333,0.9776793320838303,0.978042199125348,0.12984599875049696,0.10820886579201461,0.9381458507010957,0.9401411650099099,0.09031251736776236,0.0703078316765765,0.9296404958657744,0.9164999723434448,0.0686666390101115,0.04666663901011148,0.9214999675750732,0.07366663424173991,0.051666634241739895,0.955610990524292,0.10777765719095866,0.08577765719095864,0.9555864334106445,0.1077531000773112,0.08575310007731118,0.9224328487841169,0.07459951545078358,0.05259951545078356
corr_source_zoom_blur_sev1,24,6000,True,False,False,0.8063333333333333,0.8063333333333333,0.8505,0.9699570815450643,0.9699570815450643,0.16362374821173098,0.11945708154506429,0.9251866960555375,0.9258024777692695,0.11885336272220415,0.07530247776926946,0.9107920719864081,0.8914999961853027,0.08516666285196939,0.0409999961853027,0.8945000171661377,0.08816668383280435,0.04400001716613766,0.9436429142951965,0.1373095809618632,0.0931429142951965,0.9436183571815491,0.13728502384821573,0.09311835718154904,0.8937778896909435,0.08744455635761017,0.04327788969094348
corr_source_zoom_blur_sev2,25,6000,True,False,False,0.7303333333333333,0.7303333333333333,0.8086666666666666,0.9545216936748563,0.9545880212756965,0.224188360341523,0.14592135460902989,0.8836139192066682,0.8863830449548632,0.15328058587333493,0.07771637828819655,0.8758321292178682,0.8529999852180481,0.12266665188471482,0.04433331855138145,0.8501666784286499,0.11983334509531662,0.04150001176198326,0.9206756353378296,0.1903423020044963,0.11200896867116295,0.9206510782241821,0.19031774489084885,0.11198441155751548,0.8404609030562282,0.11012756972289495,0.03179423638956158
corr_source_zoom_blur_sev3,26,6000,True,False,False,0.6638333333333334,0.6638333333333334,0.7748333333333334,0.9356040447046301,0.9362953621755596,0.2717707113712967,0.16146202884222627,0.8425096210570512,0.8493940736990602,0.1786762877237178,0.0745607403657268,0.8453848142906475,0.8106666803359985,0.14683334700266515,0.03583334700266516,0.8040000200271606,0.14016668669382726,0.02916668669382727,0.9009925723075867,0.23715923897425328,0.1261592389742533,0.9009680151939392,0.23713468186060582,0.12613468186060584,0.7980387293441725,0.13420539601083914,0.023205396010839152
corr_source_zoom_blur_sev4,27,6000,True,False,False,0.602,0.602,0.7631666666666667,0.9293361884368309,0.9293815818053014,0.3273361884368309,0.16621491513863473,0.8042882703730468,0.8265771582729667,0.20228827037304686,0.06341049160630008,0.8180047994175939,0.7758333086967468,0.17383330869674685,0.012666642030080166,0.7668333053588867,0.16483330535888674,0.003666638692220059,0.8838565349578857,0.28185653495788576,0.12068986829121908,0.8838319778442383,0.2818319778442383,0.12066531117757162,0.7569710717538959,0.1549710717538959,0.006195594912770774
corr_source_zoom_blur_sev5,28,6000,True,False,False,0.5371666666666667,0.5371666666666667,0.755,0.9126495106922798,0.9145419683684802,0.37548284402561316,0.15954196836848022,0.7636468893375484,0.806757482173925,0.22648022267088175,0.05175748217392495,0.7897683118549966,0.7426666617393494,0.20549999507268268,0.01233333826065064,0.7326666712760925,0.19550000460942585,0.022333328723907475,0.8649423122406006,0.3277756455739339,0.10994231224060058,0.8649177551269531,0.32775108846028644,0.10991775512695312,0.7135331860396805,0.17636651937301384,0.04146681396031948
corr_source_snow_sev1,29,6000,True,False,False,0.8298333333333333,0.8298333333333333,0.8601666666666666,0.970487302676733,0.9706735872797987,0.1406539693433997,0.11050692061313205,0.9311638422447781,0.931343500671256,0.1013305089114448,0.0711768340045894,0.9188519282333926,0.9018332958221436,0.07199996248881024,0.04166662915547692,0.9043333530426025,0.07450001970926923,0.044166686375935904,0.9485248923301697,0.11869155899683637,0.08835822566350304,0.9485003352165222,0.1186670018831889,0.08833366854985558,0.9244184606343319,0.09458512730099855,0.06425179396766523
corr_source_snow_sev2,30,6000,True,False,False,0.6493333333333333,0.6493333333333333,0.774,0.9404909058802755,0.9415882157133877,0.2911575725469422,0.16758821571338767,0.8160333189080032,0.8496587817734853,0.16669998557466992,0.07565878177348528,0.8362577410190023,0.7986666560173035,0.14933332268397015,0.024666656017303445,0.7918333411216736,0.14250000778834027,0.017833341121673563,0.8949809670448303,0.245647633711497,0.1209809670448303,0.8949564099311829,0.24562307659784954,0.12095640993118284,0.7960351723127914,0.1467018389794581,0.022035172312791396
corr_source_snow_sev3,31,6000,True,False,False,0.6681666666666667,0.6681666666666667,0.7781666666666667,0.9429175475687104,0.9435677681434775,0.2747508809020437,0.16540110147681086,0.8341995198053921,0.8501343224967968,0.1660328531387254,0.0719676558301301,0.8472468109805064,0.8141666650772095,0.1459999984105428,0.0359999984105428,0.8078333139419556,0.13966664727528888,0.029666647275288893,0.9028765559196472,0.23470988925298053,0.12470988925298054,0.9028519988059998,0.23468533213933307,0.12468533213933308,0.8142388654225143,0.14607219875584765,0.03607219875584766
corr_source_snow_sev4,32,6000,True,False,False,0.5566666666666666,0.5566666666666666,0.7393333333333333,0.9320042719829121,0.9327732681240397,0.3753376053162455,0.19343993479070642,0.7488505247453874,0.8265434162245735,0.19218385807872074,0.08721008289124021,0.7953193586100024,0.7528333067893982,0.19616664012273155,0.013499973456064907,0.7371666431427002,0.18049997647603355,0.0021666901906330915,0.869793176651001,0.31312650998433433,0.1304598433176677,0.8697686195373535,0.3131019528706869,0.13043528620402023,0.7390246440856609,0.1823579774189943,0.0003086892476723557
corr_source_snow_sev5,33,6000,True,False,False,0.4785,0.4785,0.7451666666666666,0.9181391994230076,0.9191126056311439,0.4396391994230076,0.1739459389644773,0.6756323627420864,0.8111376317098534,0.1971323627420864,0.06597096504318678,0.7478895325543897,0.6948333382606506,0.21633333826065065,0.05033332840601601,0.6726666688919067,0.19416666889190676,0.0724999977747599,0.8393715620040894,0.3608715620040894,0.09420489533742271,0.8393470048904419,0.3608470048904419,0.09418033822377525,0.6700275269678826,0.1915275269678826,0.07513913969878405
corr_source_defocus_blur_sev1,34,6000,True,False,False,0.8533333333333334,0.8533333333333334,0.8738333333333334,0.982706002034588,0.982706002034588,0.12937266870125463,0.10887266870125467,0.9419571773575743,0.9427474113593971,0.08862384402424095,0.06891407802606375,0.9309017085333956,0.9198333024978638,0.06649996916453038,0.04599996916453042,0.9241666793823242,0.07083334604899083,0.05033334604899087,0.9577442407608032,0.10441090742746983,0.08391090742746987,0.9577196836471558,0.10438635031382237,0.08388635031382241,0.9318868900759556,0.07855355674262221,0.05805355674262225
corr_source_defocus_blur_sev2,35,6000,True,False,False,0.8048333333333333,0.8048333333333333,0.8371666666666666,0.9701338825952626,0.970825417399009,0.16530054926192927,0.13365875073234235,0.9049960123331232,0.9107363051091973,0.10016267899978992,0.07356963844253073,0.9042111614050758,0.8848333358764648,0.08000000254313155,0.04766666920979823,0.8916666507720947,0.08683331743876144,0.05449998410542811,0.938785970211029,0.13395263687769576,0.10161930354436244,0.9387614130973816,0.1339280797640483,0.10159474643071498,0.9064223378407965,0.10158900450746322,0.0692556711741299
corr_source_defocus_blur_sev3,36,6000,True,False,False,0.68,0.68,0.7573333333333333,0.952513966480447,0.952513966480447,0.2725139664804469,0.19518063314711365,0.8035967078081441,0.8393679772184202,0.12359670780814402,0.08203464388508686,0.83549886862188,0.8025000095367432,0.12250000953674312,0.04516667620340986,0.7964999675750732,0.1164999675750732,0.03916663424173994,0.8959052562713623,0.21590525627136226,0.138571922938029,0.8958806991577148,0.2158806991577148,0.13854736582438154,0.8358109438216453,0.1558109438216453,0.07847761048831203
corr_source_defocus_blur_sev4,37,6000,True,False,False,0.5545,0.5545,0.7168333333333333,0.9401165871754107,0.940232299356933,0.3856165871754107,0.22339896602359965,0.7063052752315441,0.7993711766819958,0.15180527523154408,0.08253784334866243,0.76386627869409,0.7109999656677246,0.15649996566772462,0.005833367665608713,0.6916666626930237,0.1371666626930237,0.02516667064030964,0.8481183052062988,0.29361830520629884,0.1312849718729655,0.8480937480926514,0.2935937480926514,0.13126041475931804,0.7480149161361479,0.1935149161361479,0.031181582802814578
corr_source_defocus_blur_sev5,38,6000,True,False,False,0.44583333333333336,0.44583333333333336,0.6975,0.9251164457183804,0.9254286558347855,0.479283112385047,0.2279286558347855,0.6293451256471025,0.7662690811513431,0.18351179231376918,0.06876908115134306,0.693687631887906,0.6276666522026062,0.18183331886927284,0.06983334779739381,0.6003333330154419,0.15449999968210854,0.09716666698455811,0.8050029277801514,0.359169594446818,0.10750292778015136,0.8049783706665039,0.35914503733317055,0.1074783706665039,0.6583839107063423,0.21255057737300892,0.03911608929365773
corr_source_glass_blur_sev1,39,6000,True,False,False,0.8241666666666667,0.8241666666666667,0.856,0.9697802197802198,0.9697802197802198,0.14561355311355306,0.1137802197802198,0.9321860593720971,0.9330817830002989,0.10801939270543037,0.07708178300029889,0.923358651859491,0.906333327293396,0.08216666062672928,0.05033332729339601,0.9091666340827942,0.08499996741612748,0.053166634082794206,0.9516147375106812,0.12744807084401444,0.09561473751068117,0.9515901803970337,0.12742351373036698,0.09559018039703371,0.895451937099695,0.07128527043302824,0.03945193709969497
corr_source_glass_blur_sev2,40,6000,True,False,False,0.7206666666666667,0.7206666666666667,0.7915,0.9508655359328554,0.9509292282208381,0.2301988692661887,0.15942922822083816,0.8657571079461152,0.869709145044347,0.14509044127944848,0.07820914504434706,0.8740615876168338,0.8516666293144226,0.13099996264775593,0.060166629314422626,0.8483332991600037,0.12766663249333698,0.05683329916000368,0.9211733341217041,0.20050666745503742,0.12967333412170412,0.9211487770080566,0.20048211034138996,0.12964877700805666,0.8284299786511862,0.1077633119845195,0.03692997865118619
corr_source_glass_blur_sev3,41,6000,True,False,False,0.493,0.493,0.7328333333333333,0.9043097151205259,0.9052305819332847,0.41130971512052594,0.1723972485999513,0.7059902507867218,0.7742988298360975,0.21299025078672185,0.04146549650276421,0.7549391052806261,0.7018333077430725,0.20883330774307252,0.031000025590260827,0.684166669845581,0.19116666984558106,0.04866666348775228,0.845226526260376,0.352226526260376,0.11239319292704264,0.8452019691467285,0.3522019691467285,0.11236863581339518,0.6664421166152471,0.1734421166152471,0.06639121671808623
corr_source_glass_blur_sev4,42,6000,True,False,False,0.41083333333333333,0.41083333333333333,0.7441666666666666,0.9067055393586007,0.9067055393586007,0.4958722060252673,0.162538872691934,0.6552441191494398,0.7606009329968398,0.24441078581610648,0.016434266330173197,0.7095896113838441,0.6458333134651184,0.23499998013178508,0.09833335320154823,0.6140000224113464,0.2031666890780131,0.1301666442553202,0.8166014552116394,0.4057681218783061,0.07243478854497276,0.8165768980979919,0.4057435647646586,0.0724102314313253,0.6042992180284419,0.19346588469510856,0.13986744863822476
corr_source_glass_blur_sev5,43,6000,True,False,False,0.3308333333333333,0.3308333333333333,0.7573333333333333,0.8996882450027508,0.8999217250443181,0.5688549116694175,0.1425883917109848,0.5959871238800066,0.7539895867154532,0.2651537905466733,0.0033437466178800612,0.6514223072316356,0.5756666660308838,0.24483333269755048,0.1816666673024495,0.5386666655540466,0.20783333222071332,0.21866666777928667,0.7775781154632568,0.4467447821299235,0.020244782129923533,0.7775535583496094,0.44672022501627606,0.020220225016276072,0.5553376748817043,0.22450434154837096,0.20199565845162903
corr_source_gaussian_noise_sev1,44,6000,True,False,False,0.8545,0.8545,0.879,0.9757596449300102,0.9757596449300102,0.12125964493001018,0.09675964493001021,0.9418396433345758,0.9418396433345758,0.08733964333457578,0.06283964333457581,0.9386402067805192,0.9235000014305115,0.06900000143051144,0.04450000143051147,0.9306666851043701,0.07616668510437008,0.051666685104370114,0.9607542157173157,0.10625421571731564,0.08175421571731567,0.9607296586036682,0.10622965860366818,0.08172965860366821,0.9331327630833228,0.07863276308332279,0.05413276308332282
corr_source_gaussian_noise_sev2,45,6000,True,False,False,0.7585,0.7585,0.8068333333333333,0.9557953358858337,0.9560200688139054,0.1972953358858337,0.14918673548057215,0.8869134991914736,0.8869782590854532,0.1284134991914736,0.08014492575211996,0.9038399188113105,0.8836666345596313,0.1251666345596314,0.07683330122629806,0.8856666684150696,0.12716666841506963,0.07883333508173629,0.9395026564598083,0.1810026564598084,0.13266932312647506,0.9394780993461609,0.18097809934616094,0.1326447660128276,0.8681819978105972,0.10968199781059729,0.06134866447726395
corr_source_gaussian_noise_sev3,46,6000,True,False,False,0.5988333333333333,0.5988333333333333,0.7296666666666667,0.9253089736700698,0.9253089736700698,0.3264756403367365,0.19564230700340313,0.7915107519912719,0.8102755393903136,0.19267741865793853,0.08060887272364692,0.8504183385074443,0.8230000138282776,0.22416668049494426,0.0933333471616109,0.8223333358764648,0.22350000254313152,0.09266666920979816,0.906706690788269,0.3078733574549357,0.17704002412160236,0.9066821336746216,0.30784880034128825,0.1770154670079549,0.7517898192415453,0.15295648590821198,0.022123152574878624
corr_source_gaussian_noise_sev4,47,6000,True,False,False,0.4186666666666667,0.4186666666666667,0.7348333333333333,0.8730277986476334,0.8768940404328264,0.45436113198096667,0.14206070709949303,0.6588695757662649,0.776148665288146,0.24020290909959824,0.04131533195481263,0.7848294358230109,0.734666645526886,0.3159999788602193,0.00016668780644735204,0.7254999876022339,0.3068333209355672,0.009333345731099452,0.86209636926651,0.4434297025998433,0.12726303593317667,0.8620718121528625,0.44340514548619586,0.1272384788195292,0.6211917341964596,0.20252506752979288,0.11364159913687377
corr_source_gaussian_noise_sev5,48,6000,True,False,False,0.254,0.254,0.7855,0.7631416202844774,0.7934304640921824,0.5091416202844774,0.007930464092182454,0.4530601416008517,0.8010867127488496,0.19906014160085167,0.015586712748849596,0.6804697206806466,0.6008333563804626,0.34683335638046264,0.18466664361953733,0.5681666731834412,0.31416667318344116,0.21733332681655881,0.7914960980415344,0.5374960980415344,0.005996098041534448,0.791471540927887,0.537471540927887,0.005971540927886987,0.5043212964838379,0.25032129648383794,0.28117870351616203
corr_source_shot_noise_sev1,49,6000,True,False,False,0.8458333333333333,0.8458333333333333,0.8675,0.9710169782198594,0.9713887269193391,0.1251836448865261,0.10388872691933904,0.9400084204606193,0.9402105956212303,0.09417508712728595,0.07271059562123028,0.9355865225696157,0.9241666793823242,0.07833334604899089,0.05666667938232417,0.9284999966621399,0.08266666332880657,0.060999996662139844,0.9598290920257568,0.11399575869242351,0.09232909202575679,0.9598045349121094,0.11397120157877605,0.09230453491210933,0.9273264278844541,0.08149309455112075,0.059826427884454025
corr_source_shot_noise_sev2,50,6000,True,False,False,0.7363333333333333,0.7363333333333333,0.7905,0.9530622927935788,0.9541697949777966,0.2167289594602455,0.16366979497779666,0.8754194805039326,0.8780422514633818,0.1390861471705993,0.08754225146338179,0.8956390843641618,0.8758333325386047,0.13949999920527145,0.08533333253860476,0.8794999718666077,0.14316663853327438,0.08899997186660769,0.9342947602272034,0.19796142689387008,0.1437947602272034,0.9342702031135559,0.19793686978022262,0.14377020311355593,0.8552679417211715,0.1189346083878382,0.06476794172117151
corr_source_shot_noise_sev3,51,6000,True,False,False,0.5936666666666667,0.5936666666666667,0.7291666666666666,0.9251164457183804,0.9257656753851665,0.3314497790517137,0.1965990087184999,0.7947820811069136,0.8227498486420448,0.20111541444024694,0.09358318197537818,0.8495141501193837,0.8181666731834412,0.2245000065167745,0.08900000651677453,0.8144999742507935,0.22083330758412678,0.08533330758412683,0.9038858413696289,0.31021917470296223,0.17471917470296228,0.9038612842559814,0.31019461758931477,0.17469461758931482,0.7538524274564316,0.16018576078976487,0.02468576078976492
corr_source_shot_noise_sev4,52,6000,True,False,False,0.377,0.377,0.7383333333333333,0.8547432716167207,0.8607630068123908,0.4777432716167207,0.12242967347905753,0.6390155810697447,0.7759901322835161,0.26201558106974465,0.03765679895018281,0.7734158045894745,0.7179999947547913,0.34099999475479126,0.020333338578542026,0.7089999914169312,0.33199999141693115,0.029333341916402134,0.8541926145553589,0.4771926145553589,0.1158592812220256,0.8541680574417114,0.4771680574417114,0.11583472410837814,0.5943230369462922,0.21732303694629218,0.1440102963870411
corr_source_shot_noise_sev5,53,6000,True,False,False,0.2778333333333333,0.2778333333333333,0.7731666666666667,0.7983176447025836,0.8135117391836724,0.5204843113692503,0.0403450725170057,0.518289463567364,0.7886487307675721,0.24045613023403073,0.015482064100905468,0.7145912648878688,0.6489999890327454,0.37116665569941204,0.12416667763392131,0.6240000128746033,0.34616667954126995,0.1491666537920634,0.8165020942687988,0.5386687609354655,0.04333542760213216,0.8164775371551514,0.538644203821818,0.0433108704884847,0.5184535528632985,0.2406202195299652,0.25471311380336814
corr_source_impulse_noise_sev1,54,6000,True,False,False,0.7816666666666666,0.7816666666666666,0.8248333333333333,0.9592367736339983,0.9592367736339983,0.17757010696733166,0.13440344030066498,0.8959749132964362,0.898638478852528,0.11430824662976957,0.0738051455191947,0.9029547685049815,0.887499988079071,0.10583332141240442,0.06266665474573774,0.8865000009536743,0.1048333342870077,0.06166666762034101,0.9393535256385803,0.1576868589719137,0.11452019230524701,0.9393289685249329,0.15766230185826624,0.11449563519159955,0.8884951388902791,0.10682847222361247,0.06366180555694578
corr_source_impulse_noise_sev2,55,6000,True,False,False,0.6981666666666667,0.6981666666666667,0.7676666666666667,0.94681411269089,0.9470161781054356,0.24864744602422328,0.17934951143876887,0.8436536414417063,0.8519230356147148,0.14548697477503958,0.08425636894804811,0.8754886002873831,0.847000002861023,0.14883333619435624,0.07933333619435623,0.8508332967758179,0.15266663010915116,0.08316663010915115,0.920913577079773,0.22274691041310624,0.15324691041310623,0.9208890199661255,0.22272235329945878,0.15322235329945877,0.8408739934028,0.1427073267361333,0.07320732673613328
corr_source_impulse_noise_sev3,56,6000,True,False,False,0.6123333333333333,0.6123333333333333,0.7271666666666666,0.9247311827956989,0.9254290908495183,0.3123978494623656,0.19826242418285167,0.7825747001513599,0.8105572090629747,0.1702413668180266,0.08339054239630805,0.8486445435633292,0.8165000081062317,0.2041666747728984,0.08933334143956506,0.8166666626930237,0.2043333293596904,0.08949999602635705,0.9032905697822571,0.2909572364489238,0.17612390311559045,0.9032660126686096,0.29093267933527633,0.176099346001943,0.7895416807866374,0.17720834745330416,0.06237501411997082
corr_source_impulse_noise_sev4,57,6000,True,False,False,0.4068333333333333,0.4068333333333333,0.7336666666666667,0.8685649632283613,0.869045810671487,0.461731629895028,0.13537914400482032,0.6523230767891398,0.7702021163553227,0.2454897434558065,0.03653544968865596,0.7792191661745174,0.731333315372467,0.3244999820391337,0.002333351294199648,0.7201666831970215,0.31333334986368816,0.013499983469645205,0.8597971796989441,0.45296384636561077,0.1261305130322774,0.8597726225852966,0.4529392892519633,0.12610595591862994,0.6262948310867946,0.2194614977534613,0.10737183557987207
corr_source_impulse_noise_sev5,58,6000,True,False,False,0.26266666666666666,0.26266666666666666,0.7781666666666667,0.7987987987987989,0.8037127276809519,0.5361321321321322,0.02554606101428525,0.49221977994148397,0.7887478876754495,0.2295531132748173,0.010581221008782782,0.6992141580756183,0.6333333253860474,0.3706666587193807,0.1448333412806193,0.6101666688919067,0.3475000022252401,0.16799999777475993,0.8073166608810425,0.5446499942143759,0.029149994214375807,0.807292103767395,0.5446254371007284,0.029125437100728346,0.5097012811352563,0.2470346144685896,0.2684653855314104
corr_source_contrast_sev1,59,6000,True,False,False,0.8858333333333334,0.8858333333333334,0.8993333333333333,0.9825334916059013,0.9825334916059013,0.09670015827256795,0.08320015827256799,0.9624928607883039,0.9625796750888271,0.07665952745497051,0.06324634175549382,0.946391356917401,0.9340000152587891,0.0481666819254557,0.034666681925455745,0.9383333325386047,0.052499999205271375,0.03899999920527142,0.9656383991241455,0.07980506579081215,0.06630506579081219,0.965613842010498,0.07978050867716469,0.06628050867716473,0.9447343088945942,0.05890097556126084,0.04540097556126088
corr_source_contrast_sev2,60,6000,True,False,False,0.846,0.846,0.8676666666666667,0.9752348420153715,0.9752348420153715,0.1292348420153715,0.10756817534870478,0.9421077887197543,0.9425398934085665,0.09610778871975434,0.07487322674189978,0.9261233910071522,0.9138333201408386,0.06783332014083865,0.046166653474171926,0.9178333282470703,0.07183332824707034,0.050166661580403615,0.954047679901123,0.10804767990112307,0.08638101323445635,0.9540231227874756,0.10802312278747561,0.08635645612080889,0.921245593899132,0.07524559389913199,0.05357892723246527
corr_source_contrast_sev3,61,6000,True,False,False,0.7551666666666667,0.7551666666666667,0.8011666666666667,0.9603188355570959,0.960588873643089,0.2051521688904292,0.1594222069764223,0.877061672870832,0.888576657350483,0.12189500620416538,0.08740999068381627,0.8793040487559249,0.856333315372467,0.10116664870580039,0.05516664870580035,0.8546666502952576,0.09949998362859092,0.053499983628590875,0.9242168068885803,0.16905014022191367,0.12305014022191363,0.9241922497749329,0.1690255831082662,0.12302558310826617,0.8602590410077029,0.10509237434103624,0.0590923743410362
corr_source_contrast_sev4,62,6000,True,False,False,0.5053333333333333,0.5053333333333333,0.7316666666666667,0.9114658925979681,0.9127430096412454,0.40613255926463476,0.18107634297457875,0.6897625164726753,0.8051157370916889,0.18442918313934198,0.07344907042502224,0.7501142167506534,0.6981666684150696,0.19283333508173628,0.03349999825159711,0.6775000095367432,0.17216667620340986,0.05416665712992352,0.8406858444213867,0.3353525110880534,0.10901917775472003,0.8406612873077393,0.33532795397440596,0.10899462064107257,0.6919796790111521,0.1866463456778188,0.039686987655514594
corr_source_contrast_sev5,63,6000,True,False,False,0.2515,0.2515,0.7903333333333333,0.8614800759013282,0.8633777040152582,0.6099800759013283,0.07304437068192482,0.5389688499489691,0.7591448449493428,0.2874688499489691,0.031188488383990576,0.5936510072288623,0.5253333449363708,0.27383334493637085,0.2649999883969625,0.47049999237060547,0.21899999237060547,0.31983334096272786,0.7454119324684143,0.4939119324684143,0.044921400864919026,0.7453873753547668,0.49388737535476684,0.044945957978566486,0.49323717375412635,0.24173717375412634,0.297096159579207
corr_source_elastic_transform_sev1,64,6000,True,False,False,0.9006666666666666,0.9006666666666666,0.9113333333333333,0.9833954591663844,0.9835946538279661,0.08272879249971776,0.07226132049463274,0.9686068039332312,0.9691786981398911,0.06794013726656456,0.057845364806557775,0.954279388452049,0.9446666836738586,0.04400001700719203,0.033333350340525314,0.9514999985694885,0.05083333190282191,0.0401666652361552,0.9711173176765442,0.07045065100987757,0.05978398434321086,0.9710927605628967,0.07042609389623011,0.0597594272295634,0.9547276557458214,0.0540609890791548,0.043394322412488084
corr_source_elastic_transform_sev2,65,6000,True,False,False,0.7073333333333334,0.7073333333333334,0.7928333333333333,0.9588755856324832,0.9588755856324832,0.25154225229914984,0.16604225229914993,0.8918621748322,0.8924450759123544,0.1845288414988666,0.09961174257902117,0.8829505643726465,0.8576666712760925,0.15033333794275916,0.06483333794275925,0.8579999804496765,0.15066664711634314,0.06516664711634323,0.926162600517273,0.21882926718393958,0.13332926718393967,0.9261380434036255,0.21880471007029212,0.1333047100702922,0.8100510007838577,0.10271766745052435,0.017217667450524443
corr_source_elastic_transform_sev3,66,6000,True,False,False,0.8053333333333333,0.8053333333333333,0.8448333333333333,0.9699570815450643,0.9701437195994278,0.16462374821173098,0.12531038626609448,0.9267078491507434,0.9277526251417709,0.1213745158174101,0.0829192918084376,0.9142262768435662,0.8991666436195374,0.09383331028620401,0.05433331028620403,0.9001666307449341,0.09483329741160074,0.05533329741160076,0.9457651972770691,0.14043186394373575,0.10093186394373577,0.9457406401634216,0.14040730683008829,0.1009073068300883,0.8790549370326433,0.07372160369930991,0.03422160369930993
corr_source_elastic_transform_sev4,67,6000,True,False,False,0.6968333333333333,0.6968333333333333,0.7871666666666667,0.9541572250305038,0.9541572250305038,0.2573238916971705,0.16699055836383714,0.8663693247133261,0.8706245280495023,0.16953599137999276,0.08345786138283562,0.8676398498580801,0.8429999947547913,0.14616666142145796,0.05583332808812458,0.8403333425521851,0.14350000921885175,0.05316667588551838,0.918121337890625,0.2212880045572917,0.13095467122395832,0.9180967807769775,0.22126344744364423,0.13093011411031086,0.7965053266529813,0.09967199331964804,0.009338659986314668
corr_source_elastic_transform_sev5,68,6000,True,False,False,0.42766666666666664,0.42766666666666664,0.7163333333333334,0.8974641675854466,0.8995393699308447,0.4697975009187799,0.18320603659751133,0.6959704460939773,0.7964256121510307,0.26830377942731065,0.08009227881769732,0.7605992595230238,0.7098333239555359,0.28216665728886925,0.006500009377797489,0.6961666345596313,0.2684999678929647,0.02016669877370203,0.8463532328605652,0.41868656619389855,0.1300198995272318,0.8463286757469177,0.4186620090802511,0.12999534241358435,0.5918434442469773,0.16417677758031068,0.12448988908635605
corr_source_pixelate_sev1,69,6000,True,False,False,0.8898333333333334,0.8898333333333334,0.9048333333333334,0.9837398373983741,0.9837716013408228,0.09390650406504075,0.07893826800748938,0.9651028802578848,0.9660176876355602,0.07526954692455146,0.061184354302226795,0.9520150616678759,0.9431666731834412,0.0533333398501078,0.038333339850107784,0.9478332996368408,0.057999966303507455,0.04299996630350744,0.9702450037002563,0.08041167036692298,0.06541167036692297,0.9702204465866089,0.08038711325327552,0.06538711325327551,0.9458724511360218,0.05603911780268844,0.04103911780268843
corr_source_pixelate_sev2,70,6000,True,False,False,0.8761666666666666,0.8761666666666666,0.8941666666666667,0.9776793320838303,0.977772454546363,0.10151266541716364,0.0836057878796963,0.9567515978890315,0.9577323011864595,0.08058493122236488,0.0635656345197928,0.9444654983078098,0.9283333420753479,0.05216667540868125,0.034166675408681235,0.934333324432373,0.0581666577657064,0.04016665776570638,0.96431565284729,0.08814898618062339,0.07014898618062337,0.9642910957336426,0.08812442906697593,0.07012442906697591,0.935843511843951,0.05967684517728433,0.041676845177284316
corr_source_pixelate_sev3,71,6000,True,False,False,0.8128333333333333,0.8128333333333333,0.8533333333333334,0.9680082559339526,0.9682377293837808,0.15517492260061927,0.11490439605044744,0.9198081787014445,0.921605910317781,0.1069748453681112,0.06827257698444766,0.9123450010835995,0.8898333311080933,0.07699999777475997,0.036499997774759874,0.8955000042915344,0.08266667095820113,0.042166670958201036,0.9436706304550171,0.1308372971216838,0.0903372971216837,0.9436460733413696,0.13081274000803633,0.09031274000803624,0.8971667241804774,0.08433339084714409,0.043833390847143994
corr_source_pixelate_sev4,72,6000,True,False,False,0.696,0.696,0.7933333333333333,0.9475530608665147,0.9475530608665147,0.25155306086651474,0.15421972753318136,0.8411979389999658,0.8579202676772402,0.1451979389999658,0.06458693434390683,0.8565361899236223,0.8228332996368408,0.12683329963684087,0.029499966303507485,0.8206666707992554,0.12466667079925542,0.027333337465922036,0.9073246121406555,0.21132461214065557,0.11399127880732218,0.9073000550270081,0.2113000550270081,0.11396672169367472,0.8147029140508382,0.11870291405083822,0.021369580717504832
corr_source_pixelate_sev5,73,6000,True,False,False,0.5818333333333333,0.5818333333333333,0.7691666666666667,0.9382410192886216,0.9388143493436907,0.35640768595528827,0.16964768267702401,0.7709065248189504,0.8135810831128211,0.18907319148561708,0.0444144164461544,0.8039039670464864,0.7538333535194397,0.17200002018610638,0.015333313147226968,0.7426666617393494,0.16083332840601605,0.0265000049273173,0.8733830451965332,0.2915497118631999,0.10421637852986654,0.8733584880828857,0.29152515474955243,0.10419182141621908,0.7194609294736242,0.13762759614029085,0.0497057371930425
corr_source_jpeg_compression_sev1,74,6000,True,False,False,0.8866666666666667,0.8866666666666667,0.9,0.9847715736040609,0.9847715736040609,0.09810490693739415,0.08477157360406085,0.9656896746037192,0.9664729095658414,0.07902300793705253,0.0664729095658414,0.9523832919069367,0.9448333382606506,0.05816667159398392,0.04483333826065061,0.9519999623298645,0.06533329566319779,0.05199996232986448,0.971031904220581,0.08436523755391434,0.07103190422058103,0.9710073471069336,0.08434068044026688,0.07100734710693357,0.9457210713886427,0.059054404721975984,0.045721071388642676
corr_source_jpeg_compression_sev2,75,6000,True,False,False,0.8745,0.8745,0.8908333333333334,0.9823609226594301,0.9823609226594301,0.10786092265943004,0.09152758932609673,0.9532851753633514,0.953590419742831,0.07878517536335139,0.06275708640949762,0.9424862607728574,0.9296666383743286,0.05516663837432856,0.03883330504099525,0.9356666803359985,0.06116668033599848,0.04483334700266517,0.9636002779006958,0.08910027790069575,0.07276694456736243,0.9635757207870483,0.08907572078704828,0.07274238745371497,0.9335679985334525,0.05906799853345246,0.04273466520011915
corr_source_jpeg_compression_sev3,76,6000,True,False,False,0.8578333333333333,0.8578333333333333,0.876,0.9783756172313979,0.9783756172313979,0.12054228389806454,0.10237561723139788,0.9439585512974151,0.9451358594455748,0.08612521796408179,0.06913585944557477,0.9351735889867422,0.9238333106040955,0.06599997727076212,0.04783331060409546,0.9284999966621399,0.07066666332880656,0.05249999666213989,0.9594259262084961,0.10159259287516276,0.08342592620849609,0.9594013690948486,0.1015680357615153,0.08340136909484863,0.9254232017039704,0.06758986837063707,0.04942320170397041
corr_source_jpeg_compression_sev4,77,6000,True,False,False,0.7908333333333334,0.7908333333333334,0.8381666666666666,0.9583333333333334,0.9583333333333334,0.16749999999999998,0.12016666666666675,0.8958522241953931,0.898087856960264,0.10501889086205973,0.05992119029359744,0.9004824687520194,0.8811666369438171,0.09033330361048375,0.04299997027715052,0.8791666626930237,0.0883333293596903,0.040999996026357066,0.9372392296791077,0.14640589634577428,0.09907256301244105,0.9372146725654602,0.14638133923212682,0.09904800589879359,0.8807188772011015,0.08988554386776815,0.04255221053443492
corr_source_jpeg_compression_sev5,78,6000,True,False,False,0.661,0.661,0.7825,0.9289539450196357,0.929326456960444,0.26795394501963565,0.14682645696044405,0.8022480834360785,0.8246152373802487,0.14124808343607842,0.04211523738024869,0.8327241284566004,0.7988333106040955,0.13783331060409543,0.016333310604095486,0.7870000004768372,0.12600000047683713,0.004500000476837185,0.8940820097923279,0.23308200979232785,0.11158200979232791,0.8940574526786804,0.2330574526786804,0.11155745267868045,0.7844045054167146,0.12340450541671455,0.001904505416714608
corr_source_speckle_noise_sev1,79,6000,True,False,False,0.8626666666666667,0.8626666666666667,0.8826666666666667,0.9783756172313979,0.9795905548079448,0.11570895056473118,0.09692388814127806,0.9511043823354438,0.9514402177014304,0.08843771566877712,0.06877355103476368,0.9415700229659794,0.9303333163261414,0.06766664965947466,0.04766664965947465,0.934666633605957,0.07199996693929034,0.05199996693929032,0.9630295038223267,0.10036283715565997,0.08036283715565995,0.9630049467086792,0.1003382800420125,0.08033828004201249,0.9354923182065255,0.07282565153985876,0.05282565153985874
corr_source_speckle_noise_sev2,80,6000,True,False,False,0.8205,0.8205,0.8545,0.9667642500430514,0.9669961576514647,0.14626425004305144,0.1124961576514647,0.9256872641499332,0.9259937318323986,0.10518726414993318,0.0714937318323986,0.9224654284425542,0.9086666703224182,0.0881666703224182,0.054166670322418176,0.9110000133514404,0.09050001335144042,0.05650001335144039,0.9515808820724487,0.13108088207244872,0.0970808820724487,0.9515563249588013,0.13105632495880126,0.09705632495880123,0.9095507058624557,0.08905070586245567,0.05505070586245564
corr_source_speckle_noise_sev3,81,6000,True,False,False,0.6551666666666667,0.6551666666666667,0.7513333333333333,0.9369241672572644,0.9377411977882923,0.2817575005905977,0.18640786445495905,0.8309290945311509,0.840122114432295,0.17576242786448426,0.08878878109896171,0.8647267823647761,0.8334999680519104,0.17833330138524373,0.0821666347185771,0.8366666436195374,0.18149997695287068,0.08533331028620406,0.9128803610801697,0.257713694413503,0.16154702774683638,0.9128558039665222,0.25768913729985554,0.16152247063318892,0.8001561171458899,0.14498945047922318,0.04882278381255656
corr_source_speckle_noise_sev4,82,6000,True,False,False,0.556,0.556,0.7216666666666667,0.9114658925979681,0.9141266729996996,0.355465892597968,0.19246000633303295,0.7689393444946343,0.8018255777428134,0.21293934449463425,0.0801589110761467,0.8284214014910812,0.784333348274231,0.2283333482742309,0.06266668160756428,0.7829999923706055,0.22699999237060542,0.06133332570393879,0.8887020349502563,0.3327020349502563,0.16703536828358967,0.8886774778366089,0.33267747783660884,0.1670108111699422,0.7309312954300554,0.17493129543005537,0.009264628763388738
corr_source_speckle_noise_sev5,83,6000,True,False,False,0.4425,0.4425,0.715,0.8816402609506058,0.8821332528993786,0.43914026095060577,0.16713325289937864,0.6757927200210263,0.7955926636836319,0.2332927200210263,0.08059266368363194,0.7886166284044259,0.737500011920929,0.29500001192092895,0.022500011920928986,0.7304999828338623,0.2879999828338623,0.015499982833862336,0.8636049628257751,0.42110496282577514,0.14860496282577518,0.8635804057121277,0.4210804057121277,0.14858040571212772,0.6486676289644001,0.2061676289644001,0.06633237103559986
corr_source_spatter_sev1,84,6000,True,False,False,0.9201666666666667,0.9201666666666667,0.9281666666666667,0.9885367498314228,0.9885367498314228,0.06837008316475612,0.060370083164756116,0.9789460498518877,0.9801249191560691,0.058779383185221024,0.051958252489402446,0.965334248240296,0.9606666564941406,0.04049998982747394,0.03249998982747393,0.9651666283607483,0.0449999616940816,0.036999961694081596,0.978512167930603,0.05834550126393634,0.05034550126393633,0.9784876108169556,0.05832094415028888,0.05032094415028887,0.9657285959271885,0.04556192926052183,0.03756192926052182
corr_source_spatter_sev2,85,6000,True,False,False,0.8653333333333333,0.8653333333333333,0.8851666666666667,0.9802855200543849,0.9802855200543849,0.11495218672105156,0.0951188533877182,0.9532279713769348,0.9535894574761845,0.08789463804360154,0.06842279080951785,0.9369040060231145,0.9288333058357239,0.06349997250239059,0.04366663916905722,0.9329999685287476,0.06766663519541427,0.0478333018620809,0.9615312218666077,0.09619788853327438,0.07636455519994101,0.9615066647529602,0.09617333141962692,0.07633999808629355,0.9372608980177273,0.07192756468439399,0.052094231351060616
corr_source_spatter_sev3,86,6000,True,False,False,0.8,0.8,0.838,0.9601386481802427,0.9601386481802427,0.1601386481802427,0.12213864818024278,0.9106168632600479,0.9125212986803587,0.11061686326004783,0.07452129868035873,0.9024862871013595,0.887333333492279,0.08733333349227901,0.049333333492279086,0.8863333463668823,0.08633334636688228,0.04833334636688236,0.9386782050132751,0.1386782050132751,0.10067820501327518,0.9386536478996277,0.13865364789962764,0.10065364789962772,0.901491403322856,0.101491403322856,0.06349140332285608
corr_source_spatter_sev4,87,6000,True,False,False,0.7318333333333333,0.7318333333333333,0.793,0.9517819706498952,0.9524088674886103,0.2199486373165619,0.15940886748861027,0.880250273210549,0.8816464070052613,0.14841693987721571,0.08864640700526127,0.8711569547167021,0.8481666445732117,0.11633331123987833,0.05516664457321163,0.8458333015441895,0.11399996821085612,0.052833301544189415,0.9197255969047546,0.1878922635714213,0.1267255969047546,0.9197010397911072,0.18786770645777384,0.12670103979110714,0.8569873912390633,0.12515405790572998,0.06398739123906327
corr_source_spatter_sev5,88,6000,True,False,False,0.6188333333333333,0.6188333333333333,0.7528333333333334,0.9316239316239316,0.9324382525506121,0.3127905982905983,0.17960491921727872,0.8142199388851367,0.828279116275099,0.19538660555180332,0.07544578294176563,0.8237198387627048,0.7841666340827942,0.16533330074946084,0.031333300749460835,0.7796666622161865,0.16083332888285318,0.02683332888285317,0.8877712488174438,0.2689379154841105,0.1349379154841105,0.8877466917037964,0.26891335837046304,0.13491335837046303,0.7716686451565212,0.15283531182318788,0.018835311823187872
corr_source_gaussian_blur_sev1,89,6000,True,False,False,0.8998333333333334,0.8998333333333334,0.9118333333333334,0.9869998311666385,0.9872319132552682,0.0871664978333051,0.07539857992193477,0.9690615232274012,0.9691829430375265,0.06922818989406787,0.057349609704193116,0.9563904466288642,0.9484999775886536,0.04866664425532019,0.03666664425532018,0.9513333439826965,0.05150001064936316,0.03950001064936315,0.9729166626930237,0.07308332935969031,0.0610833293596903,0.9728921055793762,0.07305877224604285,0.061058772246042836,0.9554397591288769,0.055606425795543535,0.043606425795543524
corr_source_gaussian_blur_sev2,90,6000,True,False,False,0.8251666666666667,0.8251666666666667,0.8573333333333333,0.9762839105954615,0.9762994796206931,0.15111724392879478,0.1189661462873598,0.9224800873087763,0.9253879923148886,0.09731342064210957,0.06805465898155527,0.9167066497071358,0.8989999890327454,0.07383332236607865,0.04166665569941208,0.9024999737739563,0.07733330710728958,0.04516664044062302,0.9465649127960205,0.12139824612935379,0.08923157946268723,0.946540355682373,0.12137368901570633,0.08920702234903977,0.9172072758419602,0.09204060917529344,0.059873942508626876
corr_source_gaussian_blur_sev3,91,6000,True,False,False,0.7183333333333334,0.7183333333333334,0.7908333333333334,0.9599583983359334,0.9600223564247311,0.24162506500260006,0.16918902309139772,0.841630966981651,0.8625612458907763,0.12329763364831758,0.07172791255744293,0.8613392087584414,0.8308333158493042,0.11249998251597082,0.03999998251597081,0.828499972820282,0.1101666394869486,0.037666639486948594,0.9119467735290527,0.19361344019571936,0.12111344019571935,0.9119222164154053,0.1935888830820719,0.12108888308207189,0.8586561917697833,0.14032285843644987,0.06782285843644986
corr_source_gaussian_blur_sev4,92,6000,True,False,False,0.6028333333333333,0.6028333333333333,0.7365,0.9359815570136549,0.9359815570136549,0.3331482236803216,0.1994815570136549,0.7436433399029704,0.806131405421537,0.14081000656963705,0.06963140542153701,0.7920561350058637,0.7511666417121887,0.1483333083788554,0.014666641712188677,0.7326666712760925,0.1298333379427592,0.0038333287239075142,0.8677445650100708,0.26491123167673747,0.13124456501007076,0.8677200078964233,0.26488667456309,0.1312200078964233,0.7851129521079656,0.18227961877463228,0.04861295210796557
corr_source_gaussian_blur_sev5,93,6000,True,False,False,0.38383333333333336,0.38383333333333336,0.7141666666666666,0.8978692138133725,0.8988292543238824,0.5140358804800391,0.18466258765721577,0.5769874068046319,0.7670099523707571,0.19315407347129854,0.05284328570409047,0.6488216209211739,0.5799999833106995,0.1961666499773661,0.13416668335596715,0.5333333015441895,0.1494999682108561,0.18083336512247716,0.7754855155944824,0.39165218226114906,0.061318848927815806,0.775460958480835,0.3916276251475016,0.061294291814168345,0.6166309816010634,0.23279764826773008,0.09753568506560317
corr_source_saturate_sev1,94,6000,True,False,False,0.8861666666666667,0.8861666666666667,0.8963333333333333,0.9802855200543849,0.9803492250836773,0.0941188533877182,0.08401589175034396,0.9652330360673567,0.9656335839561384,0.07906636940069,0.06930025062280509,0.9502435561133361,0.9433333277702332,0.057166661103566496,0.04699999443689984,0.9488333463668823,0.06266667970021567,0.05250001303354901,0.9690834879875183,0.08291682132085165,0.072750154654185,0.9690589308738708,0.08289226420720419,0.07272559754053753,0.9452433068036176,0.05907664013695091,0.04890997347028425
corr_source_saturate_sev2,95,6000,True,False,False,0.8546666666666667,0.8546666666666667,0.8755,0.9759344598054277,0.9759344598054277,0.12126779313876102,0.10043445980542776,0.9485055332939528,0.9487472575315202,0.09383886662728613,0.07324725753152028,0.9361829688010789,0.9244999885559082,0.06983332188924152,0.04899998855590826,0.925166666507721,0.07049999984105426,0.049666666507721,0.958740770816803,0.10407410415013629,0.08324077081680303,0.9587162137031555,0.10404954703648883,0.08321621370315557,0.925266523971142,0.07059985730447527,0.04976652397114201
corr_source_saturate_sev3,96,6000,True,False,False,0.9153333333333333,0.9153333333333333,0.9213333333333333,0.9912575655682583,0.9916132719695823,0.07592423223492495,0.07027993863624893,0.9778813812158286,0.9783766980302205,0.06254804788249524,0.0570433646968872,0.9628600205803232,0.956333339214325,0.04100000588099162,0.035000005880991614,0.9605000019073486,0.0451666685740153,0.039166668574015295,0.9767482280731201,0.061414894739786785,0.05541489473978678,0.9767236709594727,0.061390337626139324,0.05539033762613932,0.9619801427094761,0.04664680937614274,0.040646809376142734
corr_source_saturate_sev4,97,6000,True,False,False,0.863,0.863,0.8776666666666667,0.983567677452143,0.983567677452143,0.12056767745214303,0.10590101078547631,0.9575047196402431,0.9575846917014676,0.0945047196402431,0.07991802503480094,0.9411508236853207,0.9289999604225159,0.06599996042251588,0.05133329375584916,0.9340000152587891,0.07100001525878907,0.056333348592122356,0.9627050757408142,0.09970507574081422,0.0850384090741475,0.9626805186271667,0.09968051862716676,0.08501385196050004,0.9268360137117045,0.06383601371170455,0.04916934704503784
corr_source_saturate_sev5,98,6000,True,False,False,0.776,0.776,0.8093333333333333,0.9727786337955829,0.9733359459642799,0.1967786337955829,0.1640026126309465,0.9238439733733136,0.9244474658591514,0.14784397337331356,0.11511413252581804,0.9137110436949325,0.8980000019073486,0.12200000190734861,0.08866666857401528,0.9028333425521851,0.12683334255218504,0.09350000921885171,0.9452713131904602,0.16927131319046018,0.13593797985712686,0.9452467560768127,0.16924675607681272,0.1359134227434794,0.8559996443460185,0.07999964434601847,0.04666631101268515
corr_target_fog_sev1,99,6000,False,True,False,0.6333333333333333,0.6333333333333333,0.7336666666666667,0.9541572250305038,0.95461051690498,0.3208238916971705,0.2209438502383133,0.8517078556786535,0.8599311427246591,0.21837452234532018,0.1262644760579924,0.8608841022097068,0.8318333029747009,0.19849996964136762,0.09816663630803424,0.8356666564941406,0.20233332316080732,0.10199998982747394,0.9125049710273743,0.27917163769404096,0.17883830436070758,0.9124804139137268,0.2791470805803935,0.17881374724706012,0.8543341343024417,0.22100080096910835,0.12066746763577496
corr_target_fog_sev2,100,6000,False,True,False,0.6023333333333334,0.6023333333333334,0.7171666666666666,0.9442196023227168,0.9448407581963365,0.34188626898938346,0.2276740915296699,0.8253528172203408,0.8455875838208469,0.22301948388700743,0.12842091715418025,0.8438892404270271,0.809666633605957,0.20733330027262364,0.09249996693929041,0.8101666569709778,0.2078333236376444,0.09299999030431116,0.9000767469406128,0.2977434136072794,0.18291008027394617,0.9000521898269653,0.29771885649363194,0.1828855231602987,0.8343912225446388,0.23205788921130543,0.1172245558779722
corr_target_fog_sev3,101,6000,False,True,False,0.5546666666666666,0.5546666666666666,0.7101666666666666,0.9388043862752034,0.9388438830803011,0.3841377196085367,0.22867721641363448,0.7869202161725899,0.830149447248662,0.23225354950592325,0.11998278058199541,0.8229643402028515,0.7866666316986084,0.23199996503194176,0.07649996503194179,0.7854999899864197,0.23083332331975304,0.07533332331975306,0.8877519965171814,0.33308532985051476,0.17758532985051478,0.8877274394035339,0.3330607727368673,0.17756077273686732,0.8109745919251622,0.25630792525849555,0.10080792525849558
corr_target_fog_sev4,102,6000,False,True,False,0.52,0.52,0.7103333333333334,0.9270386266094419,0.9270386266094419,0.4070386266094419,0.21670529327610855,0.7477206161375852,0.8174676720624539,0.2277206161375852,0.10713433872912048,0.8043595555719738,0.7578333020210266,0.2378333020210266,0.04749996868769324,0.7488332986831665,0.2288332986831665,0.03849996534983313,0.8748888969421387,0.35488889694213865,0.1645555636088053,0.8748643398284912,0.3548643398284912,0.16453100649515784,0.7790326097580773,0.2590326097580773,0.06869927642474394
corr_target_fog_sev5,103,6000,False,True,False,0.4073333333333333,0.4073333333333333,0.7158333333333333,0.9067055393586007,0.9076266390999455,0.49937220602526733,0.19179330576661213,0.6530394957413336,0.7975080817304797,0.24570616240800025,0.08167474839714639,0.7502447722035404,0.6946666836738586,0.2873333503405253,0.02116664965947468,0.6821666359901428,0.2748333026568095,0.0336666973431905,0.840485155582428,0.43315182224909465,0.12465182224909466,0.8404605984687805,0.4331272651354472,0.1246272651354472,0.6851501427005577,0.2778168093672244,0.03068319063277558
corr_target_frost_sev1,104,6000,False,True,False,0.6176666666666667,0.6176666666666667,0.7336666666666667,0.9499474973748686,0.9502121081340014,0.3322808307082019,0.21654544146733468,0.8395385458105267,0.8568222640347168,0.22187187914385997,0.12315559736805015,0.8541857097949046,0.8234999775886536,0.20583331092198687,0.08983331092198688,0.8234999775886536,0.20583331092198687,0.08983331092198688,0.9084631204605103,0.29079645379384356,0.17479645379384356,0.9084385633468628,0.2907718966801961,0.1747718966801961,0.8372992035618649,0.21963253689519824,0.10363253689519825
corr_target_frost_sev2,105,6000,False,True,False,0.5123333333333333,0.5123333333333333,0.7113333333333334,0.9339019189765458,0.9339034340378594,0.42156858564321253,0.22257010070452599,0.7662524054144438,0.8098319345020905,0.25391907208111053,0.09849860116875708,0.8046317519430597,0.7581666707992554,0.24583333746592206,0.046833337465922,0.7515000104904175,0.23916667715708417,0.04016667715708411,0.8753165602684021,0.3629832269350688,0.16398322693506873,0.8752920031547546,0.36295866982142133,0.16395866982142127,0.7683994582167696,0.2560661248834363,0.05706612488343621
corr_target_frost_sev3,106,6000,False,True,False,0.42183333333333334,0.42183333333333334,0.7081666666666667,0.9140271493212669,0.9148008388408396,0.4921938159879336,0.2066341721741729,0.6989191709246633,0.7887697539918992,0.27708583759132993,0.08060308732523247,0.7647488383753733,0.703499972820282,0.28166663948694864,0.00466669384638474,0.6936666369438171,0.2718333036104838,0.014500029722849583,0.8499678373336792,0.42813450400034586,0.14180117066701248,0.8499432802200317,0.4281099468866984,0.14177661355336502,0.7022418557455401,0.28040852241220676,0.005924810921126622
corr_target_frost_sev4,107,6000,False,True,False,0.4096666666666667,0.4096666666666667,0.7095,0.9077007099945384,0.9080458146214998,0.49803404332787177,0.19854581462149978,0.691186448340579,0.7981354327946519,0.2815197816739123,0.08863543279465191,0.7612944507416959,0.7071666717529297,0.297500005086263,0.002333328247070332,0.6946666836738586,0.28500001700719196,0.014833316326141377,0.8471581935882568,0.43749152692159016,0.13765819358825682,0.8471336364746094,0.4374669698079427,0.13763363647460936,0.6887891746025953,0.2791225079359286,0.020710825397404764
corr_target_frost_sev5,108,6000,False,True,False,0.35383333333333333,0.35383333333333333,0.7206666666666667,0.9069047185279651,0.907427459930581,0.5530713851946317,0.18676079326391437,0.6521207678382327,0.7962507850534509,0.29828743450489936,0.07558411838678425,0.7363072697045033,0.6828333139419556,0.32899998060862223,0.03783335272471111,0.6679999828338623,0.31416664950052897,0.05266668383280437,0.8325221538543701,0.4786888205210368,0.11185548718770344,0.8324975967407227,0.4786642634073893,0.11183093007405598,0.6440831194239707,0.29024978609063734,0.076583547242696
corr_target_motion_blur_sev1,109,6000,False,True,False,0.635,0.635,0.7235,0.95324494068388,0.9537901562254967,0.31824494068388,0.23029015622549664,0.8472855020875052,0.8594329870848977,0.21228550208750518,0.13593298708489765,0.8605175588892804,0.8309999704360962,0.19599997043609618,0.10749997043609616,0.8341666460037231,0.19916664600372314,0.11066664600372311,0.9114514589309692,0.27645145893096923,0.1879514589309692,0.9114269018173218,0.27642690181732177,0.18792690181732175,0.868494317580106,0.23349431758010597,0.14499431758010595
corr_target_motion_blur_sev2,110,6000,False,True,False,0.5603333333333333,0.5603333333333333,0.7096666666666667,0.9421720733427363,0.9426564980858352,0.381838740009403,0.2329898314191685,0.793007797268293,0.8318493052703264,0.2326744639349596,0.12218263860365974,0.8292097949643062,0.7879999876022339,0.22766665426890054,0.07833332093556722,0.7868333458900452,0.22650001255671182,0.0771666792233785,0.8905808925628662,0.33024755922953286,0.18091422589619954,0.8905563354492188,0.3302230021158854,0.18088966878255208,0.8339414606452588,0.2736081273119254,0.12427479397859209
corr_target_motion_blur_sev3,111,6000,False,True,False,0.45166666666666666,0.45166666666666666,0.6936666666666667,0.9258861439312567,0.9264497010633612,0.47421947726459,0.23278303439669457,0.7088428141146397,0.7853193215903473,0.257176147447973,0.09165265492368069,0.7696789785787164,0.7231666445732117,0.271499977906545,0.029499977906545016,0.7116666436195374,0.2599999769528707,0.0179999769528707,0.8564386367797852,0.4047719701131185,0.1627719701131185,0.8564140796661377,0.40474741299947103,0.16274741299947104,0.7570912783684798,0.3054246117018131,0.06342461170181313
corr_target_motion_blur_sev4,112,6000,False,True,False,0.3305,0.3305,0.7116666666666667,0.9035087719298246,0.905493180956786,0.5730087719298246,0.19382651429011932,0.621236483336405,0.764488976938738,0.290736483336405,0.05282231027207129,0.7001092491524719,0.6284999847412109,0.2979999847412109,0.08316668192545573,0.6058333516120911,0.27533335161209105,0.1058333150545756,0.8073844313621521,0.4768844313621521,0.09571776469548543,0.8073598742485046,0.4768598742485046,0.09569320758183797,0.6566618781233846,0.3261618781233846,0.05500478854328206
corr_target_motion_blur_sev5,113,6000,False,True,False,0.26316666666666666,0.26316666666666666,0.7518333333333334,0.88641425389755,0.8892582422264809,0.6232475872308834,0.1374249088931475,0.5654155788188027,0.7620141275775669,0.302248912152136,0.01018079424423357,0.6592381627475673,0.5843333005905151,0.3211666339238485,0.16750003274281822,0.5504999756813049,0.28733330901463827,0.20133335765202842,0.7802926898002625,0.5171260231335958,0.028459356466929098,0.780268132686615,0.5171014660199483,0.028434799353281637,0.599249606588707,0.3360829399220403,0.1525837267446264
corr_target_brightness_sev1,114,6000,False,True,False,0.698,0.698,0.7561666666666667,0.9626556016597511,0.9628955340487696,0.2646556016597511,0.20672886738210294,0.8943354460096608,0.8966686352928821,0.1963354460096608,0.14050196862621545,0.8915708390888302,0.8738332986831665,0.17583329868316655,0.11766663201649985,0.8761666417121887,0.17816664171218877,0.11999997504552207,0.9325699806213379,0.23456998062133794,0.17640331395467124,0.9325454235076904,0.23454542350769048,0.17637875684102378,0.8843285261493954,0.18632852614939543,0.12816185948272873
corr_target_brightness_sev2,115,6000,False,True,False,0.6898333333333333,0.6898333333333333,0.7533333333333333,0.9606790230382817,0.9611152933713527,0.2708456897049484,0.2077819600380194,0.8880036941500463,0.8908192703648238,0.19817036081671302,0.13748593703149048,0.8863604294037933,0.8675000071525574,0.17766667381922407,0.11416667381922407,0.8688333034515381,0.1789999701182048,0.11549997011820479,0.9283783435821533,0.23854501024882002,0.17504501024882002,0.9283537864685059,0.23852045313517256,0.17502045313517256,0.879776346554698,0.18994301322136475,0.12644301322136475
corr_target_brightness_sev3,116,6000,False,True,False,0.6715,0.6715,0.7488333333333334,0.9576094510076442,0.9579990734306233,0.2861094510076442,0.20916574009728994,0.8768204314708875,0.8820024471507428,0.20532043147088752,0.13316911381740948,0.8783229850758091,0.856499969959259,0.18499996995925905,0.10766663662592568,0.8551666736602783,0.18366667366027833,0.10633334032694497,0.9237626791000366,0.25226267910003664,0.17492934576670327,0.9237381219863892,0.2522381219863892,0.1749047886530558,0.8721143861584977,0.2006143861584977,0.12328105282516433
corr_target_brightness_sev4,117,6000,False,True,False,0.6455,0.6455,0.7408333333333333,0.9594172736732569,0.9594437266158439,0.31391727367325695,0.21861039328251053,0.8600533017173828,0.8654925618289423,0.21455330171738285,0.12465922849560895,0.8671063015928439,0.8413333296775818,0.19583332967758182,0.10049999634424844,0.843666672706604,0.19816667270660404,0.10283333937327066,0.9165652394294739,0.2710652394294739,0.17573190609614053,0.9165406823158264,0.27104068231582645,0.17570734898249307,0.8588341846169181,0.2133341846169181,0.11800085128358473
corr_target_brightness_sev5,118,6000,False,True,False,0.6171666666666666,0.6171666666666666,0.723,0.9517819706498952,0.9517819706498952,0.3346153039832286,0.22878197064989525,0.8337470766173964,0.8489233482216011,0.2165804099507298,0.12592334822160112,0.8503267629244318,0.8231666684150696,0.20600000174840294,0.1001666684150696,0.8215000033378601,0.20433333667119347,0.09850000333786013,0.9067844748497009,0.2896178081830343,0.18378447484970095,0.9067599177360535,0.2895932510693868,0.1837599177360535,0.8331697569784369,0.21600309031177023,0.1101697569784369
corr_target_zoom_blur_sev1,119,6000,False,True,False,0.557,0.557,0.7085,0.9297181591152337,0.9298192880479502,0.37271815911523365,0.2213192880479502,0.7994723246433009,0.8270854054023683,0.24247232464330082,0.11858540540236828,0.8252210758531696,0.7896666526794434,0.2326666526794433,0.08116665267944334,0.7871666550636292,0.2301666550636291,0.07866665506362913,0.8899096846580505,0.3329096846580505,0.18140968465805052,0.8898851275444031,0.332885127544403,0.18138512754440306,0.8137725022617023,0.25677250226170223,0.10527250226170226
corr_target_zoom_blur_sev2,120,6000,False,True,False,0.487,0.487,0.703,0.91500904159132,0.915831202237517,0.42800904159132,0.21283120223751706,0.7557340746230189,0.8023480310054787,0.2687340746230189,0.09934803100547873,0.7943461270521179,0.7551666498184204,0.2681666498184204,0.05216664981842045,0.7493333220481873,0.26233332204818727,0.0463333220481873,0.8710274696350098,0.3840274696350098,0.1680274696350098,0.8710029125213623,0.3840029125213623,0.16800291252136235,0.7638605314512158,0.2768605314512158,0.06086053145121584
corr_target_zoom_blur_sev3,121,6000,False,True,False,0.44,0.44,0.6935,0.9077007099945384,0.9089059639660743,0.46770070999453844,0.21540596396607425,0.7284788083047783,0.7982744668484706,0.2884788083047783,0.10477446684847058,0.7703633253204528,0.7221666574478149,0.28216665744781494,0.028666657447814936,0.7148333191871643,0.2748333191871643,0.0213333191871643,0.8559265732765198,0.4159265732765198,0.16242657327651977,0.8559020161628723,0.4159020161628723,0.1624020161628723,0.7290251792231071,0.28902517922310705,0.03552517922310705
corr_target_zoom_blur_sev4,122,6000,False,True,False,0.39066666666666666,0.39066666666666666,0.7086666666666667,0.8909426987060999,0.8915573938693492,0.5002760320394333,0.1828907272026825,0.694693336508939,0.7747600564248184,0.3040266698422724,0.06609338975815171,0.7462740067264415,0.6911666393280029,0.30049997266133627,0.017500027338663737,0.6743333339691162,0.28366666730244955,0.034333332697550456,0.8393055200576782,0.44863885339101156,0.13063885339101156,0.8392809629440308,0.4486142962773641,0.1306142962773641,0.6929559346969951,0.30228926803032846,0.015710731969671543
corr_target_zoom_blur_sev5,123,6000,False,True,False,0.3428333333333333,0.3428333333333333,0.725,0.888065233506301,0.889146811624193,0.5452319001729676,0.16414681162419298,0.6726872785556308,0.7761370416643534,0.3298539452222975,0.0511370416643534,0.7243722601187363,0.6728333234786987,0.3299999901453654,0.05216667652130125,0.6518333554267883,0.309000022093455,0.07316664457321165,0.8290183544158936,0.48618502108256023,0.10401835441589358,0.8289937973022461,0.48616046396891277,0.10399379730224612,0.6554187521242154,0.3125854187908821,0.06958124787578457
corr_target_snow_sev1,124,6000,False,True,False,0.5916666666666667,0.5916666666666667,0.7293333333333333,0.9384288747346072,0.939583192297906,0.34676220806794056,0.2102498589645727,0.8183605248035666,0.8388143391568675,0.2266938581368999,0.10948100582353426,0.8390700753709925,0.8058333396911621,0.21416667302449544,0.07650000635782883,0.8063333034515381,0.2146666367848714,0.07699997011820481,0.9000313878059387,0.30836472113927205,0.17069805447260544,0.9000068306922913,0.3083401640256246,0.17067349735895798,0.8523989403605058,0.2607322736938391,0.12306560702717251
corr_target_snow_sev2,125,6000,False,True,False,0.44566666666666666,0.44566666666666666,0.7221666666666666,0.9206691851052348,0.9208033773347268,0.4750025184385681,0.1986367106680602,0.7245486811901782,0.8018413265290042,0.2788820145235116,0.07967465986233757,0.7712594405979057,0.7226666808128357,0.27700001414616904,0.0005000141461690699,0.7126666307449341,0.2669999640782674,0.009500035921732541,0.8559421896934509,0.4102755230267843,0.1337755230267843,0.8559176325798035,0.4102509659131368,0.13375096591313684,0.7184725745542316,0.272805907887565,0.003694092112434988
corr_target_snow_sev3,126,6000,False,True,False,0.4578333333333333,0.4578333333333333,0.7143333333333334,0.9077007099945384,0.9093057107954315,0.44986737666120513,0.19497237746209817,0.7196361728582892,0.7891393889077587,0.26180283952495587,0.07480605557442532,0.7718097375552981,0.7224999666213989,0.2646666332880656,0.00816663328806555,0.7124999761581421,0.2546666428248088,0.0018333571751912858,0.8548657298088074,0.39703239647547406,0.140532396475474,0.8548411726951599,0.3970078393618266,0.14050783936182654,0.7448597365381787,0.2870264032048454,0.030526403204845343
corr_target_snow_sev4,127,6000,False,True,False,0.36966666666666664,0.36966666666666664,0.7295,0.8946204863669859,0.8960011111752568,0.5249538197003192,0.1665011111752568,0.66376377702345,0.7722948189783296,0.2940971103567834,0.042794818978329596,0.7282337373671609,0.6708333492279053,0.30116668256123863,0.058666650772094764,0.6466666460037231,0.2769999793370565,0.08283335399627689,0.8272441029548645,0.45757743628819786,0.09774410295486446,0.827219545841217,0.4575528791745504,0.097719545841217,0.6738599012700714,0.3041932346034048,0.05564009872992859
corr_target_snow_sev5,128,6000,False,True,False,0.3305,0.3305,0.7438333333333333,0.8988805285373462,0.9012699005544608,0.5683805285373462,0.15743656722112742,0.6130938629071935,0.7824804367654787,0.28259386290719346,0.03864710343214539,0.6956557839575465,0.6368333101272583,0.3063333101272583,0.10700002320607505,0.6071666479110718,0.27666664791107176,0.13666668542226157,0.8070855736732483,0.4765855736732483,0.06325224033991494,0.8070610165596008,0.4765610165596008,0.06322768322626748,0.6193563220751575,0.28885632207515743,0.1244770112581759
corr_target_defocus_blur_sev1,129,6000,False,True,False,0.618,0.618,0.718,0.9482909728308502,0.9485254717694304,0.3302909728308502,0.2305254717694304,0.826536158822287,0.8517753139910256,0.20853615882228704,0.1337753139910256,0.8506251065343515,0.8198333382606506,0.20183333826065064,0.10183333826065066,0.8199999928474426,0.20199999284744263,0.10199999284744266,0.9062239527702332,0.28822395277023316,0.18822395277023318,0.9061993956565857,0.2881993956565857,0.18819939565658572,0.8693690596409762,0.2513690596409762,0.15136905964097624
corr_target_defocus_blur_sev2,130,6000,False,True,False,0.5711666666666667,0.5711666666666667,0.6955,0.9429175475687104,0.9431222104768615,0.37175088090204367,0.2476222104768615,0.7824492318849895,0.8337207968354542,0.21128256521832278,0.13822079683545418,0.8242298906612471,0.7893333435058594,0.21816667683919266,0.09383334350585937,0.7824999690055847,0.211333302338918,0.08699996900558471,0.8889614939689636,0.3177948273022969,0.19346149396896362,0.8889369368553162,0.31777027018864945,0.19343693685531616,0.8507910920861158,0.2796244254194491,0.1552910920861158
corr_target_defocus_blur_sev3,131,6000,False,True,False,0.4726666666666667,0.4726666666666667,0.6891666666666667,0.9295272078501338,0.9302574015852877,0.4568605411834671,0.24109073491862099,0.6854205493844909,0.7996696882067635,0.21275388271782425,0.11050302154009684,0.7577191471901856,0.7049999833106995,0.23233331664403278,0.015833316644032758,0.6944999694824219,0.2218333028157552,0.00533330281575517,0.8449497222900391,0.3722830556233724,0.15578305562337236,0.8449251651763916,0.3722584985097249,0.1557584985097249,0.7753542904300741,0.3026876237634074,0.08618762376340738
corr_target_defocus_blur_sev4,132,6000,False,True,False,0.383,0.383,0.6893333333333334,0.9226072903573352,0.9226072903573352,0.5396072903573352,0.2332739570240019,0.6076310827401434,0.7723245379963285,0.22463108274014343,0.08299120466299514,0.6906397916451291,0.6263333559036255,0.24333335590362548,0.06299997742970787,0.5981666445732117,0.21516664457321166,0.09116668876012168,0.8025996088981628,0.41959960889816283,0.11326627556482949,0.8025750517845154,0.4195750517845154,0.11324171845118203,0.69158117601748,0.30858117601748003,0.0022478426841466836
corr_target_defocus_blur_sev5,133,6000,False,True,False,0.2921666666666667,0.2921666666666667,0.7348333333333333,0.9069047185279651,0.9069047185279651,0.6147380518612984,0.17207138519463172,0.5584251040748129,0.7602453360776114,0.26625843740814625,0.025412002744278017,0.6383021770580797,0.5615000128746033,0.2693333462079366,0.17333332045873007,0.5208333134651184,0.22866664679845172,0.21400001986821493,0.7698233723640442,0.4776567056973775,0.03499003903071085,0.7697988152503967,0.47763214858373004,0.03496548191706339,0.6094772321911373,0.31731056552447057,0.12535610114219609
corr_target_glass_blur_sev1,134,6000,False,True,False,0.5926666666666667,0.5926666666666667,0.7161666666666666,0.9410518884574657,0.9419124539961972,0.348385221790799,0.22574578732953055,0.8208890446026176,0.8435798970664933,0.2282223779359509,0.12741323039982666,0.8501357796361753,0.8246666789054871,0.23200001223882039,0.10850001223882044,0.8231666684150696,0.2305000017484029,0.10700000174840296,0.9069169163703918,0.31425024970372517,0.19075024970372523,0.9068923592567444,0.3142256925900777,0.19072569259007777,0.8143728524445277,0.22170618577786105,0.09820618577786111
corr_target_glass_blur_sev2,135,6000,False,True,False,0.5053333333333333,0.5053333333333333,0.6981666666666667,0.9214452633471147,0.9214452633471147,0.41611193001378144,0.22327859668044803,0.7416353707117687,0.808828110410889,0.23630203737843536,0.11066144374422227,0.8053271239030141,0.7674999833106995,0.26216664997736616,0.06933331664403275,0.7621666789054871,0.25683334557215376,0.06400001223882035,0.8772333860397339,0.3719000527064006,0.17906671937306717,0.8772088289260864,0.3718754955927531,0.1790421622594197,0.7493973745178284,0.2440640411844951,0.05123070785116168
corr_target_glass_blur_sev3,136,6000,False,True,False,0.3458333333333333,0.3458333333333333,0.7216666666666667,0.8847583643122677,0.8854882899628252,0.5389250309789344,0.16382162329615857,0.6134144786762176,0.7591952836218365,0.26758114534288424,0.03752861695516985,0.7046218769937906,0.6401666402816772,0.2943333069483439,0.08150002638498943,0.6116666793823242,0.2658333460489909,0.10999998728434246,0.8124198913574219,0.46658655802408855,0.0907532246907552,0.8123953342437744,0.4665620009104411,0.09072866757710774,0.6035636403720349,0.2577303070387016,0.11810302629463176
corr_target_glass_blur_sev4,137,6000,False,True,False,0.2895,0.2895,0.7461666666666666,0.8870339454646633,0.8872272420895698,0.5975339454646633,0.14106057542290318,0.5879099584793824,0.7582395071748705,0.29840995847938245,0.012072840508203897,0.6661579029860458,0.5920000076293945,0.30250000762939455,0.1541666590372721,0.5631666779518127,0.27366667795181276,0.1829999887148539,0.788273274898529,0.4987732748985291,0.04210660823186241,0.7882487177848816,0.4987487177848816,0.04208205111821495,0.5523217502363638,0.2628217502363638,0.19384491643030288
corr_target_glass_blur_sev5,138,6000,False,True,False,0.23383333333333334,0.23383333333333334,0.7826666666666666,0.8909426987060999,0.8911820086260012,0.6571093653727665,0.10851534195933454,0.5541566364830661,0.7549896293434287,0.3203233031497328,0.027677037323237896,0.6192444547738544,0.5418333411216736,0.30800000778834025,0.24083332554499304,0.4984999895095825,0.2646666561762492,0.2841666771570841,0.7584207057952881,0.5245873724619547,0.024245960871378536,0.7583961486816406,0.5245628153483073,0.024270517985025997,0.5174109697329252,0.2835776363995919,0.2652556969337414
corr_target_gaussian_noise_sev1,139,6000,False,True,False,0.611,0.611,0.7178333333333333,0.9397420038876128,0.9402327176962657,0.32874200388761277,0.22239938436293238,0.8325179013859,0.8444901292522463,0.2215179013859,0.126656795918913,0.8675104390999807,0.8386666774749756,0.2276666774749756,0.12083334414164226,0.8433333039283752,0.23233330392837526,0.12549997059504192,0.9161974191665649,0.30519741916656495,0.19836408583323162,0.9161728620529175,0.3051728620529175,0.19833952871958416,0.8616000846061946,0.25060008460619465,0.14376675127286132
corr_target_gaussian_noise_sev2,140,6000,False,True,False,0.5193333333333333,0.5193333333333333,0.6933333333333334,0.9220265900107797,0.9224268395921084,0.4026932566774464,0.229093506258775,0.7747027846674767,0.8036119403651583,0.25536945133414335,0.1102786070318249,0.8378125980232046,0.8034999966621399,0.2841666633288066,0.11016666332880654,0.8031666874885559,0.2838333541552226,0.10983335415522255,0.896985650062561,0.3776523167292277,0.20365231672922768,0.8969610929489136,0.37762775961558026,0.20362775961558022,0.793294199233093,0.27396086589975965,0.09996086589975961
corr_target_gaussian_noise_sev3,141,6000,False,True,False,0.3968333333333333,0.3968333333333333,0.693,0.8849656197732764,0.8862208852018479,0.48813228643994305,0.193220885201848,0.6860787201177859,0.7689075338322817,0.2892453867844526,0.07590753383228177,0.7956472232960249,0.7486666440963745,0.3518333107630412,0.05566664409637456,0.7459999918937683,0.349166658560435,0.05299999189376836,0.870096743106842,0.4732634097735087,0.1770967431068421,0.8700721859931946,0.47323885265986126,0.17707218599319463,0.6826151636103088,0.2857818302769755,0.010384836389691121
corr_target_gaussian_noise_sev4,142,6000,False,True,False,0.2805,0.2805,0.7498333333333334,0.8465974625144175,0.8498068830590558,0.5660974625144175,0.09997354972572248,0.5839410500112389,0.7630335127475906,0.30344105001123883,0.013200179414257218,0.7426541805724008,0.6886666417121887,0.4081666417121887,0.06116669162114463,0.6735000014305115,0.39300000143051145,0.07633333190282188,0.8361449241638184,0.5556449241638184,0.08631159083048501,0.8361203670501709,0.5556203670501709,0.08628703371683755,0.5691293297314648,0.28862932973146477,0.18070400360186856
corr_target_gaussian_noise_sev5,143,6000,False,True,False,0.1695,0.1695,0.8361666666666666,0.7452948557089085,0.7754643951936186,0.5757948557089085,0.060702271473047964,0.42648397035077795,0.7743579056063925,0.2569839703507779,0.06180876106027411,0.6536997076352257,0.5823333263397217,0.4128333263397217,0.25383334032694493,0.5394999980926514,0.3699999980926514,0.29666666857401525,0.7799444198608398,0.6104444198608399,0.05622224680582677,0.7799198627471924,0.6104198627471924,0.05624680391947423,0.4698062394407564,0.3003062394407564,0.3663604272259102
corr_target_shot_noise_sev1,144,6000,False,True,False,0.6038333333333333,0.6038333333333333,0.7118333333333333,0.9378651088688263,0.9378651088688263,0.334031775535493,0.22603177553549303,0.8315060405955228,0.8412492796637413,0.22767270726218947,0.12941594633040798,0.8612084725642722,0.8323333263397217,0.22849999300638835,0.12049999300638836,0.8353333473205566,0.2315000139872233,0.12350001398722332,0.9124703407287598,0.30863700739542643,0.20063700739542645,0.9124457836151123,0.30861245028177897,0.200612450281779,0.848767304252,0.24493397091866664,0.13693397091866666
corr_target_shot_noise_sev2,145,6000,False,True,False,0.5101666666666667,0.5101666666666667,0.6841666666666667,0.9161849710982659,0.9162193470972589,0.40601830443159925,0.23205268043059224,0.7686749342897374,0.801683838726408,0.2585082676230708,0.11751717205974133,0.8326342397922223,0.8009999990463257,0.290833332379659,0.11683333237965898,0.8003333210945129,0.2901666544278463,0.11616665442784624,0.8942078351974487,0.3840411685307821,0.21004116853078203,0.8941832780838013,0.3840166114171346,0.21001661141713457,0.7739107712094933,0.2637441045428266,0.08974410454282655
corr_target_shot_noise_sev3,146,6000,False,True,False,0.3985,0.3985,0.7043333333333334,0.8855869242199108,0.8860509327896094,0.4870869242199108,0.18171759945627608,0.6887395167147891,0.7718271256690726,0.29023951671478904,0.06749379233573927,0.792968396504532,0.7425000071525574,0.34400000715255735,0.038166673819224006,0.7444999814033508,0.3459999814033508,0.04016664807001746,0.8677168488502502,0.4692168488502502,0.16338351551691688,0.8676922917366028,0.46919229173660276,0.16335895840326942,0.6773440129553191,0.2788440129553191,0.02698932037801427
corr_target_shot_noise_sev4,147,6000,False,True,False,0.2575,0.2575,0.7668333333333334,0.8260614361181765,0.8347337621839854,0.5685614361181766,0.06790042885065206,0.5602923376078341,0.7710110062894223,0.30279233760783414,0.004177672956088951,0.7339966129049772,0.6798333525657654,0.4223333525657654,0.08699998076756799,0.659500002861023,0.40200000286102294,0.10733333047231042,0.8305995464324951,0.573099546432495,0.06376621309916175,0.8305749893188477,0.5730749893188476,0.06374165598551429,0.5410969313607212,0.2835969313607212,0.22573640197261213
corr_target_shot_noise_sev5,148,6000,False,True,False,0.1875,0.1875,0.8226666666666667,0.7745098039215687,0.7942653160489002,0.5870098039215687,0.028401350617766496,0.4769434822700052,0.7816151207002406,0.2894434822700052,0.04105154596642602,0.6827724851108472,0.6141666769981384,0.4266666769981384,0.20849998966852823,0.5839999914169312,0.39649999141693115,0.2386666752497355,0.796685516834259,0.609185516834259,0.025981149832407624,0.7966609597206116,0.6091609597206116,0.026005706946055085,0.47880803047169607,0.29130803047169607,0.3438586361949706
corr_target_impulse_noise_sev1,149,6000,False,True,False,0.5386666666666666,0.5386666666666666,0.698,0.9279971413257102,0.9297070537262798,0.3893304746590436,0.23170705372627987,0.7827485822550911,0.813120617451445,0.24408191558842451,0.11512061745144508,0.8324325325212184,0.7986666560173035,0.25999998935063684,0.10066665601730351,0.8009999990463257,0.26233333237965906,0.10299999904632573,0.8942524194717407,0.3555857528050741,0.19625241947174077,0.8942278623580933,0.35556119569142663,0.1962278623580933,0.8110332679291029,0.2723666012624363,0.11303326792910295
corr_target_impulse_noise_sev2,150,6000,False,True,False,0.474,0.474,0.6736666666666666,0.9010989010989012,0.9016430176300937,0.42709890109890125,0.22797635096342705,0.7325605283151234,0.789711628582656,0.25856052831512344,0.11604496191598934,0.8147210918014655,0.7739999890327454,0.2999999890327454,0.10033332236607873,0.7718333005905151,0.29783330059051516,0.0981666339238485,0.883831799030304,0.409831799030304,0.21016513236363732,0.8838072419166565,0.4098072419166565,0.21014057524998986,0.7718291710387651,0.29782917103876516,0.0981625043720985
corr_target_impulse_noise_sev3,151,6000,False,True,False,0.4058333333333333,0.4058333333333333,0.6965,0.8911476621696545,0.8926239221236689,0.48531432883632114,0.19612392212366891,0.687890868188556,0.7778040516805094,0.2820575348552227,0.08130405168050936,0.7953749064307508,0.75,0.3441666666666667,0.05349999999999999,0.7481666803359985,0.3423333470026652,0.05166668033599853,0.8704364895820618,0.46460315624872844,0.17393648958206176,0.8704119324684143,0.464578599135081,0.1739119324684143,0.7273478953914165,0.3215145620580832,0.030847895391416524
corr_target_impulse_noise_sev4,152,6000,False,True,False,0.2803333333333333,0.2803333333333333,0.7515,0.8317757009345794,0.8376150991181422,0.5514423676012461,0.0861150991181423,0.5761264847325913,0.7672838159399431,0.295793151399258,0.015783815939943158,0.7377906134080241,0.6779999732971191,0.3976666399637858,0.0735000267028808,0.6613333225250244,0.3809999891916911,0.09016667747497553,0.831858217716217,0.5515248843828837,0.0803582177162171,0.8318336606025696,0.5515003272692363,0.08033366060256963,0.5849840404473772,0.30465070711404385,0.16651595955262277
corr_target_impulse_noise_sev5,153,6000,False,True,False,0.178,0.178,0.8268333333333333,0.7702398032383685,0.7835954605968953,0.5922398032383684,0.04323787273643798,0.4575874720887618,0.7928864179870949,0.27958747208876183,0.03394691534623839,0.6683057118902542,0.6001666784286499,0.4221666784286499,0.2266666549046834,0.5630000233650208,0.38500002336502076,0.26383330996831256,0.787915825843811,0.6099158258438111,0.038917507489522274,0.7878912687301636,0.6098912687301636,0.038942064603169735,0.47750641281149697,0.299506412811497,0.34932692052183634
corr_target_contrast_sev1,154,6000,False,True,False,0.6576666666666666,0.6576666666666666,0.7318333333333333,0.9537925021795989,0.9541872130194711,0.29612583551293226,0.22235387968613773,0.863665986724912,0.8691343623240159,0.2059993200582454,0.13730102899068253,0.8677861298025237,0.8451666831970215,0.18750001653035486,0.11333334986368815,0.8464999794960022,0.18883331282933558,0.11466664616266886,0.9169519543647766,0.25928528769811,0.18511862103144328,0.9169273972511292,0.25926073058446253,0.18509406391779581,0.8624141163116639,0.20474744964499725,0.13058078297833053
corr_target_contrast_sev2,155,6000,False,True,False,0.6078333333333333,0.6078333333333333,0.7166666666666667,0.9492119089316988,0.9496127262113252,0.3413785755983655,0.23294605954465852,0.8312243446355505,0.8479128229758423,0.22339101130221717,0.13124615630917558,0.8454214445238525,0.8100000023841858,0.20216666905085245,0.09333333571751912,0.8144999742507935,0.20666664091746012,0.09783330758412678,0.9010248780250549,0.2931915446917216,0.18435821135838826,0.9010003209114075,0.29316698757807413,0.1843336542447408,0.8371343388438286,0.22930100551049526,0.12046767217716192
corr_target_contrast_sev3,156,6000,False,True,False,0.5275,0.5275,0.6951666666666667,0.9308624376336422,0.9308624376336422,0.4033624376336422,0.23569577096697547,0.7643499370180746,0.824119745119238,0.23684993701807466,0.1289530784525713,0.8056858351012092,0.7718333005905151,0.24433330059051517,0.07666663392384843,0.7634999752044678,0.2359999752044678,0.06833330853780106,0.8794243335723877,0.3519243335723877,0.18425766690572098,0.8793997764587402,0.35189977645874027,0.18423310979207352,0.7834972984006627,0.25599729840066276,0.08833063173399602
corr_target_contrast_sev4,157,6000,False,True,False,0.3358333333333333,0.3358333333333333,0.7283333333333334,0.8833054159687326,0.8844925317924615,0.5474720826353993,0.15615919845912807,0.614274306554822,0.7768659917966343,0.27844097322148864,0.048532658463300904,0.6976250204748805,0.6393333077430725,0.3034999744097392,0.08900002559026088,0.6114999651908875,0.27566663185755413,0.11683336814244594,0.8108453750610352,0.47501204172770184,0.08251204172770177,0.8108208179473877,0.4749874846140544,0.08248748461405431,0.6315499869390465,0.2957166536057132,0.09678334639428687
corr_target_contrast_sev5,158,6000,False,True,False,0.1785,0.1785,0.8275,0.856271444910408,0.8592445525401975,0.677771444910408,0.03174455254019748,0.5223285164220206,0.7475622770959347,0.3438285164220206,0.07993772290406531,0.5681701615027193,0.49549999833106995,0.31699999833106995,0.33200000166893007,0.43933331966400146,0.2608333196640015,0.38816668033599855,0.7300779819488525,0.5515779819488525,0.09742201805114747,0.7300534248352051,0.5515534248352051,0.09744657516479494,0.47339007135512856,0.29489007135512857,0.35410992864487145
corr_target_elastic_transform_sev1,159,6000,False,True,False,0.6598333333333334,0.6598333333333334,0.7403333333333333,0.950682056663169,0.9509769401288988,0.2908487233298356,0.21064360679556549,0.8694943624087548,0.8759510744459487,0.2096610290754214,0.13561774111261538,0.8757453734023827,0.8508332967758179,0.1909999634424845,0.11049996344248458,0.8558333516120911,0.19600001827875768,0.11550001827875778,0.9214588403701782,0.26162550703684484,0.18112550703684493,0.9214342832565308,0.2616009499231974,0.18110094992319747,0.8757983461274724,0.21596501279413904,0.13546501279413914
corr_target_elastic_transform_sev2,160,6000,False,True,False,0.48983333333333334,0.48983333333333334,0.7028333333333333,0.9308624376336422,0.9310751366120219,0.44102910430030884,0.2282418032786886,0.791977646571714,0.821864615221728,0.30214431323838065,0.11903128188839474,0.8178381559553487,0.7768332958221436,0.2869999624888102,0.07399996248881024,0.7745000123977661,0.28466667906443277,0.0716666790644328,0.8839154243469238,0.3940820910135905,0.18108209101359052,0.8838908672332764,0.394057533899943,0.18105753389994306,0.7159816444874841,0.2261483111541508,0.013148311154150827
corr_target_elastic_transform_sev3,161,6000,False,True,False,0.5636666666666666,0.5636666666666666,0.7148333333333333,0.9406779661016949,0.942226812659367,0.3770112994350282,0.2273934793260337,0.8122936989986217,0.8392706318227695,0.24862703233195504,0.12443729848943619,0.8368739482973262,0.8040000200271606,0.240333353360494,0.08916668669382732,0.8028333187103271,0.2391666520436605,0.08799998537699383,0.8962435722351074,0.3325769055684408,0.1814102389017741,0.89621901512146,0.3325523484547933,0.18138568178812664,0.7749603397321363,0.21129367306546964,0.060127006398802973
corr_target_elastic_transform_sev4,162,6000,False,True,False,0.4671666666666667,0.4671666666666667,0.7055,0.9283800678692623,0.9283800678692623,0.46121340120259563,0.2228800678692623,0.7602902080801219,0.804915793134264,0.29312354141345526,0.09941579313426396,0.7978309394683093,0.7556666731834412,0.2885000065167745,0.050166673183441146,0.7543333172798157,0.287166650613149,0.04883331727981566,0.8726104497909546,0.4054437831242879,0.16711044979095457,0.8725858926773071,0.40541922601064045,0.1670858926773071,0.6952368931613098,0.2280702264946431,0.01026310683869025
corr_target_elastic_transform_sev5,163,6000,False,True,False,0.2653333333333333,0.2653333333333333,0.7426666666666667,0.8990825688073395,0.901281181728714,0.6337492354740062,0.15861451506204727,0.6653665838651219,0.7565729876971095,0.4000332505317886,0.013906321030442759,0.7242863477625681,0.6700000166893005,0.4046666833559672,0.07266664997736616,0.6549999713897705,0.3896666380564372,0.08766669527689619,0.8277032971382141,0.5623699638048808,0.08503663047154741,0.8276787400245667,0.5623454066912333,0.08501207335789995,0.5220533029401944,0.25671996960686105,0.22061336372647233
corr_target_pixelate_sev1,164,6000,False,True,False,0.6531666666666667,0.6531666666666667,0.7308333333333333,0.9541572250305038,0.9543543954447739,0.30099055836383715,0.22352106211144052,0.8709833723213957,0.874966146402252,0.217816705654729,0.14413281306891867,0.8748381726596178,0.8488333225250244,0.19566665585835774,0.11799998919169108,0.8550000190734863,0.20183335240681965,0.124166685740153,0.9200558066368103,0.26688913997014363,0.18922247330347697,0.9200312495231628,0.26686458285649617,0.1891979161898295,0.8614213976121681,0.2082547309455014,0.13058806427883474
corr_target_pixelate_sev2,165,6000,False,True,False,0.6381666666666667,0.6381666666666667,0.72,0.9460741261197962,0.9467505385554218,0.3079074594531296,0.22675053855542182,0.8629480653110467,0.8698134813381815,0.22478139864438007,0.1498134813381815,0.8669923140908309,0.8413333296775818,0.20316666301091513,0.12133332967758181,0.8463333249092102,0.20816665824254355,0.12633332490921023,0.9172254204750061,0.27905875380833944,0.19722542047500613,0.9172008633613586,0.279034196694692,0.19720086336135867,0.8541959388120889,0.21602927214542222,0.1341959388120889
corr_target_pixelate_sev3,166,6000,False,True,False,0.5738333333333333,0.5738333333333333,0.7036666666666667,0.9361702127659575,0.9363793735224587,0.36233687943262416,0.23271270685579204,0.8138674578665388,0.8305315519581878,0.2400341245332055,0.12686488529152118,0.8346820385202459,0.7989999651908875,0.22516663185755414,0.09533329852422079,0.796833336353302,0.2230000030199687,0.09316666968663534,0.8955893516540527,0.32175601832071943,0.19192268498738607,0.8955647945404053,0.32173146120707197,0.1918981278737386,0.8110169293252825,0.23718359599194916,0.1073502626586158
corr_target_pixelate_sev4,167,6000,False,True,False,0.4785,0.4785,0.7136666666666667,0.9196975153042852,0.9202566009985592,0.44119751530428525,0.20658993433189254,0.7292910440881074,0.7966241213123298,0.25079104408810743,0.08295745464566318,0.7825120313489471,0.7306666374206543,0.2521666374206543,0.016999970753987625,0.7208333015441895,0.24233330154418947,0.007166634877522782,0.8598412871360779,0.3813412871360779,0.1461746204694112,0.8598167300224304,0.38131673002243044,0.14615006335576375,0.716472704834658,0.237972704834658,0.0028060381679912982
corr_target_pixelate_sev5,168,6000,False,True,False,0.3968333333333333,0.3968333333333333,0.7223333333333334,0.9231873653984207,0.9238893114399688,0.5263540320650875,0.2015559781066354,0.6873406705310573,0.7756319413602645,0.290507337197724,0.053298608026931094,0.7429032420593572,0.6856666803359985,0.2888333470026652,0.03666665299733485,0.6668333411216736,0.27000000778834027,0.0554999922116598,0.836438775062561,0.4396054417292277,0.11410544172922765,0.8364142179489136,0.43958088461558026,0.11408088461558019,0.6347526412682261,0.23791930793489274,0.08758069206510732
corr_target_jpeg_compression_sev1,169,6000,False,True,False,0.658,0.658,0.735,0.9503149055283415,0.9503709739390728,0.2923149055283415,0.21537097393907279,0.8632731758796947,0.8681365631012912,0.20527317587969462,0.13313656310129118,0.8751536264442583,0.8496666550636292,0.19166665506362912,0.11466665506362916,0.8523333072662354,0.19433330726623532,0.11733330726623536,0.9209893345832825,0.26298933458328244,0.18598933458328248,0.920964777469635,0.262964777469635,0.18596477746963502,0.8507741549061718,0.19277415490617178,0.11577415490617182
corr_target_jpeg_compression_sev2,170,6000,False,True,False,0.6335,0.6335,0.7328333333333333,0.948843728100911,0.948843728100911,0.31534372810091105,0.21601039476757766,0.8427571471769695,0.8571633343169994,0.20925714717696953,0.12433000098366609,0.8654339627551715,0.8401666283607483,0.20666662836074834,0.10733329502741495,0.8453333377838135,0.21183333778381352,0.11250000445048014,0.9158288240432739,0.282328824043274,0.1829954907099406,0.9158042669296265,0.2823042669296265,0.18297093359629313,0.8370755422584117,0.2035755422584118,0.1042422089250784
corr_target_jpeg_compression_sev3,171,6000,False,True,False,0.62,0.62,0.7248333333333333,0.937112488928255,0.9390258669115933,0.31711248892825505,0.21419253357825996,0.8253807970921893,0.841933780709967,0.20538079709218926,0.11710044737663372,0.8553069082158672,0.82833331823349,0.20833331823349,0.10349998490015666,0.8264999985694885,0.20649999856948853,0.1016666652361552,0.9085106253623962,0.28851062536239624,0.1836772920290629,0.9084860682487488,0.2884860682487488,0.18365273491541545,0.8278741626374733,0.20787416263747327,0.10304082930413994
corr_target_jpeg_compression_sev4,172,6000,False,True,False,0.5563333333333333,0.5563333333333333,0.7145,0.9228007181328546,0.9240613219007063,0.36646738479952123,0.2095613219007063,0.7632376123409128,0.8109644534784678,0.20690427900757946,0.09646445347846777,0.819808356426188,0.7820000052452087,0.2256666719118754,0.06750000524520872,0.7786666750907898,0.22233334175745645,0.06416667509078977,0.886608898639679,0.3302755653063456,0.17210889863967893,0.8865843415260315,0.33025100819269815,0.17208434152603147,0.7780160296446054,0.22168269631127202,0.06351602964460534
corr_target_jpeg_compression_sev5,173,6000,False,True,False,0.45266666666666666,0.45266666666666666,0.722,0.8913525498891353,0.8921706607637222,0.4386858832224686,0.17017066076372223,0.6799409625710587,0.7798089392199878,0.22727429590439208,0.057808939219987865,0.7576587193548161,0.7078333497047424,0.25516668303807577,0.014166650295257543,0.6924999952316284,0.23983332856496176,0.029500004768371557,0.8489679098129272,0.3963012431462606,0.12696790981292727,0.8489433526992798,0.3962766860326131,0.1269433526992798,0.6913738310939139,0.23870716442724726,0.03062616890608605
corr_target_speckle_noise_sev1,174,6000,False,True,False,0.6255,0.6255,0.7213333333333334,0.944405348346235,0.9448483322215402,0.3189053483462351,0.2235149988882068,0.8513229886920697,0.8550598618630622,0.22582298869206974,0.13372652852972877,0.8663067021601186,0.843666672706604,0.21816667270660406,0.12233333937327062,0.8471666574478149,0.221666657447815,0.12583332411448156,0.9169219732284546,0.29142197322845464,0.1955886398951212,0.9168974161148071,0.2913974161148072,0.19556408278147375,0.8534768780605622,0.22797687806056222,0.13214354472722878
corr_target_speckle_noise_sev2,175,6000,False,True,False,0.5786666666666667,0.5786666666666667,0.7068333333333333,0.9380530973451328,0.9384592439598568,0.3593864306784661,0.2316259106265235,0.8298266068954342,0.8380594261843713,0.25115994022876753,0.13122609285103803,0.8554440306020097,0.8321666717529297,0.253500005086263,0.12533333841959637,0.8330000042915344,0.25433333762486776,0.1261666709582011,0.910775363445282,0.3321086967786153,0.20394203011194867,0.9107508063316345,0.33208413966496786,0.2039174729983012,0.8257930484912384,0.2471263818245717,0.11895971515790504
corr_target_speckle_noise_sev3,176,6000,False,True,False,0.44283333333333336,0.44283333333333336,0.6955,0.9078995267564616,0.9089361788396456,0.4650661934231282,0.2134361788396456,0.739840824420312,0.7886457345349763,0.2970074910869786,0.09314573453497632,0.8132864879970613,0.7786666750907898,0.33583334175745644,0.08316667509078979,0.7743332982063293,0.331499964872996,0.07883329820632934,0.8834048509597778,0.4405715176264445,0.18790485095977782,0.8833802938461304,0.440546960512797,0.18788029384613036,0.717604098506677,0.2747707651733436,0.02210409850667694
corr_target_speckle_noise_sev4,177,6000,False,True,False,0.372,0.372,0.7106666666666667,0.8801791713325868,0.880508441659122,0.5081791713325868,0.16984177499245534,0.6799850899831846,0.7721180007863271,0.30798508998318463,0.06145133411966042,0.7824971503167075,0.7294999957084656,0.3574999957084656,0.018833329041798907,0.7268333435058594,0.3548333435058594,0.016166676839192706,0.8614289164543152,0.4894289164543152,0.15076224978764852,0.8614043593406677,0.4894043593406677,0.15073769267400106,0.6527448041678258,0.28074480416782577,0.057921862498840904
corr_target_speckle_noise_sev5,178,6000,False,True,False,0.2906666666666667,0.2906666666666667,0.7501666666666666,0.8483685220729367,0.8547273755658974,0.55770185540627,0.10456070889923075,0.6097508361654229,0.7647680721558666,0.31908416949875623,0.01460140548919997,0.751449593591096,0.7018333077430725,0.4111666410764058,0.04833335892359414,0.6869999766349792,0.39633330996831256,0.0631666900316874,0.8430164456367493,0.5523497789700826,0.09284977897008262,0.8429918885231018,0.5523252218564352,0.09282522185643516,0.5865240970562833,0.2958574303896166,0.16364256961038337
corr_target_spatter_sev1,179,6000,False,True,False,0.6903333333333334,0.6903333333333334,0.7471666666666666,0.9543394911118857,0.9553595303803387,0.2640061577785523,0.20819286371367207,0.8827417143567332,0.8922273943777892,0.19240838102339985,0.14506072771112255,0.8864360997539669,0.8638333082199097,0.1734999748865763,0.11666664155324302,0.8684999942779541,0.17816666094462075,0.12133332761128746,0.9283747673034668,0.23804143397013344,0.18120810063680015,0.9283502101898193,0.23801687685648598,0.1811835435231527,0.888218314707258,0.19788498137392463,0.14105164804059134
corr_target_spatter_sev2,180,6000,False,True,False,0.6295,0.6295,0.7215,0.9374889321763769,0.9381838810623938,0.3079889321763769,0.21668388106239378,0.8394525649935832,0.857649185905373,0.20995256499358328,0.13614918590537295,0.8532113937893264,0.8209999799728394,0.1914999799728394,0.09949997997283933,0.8216666579246521,0.19216665792465215,0.10016665792465207,0.9064518213272095,0.2769518213272095,0.18495182132720944,0.906427264213562,0.27692726421356206,0.18492726421356198,0.8664307773555113,0.23693077735551138,0.1449307773555113
corr_target_spatter_sev3,181,6000,False,True,False,0.569,0.569,0.7141666666666666,0.9191136732120339,0.9201322984089376,0.3501136732120339,0.205965631742271,0.7862530030759366,0.8326833859549191,0.21725300307593665,0.11851671928825247,0.8240662595537063,0.7873333096504211,0.2183333096504212,0.07316664298375453,0.7828333377838135,0.21383333778381353,0.06866667111714686,0.8886426687240601,0.3196426687240601,0.17447600205739344,0.8886181116104126,0.31961811161041265,0.17445144494374598,0.8198901775736376,0.25089017757363763,0.10572351090697096
corr_target_spatter_sev4,182,6000,False,True,False,0.5101666666666667,0.5101666666666667,0.699,0.9222202263337524,0.9225448924567442,0.4120535596670858,0.22354489245674425,0.7657816644769893,0.807821776224907,0.2556149978103226,0.10882177622490707,0.7999024755514033,0.7561666369438171,0.24599997027715048,0.057166636943817184,0.7546666860580444,0.24450001939137778,0.05566668605804448,0.8745474219322205,0.3643807552655538,0.1755474219322205,0.874522864818573,0.36435619815190634,0.17552286481857304,0.7737707393663593,0.26360407269969266,0.07477073936635936
corr_target_spatter_sev5,183,6000,False,True,False,0.42033333333333334,0.42033333333333334,0.6966666666666667,0.9126495106922798,0.9132098076543481,0.4923161773589465,0.21654314098768146,0.7306793468685359,0.7801660923114229,0.3103460135352025,0.08349942564475621,0.7664758815744768,0.7171666622161865,0.2968333288828532,0.020499995549519867,0.7068333029747009,0.2864999696413676,0.010166636308034271,0.8530630469322205,0.4327297135988871,0.1563963802655538,0.853038489818573,0.43270515648523966,0.15637182315190634,0.6916287478241552,0.27129541449082184,0.00503791884251148
corr_target_gaussian_blur_sev1,184,6000,False,True,False,0.6666666666666666,0.6666666666666666,0.7385,0.952513966480447,0.952513966480447,0.2858472998137803,0.2140139664804469,0.8694462778737064,0.8740589719881312,0.2027796112070398,0.13555897198813116,0.875970818028457,0.8576666712760925,0.1910000046094259,0.11916667127609248,0.8600000143051147,0.19333334763844812,0.1215000143051147,0.9237697124481201,0.2571030457814535,0.18526971244812007,0.9237451553344727,0.257078488667806,0.1852451553344726,0.8825000905169591,0.21583342385029247,0.14400009051695906
corr_target_gaussian_blur_sev2,185,6000,False,True,False,0.5941666666666666,0.5941666666666666,0.7053333333333334,0.947737635917222,0.9481440721883444,0.3535709692505554,0.24281073885501103,0.8017644934319874,0.8402142024671675,0.2075978267653208,0.13488086913383412,0.8368394869595083,0.8028333187103271,0.20866665204366053,0.09749998537699378,0.8014999628067017,0.20733329614003504,0.09616662947336829,0.8962870240211487,0.30212035735448206,0.19095369068781531,0.8962624669075012,0.3020958002408346,0.19092913357416785,0.8590863041232577,0.2649196374565911,0.15375297078992434
corr_target_gaussian_blur_sev3,186,6000,False,True,False,0.5073333333333333,0.5073333333333333,0.6911666666666667,0.9333333333333333,0.9333362396204032,0.42600000000000005,0.24216957295373653,0.7237501076059399,0.8131890046004067,0.21641677427260664,0.12202233793373995,0.7843231192443021,0.7378333210945129,0.23049998776117964,0.04666665442784623,0.7304999828338623,0.223166649500529,0.0393333161671956,0.8628634214401245,0.3555300881067912,0.1716967547734578,0.862838864326477,0.35550553099314375,0.17167219765981034,0.8022669603077257,0.2949336269743924,0.111100293641059
corr_target_gaussian_blur_sev4,187,6000,False,True,False,0.41633333333333333,0.41633333333333333,0.6946666666666667,0.9171629669734704,0.9172049882288417,0.5008296336401371,0.222538321562175,0.6352089564445265,0.7841079714773362,0.21887562311119313,0.08944130481066959,0.724993106423305,0.6673333048820496,0.2509999715487162,0.027333361784617094,0.6434999704360962,0.22716663710276286,0.05116669623057046,0.8256465792655945,0.40931324593226115,0.13097991259892783,0.825622022151947,0.4092886888186137,0.13095535548528037,0.7332283095362943,0.3168949762029609,0.0385616428696276
corr_target_gaussian_blur_sev5,188,6000,False,True,False,0.25833333333333336,0.25833333333333336,0.76,0.8978692138133725,0.8981683573789846,0.6395358804800391,0.13816835737898459,0.5330248479128135,0.7606800420050875,0.2746915145794801,0.0006800420050875333,0.6017869555556791,0.5199999809265137,0.2616666475931803,0.24000001907348634,0.47583332657814026,0.2174999932448069,0.28416667342185975,0.7443373799324036,0.4860040465990702,0.015662620067596444,0.7443128228187561,0.48597948948542274,0.015687177181243905,0.5768721071296081,0.31853877379627477,0.18312789287039188
corr_target_saturate_sev1,189,6000,False,True,False,0.6561666666666667,0.6561666666666667,0.7503333333333333,0.9508655359328554,0.9515146076497046,0.2946988692661887,0.20118127431637134,0.8713749621077728,0.8773324200403366,0.2152082954411061,0.12699908670700333,0.8757950170079106,0.8466666340827942,0.1904999674161275,0.09633330074946089,0.8519999980926514,0.1958333314259847,0.10166666475931807,0.9206880331039429,0.2645213664372762,0.17035469977060957,0.9206634759902954,0.26449680932362873,0.1703301426569621,0.8552721681889979,0.1991055015223312,0.10493883485566458
corr_target_saturate_sev2,190,6000,False,True,False,0.6296666666666667,0.6296666666666667,0.7503333333333333,0.9429175475687104,0.9437130584384607,0.31325088090204367,0.19337972510512735,0.8532241348822895,0.8603135870843062,0.22355746821562283,0.10998025375097287,0.8641293721798076,0.8326666355133057,0.20299996884663896,0.08233330217997237,0.8336666822433472,0.20400001557668046,0.08333334891001387,0.9129573702812195,0.2832907036145528,0.16262403694788619,0.912932813167572,0.2832661465009053,0.16259947983423872,0.8401570070717206,0.21049034040505388,0.08982367373838729
corr_target_saturate_sev3,191,6000,False,True,False,0.6848333333333333,0.6848333333333333,0.739,0.9574283231972198,0.9574283231972198,0.2725949898638865,0.21842832319721983,0.8901841892912264,0.8916032941346111,0.20535085595789315,0.15260329413461116,0.8884000345270212,0.8733333349227905,0.18850000158945723,0.13433333492279054,0.878166675567627,0.19333334223429366,0.13916667556762696,0.93206787109375,0.2472345377604167,0.19306787109375,0.9320433139801025,0.24720998064676925,0.19304331398010255,0.8788483777557717,0.19401504442243844,0.13984837775577175
corr_target_saturate_sev4,192,6000,False,True,False,0.6226666666666667,0.6226666666666667,0.7133333333333334,0.9442196023227168,0.9442196023227168,0.32155293565605014,0.23088626898938347,0.8563875399470378,0.8600852884244548,0.23372087328037106,0.14675195509112138,0.8641305771216892,0.8388333320617676,0.21616666539510088,0.1254999987284342,0.8371666669845581,0.2145000003178914,0.12383333365122473,0.9147777557373047,0.292111089070638,0.2014444224039713,0.9147531986236572,0.2920865319569905,0.20141986529032385,0.826892083225752,0.20422541655908533,0.11355874989241865
corr_target_saturate_sev5,193,6000,False,True,False,0.5358333333333334,0.5358333333333334,0.6738333333333333,0.9457037427517131,0.9466525083472844,0.4098704094183797,0.27281917501395114,0.8262114702995742,0.8327036381762124,0.2903781369662408,0.15887030484287912,0.842400896214697,0.8149999976158142,0.2791666642824808,0.14116666428248092,0.8178333044052124,0.281999971071879,0.14399997107187912,0.9022430777549744,0.366409744421641,0.22840974442164108,0.9022185206413269,0.3663851873079935,0.22838518730799362,0.7539629202440222,0.21812958691068884,0.08012958691068894
