testset,testset_idx,n_samples,is_source,is_target,is_clean,true_acc,acc_st_true,acc_ta_true,acc_st_tdc,acc_ta_tdc,err_st_tdc,err_ta_tdc,acc_st_mm,acc_ta_mm,err_st_mm,err_ta_mm,mano_fro_norm,est_ATC,err_ATC,err_ta_ATC,est_ATC-NE,err_ATC-NE,err_ta_ATC-NE,est_AC,err_AC,err_ta_AC,est_DOC,err_DOC,err_ta_DOC,est_COT,err_COT,err_ta_COT
val_source,0,10000,True,False,True,0.964,0.964,0.9642,0.9957822855995181,0.9957822855995181,0.03178228559951812,0.031582285599518145,0.9906543243865735,0.9906543243865735,0.026654324386573558,0.02645432438657358,0.9783176208554827,0.981499969959259,0.017499969959259065,0.017299969959259087,0.9738999605178833,0.009899960517883333,0.009699960517883355,0.9852292537689209,0.02122925376892093,0.021029253768920952,0.9851664900779724,0.021166490077972444,0.020966490077972466,0.9704303270579628,0.00643032705796287,0.006230327057962892
val_target,1,66400,False,True,True,0.6698192771084337,0.6698192771084337,0.725105421686747,0.9619323067302431,0.9619782397709588,0.2921130296218094,0.2368728180842118,0.871295404951542,0.8792537005057727,0.2014761278431083,0.1541482788190257,0.861072844854763,0.8532229065895081,0.18340362948107436,0.1281174849027611,0.7965210676193237,0.12670179051089003,0.07141564593257677,0.9003279805183411,0.23050870340990737,0.1752225588315941,0.9002652168273926,0.23044593971895888,0.1751597951406456,0.8553508780648118,0.1855316009563781,0.13024545637806484
imagenet_val_source,2,2600,True,False,True,0.9326923076923077,0.9326923076923077,0.9411538461538461,0.9879330478785519,0.9892293819662814,0.05524074018624414,0.04807553581243529,0.9829291961052085,0.9829291961052085,0.05023688841290075,0.04177534995136234,0.9664691927387167,0.9661538600921631,0.03346155239985538,0.025000013938316967,0.9553846120834351,0.02269230439112735,0.01423076592958894,0.9758748412132263,0.04318253352091861,0.0347209950593802,0.9758120775222778,0.04311976982997012,0.03465823136843171,0.9647043488852605,0.032012041192952756,0.023550502731414347
imagenet_val_target,3,2600,False,True,True,0.6388461538461538,0.6388461538461538,0.7057692307692308,0.956661316211878,0.9571766543282202,0.31781516236572416,0.2514074235589894,0.8620245811167958,0.8746632775152945,0.22317842727064197,0.16889404674606368,0.8529749046605632,0.8376923203468323,0.19884616650067843,0.13192308957760146,0.7869230508804321,0.1480768970342783,0.08115382011120131,0.893774688243866,0.2549285343977121,0.18800545747463515,0.8937119245529175,0.25486577070676364,0.18794269378368667,0.848365893274902,0.20951973942874813,0.14259666250567116
corr_source_fog_sev1,4,2600,True,False,False,0.8442307692307692,0.8442307692307692,0.8676923076923077,0.9811912225705329,0.9816594561624987,0.1369604533397637,0.11396714847019107,0.9378221703543126,0.9380610374849915,0.09359140112354336,0.07036872979268383,0.9205703855783021,0.9142307639122009,0.0699999946814317,0.046538456219893276,0.8873077034950256,0.043076934264256406,0.019615395802717983,0.9422116279602051,0.09798085872943585,0.07451932026789743,0.9421488642692566,0.09791809503848736,0.07445655657694894,0.9010821228729884,0.05685135364221916,0.03338981518068074
corr_source_fog_sev2,5,2600,True,False,False,0.8088461538461539,0.8088461538461539,0.8492307692307692,0.9702970297029702,0.9711564356435644,0.16145087585681628,0.12192566641279512,0.9142510635273791,0.9157987624458677,0.10540490968122518,0.06656799321509843,0.9018224336423919,0.8884615302085876,0.07961537636243377,0.03923076097781841,0.858846127986908,0.04999997414075408,0.009615358756138725,0.9270696640014648,0.11822351015531096,0.07783889477069561,0.9270069003105164,0.11816074646436248,0.07777613107974712,0.8750560559571434,0.06620990211098954,0.025825286726374186
corr_source_fog_sev3,6,2600,True,False,False,0.75,0.75,0.811923076923077,0.9690721649484536,0.9691187238929706,0.2190721649484536,0.15719564696989363,0.8870382349268712,0.8878679005884716,0.13703823492687117,0.07594482366539468,0.873851594577948,0.8676922917366028,0.11769229173660278,0.055769214813525814,0.813076913356781,0.063076913356781,0.0011538364337040363,0.9090059995651245,0.1590059995651245,0.09708292264204754,0.908943235874176,0.15894323587417603,0.09702015895109906,0.8317281633891073,0.08172816338910727,0.019805086466030297
corr_source_fog_sev4,7,2600,True,False,False,0.678076923076923,0.678076923076923,0.7715384615384615,0.9731437598736177,0.9749552150936848,0.29506683679669465,0.20341675355522326,0.8643943806259667,0.8717404121965866,0.18631745754904372,0.1002019506581251,0.8503262200539903,0.8342307806015015,0.15615385752457844,0.06269231906303996,0.7726923227310181,0.09461539965409504,0.00115386119255656,0.8899754285812378,0.21189850550431477,0.11843696704277629,0.8899126648902893,0.21183574181336629,0.1183742033518278,0.7785979344094915,0.10052101133256852,0.007059472871030037
corr_source_fog_sev5,8,2600,True,False,False,0.5219230769230769,0.5219230769230769,0.7138461538461538,0.9743589743589745,0.9743976281545343,0.4524358974358975,0.26055147430838055,0.8053967485587994,0.8422302765699266,0.28347367163572246,0.12838412272377275,0.802955518169653,0.7823076844215393,0.2603846074984624,0.06846153057538551,0.7065384387969971,0.18461536187392014,0.007307715049156727,0.8567463755607605,0.33482329863768356,0.1429002217146067,0.856683611869812,0.3347605349467351,0.14283745802365821,0.6355637916615833,0.11364071473850634,0.07828236218457052
corr_source_frost_sev1,9,2600,True,False,False,0.8369230769230769,0.8369230769230769,0.8703846153846154,0.977183320220299,0.977183320220299,0.1402602432972221,0.10679870483568354,0.926125693161814,0.9305305243280619,0.08920261623873715,0.06014590894344651,0.9124043292846736,0.9107692241668701,0.07384614724379324,0.040384608782254694,0.8757692575454712,0.03884618062239431,0.005384642160855768,0.9362908601760864,0.09936778325300955,0.065906244791471,0.9362280964851379,0.09930501956206106,0.06584348110052252,0.9020479545093515,0.06512487758627461,0.03166333912473607
corr_source_frost_sev2,10,2600,True,False,False,0.7184615384615385,0.7184615384615385,0.7903846153846154,0.9537223340040242,0.9537223340040242,0.2352607955424857,0.16333771861940882,0.8528274502013771,0.8677969898067952,0.13436591173983858,0.07741237442217985,0.8516006337078468,0.8296154141426086,0.11115387568107016,0.03923079875799329,0.7769230604171753,0.05846152195563681,0.01346155496744006,0.8895532488822937,0.17109171042075522,0.09916863349767835,0.8894904851913452,0.17102894672980673,0.09910586980672986,0.8156755228702348,0.09721398440869633,0.025290907485619463
corr_source_frost_sev3,11,2600,True,False,False,0.6234615384615385,0.6234615384615385,0.7592307692307693,0.943089430894309,0.9432584441761047,0.31962789243277046,0.18402767494533545,0.799792328112345,0.8200734878402491,0.1763307896508065,0.06084271860947987,0.8064121814050256,0.7799999713897705,0.156538432928232,0.020769202159001243,0.7092307806015015,0.08576924213996295,0.0499999886292678,0.8591588139533997,0.23569727549186115,0.0999280447226304,0.8590960502624512,0.23563451180091266,0.09986528103168191,0.7434144028790695,0.11995286441753095,0.015816366351699807
corr_source_frost_sev4,12,2600,True,False,False,0.6061538461538462,0.6061538461538462,0.7492307692307693,0.9443767762890783,0.9449289788818271,0.3382229301352322,0.1956982096510579,0.7868592870523399,0.8052742933133824,0.18070544089849372,0.05604352408261315,0.7944828171418743,0.7638461589813232,0.1576923128274771,0.014615389750553986,0.6865384578704834,0.08038461171663724,0.06269231136028586,0.8474661707878113,0.24131232463396513,0.09823540155704202,0.8474034070968628,0.24124956094301664,0.09817263786609354,0.7226609353860756,0.11650708923222941,0.02656983384469369
corr_source_frost_sev5,13,2600,True,False,False,0.5326923076923077,0.5326923076923077,0.7384615384615385,0.9383421804818293,0.940133987521946,0.4056498727895216,0.2016724490604075,0.7544176659634347,0.7944694113530328,0.22172535827112705,0.05600787289149434,0.7650369191893315,0.7265384793281555,0.19384617163584783,0.011923059133382985,0.6376923322677612,0.10500002457545354,0.10076920619377727,0.8271726369857788,0.2944803292934711,0.0887110985242403,0.8271098732948303,0.29441756560252264,0.08864833483329182,0.6651682153076358,0.13247590761532813,0.07329332315390269
corr_source_motion_blur_sev1,14,2600,True,False,False,0.8619230769230769,0.8619230769230769,0.8834615384615384,0.9807918463347707,0.9808208233484872,0.11886876941169378,0.09735928488694878,0.943834437152502,0.9477159479077584,0.08191136022942513,0.06425440944621996,0.9248704846939798,0.9196153879165649,0.05769231099348804,0.03615384945502653,0.8915384411811829,0.02961536425810596,0.008076902719644452,0.9459293484687805,0.08400627154570361,0.06246781000724211,0.945866584777832,0.08394350785475513,0.06240504631629362,0.9265318424172116,0.06460876549413475,0.04307030395567324
corr_source_motion_blur_sev2,15,2600,True,False,False,0.7907692307692308,0.7907692307692308,0.8442307692307692,0.9670242352006356,0.9678797643086269,0.17625500443140485,0.12364899507785765,0.9015143109847668,0.9096694636156721,0.11074508021553597,0.0654386943849029,0.8843879820942815,0.8746153712272644,0.08384614045803362,0.030384601996495175,0.829230785369873,0.03846155460064227,0.014999983860896182,0.9159390926361084,0.12516986186687762,0.07170832340533917,0.9158763289451599,0.12510709817592913,0.07164555971439068,0.8858406241022222,0.09507139333299142,0.04160985487145297
corr_source_motion_blur_sev3,16,2600,True,False,False,0.6580769230769231,0.6580769230769231,0.7580769230769231,0.96,0.9625348103224209,0.30192307692307685,0.20445788724549785,0.8167693982312435,0.8411206176989077,0.1586924751543204,0.08304369462198458,0.8120544445133953,0.7873076796531677,0.1292307565762446,0.029230756576244632,0.7069230675697327,0.04884614449280955,0.05115385550719043,0.8606557846069336,0.20257886153001048,0.1025788615300105,0.8605930209159851,0.202516097839062,0.10251609783906201,0.789617650348363,0.13154072727143984,0.03154072727143986
corr_source_motion_blur_sev4,17,2600,True,False,False,0.485,0.485,0.7296153846153847,0.9396411092985317,0.9396411092985317,0.45464110929853174,0.21002572468314706,0.7624812207850898,0.8019124599829147,0.27748122078508985,0.07229707536753005,0.7454743811053124,0.7088461518287659,0.22384615182876588,0.020769232786618796,0.6103846430778503,0.12538464307785036,0.11923074153753432,0.8159139156341553,0.3309139156341553,0.08629853101877061,0.8158511519432068,0.3308511519432068,0.08623576732782212,0.6657166261118053,0.18071662611180528,0.0638987585035794
corr_source_motion_blur_sev5,18,2600,True,False,False,0.3719230769230769,0.3719230769230769,0.7315384615384616,0.9260636100784799,0.9271671591522891,0.554140533155403,0.1956286976138275,0.7342498527384721,0.7772677630790066,0.3623267758153952,0.045729301540545,0.7094818274718737,0.6665384769439697,0.2946154000208928,0.06499998459449186,0.5488461256027222,0.17692304867964526,0.1826923359357394,0.7892976403236389,0.417374563400562,0.057759178785177334,0.7892348766326904,0.4173117997096135,0.05769641509422885,0.5837792631522781,0.21185618622920122,0.14775919838618345
corr_source_brightness_sev1,19,2600,True,False,False,0.9088461538461539,0.9088461538461539,0.9188461538461539,0.9895064127477653,0.9895064127477653,0.08066025890161144,0.07066025890161143,0.970947202564332,0.970947202564332,0.06210104871817812,0.05210104871817811,0.9514886435730284,0.9507692456245422,0.04192309177838838,0.03192309177838837,0.930384635925293,0.02153848207913911,0.0115384820791391,0.9639012813568115,0.055055127510657664,0.045055127510657655,0.963838517665863,0.05499236381970918,0.04499236381970917,0.9452253047572203,0.03637915091106647,0.026379150911066462
corr_source_brightness_sev2,20,2600,True,False,False,0.9034615384615384,0.9034615384615384,0.92,0.9831834180680485,0.9832813744837005,0.07972187960651012,0.06328137448370041,0.9665168329409889,0.9678813761180564,0.06305529447945046,0.04788137611805632,0.9476175678942044,0.9449999928474426,0.0415384543859042,0.024999992847442587,0.9253846406936646,0.021923102232126124,0.005384640693664511,0.961771547794342,0.058310009332803614,0.041771547794342,0.9617087841033936,0.05824724564185513,0.041708784103393515,0.9408803681348786,0.037418829673340204,0.02088036813487859
corr_source_brightness_sev3,21,2600,True,False,False,0.8946153846153846,0.8946153846153846,0.9061538461538462,0.984375,0.984375,0.08975961538461541,0.0782211538461538,0.9608567118875642,0.9613633189971849,0.06624132727217957,0.05520947284333866,0.9412350764958703,0.9419230818748474,0.04730769725946282,0.035769235721001214,0.9169231057167053,0.022307721101320732,0.010769259562859124,0.9577770233154297,0.0631616387000451,0.05162317716158349,0.9577142596244812,0.06309887500909661,0.051560413470635,0.9364824014528201,0.041867016837435544,0.030328555298973936
corr_source_brightness_sev4,22,2600,True,False,False,0.8796153846153846,0.8796153846153846,0.8911538461538462,0.981590285938112,0.9820029226550965,0.10197490132272746,0.09084907650125029,0.9531154389821853,0.953254169367321,0.07350005436680074,0.062100323213474806,0.9316406792675707,0.9296153783798218,0.0499999937644372,0.03846153222597559,0.9007692337036133,0.021153849088228704,0.009615387549767096,0.9512939453125,0.07167856069711542,0.060140099158653815,0.9512311816215515,0.07161579700616694,0.06007733546770533,0.9318658661928483,0.0522504815774637,0.040712020039002095
corr_source_brightness_sev5,23,2600,True,False,False,0.8453846153846154,0.8453846153846154,0.8642307692307692,0.9791912053396152,0.9791912053396152,0.13380658995499983,0.11496043610884599,0.9321040736929362,0.9366747517833148,0.08671945830832084,0.07244398255254558,0.9146505135952827,0.9088461399078369,0.06346152452322151,0.04461537067706767,0.873846173286438,0.028461557901822587,0.009615404055668741,0.9376990795135498,0.0923144641289344,0.07346831028278056,0.9376363158226013,0.09225170043798592,0.07340554659183207,0.913803681443303,0.06841906605868764,0.04957291221253379
corr_source_zoom_blur_sev1,24,2600,True,False,False,0.81,0.81,0.8603846153846154,0.9682539682539683,0.9683489522568156,0.1582539682539682,0.1079643368722002,0.9126973099537353,0.9149784969523629,0.10269730995373527,0.05459388156774747,0.8953692138683509,0.8892307877540588,0.07923078775405878,0.028846172369443424,0.8496153950691223,0.03961539506912226,0.0107692203154931,0.923414945602417,0.11341494560241694,0.06303033021780158,0.9233521819114685,0.11335218191146845,0.06296756652685309,0.8944029814624351,0.08440298146243508,0.03401836607781972
corr_source_zoom_blur_sev2,25,2600,True,False,False,0.7465384615384615,0.7465384615384615,0.8242307692307692,0.9541432019308127,0.9541432019308127,0.20760474039235122,0.1299124327000435,0.8690575642321052,0.8756248586507773,0.12251910269364374,0.051394089420008116,0.8597548709176398,0.8461538553237915,0.09961539378533002,0.021923086093022293,0.7996153831481934,0.053076921609731875,0.024615386082575852,0.8984457850456238,0.1519073235071623,0.07421501581485457,0.8983830213546753,0.1518445598162138,0.07415225212390608,0.8589385608619463,0.11240009932348483,0.0347077916311771
corr_source_zoom_blur_sev3,26,2600,True,False,False,0.6996153846153846,0.6996153846153846,0.7857692307692308,0.9396411092985317,0.9411180579446909,0.2400257246831471,0.15534882717546017,0.8259995973455619,0.8392661678037858,0.1263842127301773,0.05349693703455505,0.8265290996654743,0.8015384674072266,0.10192308279184192,0.015769236637995787,0.7376922965049744,0.038076911889589726,0.04807693426425641,0.8723154664039612,0.17270008178857654,0.0865462356347304,0.8722527027130127,0.17263731809762806,0.08648347194378192,0.8274893166121324,0.1278739319967478,0.041720085842901655
corr_source_zoom_blur_sev4,27,2600,True,False,False,0.6365384615384615,0.6365384615384615,0.7703846153846153,0.9247311827956988,0.927052540727155,0.28819272125723727,0.1566679253425397,0.7814853449114372,0.8255755774044157,0.14494688337297568,0.05519096201980034,0.7931450271408382,0.7688461542129517,0.13230769267449016,0.0015384611716636742,0.6769230961799622,0.04038463464150066,0.09346151920465318,0.8476022481918335,0.211063786653372,0.07721763280721816,0.847539484500885,0.2110010229624235,0.07715486911626968,0.7901532954502033,0.1536148339117418,0.019768680065587962
corr_source_zoom_blur_sev5,28,2600,True,False,False,0.5696153846153846,0.5696153846153846,0.7380769230769231,0.907103825136612,0.9103427469828573,0.3374884405212274,0.17226582390593426,0.7410757432057509,0.7965061910682607,0.17146035859036624,0.05842926799133763,0.7563175064194486,0.7257692217826843,0.1561538371672997,0.012307701294238749,0.6226922869682312,0.05307690235284657,0.11538463610869187,0.8215000629425049,0.25188467832712025,0.08342313986558181,0.8214372992515564,0.25182191463617176,0.08336037617463332,0.7421608155472487,0.17254543093186403,0.00408389247032559
corr_source_snow_sev1,29,2600,True,False,False,0.811923076923077,0.811923076923077,0.8515384615384616,0.9711119905025722,0.9711119905025722,0.15918891357949527,0.11957352896411066,0.9174159505478331,0.9177248012825158,0.10549287362475612,0.06618633974405419,0.9008407982385012,0.8999999761581421,0.08807689923506512,0.04846151461968051,0.8542307615280151,0.04230768460493817,0.0026922999895535593,0.9300574660301208,0.11813438910704388,0.07851900449165927,0.9299947023391724,0.1180716254160954,0.07845624080071079,0.8838649600993826,0.07194188317630568,0.03232649856092107
corr_source_snow_sev2,30,2600,True,False,False,0.6115384615384616,0.6115384615384616,0.7692307692307693,0.940936863543788,0.9424229714636112,0.32939840200532644,0.17319220223284193,0.8058365826094018,0.8282989245536484,0.19429812107094024,0.05906815532287912,0.8080985878473751,0.7853845953941345,0.17384613385567294,0.016153826163365248,0.7065384387969971,0.09499997725853548,0.0626923304337722,0.8593167662620544,0.24777830472359286,0.09008599703128517,0.859254002571106,0.24771554103264437,0.09002323334033668,0.7281937368817795,0.11665527534331788,0.04103703234898981
corr_source_snow_sev3,31,2600,True,False,False,0.6415384615384615,0.6415384615384615,0.7661538461538462,0.9452332657200812,0.9452332657200812,0.30369480418161965,0.17907941956623497,0.8214074512584084,0.8296821816917963,0.17986898971994691,0.06352833553795012,0.8194499337664268,0.7976922988891602,0.15615383735069865,0.03153845273531397,0.7192307710647583,0.0776923095262968,0.046923075089087884,0.8675564527511597,0.22601799121269817,0.10140260659731348,0.8674936890602112,0.22595522752174968,0.101339842906365,0.7660285509146437,0.12449008937618222,0.00012529523920246088
corr_source_snow_sev4,32,2600,True,False,False,0.5434615384615384,0.5434615384615384,0.7384615384615385,0.9439480097481722,0.944827701719847,0.4004864712866337,0.20636616325830848,0.7756436458972933,0.8157247973150568,0.23218210743575485,0.07726325885351826,0.7795517778391808,0.7549999952316284,0.21153845677008998,0.016538456770089915,0.6676923036575317,0.1242307651959933,0.07076923480400676,0.8388268351554871,0.2953652966939486,0.10036529669394856,0.8387640714645386,0.29530253300300013,0.10030253300300007,0.7022525106956226,0.15879097223408412,0.036209027765915947
corr_source_snow_sev5,33,2600,True,False,False,0.4807692307692308,0.4807692307692308,0.7446153846153846,0.9417989417989419,0.9442688760974474,0.4610297110297111,0.1996534914820628,0.7413270017366056,0.7873084099772543,0.2605577709673748,0.042693025361869696,0.7419908224744406,0.7019230723381042,0.22115384156887347,0.04269231227728032,0.5938461422920227,0.11307691152279192,0.15076924232336186,0.810452401638031,0.3296831708688002,0.06583701702264644,0.8103896379470825,0.32962040717785174,0.06577425333169795,0.6336798602863674,0.15291062951713658,0.11093552432901721
corr_source_defocus_blur_sev1,34,2600,True,False,False,0.8361538461538461,0.8361538461538461,0.8719230769230769,0.9755713159968479,0.976029454143536,0.13941746984300174,0.10410637722045912,0.9269615423092022,0.9315217464988819,0.09080769615535611,0.05959866957580495,0.9049817585088384,0.8865384459495544,0.05038459979570831,0.014615369026477532,0.8592307567596436,0.023076910605797418,0.012692320163433357,0.9279488325119019,0.09179498635805572,0.056025755588824944,0.9278860688209534,0.09173222266710723,0.05596299189787646,0.8985663411244951,0.062412494970648935,0.02664326420141816
corr_source_defocus_blur_sev2,35,2600,True,False,False,0.786923076923077,0.786923076923077,0.833076923076923,0.9657915672235481,0.9660916372912353,0.17886849030047114,0.1330147142143122,0.8971002948007257,0.9081146208912325,0.11017721787764878,0.07503769781430947,0.8743172850937869,0.8607692122459412,0.07384613532286421,0.027692289169018114,0.8100000023841858,0.023076925461108844,0.023076920692737257,0.9084352254867554,0.12151214856367842,0.07535830240983232,0.9083724617958069,0.12144938487272994,0.07529553871888384,0.8732751414042932,0.08635206448121624,0.04019821832737014
corr_source_defocus_blur_sev3,36,2600,True,False,False,0.675,0.675,0.7796153846153846,0.9413680781758959,0.9425730927607908,0.2663680781758958,0.16295770814540622,0.8167510655935711,0.853091014812102,0.1417510655935711,0.07347563019671743,0.8001690062941038,0.7761538624763489,0.10115386247634883,0.003461522139035722,0.6896153688430786,0.014615368843078569,0.09000001577230599,0.8543487191200256,0.1793487191200256,0.07473333450464104,0.8542859554290771,0.1792859554290771,0.07467057081369255,0.8084487056036218,0.13344870560362176,0.02883332098823721
corr_source_defocus_blur_sev4,37,2600,True,False,False,0.568076923076923,0.568076923076923,0.7484615384615385,0.940936863543788,0.940936863543788,0.372859940466865,0.19247532508224952,0.7440224216042087,0.8052358905348996,0.1759454985272857,0.05677435207336112,0.729570640509344,0.6888461709022522,0.12076924782532916,0.059615367559286314,0.5865384340286255,0.018461510951702453,0.16192310443291302,0.8035396933555603,0.23546277027863727,0.05507815489402179,0.8034769296646118,0.23540000658768878,0.055015391203073305,0.7335852121329425,0.16550828905601944,0.014876326328596035
corr_source_defocus_blur_sev5,38,2600,True,False,False,0.4542307692307692,0.4542307692307692,0.7257692307692307,0.9269500619067272,0.9269500619067272,0.472719292675958,0.20118083113749652,0.6767155134959173,0.7886472707989214,0.22248474426514808,0.06287804002969066,0.6589702273242346,0.6069231033325195,0.15269233410175032,0.11884612743671119,0.47999998927116394,0.025769220040394725,0.24576924149806678,0.7524961829185486,0.29826541368777937,0.026726952149317862,0.7524334192276001,0.2982026499968309,0.026664188458369376,0.6411767116348728,0.18694594240410356,0.08459251913435795
corr_source_glass_blur_sev1,39,2600,True,False,False,0.7957692307692308,0.7957692307692308,0.8438461538461538,0.9698890649762281,0.9704086230613488,0.17411983420699728,0.12656246921519498,0.9022596514091367,0.903927818783947,0.10649042063990588,0.06008166493779321,0.8906583317916591,0.8730769157409668,0.07730768497173601,0.029230761894812995,0.8384615182876587,0.04269228751842791,0.00538463555849511,0.9187941551208496,0.12302492435161883,0.07494800127469581,0.9187313914299011,0.12296216066067034,0.07488523758374732,0.8697007152641604,0.07393148449492959,0.025854561418006572
corr_source_glass_blur_sev2,40,2600,True,False,False,0.6846153846153846,0.6846153846153846,0.7753846153846153,0.9541432019308127,0.9545980568104462,0.2695278173154281,0.17921344142583084,0.8345863658004177,0.8525707842405423,0.14997098118503305,0.077186168855927,0.8308422276924666,0.8103846311569214,0.12576924654153676,0.03500001577230605,0.7450000047683716,0.060384620152986956,0.030384610616243757,0.8761983513832092,0.1915829667678246,0.10081373599859389,0.8761355876922607,0.19152020307687612,0.1007509723076454,0.7851987385576885,0.10058335394230389,0.009814123173073175
corr_source_glass_blur_sev3,41,2600,True,False,False,0.40192307692307694,0.40192307692307694,0.7330769230769231,0.9171178675551853,0.9183497733633952,0.5151947906321084,0.1852728502864721,0.6939355039858504,0.7920075775095108,0.2920124270627734,0.058930654432587715,0.6583016580464994,0.6096153855323792,0.2076923086093022,0.12346153754454392,0.4669230878353119,0.06500001091223495,0.2661538352416112,0.7520161271095276,0.35009305018645065,0.018939204032604517,0.7519533634185791,0.35003028649550216,0.01887644034165603,0.5240553494369867,0.12213227251390979,0.20902157363993634
corr_source_glass_blur_sev4,42,2600,True,False,False,0.31,0.31,0.7657692307692308,0.929600658707287,0.929600658707287,0.6196006587072871,0.16383142793805627,0.6824432842104418,0.778452143111746,0.37244328421044176,0.012682912342515285,0.6215952131366819,0.5526922941207886,0.24269229412078858,0.21307693664844218,0.4069230854511261,0.0969230854511261,0.35884614531810466,0.7232920527458191,0.4132920527458191,0.042477178023411666,0.7232292890548706,0.4132292890548706,0.04253994171436015,0.4410428633985892,0.13104286339858923,0.32472636737064153
corr_source_glass_blur_sev5,43,2600,True,False,False,0.23615384615384616,0.23615384615384616,0.7996153846153846,0.9396411092985317,0.9430537091429206,0.7034872631446856,0.14343832452753602,0.7149694587306442,0.7953152365351525,0.47881561257679806,0.004300148080232158,0.6143136337939994,0.5680769085884094,0.33192306243456327,0.2315384760269752,0.4042307734489441,0.16807692729509793,0.3953846111664405,0.7294188737869263,0.4932650276330801,0.07019651082845835,0.7293561100959778,0.4932022639421316,0.07025927451940683,0.3796859691601172,0.14353212300627105,0.4199294154552674
corr_source_gaussian_noise_sev1,44,2600,True,False,False,0.838076923076923,0.838076923076923,0.8607692307692307,0.9763779527559057,0.9764135763136859,0.1383010296789826,0.11564434554445513,0.9370011449674406,0.9370011449674406,0.09892422189051753,0.07623191419820985,0.9247058550931568,0.9203846454620361,0.08230772238511308,0.0596154146928054,0.8907692432403564,0.05269232016343339,0.030000012471125714,0.9447344541549683,0.10665753107804521,0.08396522338573753,0.9446716904640198,0.10659476738709672,0.08390245969478904,0.9167657154039736,0.0786887923270505,0.05599648463474283
corr_source_gaussian_noise_sev2,45,2600,True,False,False,0.7538461538461538,0.7538461538461538,0.8026923076923077,0.9620758483033933,0.9620758483033933,0.2082296944572395,0.15938354061108562,0.8923782545196344,0.8924684684802241,0.13853210067348054,0.08977616078791639,0.8943147096247516,0.8849999904632568,0.131153836617103,0.08230768277094913,0.8446153998374939,0.09076924599134006,0.04192309214518619,0.922519326210022,0.16867317236386814,0.11982701851771427,0.9224565625190735,0.16861040867291965,0.11976425482676578,0.8611700185177614,0.1073238646716076,0.05847771082545372
corr_source_gaussian_noise_sev3,46,2600,True,False,False,0.6188461538461538,0.6188461538461538,0.745,0.9396411092985317,0.9402074611436739,0.3207949554523779,0.19520746114367393,0.8015736084067747,0.8181990931065279,0.1827274545606209,0.07319909310652795,0.8448152697589398,0.8215384483337402,0.2026922944875864,0.07653844833374024,0.7649999856948853,0.14615383184873143,0.01999998569488526,0.8843250274658203,0.2654788736196665,0.13932502746582032,0.8842622637748718,0.265416109928718,0.13926226377487183,0.7715420877161057,0.15269593386995184,0.026542087716105667
corr_source_gaussian_noise_sev4,47,2600,True,False,False,0.4442307692307692,0.4442307692307692,0.7207692307692307,0.9020270270270269,0.9022043932666023,0.45779625779625766,0.18143516249737157,0.6690093442941301,0.7626567869448159,0.22477857506336085,0.04188755617558515,0.7687348034113257,0.732692301273346,0.28846153204257674,0.01192307050411523,0.6465384364128113,0.20230766718204207,0.07423079435641944,0.8285787105560303,0.38434794132526107,0.10780947978679956,0.8285159468650818,0.3842851776343126,0.10774671609585107,0.6504879244227622,0.20625715519199295,0.07028130634646856
corr_source_gaussian_noise_sev5,48,2600,True,False,False,0.24384615384615385,0.24384615384615385,0.7961538461538461,0.8203266787658803,0.8231373365196621,0.5764805249197265,0.026983490365816043,0.5522772980602807,0.7532599256253114,0.3084311442141269,0.04289392052853469,0.6716031527983657,0.617307722568512,0.37346156872235814,0.17884612358533414,0.49076923727989197,0.24692308343373812,0.30538460887395413,0.760624349117279,0.5167781952711252,0.03552949703656705,0.7605615854263306,0.5167154315801767,0.035592260727515534,0.4831350485023954,0.23928889465624156,0.3130187976514507
corr_source_shot_noise_sev1,49,2600,True,False,False,0.8338461538461538,0.8338461538461538,0.865,0.9747634069400631,0.9747634069400631,0.14091725309390934,0.10976340694006315,0.9392100903733609,0.9394234252183709,0.1053639365272071,0.07442342521837086,0.9233853749314385,0.9169231057167053,0.08307695187055153,0.05192310571670533,0.8915384411811829,0.05769228733502907,0.02653844118118287,0.9453955292701721,0.11154937542401833,0.08039552927017213,0.9453327655792236,0.11148661173306984,0.08033276557922364,0.9138467577981423,0.08000060395198849,0.04884675779814229
corr_source_shot_noise_sev2,50,2600,True,False,False,0.7480769230769231,0.7480769230769231,0.8034615384615384,0.9587505006007209,0.9587505006007209,0.21067357752379778,0.15528896213918242,0.88453041816912,0.8847147096432791,0.13645349509219695,0.08125317118174069,0.8907051428087389,0.8896153569221497,0.14153843384522657,0.08615381846061121,0.8369230628013611,0.088846139724438,0.033461524339822635,0.9201689958572388,0.17209207278031569,0.11670745739570032,0.9201062321662903,0.1720293090893672,0.11664469370475183,0.8597846858829524,0.11170776280602934,0.05632314742141398
corr_source_shot_noise_sev3,51,2600,True,False,False,0.6188461538461538,0.6188461538461538,0.7411538461538462,0.9366053169734152,0.9385288658172095,0.3177591631272614,0.19737501966336335,0.793725470690411,0.8191033927284219,0.17487931684425717,0.07794954657457576,0.8345448581607253,0.8126922845840454,0.1938461307378916,0.07153843843019925,0.75,0.13115384615384618,0.008846153846153837,0.8764107823371887,0.2575646284910349,0.13525693618334256,0.8763480186462402,0.2575018648000864,0.13519417249239407,0.765714776241911,0.14686862239575715,0.024560930088064814
corr_source_shot_noise_sev4,52,2600,True,False,False,0.40115384615384614,0.40115384615384614,0.7457692307692307,0.8788270806382061,0.8805453889974214,0.47767323448436,0.13477615822819067,0.6340693760968703,0.7600805775167561,0.23291552994302417,0.014311346747525322,0.7483423236765767,0.7123076915740967,0.31115384542025054,0.03346153919513406,0.6115384697914124,0.21038462363756621,0.1342307609778184,0.8138096928596497,0.4126558467058035,0.06804046209041892,0.8137469291687012,0.41259308301485503,0.06797769839947043,0.6171454652022357,0.21599161904838954,0.12862376556699506
corr_source_shot_noise_sev5,53,2600,True,False,False,0.28115384615384614,0.28115384615384614,0.7834615384615384,0.8330341113105925,0.8349554619527687,0.5518802651567463,0.051493923491230276,0.5928612118656522,0.7273224564912056,0.3117073657118061,0.056139081970332794,0.7047844396247576,0.6730769276618958,0.3919230815080496,0.11038461079964268,0.5492307543754578,0.2680769082216116,0.23423078408608067,0.7884699106216431,0.507316064467797,0.005008372160104635,0.7884071469306946,0.5072533007768485,0.004945608469156149,0.5191192093792836,0.23796536322543743,0.26434232908225486
corr_source_impulse_noise_sev1,54,2600,True,False,False,0.7565384615384615,0.7565384615384615,0.8173076923076923,0.9645559538032655,0.9646619387067752,0.20801749226480404,0.1473542463990829,0.8896370526235646,0.8906853794052405,0.13309859108510314,0.07337768709754822,0.8865920085704231,0.876153826713562,0.11961536517510052,0.05884613440586972,0.8261538743972778,0.06961541285881634,0.008846182089585541,0.9165369868278503,0.15999852528938885,0.09922929452015805,0.9164742231369019,0.15993576159844036,0.09916653082920956,0.8674052952710375,0.110866833732576,0.0500976029633452
corr_source_impulse_noise_sev2,55,2600,True,False,False,0.6996153846153846,0.6996153846153846,0.765,0.9541432019308127,0.9541432019308127,0.25452781731542806,0.1891432019308127,0.8416375294265667,0.8545060230250103,0.14202214481118203,0.08950602302501032,0.8608672607529361,0.8507692217826843,0.1511538371672997,0.08576922178268431,0.7961538434028625,0.09653845878747791,0.031153843402862536,0.8989852070808411,0.19936982246545643,0.13398520708084105,0.8989224433898926,0.19930705877450794,0.13392244338989256,0.8297948027414337,0.13017941812604905,0.06479480274143368
corr_source_impulse_noise_sev3,56,2600,True,False,False,0.6165384615384616,0.6165384615384616,0.7473076923076923,0.9361702127659575,0.9361702127659575,0.3196317512274959,0.18886252045826513,0.7850960190092915,0.8120704758880493,0.1685575574708299,0.06476278358035692,0.8312287210402443,0.8092307448387146,0.192692283300253,0.06192305253102226,0.7400000095367432,0.12346154799828157,0.007307682770949175,0.8744099140167236,0.25787145247826204,0.1271022217090313,0.8743471503257751,0.25780868878731356,0.1270394580180828,0.7838491879034618,0.16731072636500022,0.03654149559576947
corr_source_impulse_noise_sev4,57,2600,True,False,False,0.43846153846153846,0.43846153846153846,0.7219230769230769,0.880275624461671,0.8839740987762772,0.4418140860001325,0.1620510218532003,0.650008252855655,0.7751177875845933,0.21154671439411654,0.053194710661516376,0.7555196717287439,0.7223076820373535,0.28384614357581506,0.000384605114276626,0.618461549282074,0.18000001082053552,0.10346152764100291,0.8207002878189087,0.38223874935737023,0.0987772108958318,0.8206375241279602,0.38217598566642175,0.09871444720488332,0.650381769791684,0.2119202313301456,0.07154130713139284
corr_source_impulse_noise_sev5,58,2600,True,False,False,0.26615384615384613,0.26615384615384613,0.7730769230769231,0.7974098057354302,0.8045858752534745,0.531255959581584,0.031508952176551364,0.5420401311422278,0.7347378191669305,0.2758862849883817,0.03833910390999262,0.6699311712221143,0.6280769109725952,0.3619230648187491,0.1450000121043279,0.48500001430511475,0.21884616815126862,0.28807690877180836,0.7634927034378052,0.49733885728395905,0.00958421963911793,0.7634299397468567,0.49727609359301056,0.009646983330066417,0.5009236201321883,0.23476977397834214,0.27215330294473483
corr_source_contrast_sev1,59,2600,True,False,False,0.8711538461538462,0.8711538461538462,0.8880769230769231,0.9875389408099688,0.9875389408099688,0.11638509465612268,0.09946201773304575,0.9533149858778848,0.9533149858778848,0.0821611397240386,0.06523806280096167,0.9309960273484628,0.9334615468978882,0.062307700744042016,0.045384623820965087,0.9019230604171753,0.030769214263329125,0.013846137340252196,0.9512603282928467,0.08010648213900051,0.06318340521592358,0.9511975646018982,0.08004371844805203,0.0631206415249751,0.9214332470099185,0.0502794008560723,0.03335632393299537
corr_source_contrast_sev2,60,2600,True,False,False,0.8326923076923077,0.8326923076923077,0.8642307692307692,0.977183320220299,0.977183320220299,0.14449101252799124,0.11295255098952972,0.9300563066248093,0.9300563066248093,0.09736399893250158,0.06582553739404007,0.910936901616059,0.9053846001625061,0.07269229247019837,0.04115383093173686,0.873846173286438,0.04115386559413026,0.009615404055668741,0.935899019241333,0.10320671154902528,0.07166825001056376,0.9358362555503845,0.10314394785807679,0.07160548631961527,0.8962631362849122,0.06357082859260443,0.03203236705414292
corr_source_contrast_sev3,61,2600,True,False,False,0.75,0.75,0.805,0.9616613418530352,0.9621046325878594,0.2116613418530352,0.15710463258785934,0.877471847386889,0.8814820089511137,0.127471847386889,0.07648200895111368,0.867873930066884,0.8523076772689819,0.10230767726898193,0.047307677268981885,0.800000011920929,0.050000011920928955,0.004999988079071094,0.9016941785812378,0.1516941785812378,0.09669417858123774,0.9016314148902893,0.1516314148902893,0.09663141489028926,0.8310657727073577,0.08106577270735771,0.02606577270735766
corr_source_contrast_sev4,62,2600,True,False,False,0.5211538461538462,0.5211538461538462,0.7253846153846154,0.9422294548413344,0.9422294548413344,0.42107560868748817,0.21684483945671895,0.7598476820714566,0.7873183741136541,0.2386938359176104,0.061933758729038724,0.7682396117177248,0.7357692122459412,0.21461536609209497,0.010384596861325757,0.6526923179626465,0.1315384718088003,0.07269229742196892,0.830700695514679,0.30954684936083277,0.10531608013006355,0.8306379318237305,0.3094840856698843,0.10525331643911506,0.6742841666974714,0.1531303205436252,0.05110044868714403
corr_source_contrast_sev5,63,2600,True,False,False,0.2903846153846154,0.2903846153846154,0.7711538461538462,0.9278350515463918,0.9279417953690691,0.6374504361617763,0.15678794921522288,0.6138199234005115,0.7404435084907149,0.3234353080158961,0.03071033766313125,0.6187566786795271,0.5507692098617554,0.26038459447713996,0.22038463629209082,0.4092307686805725,0.1188461532959571,0.3619230774732737,0.7177312970161438,0.4273466816315284,0.05342254913770239,0.7176685333251953,0.4272839179405799,0.05348531282865088,0.5027027164533197,0.21231810106870425,0.26845112970052654
corr_source_elastic_transform_sev1,64,2600,True,False,False,0.8669230769230769,0.8669230769230769,0.8880769230769231,0.9767807949626132,0.9781049868412468,0.10985771803953626,0.09002806376432371,0.9526597939657502,0.9530020129589123,0.08573671704267327,0.0649250898819892,0.9303345309082984,0.925000011920929,0.05807693499785205,0.03692308884400586,0.8988461494445801,0.03192307252150317,0.010769226367656981,0.9485026597976685,0.08157958287459155,0.06042573672074536,0.94843989610672,0.08151681918364306,0.060362973029796874,0.9215604182286282,0.05463734130555131,0.03348349515170512
corr_source_elastic_transform_sev2,65,2600,True,False,False,0.6530769230769231,0.6530769230769231,0.7611538461538462,0.9443767762890783,0.9447161711222548,0.29129985321215524,0.18356232496840863,0.8212592086823695,0.857306228831816,0.16818228560544635,0.09615238267796977,0.8298052194154896,0.8111538290977478,0.1580769060208247,0.04999998294390162,0.7407692074775696,0.08769228440064647,0.0203846386762766,0.8743419647216797,0.22126504164475658,0.1131881185678335,0.8742792010307312,0.2212022779538081,0.11312535487688502,0.7734295497654794,0.12035262668855629,0.012275703611633215
corr_source_elastic_transform_sev3,66,2600,True,False,False,0.7546153846153846,0.7546153846153846,0.8038461538461539,0.9657915672235481,0.9672478286653101,0.2111761826081635,0.16340167481915624,0.892810887987606,0.8935891316814575,0.13819550337222142,0.0897429778353036,0.8759107209475426,0.870769202709198,0.11615381809381342,0.06692304886304412,0.817307710647583,0.06269232603219843,0.013461556801429131,0.9106556177139282,0.15604023309854365,0.10680946386777435,0.9105928540229797,0.15597746940759516,0.10674670017682586,0.8279317952616028,0.07331641064621819,0.02408564141544889
corr_source_elastic_transform_sev4,67,2600,True,False,False,0.6107692307692307,0.6107692307692307,0.7384615384615385,0.954563731403297,0.954563731403297,0.34379450063406625,0.21610219294175848,0.8159366186055855,0.8300474959266827,0.2051673878363548,0.0915859574651442,0.8082511191734063,0.7892307639122009,0.1784615331429702,0.050769225450662425,0.7103846073150635,0.09961537654583275,0.028076931146475026,0.8603998422622681,0.24963061149303734,0.12193830380072956,0.8603370785713196,0.24956784780208885,0.12187554010978108,0.7091261493542071,0.09835691858497642,0.029335389107331356
corr_source_elastic_transform_sev5,68,2600,True,False,False,0.35192307692307695,0.35192307692307695,0.7434615384615385,0.9080218395632087,0.9080218395632087,0.5560987626401317,0.1645603011016702,0.6819221431455342,0.7612403322049601,0.3299990662224573,0.017778793743421617,0.6784016387222391,0.6276922821998596,0.27576920527678267,0.11576925626167889,0.5030769109725952,0.15115383404951827,0.2403846274889433,0.7650689482688904,0.41314587134581343,0.021607409807351874,0.7650061845779419,0.41308310765486494,0.021544646116403388,0.48635259377056317,0.13442951684748622,0.25710894469097534
corr_source_pixelate_sev1,69,2600,True,False,False,0.8723076923076923,0.8723076923076923,0.8957692307692308,0.9807918463347707,0.9807918463347707,0.10848415402707834,0.08502261556553992,0.9530699271541873,0.9530699271541873,0.08076223484649492,0.057300696384956495,0.9299561340982662,0.9269230961799622,0.05461540387226982,0.031153865410731396,0.8965384364128113,0.02423074410511894,0.0007692056435805172,0.9498379230499268,0.07753023074223442,0.054068692280695996,0.9497751593589783,0.07746746705128593,0.05400592858974751,0.919226194206066,0.046918501898373655,0.023456963436835232
corr_source_pixelate_sev2,70,2600,True,False,False,0.8553846153846154,0.8553846153846154,0.8842307692307693,0.9775855289028705,0.9775855289028705,0.12220091351825513,0.09335475967210127,0.9406515382575316,0.9406515382575316,0.08526692287291615,0.056420769026762296,0.9211287674917779,0.9123076796531677,0.056923064268552315,0.02807691042239846,0.8826923370361328,0.027307721651517403,0.001538432194636452,0.9420856833457947,0.08670106796117927,0.05785491411502541,0.9420229196548462,0.08663830427023078,0.05779215042407693,0.9074732124625374,0.052088597077922016,0.023242443231768162
corr_source_pixelate_sev3,71,2600,True,False,False,0.7788461538461539,0.7788461538461539,0.8346153846153846,0.9616613418530352,0.9629893708527894,0.18281518800688135,0.1283739862374047,0.8960192583089462,0.8986335871352288,0.11717310446279239,0.06401820251984414,0.8803889438936193,0.8769230842590332,0.09807693041287935,0.042307699643648555,0.8207692503929138,0.041923096546759964,0.01384613422247083,0.914177417755127,0.1353312639089731,0.0795620331397423,0.9141146540641785,0.1352685002180246,0.07949926944879382,0.8523244457868755,0.07347829194072164,0.017709061171490847
corr_source_pixelate_sev4,72,2600,True,False,False,0.6538461538461539,0.6538461538461539,0.7857692307692308,0.9396411092985317,0.9401182707993474,0.2857949554523779,0.15434904003011662,0.8095407261363537,0.8321875798816354,0.1556945722901999,0.04641834911240461,0.8135592837702127,0.7823076844215393,0.12846153057538545,0.0034615463476914687,0.7099999785423279,0.056153824696174026,0.0757692522269029,0.8615999817848206,0.2077538279386667,0.07583075101558978,0.8615372180938721,0.20769106424771822,0.0757679873246413,0.7590098212191155,0.10516366737296168,0.026759409550115243
corr_source_pixelate_sev5,73,2600,True,False,False,0.5769230769230769,0.5769230769230769,0.7642307692307693,0.9130434782608696,0.9130434782608696,0.33612040133779275,0.14881270903010035,0.7253082136673132,0.8256336489622642,0.14838513674423637,0.06140287973149494,0.76132712281985,0.7226923108100891,0.14576923388701224,0.04153845842068016,0.6284615397453308,0.05153846282225394,0.13576922948543846,0.8230568170547485,0.24613374013167166,0.058826047823979266,0.8229940533638,0.24607097644072318,0.05876328413303078,0.697649552952964,0.12072647602988718,0.06658121627780522
corr_source_jpeg_compression_sev1,74,2600,True,False,False,0.8707692307692307,0.8707692307692307,0.8892307692307693,0.9783889980353634,0.9783889980353634,0.10761976726613265,0.08915822880459412,0.9545902930709012,0.9567800877851972,0.08382106230167041,0.06754931855442792,0.9349120527713215,0.931538462638855,0.06076923186962424,0.04230769340808571,0.9096153974533081,0.038846166684077366,0.020384628222538836,0.9514044523239136,0.08063522155468283,0.062173683093144305,0.9513416886329651,0.08057245786373435,0.06211091940219582,0.9110150302100283,0.040245799440797536,0.021784260979259007
corr_source_jpeg_compression_sev2,75,2600,True,False,False,0.8538461538461538,0.8538461538461538,0.8753846153846154,0.9735491512041057,0.9735491512041057,0.11970299735795187,0.09816453581949025,0.9447753367927747,0.9478131798022037,0.09092918294662089,0.07242856441758827,0.9260523000138516,0.9257692098617554,0.07192305601560156,0.05038459447713994,0.8984615206718445,0.04461536682569067,0.023076905287229055,0.9475264549255371,0.0936803010793833,0.07214183954092168,0.9474636912345886,0.09361753738843481,0.0720790758499732,0.90131833055244,0.04747217670628623,0.02593371516782461
corr_source_jpeg_compression_sev3,76,2600,True,False,False,0.8365384615384616,0.8365384615384616,0.8603846153846154,0.973954222573007,0.973954222573007,0.13741576103454545,0.1135696071883916,0.938449872047979,0.9397429918480656,0.10191141050951746,0.07935837646345023,0.9191265030137055,0.9130769371986389,0.07653847566017735,0.0526923218140235,0.8865384459495544,0.04999998441109288,0.02615383056493903,0.9415547847747803,0.10501632323631871,0.08117016939016486,0.9414920210838318,0.10495355954537022,0.08110740569921637,0.8895067863107973,0.052968324772335706,0.029122170926181856
corr_source_jpeg_compression_sev4,77,2600,True,False,False,0.7757692307692308,0.7757692307692308,0.8246153846153846,0.9670242352006356,0.9670242352006356,0.19125500443140486,0.142408850585251,0.896770061524678,0.8993215986816472,0.12100083075544721,0.07470621406626254,0.8893785204459723,0.8811538219451904,0.10538459117595966,0.05653843732980579,0.8334615230560303,0.05769229228679951,0.008846138440645634,0.9196723699569702,0.14390313918773945,0.09505698534158558,0.9196096062660217,0.14384037549679096,0.09499422165063709,0.8541723296522854,0.07840309888305463,0.02955694503690076
corr_source_jpeg_compression_sev5,78,2600,True,False,False,0.6873076923076923,0.6873076923076923,0.7857692307692308,0.9507667473769169,0.9507667473769169,0.2634590550692246,0.16499751660768613,0.8310536875328298,0.841502935889993,0.14374599522513754,0.055733705120762256,0.832670463140839,0.8165384531021118,0.12923076079441953,0.03076922233288104,0.742307722568512,0.05500003026081968,0.04346150820071881,0.8773059844970703,0.18999829218937803,0.09153675372783954,0.8772432208061218,0.18993552849842954,0.09147399003689105,0.7876892064608354,0.10038151415314311,0.0019199756916046251
corr_source_speckle_noise_sev1,79,2600,True,False,False,0.8492307692307692,0.8492307692307692,0.8711538461538462,0.9767807949626132,0.9767807949626132,0.12755002573184393,0.105626948808767,0.9455649364043577,0.9457162062381662,0.09633416717358845,0.07456236008432005,0.9269040185592068,0.9284615516662598,0.07923078243549053,0.0573077055124136,0.9011538624763489,0.05192309324557964,0.03000001632250271,0.9468610286712646,0.09763025944049541,0.07570718251741848,0.9467982649803162,0.09756749574954693,0.07564441882647,0.9111004989713956,0.06186972974062632,0.03994665281754939
corr_source_speckle_noise_sev2,80,2600,True,False,False,0.8103846153846154,0.8103846153846154,0.8411538461538461,0.9719256623171213,0.9719256623171213,0.16154104693250593,0.13077181616327516,0.9211866116969826,0.9220677397552834,0.1108019963123672,0.0809138936014373,0.9077549622821165,0.9011538624763489,0.09076924709173351,0.060000016322502736,0.8661538362503052,0.055769220865689806,0.024999990096459035,0.932694673538208,0.12231005815359264,0.09154082738436187,0.9326319098472595,0.12224729446264415,0.09147806369341338,0.8833522965613119,0.0729676811766965,0.042198450407465726
corr_source_speckle_noise_sev3,81,2600,True,False,False,0.6684615384615384,0.6684615384615384,0.7607692307692308,0.9405052974735125,0.9405052974735125,0.2720437590119741,0.17973606670428177,0.8272967492482017,0.8358736086522798,0.1588352107866633,0.07510437788304902,0.8490872636516394,0.8353846073150635,0.16692306885352504,0.07461537654583272,0.7730769515037537,0.10461541304221522,0.012307720734522909,0.8895836472511292,0.2211221087895907,0.1288144164818984,0.8895208835601807,0.22105934509864222,0.1287516527909499,0.7811027138042872,0.11264117534274876,0.020333483035056443
corr_source_speckle_noise_sev4,82,2600,True,False,False,0.5665384615384615,0.5665384615384615,0.7273076923076923,0.9184692179700498,0.9211285604479532,0.3519307564315882,0.1938208681402609,0.7619934675836235,0.8026808211572994,0.19545500604516197,0.07537312884960712,0.8073747387602059,0.7788461446762085,0.21230768313774695,0.051538452368516174,0.7034615278244019,0.1369230662859403,0.023846164483290466,0.8568149209022522,0.29027645936379065,0.12950722859455988,0.8567521572113037,0.29021369567284216,0.1294444649036114,0.7161634390561107,0.14962497751764914,0.011144253251581637
corr_source_speckle_noise_sev5,83,2600,True,False,False,0.44884615384615384,0.44884615384615384,0.7319230769230769,0.8903115663679044,0.8934532866652414,0.4414654125217506,0.16153020974216448,0.6952330317674734,0.7749548399095662,0.24638687792131958,0.04303176298648925,0.7651429186892398,0.7353846430778503,0.2865384892316965,0.0034615661547734433,0.635769248008728,0.1869230941625742,0.09615382891434887,0.8282983303070068,0.379452176460853,0.09637525338392994,0.8282355666160583,0.3793894127699045,0.09631248969298145,0.643525879843573,0.19467972599741917,0.08839719707950389
corr_source_spatter_sev1,84,2600,True,False,False,0.9053846153846153,0.9053846153846153,0.9157692307692308,0.9863547758284601,0.9863953067070301,0.08097016044384475,0.07062607593779935,0.9682698306660361,0.9704778250205083,0.06288521528142077,0.0547085942512775,0.9487624369441345,0.9407692551612854,0.03538463977667006,0.02500002439205462,0.9242307543754578,0.01884613899084242,0.008461523606226984,0.9616134166717529,0.056228801287137586,0.04584418590252215,0.9615506529808044,0.0561660375961891,0.045781422211573664,0.9428257257981857,0.037441110413570344,0.027056495028954908
corr_source_spatter_sev2,85,2600,True,False,False,0.8534615384615385,0.8534615384615385,0.8830769230769231,0.9759747932256794,0.9764317049254996,0.12251325476414088,0.09335478184857648,0.9431157452624727,0.9447836473191632,0.08965420680093417,0.06170672424224011,0.9242919079679667,0.9142307639122009,0.060769225450662434,0.031153840835277835,0.8884615302085876,0.03499999174704915,0.005384607131664554,0.9431476593017578,0.08968612084021932,0.06007073622483472,0.9430848956108093,0.08962335714927083,0.060007972533886234,0.9101733440197787,0.05671180555824018,0.02709642094285558
corr_source_spatter_sev3,86,2600,True,False,False,0.8026923076923077,0.8026923076923077,0.84,0.9662027833001989,0.967173506148514,0.16351047560789123,0.12717350614851408,0.9038976938824904,0.9091357215949455,0.10120538619018271,0.06913572159494552,0.8936195241424741,0.88692307472229,0.08423076702998233,0.04692307472229007,0.8434615135192871,0.040769205826979404,0.0034615135192871405,0.9228575825691223,0.12016527487681461,0.08285758256912235,0.9227948188781738,0.12010251118586612,0.08279481887817386,0.8752615278696269,0.07256922017731915,0.035261527869626885
corr_source_spatter_sev4,87,2600,True,False,False,0.7207692307692307,0.7207692307692307,0.7926923076923077,0.9460883664369679,0.9504698109430156,0.2253191356677372,0.15777750325070794,0.8791576440610512,0.8824550543507892,0.15838841329182052,0.0897627466584815,0.8627877222806841,0.8469230532646179,0.1261538224953872,0.054230745572310224,0.7900000214576721,0.0692307906884414,0.002692286234635577,0.8989554643630981,0.17818623359386743,0.10626315667079045,0.8988927006721497,0.17812346990291894,0.10620039297984196,0.8247570709867094,0.10398784021747864,0.032064763294401666
corr_source_spatter_sev5,88,2600,True,False,False,0.6219230769230769,0.6219230769230769,0.7269230769230769,0.948220064724919,0.9518853691761352,0.32629698780184213,0.2249622922530583,0.8276115248663505,0.8407112837084947,0.20568844794327357,0.11378820678541779,0.8278379468706617,0.8092307448387146,0.1873076679156377,0.0823076679156377,0.7373076677322388,0.11538459080916186,0.010384590809161875,0.8733444213867188,0.25142134446364184,0.14642134446364186,0.8732816576957703,0.25135858077269335,0.14635858077269337,0.7359013975405324,0.1139783206174555,0.008978320617455515
corr_source_gaussian_blur_sev1,89,2600,True,False,False,0.8746153846153846,0.8746153846153846,0.8911538461538462,0.9851678376268539,0.9851678376268539,0.11055245301146932,0.09401399147300771,0.9614913382625276,0.9614913382625276,0.08687595364714307,0.07033749210868145,0.9388649314004697,0.9399999976158142,0.06538461300042964,0.048846151461968024,0.9169231057167053,0.04230772110132075,0.025769259562859137,0.9577822685241699,0.08316688390878535,0.06662842237032374,0.9577195048332214,0.08310412021783686,0.06656565867937525,0.9306622796548838,0.05604689503949922,0.03950843350103761
corr_source_gaussian_blur_sev2,90,2600,True,False,False,0.8107692307692308,0.8107692307692308,0.8503846153846154,0.9727380482022916,0.9732047915666352,0.1619688174330608,0.12282017618201979,0.9132843516769773,0.92412057839366,0.1025151209077465,0.07373596300904461,0.8908705169187799,0.8799999952316284,0.06923076446239762,0.029615379847013013,0.8380769491195679,0.027307718350337074,0.012307666265047534,0.9207651019096375,0.10999587114040665,0.07038048652502205,0.920702338218689,0.10993310744945817,0.07031772283407356,0.8878091330875185,0.07703990231828772,0.037424517702903115
corr_source_gaussian_blur_sev3,91,2600,True,False,False,0.7065384615384616,0.7065384615384616,0.785,0.943089430894309,0.943089430894309,0.2365509693558474,0.15808943089430894,0.8398106173268498,0.8529099387022372,0.13327215578838825,0.06790993870223716,0.8260702958599017,0.8046153783798218,0.09807691684136022,0.019615378379821746,0.736923098564148,0.03038463702568639,0.04807690143585208,0.8720213770866394,0.16548291554817784,0.08702137708663937,0.8719586133956909,0.16542015185722936,0.08695861339569089,0.8233934488443158,0.1168549873058542,0.038393448844315725
corr_source_gaussian_blur_sev4,92,2600,True,False,False,0.6015384615384616,0.6015384615384616,0.7573076923076923,0.9238410596026491,0.9268140808530733,0.3223025980641875,0.16950638854538091,0.7516515542876239,0.8230713380806557,0.1501130927491623,0.06576364577296334,0.7517206273167583,0.7126923203468323,0.1111538588083707,0.04461537196086007,0.6188461780548096,0.017307716516347993,0.13846151425288278,0.8159786462783813,0.21444018473991977,0.058670953970689,0.8159158825874329,0.21437742104897128,0.05860819027974051,0.7523582346518636,0.150819773113402,0.004949457655828771
corr_source_gaussian_blur_sev5,93,2600,True,False,False,0.37884615384615383,0.37884615384615383,0.7338461538461538,0.9061842658813631,0.907240865991392,0.5273381120352093,0.17339471214523816,0.6227990175070076,0.7741370008440799,0.24395286366085378,0.040290846997926066,0.611554296504906,0.5526922941207886,0.17384614027463474,0.18115385972536524,0.4092307686805725,0.030384614834418677,0.3246153851655813,0.7175594568252563,0.3387133029791025,0.016286697020897467,0.7174966931343079,0.33865053928815403,0.016349460711845953,0.5710430054353893,0.1921968515892355,0.1628031484107645
corr_source_saturate_sev1,94,2600,True,False,False,0.885,0.885,0.8946153846153846,0.9855637924307453,0.9855637924307453,0.10056379243074531,0.09094840781536073,0.9593193304875032,0.9606647261570888,0.07431933048750317,0.06604934154170417,0.9394939486260003,0.9442307949066162,0.0592307949066162,0.04961541029123162,0.9176923036575317,0.03269230365753173,0.023076919042147148,0.9576581120491028,0.07265811204910277,0.0630427274337182,0.9575953483581543,0.07259534835815429,0.0629799637427697,0.9263582570206977,0.04135825702069773,0.03174287240531315
corr_source_saturate_sev2,95,2600,True,False,False,0.8623076923076923,0.8623076923076923,0.8734615384615385,0.9887203422792687,0.9887373051316861,0.12641264997157642,0.1152757666701476,0.952344305172897,0.9537575732884924,0.0900366128652047,0.08029603482695391,0.9308233012098942,0.927307665348053,0.06499997304036065,0.05384612688651447,0.8999999761581421,0.03769228385044976,0.02653843769660358,0.9501778483390808,0.08787015603138848,0.0767163098775423,0.9501150846481323,0.08780739234044,0.07665354618659381,0.9215027714954577,0.05919507918776534,0.04804123303391916
corr_source_saturate_sev3,96,2600,True,False,False,0.9019230769230769,0.9019230769230769,0.9142307692307692,0.9875389408099688,0.9883628901210791,0.08561586388689191,0.07413212089030996,0.968115057941996,0.9703678200650674,0.0661919810189191,0.05613705083429821,0.9495892144306879,0.9492307901382446,0.04730771321516769,0.03500002090747545,0.9300000071525574,0.028076930229480435,0.015769237921788193,0.96421217918396,0.06228910226088302,0.04998140995319078,0.9641494154930115,0.062226338569934536,0.049918646262242294,0.9458633818204525,0.04394030489737555,0.03163261258968331
corr_source_saturate_sev4,97,2600,True,False,False,0.8561538461538462,0.8561538461538462,0.8830769230769231,0.9783889980353634,0.9789898912911431,0.12223515188151723,0.09591296821422002,0.9463510975798365,0.9476222070935181,0.09019725142599033,0.06454528401659498,0.9313305911782871,0.9280769228935242,0.07192307673967802,0.04499999981660108,0.8992307782173157,0.04307693206346952,0.01615385514039258,0.9501977562904358,0.09404391013658964,0.0671208332135127,0.9501349925994873,0.09398114644564115,0.06705806952256421,0.9255482628130031,0.06939441665915691,0.04247133973607997
corr_source_saturate_sev5,98,2600,True,False,False,0.8026923076923077,0.8026923076923077,0.833076923076923,0.9678443826915443,0.971041532586021,0.16515207499923656,0.13796460950909795,0.91289945421937,0.9165359201569513,0.11020714652706232,0.08345899708002824,0.9050362938090546,0.8980769515037537,0.09538464381144596,0.06500002842683061,0.8623076677322388,0.059615360039931065,0.02923074465531572,0.9313037395477295,0.1286114318554218,0.09822681647080644,0.931240975856781,0.1285486681644733,0.09816405277985796,0.8906022200297535,0.08790991233744583,0.057525296952830485
corr_target_fog_sev1,99,2600,False,True,False,0.5538461538461539,0.5538461538461539,0.6884615384615385,0.9383421804818293,0.9392998712190218,0.3844960266356754,0.25083833275748335,0.8116641451516956,0.8260507991516404,0.2578179913055417,0.1375892606901019,0.8087625970061503,0.7869230508804321,0.23307689703427825,0.09846151241889367,0.7119230628013611,0.1580769089552072,0.023461524339822626,0.859741747379303,0.3058955935331491,0.17128020891776452,0.8596789836883545,0.3058328298422006,0.17121744522681603,0.7766215526373073,0.22277539879115338,0.0881600141757688
corr_target_fog_sev2,100,2600,False,True,False,0.5330769230769231,0.5330769230769231,0.6853846153846154,0.9499192245557351,0.9499192245557351,0.41684230147881196,0.2645346091711197,0.793386606302718,0.8222290716407168,0.26030968322579484,0.13684445625610142,0.793715042010845,0.763076901435852,0.22999997835892894,0.07769228605123668,0.6796153783798218,0.14653845530289866,0.005769237004793593,0.8469176292419434,0.31384070616502024,0.161533013857328,0.8468548655509949,0.31377794247407176,0.1614702501663795,0.7549703593273622,0.2218934362504391,0.06958574394274686
corr_target_fog_sev3,101,2600,False,True,False,0.4807692307692308,0.4807692307692308,0.6876923076923077,0.9405052974735125,0.940681802539036,0.45973606670428174,0.2529894948467283,0.7777907742851845,0.8091189279897447,0.2970215435159537,0.121426620297437,0.7724981113808489,0.7411538362503052,0.2603846054810744,0.05346152855799746,0.6438461542129517,0.16307692344372088,0.043846153479356054,0.83449387550354,0.35372464473430926,0.14680156781123233,0.8344311118125916,0.35366188104336077,0.14673880412028384,0.7222268541742224,0.2414576234049916,0.034534546481914674
corr_target_fog_sev4,102,2600,False,True,False,0.41346153846153844,0.41346153846153844,0.7026923076923077,0.9443767762890783,0.9443767762890783,0.5309152378275399,0.24168446859677062,0.7620049438860087,0.8024917015356039,0.34854340542447027,0.09979939384329617,0.7567295922715939,0.7230769395828247,0.30961540112128627,0.02038463189051698,0.6265384554862976,0.21307691702475917,0.07615385220601012,0.822426974773407,0.40896543631186855,0.11973466708109926,0.8223642110824585,0.40890267262092006,0.11967190339015077,0.6608338493474721,0.2473723108859337,0.04185845834483559
corr_target_fog_sev5,103,2600,False,True,False,0.30115384615384616,0.30115384615384616,0.7384615384615385,0.9528795811518325,0.9528795811518325,0.6517257349979864,0.21441804269029396,0.7216696675580068,0.7998945468215614,0.4205158214041606,0.061433008360022856,0.7248230913536674,0.6926922798156738,0.39153843366182767,0.045769258645864674,0.5842307806015015,0.2830769344476553,0.15423075786003704,0.8016043901443481,0.500450543990502,0.06314285168280964,0.8015416264533997,0.5003877802995536,0.06308008799186116,0.5329320600439273,0.2317782138900812,0.20552947841761116
corr_target_frost_sev1,104,2600,False,True,False,0.5357692307692308,0.5357692307692308,0.681923076923077,0.9366053169734152,0.9371619899304232,0.4008360862041844,0.25523891300734625,0.7793833154048153,0.8082619031288074,0.24361408463558454,0.12633882620573045,0.7974274441625894,0.766153872013092,0.23038464124386127,0.08423079509001508,0.6919230818748474,0.15615385110561664,0.010000004951770447,0.8520908951759338,0.31632166440670306,0.17016781825285687,0.8520281314849854,0.3162589007157546,0.1701050545619084,0.7713568184866508,0.23558758771742006,0.08943374156357387
corr_target_frost_sev2,105,2600,False,True,False,0.4369230769230769,0.4369230769230769,0.6946153846153846,0.9282769991755978,0.9288771641868131,0.4913539222525209,0.23426177957142846,0.7194333915836888,0.8021619948873929,0.2825103146606119,0.10754661027200829,0.7524176740720807,0.7215384840965271,0.2846154071734502,0.026923099481142465,0.6230769157409668,0.18615383881788988,0.07153846887441784,0.8184942007064819,0.381571123783405,0.1238788160910973,0.8184314370155334,0.38150836009245653,0.12381605240014881,0.6898187849422196,0.2528957080191427,0.004796599673165036
corr_target_frost_sev3,106,2600,False,True,False,0.3719230769230769,0.3719230769230769,0.7107692307692308,0.92071398920714,0.9222989379655211,0.5487909122840631,0.21152970719629027,0.6860845680204073,0.7703259845207329,0.3141614910973304,0.059556753751502045,0.7160708271145416,0.6700000166893005,0.2980769397662236,0.04076921407993028,0.564230740070343,0.1923076631472661,0.1465384906988878,0.7932984232902527,0.4213753463671758,0.08252919252102187,0.7932356595993042,0.4213125826762273,0.08246642883007338,0.6254255501886563,0.2535024732655794,0.08534368058057451
corr_target_frost_sev4,107,2600,False,True,False,0.35423076923076924,0.35423076923076924,0.7196153846153847,0.9322381930184804,0.9322381930184804,0.5780074237877112,0.21262280840309578,0.694267552347222,0.7692403655559853,0.3400367831164528,0.04962498094060064,0.7126322182277047,0.677307665348053,0.32307689611728374,0.04230771926733168,0.5580769181251526,0.20384614889438335,0.16153846649023207,0.7935068011283875,0.4392760318976182,0.0738914165130028,0.793444037437439,0.4392132682066697,0.07382865282205431,0.6042711935043463,0.2500404242735771,0.11534419111103833
corr_target_frost_sev5,108,2600,False,True,False,0.31038461538461537,0.31038461538461537,0.7415384615384616,0.9184692179700498,0.9187919418130122,0.6080846025854344,0.17725348027455057,0.6782169018528748,0.7591533371129096,0.3678322864682594,0.017614875574447963,0.6925297248333542,0.6626923084259033,0.35230769304128795,0.07884615311255827,0.5192307829856873,0.20884616760107189,0.22230767855277433,0.779007077217102,0.4686224618324867,0.03746861567864046,0.7789443135261536,0.4685596981415382,0.037405851987691974,0.5582863103277287,0.24790169494311332,0.1832521512107329
corr_target_motion_blur_sev1,109,2600,False,True,False,0.5503846153846154,0.5503846153846154,0.6903846153846154,0.9494949494949495,0.9494949494949495,0.39911033411033414,0.25911033411033413,0.8207475453267182,0.8302351455983598,0.27036292994210287,0.13985053021374438,0.8084080244910931,0.7857692241668701,0.23538460878225476,0.09538460878225474,0.7157692313194275,0.16538461593481213,0.025384615934812116,0.8625576496124268,0.3121730342278114,0.17217303422781138,0.8624948859214783,0.3121102705368629,0.1721102705368629,0.8010564150377459,0.2506717996531306,0.11067179965313056
corr_target_motion_blur_sev2,110,2600,False,True,False,0.4957692307692308,0.4957692307692308,0.6784615384615384,0.9473684210526315,0.9478336966677048,0.45159919028340073,0.26937215820616633,0.7809292711698355,0.8084208672290114,0.28516004040060466,0.12995932876747296,0.7720787665638285,0.7342307567596436,0.23846152599041276,0.055769218298105105,0.6446154117584229,0.14884618098919206,0.0338461267031156,0.8312162756919861,0.3354470449227553,0.15275473723044763,0.8311535120010376,0.3353842812318068,0.15269197353949915,0.7611009611273251,0.26533173035809426,0.08263942266578661
corr_target_motion_blur_sev3,111,2600,False,True,False,0.3934615384615385,0.3934615384615385,0.7073076923076923,0.9361702127659575,0.9362650024486274,0.5427086743044189,0.22895731014093512,0.736320915291869,0.7943942187561814,0.3428593768303306,0.08708652644848913,0.7291933604631387,0.6984615325927734,0.30499999413123496,0.008846159714918866,0.5911538600921631,0.1976923216306246,0.11615383221552922,0.8039877414703369,0.41052620300879844,0.09668004916264461,0.8039249777793884,0.41046343931784995,0.09661728547169612,0.69605258209771,0.30259104363617156,0.011255110209982266
corr_target_motion_blur_sev4,112,2600,False,True,False,0.3007692307692308,0.3007692307692308,0.7307692307692307,0.9269500619067272,0.9275541621928726,0.6261808311374965,0.19678493142364184,0.7126640421341555,0.7767343091168998,0.4118948113649247,0.04596507834766905,0.6883080783765197,0.6565384864807129,0.3557692557114821,0.07423074428851784,0.5207692384719849,0.22000000770275407,0.20999999229724586,0.7771329879760742,0.47636375720684343,0.04636375720684349,0.7770702242851257,0.47630099351589494,0.046300993515895006,0.5815158045647679,0.28074657379553714,0.1492534262044628
corr_target_motion_blur_sev5,113,2600,False,True,False,0.24384615384615385,0.24384615384615385,0.7680769230769231,0.9256198347107437,0.9256198347107437,0.6817736808645899,0.15754291163382061,0.7196432514354236,0.7833016910788013,0.4757970975892698,0.01522476800187822,0.6752838202446944,0.6399999856948853,0.39615383184873143,0.12807693738203785,0.5084615349769592,0.2646153811308054,0.2596153880999639,0.7689785957336426,0.5251324418874888,0.0009016726567194766,0.7689158320426941,0.5250696781965403,0.0008389089657709903,0.5114940233337708,0.267647869487617,0.2565828997431523
corr_target_brightness_sev1,114,2600,False,True,False,0.6057692307692307,0.6057692307692307,0.703076923076923,0.9574979951884522,0.9574979951884522,0.3517287644192215,0.2544210721115292,0.836308461608204,0.8589980225474987,0.23053923083897332,0.15592109947057564,0.8373438405656755,0.8288461565971375,0.22307692582790672,0.1257692335202144,0.7611538171768188,0.15538458640758812,0.058076894099895804,0.8825967907905579,0.27682756002132713,0.17951986771363482,0.8825340270996094,0.27676479633037865,0.17945710402268633,0.8217388397124936,0.2159696089432629,0.11866191663557057
corr_target_brightness_sev2,115,2600,False,True,False,0.6026923076923076,0.6026923076923076,0.6992307692307692,0.9503431570448123,0.9503431570448123,0.3476508493525047,0.2511123878140431,0.8298432795434766,0.8524914994833535,0.22715097185116895,0.15326073025258424,0.8323847577284439,0.8149999976158142,0.21230768992350657,0.115769228385045,0.7519230842590332,0.14923077656672556,0.05269231502826399,0.8786869049072266,0.2759945972149189,0.17945613567645735,0.8786241412162781,0.27593183352397044,0.17939337198550886,0.8241784289508212,0.22148612125851352,0.12494765972005195
corr_target_brightness_sev3,116,2600,False,True,False,0.5888461538461538,0.5888461538461538,0.6923076923076923,0.9533011272141707,0.9533011272141707,0.3644549733680169,0.2609934349064784,0.8263067437753454,0.8523893615010784,0.2374605899291916,0.16008166919338607,0.8279706556387645,0.8157692551612854,0.2269231013151316,0.12346156285359311,0.75,0.1611538461538462,0.05769230769230771,0.8762339353561401,0.28738778150998634,0.18392624304844785,0.8761711716651917,0.28732501781903785,0.18386347935749936,0.824793664929945,0.2359475110837912,0.1324859726222527
corr_target_brightness_sev4,117,2600,False,True,False,0.5734615384615385,0.5734615384615385,0.6853846153846154,0.9439480097481722,0.9440315482801465,0.3704864712866337,0.2586469328955311,0.807958922156211,0.8451195080860497,0.23449738369467255,0.15973489270143437,0.8148672003388778,0.8034615516662598,0.2300000132047213,0.1180769362816444,0.7265384793281555,0.15307694086661705,0.04115386394354015,0.865573525428772,0.2921119869672335,0.1801889100441566,0.8655107617378235,0.292049223276285,0.18012614635320812,0.8162394690916356,0.24277793063009712,0.1308548537070202
corr_target_brightness_sev5,118,2600,False,True,False,0.551923076923077,0.551923076923077,0.67,0.9405052974735125,0.9405052974735125,0.38858222055043556,0.2705052974735125,0.7873025788819099,0.8317015583753451,0.23537950195883295,0.16170155837534506,0.8002692358475728,0.7819230556488037,0.22999997872572675,0.11192305564880367,0.704230785369873,0.1523077084467961,0.03423078536987301,0.8554783463478088,0.3035552694247319,0.1854783463478088,0.8554155826568604,0.3034925057337834,0.1854155826568603,0.801109151708256,0.24918607478517907,0.131109151708256
corr_target_zoom_blur_sev1,119,2600,False,True,False,0.5046153846153846,0.5046153846153846,0.6853846153846154,0.9269500619067272,0.927201428159498,0.42233467729134266,0.24181681277488265,0.7602740366677198,0.8022113028972976,0.2556586520523352,0.11682668751268221,0.7731140996950651,0.7346153855323792,0.23000000091699457,0.04923077014776378,0.6449999809265137,0.1403845963111291,0.0403846344581017,0.8317705988883972,0.32715521427301264,0.14638598350378185,0.8317078351974487,0.32709245058206415,0.14632321981283336,0.7627124720807813,0.2580970874653967,0.07732785669616593
corr_target_zoom_blur_sev2,120,2600,False,True,False,0.46,0.46,0.7011538461538461,0.9130434782608696,0.9130434782608696,0.4530434782608696,0.2118896321070235,0.7186296079295302,0.779282308209342,0.2586296079295302,0.07812846205549584,0.7443075490334522,0.6888461709022522,0.22884617090225218,0.01230767525159393,0.5896154046058655,0.12961540460586546,0.11153844154798065,0.8068714141845703,0.3468714141845703,0.10571756803072418,0.8068086504936218,0.3468086504936218,0.1056548043397757,0.7333089825240287,0.27330898252402863,0.032155136370182524
corr_target_zoom_blur_sev3,121,2600,False,True,False,0.4276923076923077,0.4276923076923077,0.6988461538461539,0.8950276243093923,0.8975611141783664,0.4673353166170846,0.19871496033221248,0.6986380784986166,0.7668912153361981,0.2709457708063089,0.06804506149004419,0.7220031696269618,0.6846153736114502,0.2569230659191425,0.0142307802347037,0.567307710647583,0.1396154029552753,0.1315384431985709,0.7964872121810913,0.3687949044887836,0.09764105833493741,0.7964244484901428,0.3687321407978351,0.09757829464398893,0.7085275884812177,0.28083528078890996,0.009681434635063768
corr_target_zoom_blur_sev4,122,2600,False,True,False,0.38961538461538464,0.38961538461538464,0.7142307692307692,0.9006342494714586,0.9029547335793887,0.5110188648560741,0.1887239643486195,0.6741562364977697,0.7608558387903751,0.28454085188238504,0.04662506955960588,0.6964735762882346,0.6465384364128113,0.25692305179742664,0.06769233281795795,0.5265384912490845,0.13692310663369983,0.18769227798168475,0.7777592539787292,0.3881438693633446,0.06352848474796002,0.7776964902877808,0.3880811056723961,0.06346572105701154,0.6815676365903318,0.2919522519749472,0.03266313264043741
corr_target_zoom_blur_sev5,123,2600,False,True,False,0.3457692307692308,0.3457692307692308,0.7342307692307692,0.8788270806382061,0.8788270806382061,0.5330578498689753,0.1445963114074369,0.6472286240723282,0.7426487410073292,0.3014593933030974,0.008417971776560007,0.6691409677508937,0.6165384650230408,0.27076923425381,0.11769230420772847,0.48423075675964355,0.13846152599041278,0.2500000124711257,0.7596949934959412,0.4139257627267104,0.02546422426517192,0.7596322298049927,0.4138629990357619,0.025401460574223433,0.6465536983842046,0.30078446761497385,0.08767707084656462
corr_target_snow_sev1,124,2600,False,True,False,0.485,0.485,0.6838461538461539,0.9171178675551853,0.9193999122889804,0.43211786755518533,0.23555375844282656,0.750466444305617,0.7987166105435993,0.26546644430561706,0.11487045669744544,0.7799959706513511,0.7569230794906616,0.27192307949066163,0.07307692564450774,0.6596153974533081,0.17461539745330812,0.024230756392845776,0.8400134444236755,0.35501344442367555,0.15616729057752166,0.839950680732727,0.35495068073272706,0.15610452688657317,0.7428581736651108,0.25785817366511077,0.05901201981895687
corr_target_snow_sev2,125,2600,False,True,False,0.33192307692307693,0.33192307692307693,0.7315384615384616,0.9278350515463918,0.9298125297383029,0.5959119746233148,0.19827406819984128,0.7038946121163334,0.7829152790052357,0.3719715351932565,0.05137681746677414,0.7222842218567447,0.694615364074707,0.3626922871516301,0.03692309746375455,0.5653846263885498,0.23346154946547287,0.16615383514991178,0.7999367117881775,0.46801363486510056,0.06839825024971591,0.799873948097229,0.46795087117415207,0.06833548655876742,0.6043163633869749,0.272393286463898,0.12722209815148666
corr_target_snow_sev3,126,2600,False,True,False,0.36230769230769233,0.36230769230769233,0.7115384615384616,0.9269500619067272,0.9269500619067272,0.5646423695990349,0.21541160036826568,0.7095065596720522,0.7639955805935191,0.3471988673643599,0.052457119055057566,0.7307474303919944,0.6919230818748474,0.3296153895671551,0.019615379663614152,0.5838461518287659,0.22153845952107354,0.1276923097096957,0.8059890270233154,0.4436813347156231,0.09445056548485387,0.8059262633323669,0.4436185710246746,0.09438780179390538,0.6499497857298397,0.2876420934221474,0.06158867580862182
corr_target_snow_sev4,127,2600,False,True,False,0.2946153846153846,0.2946153846153846,0.7476923076923077,0.92071398920714,0.9208308612911988,0.6260986045917554,0.1731385535988912,0.6795492155731724,0.7712675609119432,0.38493383095778777,0.023575253219635495,0.6954937090937366,0.6515384912490845,0.35692310663369986,0.09615381644322318,0.5280769467353821,0.23346156211999747,0.21961536095692558,0.7800413370132446,0.48542595239786,0.03234902932093697,0.7799785733222961,0.48536318870691153,0.032286265629988486,0.5811810470172154,0.2865656624018308,0.16651126067509225
corr_target_snow_sev5,128,2600,False,True,False,0.2603846153846154,0.2603846153846154,0.7657692307692308,0.9392084863321093,0.9401635125380536,0.6788238709474939,0.17439428176882288,0.6794317272948429,0.7632137884045552,0.41904711191022753,0.002555442364675531,0.6627426555316778,0.6138461828231812,0.35346156743856577,0.1519230479460496,0.4719230830669403,0.21153846768232493,0.29384614770229045,0.7565287351608276,0.49614411977621226,0.009240495608403121,0.7564659714698792,0.49608135608526377,0.009303259299351607,0.5332982763611358,0.2729136609765204,0.23247095440809495
corr_target_defocus_blur_sev1,129,2600,False,True,False,0.5223076923076924,0.5223076923076924,0.6876923076923077,0.9417989417989419,0.9417989417989419,0.4194912494912495,0.25410663410663414,0.8037500292665178,0.8285921233429788,0.2814423369588255,0.1408998156506711,0.7903182187038664,0.766153872013092,0.24384617970539968,0.07846156432078433,0.680384635925293,0.1580769436176006,0.007307671767014745,0.8488876819610596,0.3265799896533672,0.16119537426875186,0.8488249182701111,0.3265172259624187,0.16113261057780337,0.7885723781811242,0.2662646858734319,0.10088007048881653
corr_target_defocus_blur_sev2,130,2600,False,True,False,0.4815384615384615,0.4815384615384615,0.6857692307692308,0.937040065412919,0.9374108890380355,0.45550160387445743,0.2516416582688047,0.7715310017794215,0.8208002430376257,0.28999254024095994,0.13503101226839487,0.7621234684921189,0.7373076677322388,0.25576920619377724,0.05153843696300797,0.6407692432403564,0.15923078170189492,0.04499998752887435,0.8295904994010925,0.348052037862631,0.14382126863186173,0.829527735710144,0.3479892741716825,0.14375850494091325,0.7712438197091132,0.28970535817065163,0.08547458893988236
corr_target_defocus_blur_sev3,131,2600,False,True,False,0.41615384615384615,0.41615384615384615,0.6992307692307692,0.9175686927560367,0.9180798052904631,0.5014148466021906,0.21884903605969386,0.7052442644995831,0.785076999709667,0.28909041834573695,0.08584623047889783,0.6955945900927712,0.6538461446762085,0.23769229852236234,0.045384624554560715,0.5299999713897705,0.11384612523592436,0.1692307978409987,0.7791460156440735,0.36299216949022733,0.07991524641330428,0.779083251953125,0.36292940579927885,0.07985248272235579,0.7112498706047153,0.2950960244508692,0.012019101373946128
corr_target_defocus_blur_sev4,132,2600,False,True,False,0.3376923076923077,0.3376923076923077,0.7280769230769231,0.911678526580159,0.911678526580159,0.5739862188878513,0.18360160350323596,0.6289786156873014,0.7777796449498068,0.2912863079949937,0.049702721872883715,0.634468428960912,0.5865384340286255,0.2488461263363178,0.14153848904829758,0.4430769085884094,0.10538460089610174,0.28500001448851364,0.7352874279022217,0.397595120209914,0.007210504825298614,0.7352246642112732,0.3975323565189655,0.007147741134350127,0.6338199617285711,0.29612765403626345,0.09425696134835193
corr_target_defocus_blur_sev5,133,2600,False,True,False,0.26576923076923076,0.26576923076923076,0.7542307692307693,0.9061842658813631,0.9061842658813631,0.6404150351121324,0.15195349665059388,0.5947295807906584,0.7809544553755579,0.32896035002142765,0.026723686144788594,0.5890193984318023,0.5292307734489441,0.26346154267971333,0.22499999578182517,0.3715384602546692,0.10576922948543843,0.38269230897610007,0.7000974416732788,0.43432821090404805,0.05413332755749045,0.7000346779823303,0.43426544721309956,0.05419609124843894,0.5476282584624659,0.2818590276932351,0.20660251076830338
corr_target_glass_blur_sev1,134,2600,False,True,False,0.49846153846153846,0.49846153846153846,0.6692307692307692,0.9448051948051946,0.9459046720947616,0.4463436563436562,0.2766739028639924,0.7637784169538859,0.7990417218273812,0.2653168784923475,0.12981095259661202,0.7748149310035126,0.7469230890274048,0.24846155056586633,0.0776923197966356,0.6523076891899109,0.15384615072837243,0.016923080040858296,0.8365225195884705,0.338060981126932,0.16729175035770127,0.836459755897522,0.3379982174359835,0.1672289866667528,0.7699010840353351,0.2714395455737966,0.1006703148045659
corr_target_glass_blur_sev2,135,2600,False,True,False,0.4176923076923077,0.4176923076923077,0.6811538461538461,0.933552091878589,0.9337473733620527,0.5158597841862813,0.2525935272082066,0.7134058635234835,0.7960717790401155,0.29571355583117576,0.11491793288626939,0.7213304124848756,0.6938461661338806,0.2761538584415729,0.012692319980034505,0.572692334651947,0.15500002695963933,0.10846151150189909,0.8008325099945068,0.38314020230219914,0.11967866384066073,0.8007697463035583,0.38307743861125065,0.11961590014971224,0.6901473594504888,0.2724550517581811,0.008993513296642663
corr_target_glass_blur_sev3,136,2600,False,True,False,0.23615384615384616,0.23615384615384616,0.7792307692307693,0.907563025210084,0.9087495818969745,0.6714091790562379,0.12951881266620524,0.6442486719973427,0.7224838811866238,0.40809482584349654,0.056746888044145516,0.5889289405618191,0.5126923322677612,0.27653848611391507,0.26653843696300805,0.36000001430511475,0.12384616815126859,0.41923075492565454,0.700599730014801,0.46444588386095487,0.07863103921596826,0.7005369663238525,0.4643831201700064,0.07869380290691674,0.46877656170334525,0.2326227155494991,0.31045420752742403
corr_target_glass_blur_sev4,137,2600,False,True,False,0.18461538461538463,0.18461538461538463,0.821923076923077,0.9273927392739274,0.927713224568096,0.7427773546585428,0.10579014764501904,0.6562199635525781,0.7596878226764014,0.47160457893719343,0.06223525424667553,0.5826026596094417,0.517307698726654,0.3326923141112694,0.3046153781964229,0.35538461804389954,0.1707692334285149,0.46653845887917744,0.7021836638450623,0.5175682792296776,0.11973941307801472,0.7021209001541138,0.5175055155387291,0.11980217676896321,0.4017619474010541,0.21714656278566946,0.4201611295220229
corr_target_glass_blur_sev5,138,2600,False,True,False,0.14923076923076922,0.14923076923076922,0.8515384615384616,0.9426596177307848,0.9443245341108588,0.7934288485000156,0.09278607257239724,0.664420828163813,0.7861275381080539,0.5151900589330438,0.06541092343040766,0.5721865103318099,0.5134615302085876,0.3642307609778184,0.33807693132987393,0.3488461673259735,0.1996153980952043,0.5026922942124881,0.6969651579856873,0.547734388754918,0.15457330355277432,0.6969023942947388,0.5476716250639695,0.1546360672437228,0.35644419385107273,0.2072134246203035,0.49509426768738884
corr_target_gaussian_noise_sev1,139,2600,False,True,False,0.5380769230769231,0.5380769230769231,0.6761538461538461,0.9460883664369679,0.9460883664369679,0.4080114433600448,0.2699345202831218,0.7941772293426662,0.8165403709281118,0.2561003062657431,0.14038652477426572,0.8202951378561247,0.7934615612030029,0.2553846381260798,0.11730771504915682,0.7203845977783203,0.1823076747013972,0.04423075162447421,0.8655381202697754,0.32746119719285227,0.18938427411592929,0.8654753565788269,0.3273984335019038,0.1893215104249808,0.8236452715583527,0.28556834848142953,0.14749142540450655
corr_target_gaussian_noise_sev2,140,2600,False,True,False,0.48115384615384615,0.48115384615384615,0.6823076923076923,0.9287185826122786,0.9300171371135401,0.4475647364584324,0.24770944480584778,0.7498305613861052,0.8083699761890536,0.268676715232259,0.12606228388136131,0.8025300311515845,0.7869230508804321,0.305769204726586,0.10461535857273985,0.7007692456245422,0.21961539947069608,0.018461553316849955,0.8567718863487244,0.3756180401948782,0.17446419404103208,0.8567091226577759,0.3755552765039297,0.1744014303500836,0.7911525504762711,0.30999870432242493,0.1088448581685788
corr_target_gaussian_noise_sev3,141,2600,False,True,False,0.37846153846153846,0.37846153846153846,0.7069230769230769,0.9034162800506115,0.9058413228116426,0.524954741589073,0.19891824588856577,0.6695498087716558,0.7753945144057635,0.29108827031011736,0.06847143748268658,0.7630329795655189,0.7415384650230408,0.3630769265615023,0.034615388099963895,0.6461538672447205,0.267692328783182,0.06076920967835642,0.8260385394096375,0.447577000948099,0.11911546248656057,0.825975775718689,0.4475142372571505,0.11905269879561209,0.6982180223626598,0.3197564839011214,0.008705054560417036
corr_target_gaussian_noise_sev4,142,2600,False,True,False,0.27884615384615385,0.27884615384615385,0.7657692307692308,0.8666085440278989,0.8666085440278989,0.587762390181745,0.10083931325866813,0.5873174977825883,0.7570840921901453,0.3084713439364345,0.008685138579085483,0.7080454830631092,0.6692307591438293,0.3903846052976755,0.09653847162540141,0.5496153831481934,0.2707692293020395,0.2161538476210374,0.7869853377342224,0.5081391838880686,0.021216106964991654,0.7869225740432739,0.5080764201971201,0.021153343274043168,0.5919109169340641,0.3130647630879102,0.1738583138351667
corr_target_gaussian_noise_sev5,143,2600,False,True,False,0.17038461538461538,0.17038461538461538,0.8415384615384616,0.7781954887218046,0.7957272174876486,0.6078108733371892,0.04581124405081294,0.5266471145332774,0.7478740357868775,0.35626249914866204,0.09366442575158407,0.6403903483442808,0.5796154141426086,0.4092307987579933,0.2619230473958529,0.4426923096179962,0.27230769423338086,0.39884615192046535,0.7376365065574646,0.5672518911728492,0.10390195498099697,0.7375737428665161,0.5671891274819008,0.10396471867194546,0.4637975317349543,0.29341291635033895,0.37774092980350726
corr_target_shot_noise_sev1,144,2600,False,True,False,0.536923076923077,0.536923076923077,0.6834615384615385,0.9413680781758959,0.9413680781758959,0.4044450012528189,0.2579065397143574,0.7847665147103029,0.8093710351060253,0.24784343778722595,0.1259094966444868,0.8104024716223767,0.7919231057167053,0.2550000287936284,0.10846156725516687,0.7142307758331299,0.17730769891005294,0.03076923737159143,0.8620701432228088,0.3251470662997319,0.17860860476127038,0.8620073795318604,0.3250843026087834,0.1785458410703219,0.8217238478365086,0.2848007709134317,0.1382623093749702
corr_target_shot_noise_sev2,145,2600,False,True,False,0.4673076923076923,0.4673076923076923,0.6834615384615385,0.9238410596026491,0.9266353899045825,0.45653336729495675,0.24317385144304404,0.7346611872115811,0.7895084139917397,0.2673534949038888,0.1060468755302012,0.7870869556342337,0.7538461685180664,0.2865384762103741,0.07038463005652795,0.6692307591438293,0.20192306683613703,0.014230779317709108,0.8444811105728149,0.37717341826512263,0.1610195721112765,0.8444183468818665,0.37711065457417414,0.160956808420328,0.7800627189282272,0.3127550266205349,0.09660118046668875
corr_target_shot_noise_sev3,146,2600,False,True,False,0.3776923076923077,0.3776923076923077,0.7157692307692308,0.8926746166950597,0.8926746166950597,0.5149823090027519,0.17690538592582883,0.6609851379166262,0.7709393329487535,0.28329283022431845,0.05517010217952267,0.7491516051965079,0.7196153998374939,0.3419230921451862,0.0038461690682630723,0.6138461828231812,0.23615387513087344,0.10192304794604967,0.8158544898033142,0.4381621821110065,0.10008525903408338,0.8157917261123657,0.438099418420058,0.1000224953431349,0.6970819651514524,0.31938965745914466,0.018687265617778448
corr_target_shot_noise_sev4,147,2600,False,True,False,0.2519230769230769,0.2519230769230769,0.7834615384615384,0.8531098367887077,0.8557993631427641,0.6011867598656307,0.07233782468122563,0.5757693253101541,0.7471623331225558,0.3238462483870772,0.036299205338982676,0.6934746931582599,0.6553846001625061,0.4034615232394292,0.12807693829903233,0.5292307734489441,0.2773076965258672,0.25423076501259434,0.776634693145752,0.524711616222675,0.006826845315786478,0.7765719294548035,0.5246488525317266,0.006889609006734965,0.5762418404630073,0.3243187635399304,0.20721969799853113
corr_target_shot_noise_sev5,148,2600,False,True,False,0.18423076923076923,0.18423076923076923,0.8323076923076923,0.8372093023255813,0.8377799270538919,0.6529785330948121,0.005472234746199622,0.5695215069123835,0.7139682942045168,0.38529073768161426,0.11833939810317551,0.6667305260940705,0.6223077178001404,0.4380769485693712,0.20999997450755192,0.48076921701431274,0.29653844778354355,0.35153847529337956,0.7608631253242493,0.5766323560934801,0.07144456698344304,0.7608003616333008,0.5765695924025316,0.07150733067439152,0.48300710428311144,0.29877633505234225,0.34930058802458086
corr_target_impulse_noise_sev1,149,2600,False,True,False,0.4753846153846154,0.4753846153846154,0.6811538461538461,0.929600658707287,0.930790771041374,0.4542160433226716,0.24963692488752787,0.7538128997686027,0.7982492947050127,0.27842828438398726,0.1170954485511666,0.7861546439660334,0.7603846192359924,0.285000003851377,0.07923077308214632,0.6696153879165649,0.19423077253194954,0.011538458237281168,0.8437526226043701,0.3683680072197547,0.162598776450524,0.8436898589134216,0.3683052435288062,0.16253601275957552,0.7668364930109177,0.2914518776263023,0.08568264685707161
corr_target_impulse_noise_sev2,150,2600,False,True,False,0.43115384615384617,0.43115384615384617,0.6907692307692308,0.9238410596026491,0.9238410596026491,0.4926872134488029,0.23307182883341826,0.7143281710452425,0.7831518711413359,0.2831743248913963,0.09238264037210508,0.7693477206250178,0.7480769157409668,0.31692306958712063,0.057307684971735995,0.6438461542129517,0.2126923080591055,0.04692307655627914,0.8320645093917847,0.4009106632379385,0.14129527862255387,0.8320017457008362,0.40084789954699,0.14123251493160538,0.7454779214184286,0.31432407526458245,0.05470869064919781
corr_target_impulse_noise_sev3,151,2600,False,True,False,0.385,0.385,0.7119230769230769,0.9034162800506115,0.9035574297838578,0.5184162800506115,0.1916343528607809,0.6754520646083346,0.7678174193466922,0.2904520646083346,0.05589434242361535,0.75040014715504,0.7111538648605347,0.32615386486053466,0.0007692120625422127,0.6126922965049744,0.22769229650497436,0.09923078041810252,0.816765308380127,0.43176530838012694,0.10484223145705007,0.8167025446891785,0.43170254468917846,0.10477946776610159,0.7096184900986204,0.3246184900986204,0.002304586824456445
corr_target_impulse_noise_sev4,152,2600,False,True,False,0.2623076923076923,0.2623076923076923,0.7769230769230769,0.8454706927175843,0.8491075708419126,0.583163000409892,0.07218449391883563,0.5602693827691294,0.7618200983790747,0.2979616904614371,0.015102978544002221,0.6897916991206251,0.6280769109725952,0.3657692186649029,0.14884616595048172,0.5142307877540588,0.25192309544636654,0.2626922891690181,0.7676396369934082,0.5053319446857159,0.009283439929668735,0.7675768733024597,0.5052691809947674,0.009346203620617222,0.5888851256431289,0.3265774333354366,0.18803795127994805
corr_target_impulse_noise_sev5,153,2600,False,True,False,0.1773076923076923,0.1773076923076923,0.833076923076923,0.778769375293565,0.7829707435008911,0.6014616829858728,0.05010617957603192,0.5098751351299071,0.7501976286730173,0.33256744282221484,0.08287929440390573,0.6316236592390568,0.569615364074707,0.39230767176701475,0.263461559002216,0.4303846061229706,0.2530769138152783,0.40269231695395247,0.7307078242301941,0.5534001319225018,0.10236909884672896,0.7306450605392456,0.5533373682315533,0.10243186253767744,0.4744858321599893,0.297178139852297,0.35859109091693375
corr_target_contrast_sev1,154,2600,False,True,False,0.571923076923077,0.571923076923077,0.6857692307692308,0.9486453699959562,0.9492603361958689,0.3767222930728792,0.2634911054266381,0.8221051917784648,0.8437292185229616,0.25018211485538777,0.15795998775373077,0.8167589051980819,0.7919231057167053,0.22000002879362834,0.10615387494747452,0.7253845930099487,0.15346151608687175,0.03961536224071793,0.8657048940658569,0.29378181714277996,0.17993566329662614,0.8656421303749084,0.29371905345183147,0.17987289960567765,0.8099263313222963,0.23800325439921932,0.1241571005530655
corr_target_contrast_sev2,155,2600,False,True,False,0.5380769230769231,0.5380769230769231,0.6915384615384615,0.9499192245557351,0.9499940621575518,0.41184230147881196,0.25845560061909023,0.803540011235882,0.8348047719413582,0.2654630881589589,0.1432663104028966,0.8011339833042426,0.7734615206718445,0.23538459759492136,0.08192305913338294,0.6915384531021118,0.1534615300251887,8.436349729912251e-09,0.8538926243782043,0.3158157013012812,0.1623541628397428,0.8538298606872559,0.31575293761033274,0.1622913991487943,0.7872954754924093,0.24921855241548618,0.09575701395394776
corr_target_contrast_sev3,156,2600,False,True,False,0.48115384615384615,0.48115384615384615,0.6773076923076923,0.926507018992568,0.9270043829003367,0.4453531728387219,0.24969669059264443,0.7508084288492876,0.8070788534715945,0.2696545826954414,0.1297711611639022,0.7697351446093178,0.739230751991272,0.2580769058374258,0.061923059683579695,0.6523076891899109,0.17115384303606473,0.02500000311778139,0.8300389051437378,0.34888505898989164,0.15273121283604552,0.8299761414527893,0.34882229529894315,0.15266844914509703,0.7355708252897077,0.2544169791358616,0.058263132982015464
corr_target_contrast_sev4,157,2600,False,True,False,0.3353846153846154,0.3353846153846154,0.7265384615384616,0.9220563847429518,0.9221713535080132,0.5866717693583364,0.19563289196955158,0.6646067424042795,0.7601084697139123,0.32922212701966413,0.03357000817545075,0.6843778142148673,0.635769248008728,0.30038463262411264,0.09076921352973355,0.5184615254402161,0.18307691005560067,0.2080769360982455,0.767293393611908,0.43190877822729257,0.04075493207344638,0.7672306299209595,0.4318460145363441,0.040692168382497895,0.6031111283013262,0.2677265129167108,0.1234273332371354
corr_target_contrast_sev5,158,2600,False,True,False,0.19076923076923077,0.19076923076923077,0.8196153846153846,0.9184692179700498,0.9184692179700498,0.727699987200819,0.09885383335466513,0.5877570128030724,0.7277465241724884,0.39698778203384155,0.09186886044289622,0.5614160677300777,0.4950000047683716,0.3042307739991408,0.32461537984701305,0.3361538350582123,0.1453846042889815,0.48346154955717235,0.6812278628349304,0.4904586320656996,0.13838752178045421,0.6811650991439819,0.49039586837475113,0.1384502854714027,0.459785823385889,0.2690165926166582,0.3598295612294956
corr_target_elastic_transform_sev1,159,2600,False,True,False,0.5676923076923077,0.5676923076923077,0.6857692307692308,0.9413680781758959,0.9421009863918235,0.37367577048358813,0.2563317556225927,0.813314513609044,0.8332436411261311,0.24562220591673634,0.14747441035690034,0.8172487922635048,0.8084615468978882,0.24076923920558047,0.12269231612865739,0.7261538505554199,0.1584615428631122,0.040384619786189124,0.8690030574798584,0.3013107497875507,0.1832338267106276,0.8689402937889099,0.3012479860966022,0.18317106301967911,0.8040551462770577,0.23636283858474993,0.11828591550782686
corr_target_elastic_transform_sev2,160,2600,False,True,False,0.40615384615384614,0.40615384615384614,0.6846153846153846,0.926507018992568,0.9266156575873574,0.5203531728387218,0.2420002729719728,0.7011944163437406,0.7977092704442904,0.29504057018989444,0.11309388582890578,0.7371085171503119,0.7084615230560303,0.30230767690218413,0.023846138440645648,0.5957692265510559,0.18961538039720977,0.08884615806432872,0.8102203011512756,0.4040664549974295,0.125604916535891,0.8101575374603271,0.404003691306481,0.12554215284494252,0.6948296414128087,0.28867579525896253,0.010214256797424048
corr_target_elastic_transform_sev3,161,2600,False,True,False,0.4492307692307692,0.4492307692307692,0.6911538461538461,0.9260636100784799,0.9261728807034654,0.4768328408477107,0.23501903454961925,0.7314038681272562,0.8178762488891635,0.282173098896487,0.12672240273531743,0.7580595649258413,0.739230751991272,0.28999998276050276,0.048076905837425854,0.6376923322677612,0.18846156303699202,0.05346151388608489,0.8280107975006104,0.37878002826984114,0.13685695134676423,0.8279480338096619,0.37871726457889265,0.13679418765581575,0.7166723105510373,0.2674415413202681,0.025518464397191187
corr_target_elastic_transform_sev4,162,2600,False,True,False,0.35115384615384615,0.35115384615384615,0.7119230769230769,0.9107666527021365,0.9107666527021365,0.5596128065482904,0.19884357577905964,0.6735598266817241,0.7734526203396049,0.32240598052787794,0.061529543416528054,0.7002518675057692,0.6603845953941345,0.30923074924028837,0.05153848152894236,0.5392307639122009,0.18807691775835478,0.17269231301087595,0.7811888456344604,0.4300349994806143,0.06926576871138357,0.781126081943512,0.4299722357896658,0.06920300502043508,0.6036112117600463,0.25245736560620013,0.1083118651630306
corr_target_elastic_transform_sev5,163,2600,False,True,False,0.19,0.19,0.8238461538461539,0.8983050847457626,0.898453320054185,0.7083050847457626,0.0746071662080311,0.6387473134474997,0.746858718526675,0.4487473134474997,0.07698743531947894,0.6323682615206768,0.5819230675697327,0.39192306756973266,0.24192308627642123,0.4307692348957062,0.24076923489570617,0.3930769189504477,0.7372749447822571,0.5472749447822571,0.08657120906389681,0.7372121810913086,0.5472121810913086,0.0866339727548453,0.42697435018812524,0.23697435018812524,0.39687180365802865
corr_target_pixelate_sev1,164,2600,False,True,False,0.573076923076923,0.573076923076923,0.6796153846153846,0.9417989417989419,0.9417989417989419,0.3687220187220188,0.26218355718355724,0.8203543848896234,0.8309622902129412,0.24727746181270038,0.1513469055975566,0.8160099289248063,0.7980769276618958,0.2250000045849727,0.11846154304651113,0.7276923060417175,0.1546153829647945,0.04807692142633291,0.8678061366081238,0.29472921353120074,0.18819075199273916,0.8677433729171753,0.29466644984025225,0.18812798830179067,0.8056906504442684,0.2326137273673453,0.12607526582888373
corr_target_pixelate_sev2,165,2600,False,True,False,0.565,0.565,0.6811538461538461,0.9366053169734152,0.9382602574192973,0.37160531697341526,0.2571064112654512,0.8133645136683105,0.8291658078594573,0.24836451366831058,0.14801196170561115,0.8092783557668974,0.7938461303710938,0.2288461303710938,0.11269228421724764,0.7173076868057251,0.15230768680572515,0.03615384065187899,0.8628649711608887,0.2978649711608887,0.18171112500704256,0.8628022074699402,0.29780220746994024,0.18164836131609408,0.7935431463733026,0.22854314637330264,0.11238930021945648
corr_target_pixelate_sev3,166,2600,False,True,False,0.5007692307692307,0.5007692307692307,0.675,0.9322381930184804,0.9327267414310535,0.4314689622492497,0.25772674143105345,0.7757810572752903,0.812514265468775,0.2750118265060596,0.137514265468775,0.7793949655851464,0.7669230699539185,0.2661538391846877,0.09192306995391841,0.6630769371986389,0.16230770642940817,0.011923062801361128,0.8424654603004456,0.3416962295312148,0.1674654603004455,0.8424026966094971,0.3416334658402663,0.16740269660949703,0.7554658676415522,0.25469663687232147,0.08046586764155217
corr_target_pixelate_sev4,167,2600,False,True,False,0.42653846153846153,0.42653846153846153,0.6807692307692308,0.9015631601182932,0.9058744764291355,0.47502469857983165,0.22510524565990475,0.7002920183581247,0.7783926490322058,0.2737535568196632,0.09762341826297505,0.7247298415741169,0.6792307496070862,0.25269228806862465,0.0015384811621446115,0.5734615325927734,0.1469230710543119,0.10730769817645736,0.7982516884803772,0.37171322694191566,0.1174824577111464,0.7981889247894287,0.3716504632509672,0.11741969402019792,0.6880723240211645,0.26153386248270294,0.007303093251933679
corr_target_pixelate_sev5,168,2600,False,True,False,0.3607692307692308,0.3607692307692308,0.7107692307692308,0.8983050847457626,0.8983050847457626,0.5375358539765318,0.18753585397653183,0.6333057706979293,0.7756070858089719,0.2725365399286985,0.06483785503974104,0.6831973017861269,0.6388461589813232,0.27807692821209246,0.07192307178790758,0.5176923274993896,0.15692309673015886,0.19307690326984117,0.7677329182624817,0.4069636874932509,0.05696368749325087,0.7676701545715332,0.4069009238023024,0.05690092380230238,0.6385247773056432,0.2777555465364124,0.07224445346358765
corr_target_jpeg_compression_sev1,169,2600,False,True,False,0.5715384615384616,0.5715384615384616,0.6953846153846154,0.9405052974735125,0.9413295533899096,0.368966835935051,0.24594493800529427,0.8227454567351964,0.8349487895994863,0.25120699519673484,0.13956417421487088,0.8235387783915064,0.8100000023841858,0.23846154084572424,0.11461538699957041,0.7357692122459412,0.1642307507074796,0.04038459686132578,0.872768759727478,0.3012302981890165,0.17738414434286265,0.8727059960365295,0.301167534498068,0.17732138065191416,0.7796247945224778,0.20808633298401624,0.08424017913786241
corr_target_jpeg_compression_sev2,170,2600,False,True,False,0.5526923076923077,0.5526923076923077,0.681923076923077,0.940936863543788,0.940936863543788,0.3882445558514803,0.25901378662071106,0.8038898567029393,0.8248943476776701,0.2511975490106316,0.14297127075459315,0.8158075154811711,0.7980769276618958,0.24538461996958805,0.11615385073881879,0.7246153950691223,0.1719230873768146,0.04269231814604535,0.8654438853263855,0.3127515776340778,0.18352080840330853,0.865381121635437,0.3126888139431293,0.18345804471236005,0.7668439552479505,0.21415164755564275,0.0849208783248735
corr_target_jpeg_compression_sev3,171,2600,False,True,False,0.5453846153846154,0.5453846153846154,0.6703846153846154,0.9396411092985317,0.9402074611436739,0.3942564939139164,0.26982284575905857,0.7981075489264512,0.8213735390793536,0.25272293354183584,0.15098892369473826,0.8107484822814274,0.7919231057167053,0.24653849033208997,0.12153849033208997,0.7153846025466919,0.16999998716207654,0.04499998716207654,0.8638689517974854,0.31848433641287,0.19348433641287,0.8638061881065369,0.3184215727219215,0.1934215727219215,0.7593909834685659,0.21400636808395057,0.08900636808395057
corr_target_jpeg_compression_sev4,172,2600,False,True,False,0.49,0.49,0.675,0.926507018992568,0.9270043829003367,0.43650701899256805,0.25200438290033667,0.7643202313283042,0.7914562594175125,0.2743202313283042,0.11645625941751248,0.7816043897531183,0.7507692575454712,0.2607692575454712,0.07576925754547115,0.6565384864807129,0.1665384864807129,0.018461513519287154,0.8410285711288452,0.3510285711288452,0.16602857112884517,0.8409658074378967,0.35096580743789674,0.16596580743789668,0.7244879292311569,0.2344879292311569,0.04948792923115686
corr_target_jpeg_compression_sev5,173,2600,False,True,False,0.41923076923076924,0.41923076923076924,0.6876923076923077,0.8936170212765957,0.8941650080148675,0.47438625204582646,0.20647270032255982,0.6992895693586272,0.7652402344837858,0.28005880012785794,0.07754792679147804,0.7387690518973369,0.7080768942832947,0.28884612505252544,0.020384586590986964,0.6019230484962463,0.1826922792654771,0.08576925919606138,0.8110259771347046,0.39179520790393535,0.12333366944239688,0.8109632134437561,0.39173244421298686,0.12327090575144839,0.6821402656765756,0.26290949644580636,0.005552042015732117
corr_target_speckle_noise_sev1,174,2600,False,True,False,0.5457692307692308,0.5457692307692308,0.6757692307692308,0.9400733795352628,0.9405498761328356,0.39430414876603204,0.2647806453636048,0.8024442570613067,0.8300874109998843,0.25667502629207595,0.15431818023065347,0.8151973901770466,0.7973076701164246,0.2515384393471938,0.12153843934719377,0.7226923108100891,0.17692308004085833,0.04692308004085832,0.866203248500824,0.3204340177315932,0.19043401773159319,0.8661404848098755,0.3203712540406447,0.1903712540406447,0.8159512028448449,0.2701819720756141,0.14018197207561411
corr_target_speckle_noise_sev2,175,2600,False,True,False,0.5088461538461538,0.5088461538461538,0.6715384615384615,0.9396411092985317,0.9396411092985317,0.4307949554523779,0.2681026477600702,0.7876594882582136,0.8204234628770007,0.2788133344120598,0.1488850013385392,0.8031566287221567,0.7892307639122009,0.2803846100660471,0.1176923023737394,0.704230785369873,0.1953846315237192,0.03269232383141152,0.858587920665741,0.34974176681958713,0.18704945912727944,0.8585251569747925,0.34967900312863864,0.18698669543633095,0.796067759174845,0.2872216053286911,0.12452929763638343
corr_target_speckle_noise_sev3,176,2600,False,True,False,0.4026923076923077,0.4026923076923077,0.6984615384615385,0.8978380669775328,0.8980380195527592,0.4951457592852251,0.19957648109122073,0.6957650003341995,0.7821362615606516,0.29307269264189184,0.08367472309911317,0.7550817141812742,0.7230769395828247,0.320384631890517,0.02461540112128624,0.6203846335411072,0.2176923258487995,0.07807690492043129,0.8190593123435974,0.41636700465128973,0.12059777388205895,0.8189965486526489,0.41630424096034124,0.12053501019111046,0.7116701017499149,0.30897779405760717,0.013208563288376385
corr_target_speckle_noise_sev4,177,2600,False,True,False,0.33576923076923076,0.33576923076923076,0.73,0.8812392426850258,0.8834931554268018,0.5454700119157951,0.15349315542680186,0.6394021721620734,0.7715351401806478,0.30363294139284264,0.041535140180647856,0.7247383103664713,0.6742307543754578,0.338461523606227,0.05576924562454222,0.574999988079071,0.23923075730984028,0.15500001192092894,0.7944521903991699,0.45868295962993916,0.06445219039916994,0.7943894267082214,0.45862019593899067,0.06438942670822145,0.6568495201215954,0.3210802893523646,0.07315047987840462
corr_target_speckle_noise_sev5,178,2600,False,True,False,0.2773076923076923,0.2773076923076923,0.7592307692307693,0.8470066518847008,0.8507135264876515,0.5696989595770086,0.09148275725688226,0.5972723743514043,0.7408159551793276,0.31996468204371203,0.01841481405144163,0.6987691773981862,0.6523076891899109,0.3749999968822186,0.10692308004085838,0.5311538577079773,0.253846165400285,0.22807691152279197,0.7790906429290771,0.5017829506213849,0.019859873698307884,0.7790278792381287,0.5017201869304364,0.019797110007359398,0.5951032766349073,0.31779558432721494,0.164127492595862
corr_target_spatter_sev1,179,2600,False,True,False,0.5965384615384616,0.5965384615384616,0.696923076923077,0.9503431570448123,0.9512639359026117,0.35380469550635074,0.25434085897953473,0.8302829324224558,0.8559684984667127,0.2337444708839942,0.15904542154363577,0.8327850244967537,0.8176922798156738,0.22115381827721226,0.12076920289259685,0.7484615445137024,0.15192308297524082,0.051538467590625414,0.879669189453125,0.2831307279146634,0.18274611253004802,0.8796064257621765,0.28306796422371494,0.18268334883909954,0.812008244176151,0.21546978263768946,0.11508516725307405
corr_target_spatter_sev2,180,2600,False,True,False,0.5342307692307692,0.5342307692307692,0.6842307692307692,0.9256198347107437,0.9257297375855008,0.39138906547997454,0.2414989683547316,0.7859358313504233,0.8257445632568691,0.25170506211965415,0.14151379402609987,0.804477108883875,0.7865384817123413,0.25230771248157213,0.10230771248157211,0.7107692360877991,0.1765384668570299,0.026538466857029874,0.8587584495544434,0.3245276803236742,0.17452768032367416,0.8586956858634949,0.3244649166327257,0.17446491663272568,0.7712788904884198,0.23704812125765062,0.0870481212576506
corr_target_spatter_sev3,181,2600,False,True,False,0.48307692307692307,0.48307692307692307,0.6884615384615385,0.9061842658813631,0.9068654163082853,0.42310734280444007,0.21840387784674686,0.7255170524186032,0.8046556640115177,0.24244012934168013,0.11619412554997921,0.7698683186956818,0.7403846383094788,0.2573077152325557,0.0519230998479403,0.6484615206718445,0.1653845975949214,0.040000017789693976,0.8315183520317078,0.3484414289547847,0.1430568135701693,0.8314555883407593,0.3483786652638362,0.14299404987922082,0.7462298674041759,0.2631529443272528,0.05776832894263739
corr_target_spatter_sev4,182,2600,False,True,False,0.4153846153846154,0.4153846153846154,0.675,0.913951545530493,0.9152342018325119,0.49856693014587755,0.24023420183251187,0.7335120565900308,0.7904515810329489,0.3181274412054154,0.11545158103294884,0.7613943147767716,0.7346153855323792,0.31923077014776374,0.059615385532379106,0.6376923322677612,0.22230771688314582,0.037307667732238814,0.8265445828437805,0.4111599674591651,0.15154458284378047,0.826481819152832,0.4110972037682166,0.151481819152832,0.7182643493446196,0.30287973396000417,0.043264349344619535
corr_target_spatter_sev5,183,2600,False,True,False,0.3261538461538461,0.3261538461538461,0.6988461538461539,0.9148580968280466,0.9152319092795105,0.5887042506742005,0.21638575543335659,0.7057120750305216,0.7924889135699458,0.37955822887667545,0.09364275972379188,0.7457681830554529,0.7115384340286255,0.38538458787477936,0.012692280182471594,0.6053845882415771,0.279230742087731,0.09346156560457675,0.8151075839996338,0.48895373784578766,0.1162614301534799,0.8150448203086853,0.4888909741548392,0.11619866646253141,0.6361685926789578,0.31001474652511163,0.06267756116719614
corr_target_gaussian_blur_sev1,184,2600,False,True,False,0.583076923076923,0.583076923076923,0.6834615384615385,0.9396411092985317,0.9406450722223186,0.3565641862216087,0.2571835337607802,0.8290159891878591,0.8440944432182211,0.24593906611093608,0.16063290475668268,0.821311020684042,0.8026922941207886,0.21961537104386553,0.11923075565925012,0.7311538457870483,0.1480769227101253,0.047692307325509886,0.868850588798523,0.2857736657215999,0.1853890503369845,0.8687878251075745,0.2857109020306514,0.185326286646036,0.8089353083285105,0.2258583852515874,0.125473769866972
corr_target_gaussian_blur_sev2,185,2600,False,True,False,0.4973076923076923,0.4973076923076923,0.6907692307692308,0.9405052974735125,0.940681802539036,0.44319760516582024,0.2499125717698052,0.7826495066633473,0.8209328276150947,0.28534181435565503,0.13016359684586387,0.7732679339122276,0.7469230890274048,0.2496153967197125,0.05615385825817398,0.6534615159034729,0.15615382359578062,0.0373077148657579,0.8352451920509338,0.33793749974324155,0.14447596128170304,0.8351824283599854,0.33787473605229307,0.14441319759075455,0.7747021874319698,0.27739449512427755,0.08393295666273903
corr_target_gaussian_blur_sev3,186,2600,False,True,False,0.43,0.43,0.7007692307692308,0.9171178675551853,0.9182616196243019,0.4871178675551853,0.21749238885507105,0.7134032982401843,0.7934469437322463,0.28340329824018434,0.09267771296301552,0.7164787251023358,0.6788461804389954,0.24884618043899537,0.02192305033023545,0.5615384578704834,0.1315384578704834,0.1392307728987474,0.7941939830780029,0.36419398307800294,0.09342475230877212,0.7941312193870544,0.36413121938705445,0.09336198861782363,0.7292786195968248,0.29927861959682484,0.028509388827594018
corr_target_gaussian_blur_sev4,187,2600,False,True,False,0.3630769230769231,0.3630769230769231,0.7138461538461538,0.9098532494758909,0.9107693688797249,0.5467763263989678,0.19692321503357113,0.6435465743173718,0.7727085571125029,0.28046965124044876,0.05886240326634906,0.6528977309515319,0.5961538553237915,0.23307693224686843,0.11769229852236229,0.4692307710647583,0.10615384798783523,0.2446153827813955,0.747456431388855,0.3843795083119319,0.033610277542701184,0.7473936676979065,0.3843167446209834,0.0335475138517527,0.668812761688189,0.30573583861126596,0.04503339215796476
corr_target_gaussian_blur_sev5,188,2600,False,True,False,0.2323076923076923,0.2323076923076923,0.7738461538461539,0.875918720276697,0.8764938973693837,0.6436110279690047,0.1026477435232298,0.5357126813733308,0.7783899138302165,0.3034049890656385,0.004543759984062645,0.5494507808971594,0.4719230830669403,0.239615390759248,0.30192307077921354,0.32346153259277344,0.09115384028508114,0.4503846212533804,0.6703373789787292,0.4380296866710369,0.1035087748674246,0.6702746152877808,0.43796692298008844,0.10357153855837309,0.5011576615719397,0.2688499692642474,0.2726884922742141
corr_target_saturate_sev1,189,2600,False,True,False,0.5773076923076923,0.5773076923076923,0.6976923076923077,0.9439480097481722,0.9439480097481722,0.36664031744047987,0.24625570205586444,0.8366259214274151,0.8385256924714821,0.2593182291197228,0.1408333847791744,0.8286135393484798,0.8199999928474426,0.24269230053975033,0.1223076851551349,0.7484615445137024,0.1711538522060101,0.05076923682139467,0.8788324594497681,0.30152476714207577,0.18114015175746034,0.8787696957588196,0.3014620034511273,0.18107738806651186,0.786787235663756,0.20947954335606367,0.08909492797144825
corr_target_saturate_sev2,190,2600,False,True,False,0.5734615384615385,0.5734615384615385,0.7,0.9405052974735125,0.9405052974735125,0.36704375901197406,0.24050529747351257,0.8325471532231691,0.8483833064886043,0.2590856147616306,0.14838330648860432,0.8239350434227697,0.8038461804389954,0.2303846419774569,0.1038461804389954,0.733846127986908,0.1603845895253695,0.033846127986908,0.8726176619529724,0.29915612349143395,0.17261766195297246,0.8725548982620239,0.29909335980048546,0.17255489826202397,0.8028833666615152,0.2294218281999767,0.10288336666151521
corr_target_saturate_sev3,191,2600,False,True,False,0.5957692307692307,0.5957692307692307,0.6992307692307692,0.948220064724919,0.9504413427771856,0.3524508339556883,0.2512105735464164,0.8248368611542491,0.8495752762206272,0.22906763038501843,0.15034450698985802,0.8323419484484106,0.8192307949066162,0.2234615641373855,0.120000025675847,0.7473077178001404,0.15153848703090966,0.04807694856937117,0.8790544271469116,0.2832851963776809,0.1798236579161424,0.8789916634559631,0.2832224326867324,0.17976089422519392,0.8268748183746307,0.2311055876054,0.12764404914386152
corr_target_saturate_sev4,192,2600,False,True,False,0.5788461538461539,0.5788461538461539,0.693076923076923,0.9383421804818293,0.9383421804818293,0.35949602663567537,0.24526525740490623,0.8014940029695673,0.8362974148621359,0.2226478491234134,0.1432204917852129,0.8193464469851293,0.7946153879165649,0.21576923407041104,0.1015384648396419,0.7238461375236511,0.14499998367749722,0.030769214446728088,0.8678777813911438,0.2890316275449899,0.17480085831422076,0.8678150177001953,0.2889688638540414,0.17473809462327228,0.8307968911272685,0.2519507372811146,0.13771996805034548
corr_target_saturate_sev5,193,2600,False,True,False,0.545,0.545,0.686923076923077,0.9229494614747308,0.9235125240283506,0.37794946147473074,0.23658944710527363,0.7653521890835272,0.8160480424068027,0.22035218908352716,0.12912496548372576,0.7973371724199109,0.7669230699539185,0.22192306995391842,0.07999999303084149,0.6792307496070862,0.13423074960708614,0.007692327315990788,0.8502680063247681,0.305268006324768,0.1633449294016911,0.8502052426338196,0.30520524263381954,0.1632821657107426,0.8104826347718338,0.26548263477183376,0.12355955784875683
