config,testset,testset_idx,n_samples,is_source,is_target,is_clean,true_acc,acc_st_true,acc_ta_true,acc_st_tdc,acc_ta_tdc,err_st_tdc,err_ta_tdc,acc_st_mm,acc_ta_mm,err_st_mm,err_ta_mm,mano_fro_norm,est_ATC,err_ATC,err_ta_ATC,est_ATC-NE,err_ATC-NE,err_ta_ATC-NE,est_AC,err_AC,err_ta_AC,est_DOC,err_DOC,err_ta_DOC,est_COT,err_COT,err_ta_COT
enc_64,val_source,0,10000,True,False,True,0.964,0.964,0.9642,0.9959839357429718,0.9959855190215627,0.03198393574297187,0.03178551902156279,0.9904486729759204,0.9904486729759204,0.026448672975920462,0.026248672975920484,0.9783173361354555,0.981499969959259,0.017499969959259065,0.017299969959259087,0.9738999605178833,0.009899960517883333,0.009699960517883355,0.9852292537689209,0.02122925376892093,0.021029253768920952,0.9851664900779724,0.021166490077972444,0.020966490077972466,0.9704303270579628,0.00643032705796287,0.006230327057962892
enc_64,val_target,1,66400,False,True,True,0.6698192771084337,0.6698192771084337,0.725105421686747,0.9614452177993275,0.9614648766090251,0.29162594069089376,0.23635945492227817,0.8686771259616656,0.8756643187441316,0.19885784885323188,0.15055889705738468,0.8610611326180235,0.8532229065895081,0.18340362948107436,0.1281174849027611,0.7965210676193237,0.12670179051089003,0.07141564593257677,0.9003279805183411,0.23050870340990737,0.1752225588315941,0.9002652168273926,0.23044593971895888,0.1751597951406456,0.8553508780648118,0.1855316009563781,0.13024545637806484
enc_64,imagenet_val_source,2,2600,True,False,True,0.9326923076923077,0.9326923076923077,0.9411538461538461,0.9938080495356038,0.9953798523457966,0.061115741843296045,0.054226006191950504,0.9822956056992601,0.9822956056992601,0.0496032980069524,0.04114175954541399,0.9664690066114121,0.9661538600921631,0.03346155239985538,0.025000013938316967,0.9553846120834351,0.02269230439112735,0.01423076592958894,0.9758748412132263,0.04318253352091861,0.0347209950593802,0.9758120775222778,0.04311976982997012,0.03465823136843171,0.9647043488852605,0.032012041192952756,0.023550502731414347
enc_64,imagenet_val_target,3,2600,False,True,True,0.6388461538461538,0.6388461538461538,0.7057692307692308,0.9528795811518325,0.9528795811518325,0.3140334273056786,0.24711035038260165,0.8596394282998254,0.8698112622907617,0.22079327445367158,0.16404203152153085,0.8529742532149975,0.8376923203468323,0.19884616650067843,0.13192308957760146,0.7869230508804321,0.1480768970342783,0.08115382011120131,0.893774688243866,0.2549285343977121,0.18800545747463515,0.8937119245529175,0.25486577070676364,0.18794269378368667,0.848365893274902,0.20951973942874813,0.14259666250567116
enc_64,corr_source_fog_sev1,4,2600,True,False,False,0.8442307692307692,0.8442307692307692,0.8676923076923077,0.978790259230165,0.9788222539933501,0.13455948999939582,0.11112994630104245,0.9350567722973616,0.9353032213148754,0.09082600306659239,0.06761091362256777,0.9205700133236929,0.9142307639122009,0.0699999946814317,0.046538456219893276,0.8873077034950256,0.043076934264256406,0.019615395802717983,0.9422116279602051,0.09798085872943585,0.07451932026789743,0.9421488642692566,0.09791809503848736,0.07445655657694894,0.9010821228729884,0.05685135364221916,0.03338981518068074
enc_64,corr_source_fog_sev2,5,2600,True,False,False,0.8088461538461539,0.8088461538461539,0.8492307692307692,0.9767807949626132,0.9767807949626132,0.16793464111645928,0.12755002573184393,0.9098978766682794,0.9128074124006288,0.10105172282212549,0.06357664316985956,0.9018219683241305,0.8884615302085876,0.07961537636243377,0.03923076097781841,0.858846127986908,0.04999997414075408,0.009615358756138725,0.9270696640014648,0.11822351015531096,0.07783889477069561,0.9270069003105164,0.11816074646436248,0.07777613107974712,0.8750560559571434,0.06620990211098954,0.025825286726374186
enc_64,corr_source_fog_sev3,6,2600,True,False,False,0.75,0.75,0.811923076923077,0.9682539682539683,0.9686871184371185,0.21825396825396826,0.15676404151404155,0.8814809966779646,0.8826921115145099,0.13148099667796465,0.07076903459143291,0.8738510361960344,0.8676922917366028,0.11769229173660278,0.055769214813525814,0.813076913356781,0.063076913356781,0.0011538364337040363,0.9090059995651245,0.1590059995651245,0.09708292264204754,0.908943235874176,0.15894323587417603,0.09702015895109906,0.8317281633891073,0.08172816338910727,0.019805086466030297
enc_64,corr_source_fog_sev4,7,2600,True,False,False,0.678076923076923,0.678076923076923,0.7715384615384615,0.9653800238758456,0.9658690574568344,0.28730310079892263,0.19433059591837287,0.8500013932846227,0.8574686353215781,0.17192447020769963,0.08593017378311663,0.8503254755447722,0.8342307806015015,0.15615385752457844,0.06269231906303996,0.7726923227310181,0.09461539965409504,0.00115386119255656,0.8899754285812378,0.21189850550431477,0.11843696704277629,0.8899126648902893,0.21183574181336629,0.1183742033518278,0.7785979344094915,0.10052101133256852,0.007059472871030037
enc_64,corr_source_fog_sev5,8,2600,True,False,False,0.5219230769230769,0.5219230769230769,0.7138461538461538,0.9587505006007209,0.9587505006007209,0.43682742367764393,0.24490434675456707,0.7847858052694835,0.8220151638586364,0.26286272834640656,0.10816901001248258,0.8029547736604352,0.7823076844215393,0.2603846074984624,0.06846153057538551,0.7065384387969971,0.18461536187392014,0.007307715049156727,0.8567463755607605,0.33482329863768356,0.1429002217146067,0.856683611869812,0.3347605349467351,0.14283745802365821,0.6355637916615833,0.11364071473850634,0.07828236218457052
enc_64,corr_source_frost_sev1,9,2600,True,False,False,0.8369230769230769,0.8369230769230769,0.8703846153846154,0.9727380482022916,0.9727380482022916,0.1358149712792147,0.10235343281767617,0.9244310970550287,0.9300030664315551,0.0875080201319518,0.059618451046939636,0.9124040500937168,0.9107692241668701,0.07384614724379324,0.040384608782254694,0.8757692575454712,0.03884618062239431,0.005384642160855768,0.9362908601760864,0.09936778325300955,0.065906244791471,0.9362280964851379,0.09930501956206106,0.06584348110052252,0.9020479545093515,0.06512487758627461,0.03166333912473607
enc_64,corr_source_frost_sev2,10,2600,True,False,False,0.7184615384615385,0.7184615384615385,0.7903846153846154,0.9558232931726908,0.9558232931726908,0.23736175471115228,0.16543867778807542,0.8421943726023059,0.8601674882587595,0.12373283414076741,0.0697828728741442,0.8515999822622811,0.8296154141426086,0.11115387568107016,0.03923079875799329,0.7769230604171753,0.05846152195563681,0.01346155496744006,0.8895532488822937,0.17109171042075522,0.09916863349767835,0.8894904851913452,0.17102894672980673,0.09910586980672986,0.8156755228702348,0.09721398440869633,0.025290907485619463
enc_64,corr_source_frost_sev3,11,2600,True,False,False,0.6234615384615385,0.6234615384615385,0.7592307692307693,0.9313604603370325,0.9325144080546339,0.30789892187549395,0.17328363882386466,0.783939397875179,0.8162545386888578,0.16047785941364046,0.057023769458088513,0.8064114368958077,0.7799999713897705,0.156538432928232,0.020769202159001243,0.7092307806015015,0.08576924213996295,0.0499999886292678,0.8591588139533997,0.23569727549186115,0.0999280447226304,0.8590960502624512,0.23563451180091266,0.09986528103168191,0.7434144028790695,0.11995286441753095,0.015816366351699807
enc_64,corr_source_frost_sev4,12,2600,True,False,False,0.6061538461538462,0.6061538461538462,0.7492307692307693,0.9247311827956988,0.9268365585238008,0.3185773366418526,0.1776057892930315,0.7640712515413164,0.8017003142655167,0.15791740538747023,0.052469545034747433,0.7944821656963086,0.7638461589813232,0.1576923128274771,0.014615389750553986,0.6865384578704834,0.08038461171663724,0.06269231136028586,0.8474661707878113,0.24131232463396513,0.09823540155704202,0.8474034070968628,0.24124956094301664,0.09817263786609354,0.7226609353860756,0.11650708923222941,0.02656983384469369
enc_64,corr_source_frost_sev5,13,2600,True,False,False,0.5326923076923077,0.5326923076923077,0.7384615384615385,0.929600658707287,0.929600658707287,0.39690835101497934,0.19113912024574853,0.7305965109064301,0.7856185150555477,0.1979042032141224,0.04715697659400919,0.7650360816164614,0.7265384793281555,0.19384617163584783,0.011923059133382985,0.6376923322677612,0.10500002457545354,0.10076920619377727,0.8271726369857788,0.2944803292934711,0.0887110985242403,0.8271098732948303,0.29441756560252264,0.08864833483329182,0.6651682153076358,0.13247590761532813,0.07329332315390269
enc_64,corr_source_motion_blur_sev1,14,2600,True,False,False,0.8619230769230769,0.8619230769230769,0.8834615384615384,0.9779874213836479,0.9785016955600147,0.11606434446057101,0.09504015709847624,0.9412594478604417,0.9464925202938583,0.07933637093736479,0.06303098183231992,0.9248701124393709,0.9196153879165649,0.05769231099348804,0.03615384945502653,0.8915384411811829,0.02961536425810596,0.008076902719644452,0.9459293484687805,0.08400627154570361,0.06246781000724211,0.945866584777832,0.08394350785475513,0.06240504631629362,0.9265318424172116,0.06460876549413475,0.04307030395567324
enc_64,corr_source_motion_blur_sev2,15,2600,True,False,False,0.7907692307692308,0.7907692307692308,0.8442307692307692,0.9743589743589745,0.9743589743589745,0.18358974358974367,0.13012820512820522,0.8991526943921954,0.9081337591484411,0.10838346362296458,0.06390298991767185,0.884387423712368,0.8746153712272644,0.08384614045803362,0.030384601996495175,0.829230785369873,0.03846155460064227,0.014999983860896182,0.9159390926361084,0.12516986186687762,0.07170832340533917,0.9158763289451599,0.12510709817592913,0.07164555971439068,0.8858406241022222,0.09507139333299142,0.04160985487145297
enc_64,corr_source_motion_blur_sev3,16,2600,True,False,False,0.6580769230769231,0.6580769230769231,0.7580769230769231,0.9595838335334134,0.9600903673657676,0.30150691045649025,0.2020134442888445,0.8152849080577955,0.8429487378816597,0.1572079849808724,0.0848718148047366,0.812053606940525,0.7873076796531677,0.1292307565762446,0.029230756576244632,0.7069230675697327,0.04884614449280955,0.05115385550719043,0.8606557846069336,0.20257886153001048,0.1025788615300105,0.8605930209159851,0.202516097839062,0.10251609783906201,0.789617650348363,0.13154072727143984,0.03154072727143986
enc_64,corr_source_motion_blur_sev4,17,2600,True,False,False,0.485,0.485,0.7296153846153847,0.9387755102040818,0.9388665414967695,0.4537755102040818,0.20925115688138485,0.7569301863436351,0.8066959583578686,0.2719301863436351,0.0770805737424839,0.7454734504687899,0.7088461518287659,0.22384615182876588,0.020769232786618796,0.6103846430778503,0.12538464307785036,0.11923074153753432,0.8159139156341553,0.3309139156341553,0.08629853101877061,0.8158511519432068,0.3308511519432068,0.08623576732782212,0.6657166261118053,0.18071662611180528,0.0638987585035794
enc_64,corr_source_motion_blur_sev5,18,2600,True,False,False,0.3719230769230769,0.3719230769230769,0.7315384615384616,0.9193682460515377,0.9193682460515377,0.5474451691284608,0.18782978451307608,0.7335205678206554,0.7760380400688108,0.36159749089757853,0.04449957853034925,0.7094809898990034,0.6665384769439697,0.2946154000208928,0.06499998459449186,0.5488461256027222,0.17692304867964526,0.1826923359357394,0.7892976403236389,0.417374563400562,0.057759178785177334,0.7892348766326904,0.4173117997096135,0.05769641509422885,0.5837792631522781,0.21185618622920122,0.14775919838618345
enc_64,corr_source_brightness_sev1,19,2600,True,False,False,0.9088461538461539,0.9088461538461539,0.9188461538461539,0.984771573604061,0.9861289745556886,0.07592541975790712,0.06728282070953473,0.9696099167697648,0.9696099167697648,0.060763762923610964,0.050763762923610956,0.9514884574457239,0.9507692456245422,0.04192309177838838,0.03192309177838837,0.930384635925293,0.02153848207913911,0.0115384820791391,0.9639012813568115,0.055055127510657664,0.045055127510657655,0.963838517665863,0.05499236381970918,0.04499236381970917,0.9452253047572203,0.03637915091106647,0.026379150911066462
enc_64,corr_source_brightness_sev2,20,2600,True,False,False,0.9034615384615384,0.9034615384615384,0.92,0.9863547758284601,0.9872029539953642,0.08289323736692167,0.06720295399536413,0.9669479258716231,0.9684282575413632,0.06348638741008472,0.04842825754136315,0.9476172887032477,0.9449999928474426,0.0415384543859042,0.024999992847442587,0.9253846406936646,0.021923102232126124,0.005384640693664511,0.961771547794342,0.058310009332803614,0.041771547794342,0.9617087841033936,0.05824724564185513,0.041708784103393515,0.9408803681348786,0.037418829673340204,0.02088036813487859
enc_64,corr_source_brightness_sev3,21,2600,True,False,False,0.8946153846153846,0.8946153846153846,0.9061538461538462,0.9859594383775352,0.9863653546141845,0.0913440537621506,0.08021150846033831,0.960639904811153,0.9613033665633316,0.06602452019576843,0.0551495204094854,0.9412347973049136,0.9419230818748474,0.04730769725946282,0.035769235721001214,0.9169231057167053,0.022307721101320732,0.010769259562859124,0.9577770233154297,0.0631616387000451,0.05162317716158349,0.9577142596244812,0.06309887500909661,0.051560413470635,0.9364824014528201,0.041867016837435544,0.030328555298973936
enc_64,corr_source_brightness_sev4,22,2600,True,False,False,0.8796153846153846,0.8796153846153846,0.8911538461538462,0.981590285938112,0.9820029226550965,0.10197490132272746,0.09084907650125029,0.9510671792533301,0.95135691403678,0.07145179463794549,0.060203067882933836,0.9316404931402663,0.9296153783798218,0.0499999937644372,0.03846153222597559,0.9007692337036133,0.021153849088228704,0.009615387549767096,0.9512939453125,0.07167856069711542,0.060140099158653815,0.9512311816215515,0.07161579700616694,0.06007733546770533,0.9318658661928483,0.0522504815774637,0.040712020039002095
enc_64,corr_source_brightness_sev5,23,2600,True,False,False,0.8453846153846154,0.8453846153846154,0.8642307692307692,0.9702970297029702,0.9702970297029702,0.12491241431835476,0.10606626047220091,0.9285745188907002,0.9336701115873386,0.0831899035060848,0.06943934235656934,0.9146500482770215,0.9088461399078369,0.06346152452322151,0.04461537067706767,0.873846173286438,0.028461557901822587,0.009615404055668741,0.9376990795135498,0.0923144641289344,0.07346831028278056,0.9376363158226013,0.09225170043798592,0.07340554659183207,0.913803681443303,0.06841906605868764,0.04957291221253379
enc_64,corr_source_zoom_blur_sev1,24,2600,True,False,False,0.81,0.81,0.8603846153846154,0.9698890649762281,0.971308109527174,0.159889064976228,0.11092349414255853,0.9124457556100669,0.9140877818328248,0.10244575561006686,0.05370316644820938,0.8953686554864374,0.8892307877540588,0.07923078775405878,0.028846172369443424,0.8496153950691223,0.03961539506912226,0.0107692203154931,0.923414945602417,0.11341494560241694,0.06303033021780158,0.9233521819114685,0.11335218191146845,0.06296756652685309,0.8944029814624351,0.08440298146243508,0.03401836607781972
enc_64,corr_source_zoom_blur_sev2,25,2600,True,False,False,0.7465384615384615,0.7465384615384615,0.8242307692307692,0.96,0.9604458461538462,0.21346153846153848,0.136215076923077,0.8743002791597135,0.8792906615646046,0.12776181762125205,0.05505989233383535,0.8597542194720741,0.8461538553237915,0.09961539378533002,0.021923086093022293,0.7996153831481934,0.053076921609731875,0.024615386082575852,0.8984457850456238,0.1519073235071623,0.07421501581485457,0.8983830213546753,0.1518445598162138,0.07415225212390608,0.8589385608619463,0.11240009932348483,0.0347077916311771
enc_64,corr_source_zoom_blur_sev3,26,2600,True,False,False,0.6996153846153846,0.6996153846153846,0.7857692307692308,0.9507667473769169,0.9507667473769169,0.25115136276153227,0.16499751660768613,0.8269338641988448,0.8392165855905369,0.1273184795834602,0.05344735482130614,0.8265282620926041,0.8015384674072266,0.10192308279184192,0.015769236637995787,0.7376922965049744,0.038076911889589726,0.04807693426425641,0.8723154664039612,0.17270008178857654,0.0865462356347304,0.8722527027130127,0.17263731809762806,0.08648347194378192,0.8274893166121324,0.1278739319967478,0.041720085842901655
enc_64,corr_source_zoom_blur_sev4,27,2600,True,False,False,0.6365384615384615,0.6365384615384615,0.7703846153846153,0.9256198347107437,0.9256198347107437,0.2890813731722822,0.15523521932612838,0.7752772507806789,0.8214941653466368,0.1387387892422174,0.05110954996202144,0.7931442826316203,0.7688461542129517,0.13230769267449016,0.0015384611716636742,0.6769230961799622,0.04038463464150066,0.09346151920465318,0.8476022481918335,0.211063786653372,0.07721763280721816,0.847539484500885,0.2110010229624235,0.07715486911626968,0.7901532954502033,0.1536148339117418,0.019768680065587962
enc_64,corr_source_zoom_blur_sev5,28,2600,True,False,False,0.5696153846153846,0.5696153846153846,0.7380769230769231,0.913951545530493,0.9161384605770643,0.3443361609151083,0.1780615375001412,0.7303545733473917,0.7904920172377804,0.1607391887320071,0.05241509416085732,0.7563166688465784,0.7257692217826843,0.1561538371672997,0.012307701294238749,0.6226922869682312,0.05307690235284657,0.11538463610869187,0.8215000629425049,0.25188467832712025,0.08342313986558181,0.8214372992515564,0.25182191463617176,0.08336037617463332,0.7421608155472487,0.17254543093186403,0.00408389247032559
enc_64,corr_source_snow_sev1,29,2600,True,False,False,0.811923076923077,0.811923076923077,0.8515384615384616,0.961246504194966,0.961246504194966,0.14932342727188908,0.10970804265650447,0.9128444937478452,0.9130220078464434,0.10092141682476818,0.06148354630798181,0.9008401467929354,0.8999999761581421,0.08807689923506512,0.04846151461968051,0.8542307615280151,0.04230768460493817,0.0026922999895535593,0.9300574660301208,0.11813438910704388,0.07851900449165927,0.9299947023391724,0.1180716254160954,0.07845624080071079,0.8838649600993826,0.07194188317630568,0.03232649856092107
enc_64,corr_source_snow_sev2,30,2600,True,False,False,0.6115384615384616,0.6115384615384616,0.7692307692307693,0.9238410596026491,0.9245656703699466,0.3123025980641875,0.15533490113917736,0.7879942379446426,0.8166487977106326,0.17645577640618104,0.04741802847986332,0.8080979364018094,0.7853845953941345,0.17384613385567294,0.016153826163365248,0.7065384387969971,0.09499997725853548,0.0626923304337722,0.8593167662620544,0.24777830472359286,0.09008599703128517,0.859254002571106,0.24771554103264437,0.09002323334033668,0.7281937368817795,0.11665527534331788,0.04103703234898981
enc_64,corr_source_snow_sev3,31,2600,True,False,False,0.6415384615384615,0.6415384615384615,0.7661538461538462,0.9344262295081966,0.9344262295081966,0.29288776796973515,0.16827238335435046,0.8083391389949046,0.8205629968848133,0.1668006774564431,0.05440915073096708,0.8194490961935565,0.7976922988891602,0.15615383735069865,0.03153845273531397,0.7192307710647583,0.0776923095262968,0.046923075089087884,0.8675564527511597,0.22601799121269817,0.10140260659731348,0.8674936890602112,0.22595522752174968,0.101339842906365,0.7660285509146437,0.12449008937618222,0.00012529523920246088
enc_64,corr_source_snow_sev4,32,2600,True,False,False,0.5434615384615384,0.5434615384615384,0.7384615384615385,0.92071398920714,0.92071398920714,0.37725245074560154,0.18225245074560148,0.7546134979816048,0.7951212522573122,0.21115195952006638,0.056659713795773725,0.7795508472026584,0.7549999952316284,0.21153845677008998,0.016538456770089915,0.6676923036575317,0.1242307651959933,0.07076923480400676,0.8388268351554871,0.2953652966939486,0.10036529669394856,0.8387640714645386,0.29530253300300013,0.10030253300300007,0.7022525106956226,0.15879097223408412,0.036209027765915947
enc_64,corr_source_snow_sev5,33,2600,True,False,False,0.4807692307692308,0.4807692307692308,0.7446153846153846,0.9107666527021365,0.9108975422814214,0.42999742193290574,0.16628215766603682,0.7023661740381724,0.7743072048178699,0.22159694326894158,0.029691820202485286,0.7419899849015705,0.7019230723381042,0.22115384156887347,0.04269231227728032,0.5938461422920227,0.11307691152279192,0.15076924232336186,0.810452401638031,0.3296831708688002,0.06583701702264644,0.8103896379470825,0.32962040717785174,0.06577425333169795,0.6336798602863674,0.15291062951713658,0.11093552432901721
enc_64,corr_source_defocus_blur_sev1,34,2600,True,False,False,0.8361538461538461,0.8361538461538461,0.8719230769230769,0.9755713159968479,0.9757497080245314,0.13941746984300174,0.10382663110145451,0.9247425621481553,0.9303895529859111,0.08858871599430918,0.05846647606283417,0.904981200126925,0.8865384459495544,0.05038459979570831,0.014615369026477532,0.8592307567596436,0.023076910605797418,0.012692320163433357,0.9279488325119019,0.09179498635805572,0.056025755588824944,0.9278860688209534,0.09173222266710723,0.05596299189787646,0.8985663411244951,0.062412494970648935,0.02664326420141816
enc_64,corr_source_defocus_blur_sev2,35,2600,True,False,False,0.786923076923077,0.786923076923077,0.833076923076923,0.9743589743589745,0.9743589743589745,0.1874358974358975,0.1412820512820514,0.8967684910178754,0.9076033597831812,0.10984541409479842,0.07452643670625814,0.8743166336482212,0.8607692122459412,0.07384613532286421,0.027692289169018114,0.8100000023841858,0.023076925461108844,0.023076920692737257,0.9084352254867554,0.12151214856367842,0.07535830240983232,0.9083724617958069,0.12144938487272994,0.07529553871888384,0.8732751414042932,0.08635206448121624,0.04019821832737014
enc_64,corr_source_defocus_blur_sev3,36,2600,True,False,False,0.675,0.675,0.7796153846153846,0.9633173843700159,0.9639727974928496,0.28831738437001586,0.184357412877465,0.8260423090156274,0.8514486090591387,0.15104230901562732,0.07183322444375406,0.8001681687212336,0.7761538624763489,0.10115386247634883,0.003461522139035722,0.6896153688430786,0.014615368843078569,0.09000001577230599,0.8543487191200256,0.1793487191200256,0.07473333450464104,0.8542859554290771,0.1792859554290771,0.07467057081369255,0.8084487056036218,0.13344870560362176,0.02883332098823721
enc_64,corr_source_defocus_blur_sev4,37,2600,True,False,False,0.568076923076923,0.568076923076923,0.7484615384615385,0.9499192245557351,0.950841307319498,0.38184230147881204,0.2023797688579595,0.7638057058964459,0.8083726230625609,0.19572878281952288,0.059911084601022346,0.7295697098728215,0.6888461709022522,0.12076924782532916,0.059615367559286314,0.5865384340286255,0.018461510951702453,0.16192310443291302,0.8035396933555603,0.23546277027863727,0.05507815489402179,0.8034769296646118,0.23540000658768878,0.055015391203073305,0.7335852121329425,0.16550828905601944,0.014876326328596035
enc_64,corr_source_defocus_blur_sev5,38,2600,True,False,False,0.4542307692307692,0.4542307692307692,0.7257692307692307,0.9507667473769169,0.9507667473769169,0.4965359781461477,0.2249975166076862,0.6994821744529289,0.7858509922349113,0.2452514052221597,0.06008176146568056,0.6589692966877121,0.6069231033325195,0.15269233410175032,0.11884612743671119,0.47999998927116394,0.025769220040394725,0.24576924149806678,0.7524961829185486,0.29826541368777937,0.026726952149317862,0.7524334192276001,0.2982026499968309,0.026664188458369376,0.6411767116348728,0.18694594240410356,0.08459251913435795
enc_64,corr_source_glass_blur_sev1,39,2600,True,False,False,0.7957692307692308,0.7957692307692308,0.8438461538461538,0.9653800238758456,0.9658690574568344,0.16961079310661487,0.12202290361068058,0.8990920086973453,0.9009105001040687,0.1033227779281145,0.0570643462579149,0.890657866473398,0.8730769157409668,0.07730768497173601,0.029230761894812995,0.8384615182876587,0.04269228751842791,0.00538463555849511,0.9187941551208496,0.12302492435161883,0.07494800127469581,0.9187313914299011,0.12296216066067034,0.07488523758374732,0.8697007152641604,0.07393148449492959,0.025854561418006572
enc_64,corr_source_glass_blur_sev2,40,2600,True,False,False,0.6846153846153846,0.6846153846153846,0.7753846153846153,0.9520354695687223,0.9520354695687223,0.2674200849533377,0.17665085418410698,0.8300902535594988,0.8541988128774096,0.1454748689441142,0.07881419749279428,0.8308414831832486,0.8103846311569214,0.12576924654153676,0.03500001577230605,0.7450000047683716,0.060384620152986956,0.030384610616243757,0.8761983513832092,0.1915829667678246,0.10081373599859389,0.8761355876922607,0.19152020307687612,0.1007509723076454,0.7851987385576885,0.10058335394230389,0.009814123173073175
enc_64,corr_source_glass_blur_sev3,41,2600,True,False,False,0.40192307692307694,0.40192307692307694,0.7330769230769231,0.9024905023216547,0.9030248076111311,0.5005674253985778,0.16994788453420806,0.6819908635935723,0.7920204489488755,0.28006778667049537,0.058943525871952396,0.6583006343463247,0.6096153855323792,0.2076923086093022,0.12346153754454392,0.4669230878353119,0.06500001091223495,0.2661538352416112,0.7520161271095276,0.35009305018645065,0.018939204032604517,0.7519533634185791,0.35003028649550216,0.01887644034165603,0.5240553494369867,0.12213227251390979,0.20902157363993634
enc_64,corr_source_glass_blur_sev4,42,2600,True,False,False,0.31,0.31,0.7657692307692308,0.9052631578947369,0.9052631578947369,0.5952631578947369,0.13949392712550612,0.6672007286577382,0.7794240596956729,0.35720072865773816,0.013654828926442097,0.6215941894365071,0.5526922941207886,0.24269229412078858,0.21307693664844218,0.4069230854511261,0.0969230854511261,0.35884614531810466,0.7232920527458191,0.4132920527458191,0.042477178023411666,0.7232292890548706,0.4132292890548706,0.04253994171436015,0.4410428633985892,0.13104286339858923,0.32472636737064153
enc_64,corr_source_glass_blur_sev5,43,2600,True,False,False,0.23615384615384616,0.23615384615384616,0.7996153846153846,0.9456609894566099,0.946209349129753,0.7095071433027638,0.14659396451436835,0.7304418727621294,0.8095554875309402,0.4942880266082832,0.009940102915555582,0.6143127031574768,0.5680769085884094,0.33192306243456327,0.2315384760269752,0.4042307734489441,0.16807692729509793,0.3953846111664405,0.7294188737869263,0.4932650276330801,0.07019651082845835,0.7293561100959778,0.4932022639421316,0.07025927451940683,0.3796859691601172,0.14353212300627105,0.4199294154552674
enc_64,corr_source_gaussian_noise_sev1,44,2600,True,False,False,0.838076923076923,0.838076923076923,0.8607692307692307,0.9743589743589745,0.9743589743589745,0.1362820512820514,0.11358974358974372,0.9360939077159706,0.9360939077159706,0.09801698463904751,0.07532467694673983,0.9247055759022,0.9203846454620361,0.08230772238511308,0.0596154146928054,0.8907692432403564,0.05269232016343339,0.030000012471125714,0.9447344541549683,0.10665753107804521,0.08396522338573753,0.9446716904640198,0.10659476738709672,0.08390245969478904,0.9167657154039736,0.0786887923270505,0.05599648463474283
enc_64,corr_source_gaussian_noise_sev2,45,2600,True,False,False,0.7538461538461538,0.7538461538461538,0.8026923076923077,0.9641434262948207,0.9641434262948207,0.21029727244866692,0.16145111860251304,0.8901381010349384,0.8906154689556804,0.13629194718878457,0.08792316126337274,0.8943142443064903,0.8849999904632568,0.131153836617103,0.08230768277094913,0.8446153998374939,0.09076924599134006,0.04192309214518619,0.922519326210022,0.16867317236386814,0.11982701851771427,0.9224565625190735,0.16861040867291965,0.11976425482676578,0.8611700185177614,0.1073238646716076,0.05847771082545372
enc_64,corr_source_gaussian_noise_sev3,46,2600,True,False,False,0.6188461538461538,0.6188461538461538,0.745,0.9456609894566099,0.9456609894566099,0.3268148356104561,0.20066098945660993,0.8008961584365318,0.8159185238784085,0.182050004590378,0.07091852387840847,0.844814618313374,0.8215384483337402,0.2026922944875864,0.07653844833374024,0.7649999856948853,0.14615383184873143,0.01999998569488526,0.8843250274658203,0.2654788736196665,0.13932502746582032,0.8842622637748718,0.265416109928718,0.13926226377487183,0.7715420877161057,0.15269593386995184,0.026542087716105667
enc_64,corr_source_gaussian_noise_sev4,47,2600,True,False,False,0.4442307692307692,0.4442307692307692,0.7207692307692307,0.9024905023216547,0.9044193682232308,0.4582597330908855,0.18365013745400005,0.6740203624247616,0.7608537202758141,0.2297895931939924,0.04008448950658339,0.7687338727748033,0.732692301273346,0.28846153204257674,0.01192307050411523,0.6465384364128113,0.20230766718204207,0.07423079435641944,0.8285787105560303,0.38434794132526107,0.10780947978679956,0.8285159468650818,0.3842851776343126,0.10774671609585107,0.6504879244227622,0.20625715519199295,0.07028130634646856
enc_64,corr_source_gaussian_noise_sev5,48,2600,True,False,False,0.24384615384615385,0.24384615384615385,0.7961538461538461,0.8224637681159419,0.8229605989947351,0.5786176142697881,0.02680675284088896,0.5542738604348744,0.7343094512667551,0.31042770658872054,0.061844394887091036,0.6716022221618431,0.617307722568512,0.37346156872235814,0.17884612358533414,0.49076923727989197,0.24692308343373812,0.30538460887395413,0.760624349117279,0.5167781952711252,0.03552949703656705,0.7605615854263306,0.5167154315801767,0.035592260727515534,0.4831350485023954,0.23928889465624156,0.3130187976514507
enc_64,corr_source_shot_noise_sev1,49,2600,True,False,False,0.8338461538461538,0.8338461538461538,0.865,0.9779874213836479,0.9779874213836479,0.14414126753749412,0.11298742138364792,0.9377024955744723,0.9379202019736261,0.10385634172831848,0.07292020197362614,0.9233850026768295,0.9169231057167053,0.08307695187055153,0.05192310571670533,0.8915384411811829,0.05769228733502907,0.02653844118118287,0.9453955292701721,0.11154937542401833,0.08039552927017213,0.9453327655792236,0.11148661173306984,0.08033276557922364,0.9138467577981423,0.08000060395198849,0.04884675779814229
enc_64,corr_source_shot_noise_sev2,50,2600,True,False,False,0.7480769230769231,0.7480769230769231,0.8034615384615384,0.9558232931726908,0.9558232931726908,0.20774637009576769,0.15236175471115232,0.8822144448063397,0.8823858454939647,0.13413752172941662,0.07892430703242626,0.8907046774904775,0.8896153569221497,0.14153843384522657,0.08615381846061121,0.8369230628013611,0.088846139724438,0.033461524339822635,0.9201689958572388,0.17209207278031569,0.11670745739570032,0.9201062321662903,0.1720293090893672,0.11664469370475183,0.8597846858829524,0.11170776280602934,0.05632314742141398
enc_64,corr_source_shot_noise_sev3,51,2600,True,False,False,0.6188461538461538,0.6188461538461538,0.7411538461538462,0.9361702127659575,0.9366527130807,0.31732405891980364,0.1954988669268538,0.7896537577416195,0.811765091067153,0.17080760389546568,0.07061124491330684,0.8345442997788118,0.8126922845840454,0.1938461307378916,0.07153843843019925,0.75,0.13115384615384618,0.008846153846153837,0.8764107823371887,0.2575646284910349,0.13525693618334256,0.8763480186462402,0.2575018648000864,0.13519417249239407,0.765714776241911,0.14686862239575715,0.024560930088064814
enc_64,corr_source_shot_noise_sev4,52,2600,True,False,False,0.40115384615384614,0.40115384615384614,0.7457692307692307,0.8749459108610992,0.881325122792747,0.47379206470725305,0.13555589202351626,0.6461258907438029,0.7619148741950016,0.24497204458995675,0.01614564342577085,0.7483414861037067,0.7123076915740967,0.31115384542025054,0.03346153919513406,0.6115384697914124,0.21038462363756621,0.1342307609778184,0.8138096928596497,0.4126558467058035,0.06804046209041892,0.8137469291687012,0.41259308301485503,0.06797769839947043,0.6171454652022357,0.21599161904838954,0.12862376556699506
enc_64,corr_source_shot_noise_sev5,53,2600,True,False,False,0.28115384615384614,0.28115384615384614,0.7834615384615384,0.836168307967771,0.8423023172725047,0.5550144618139248,0.05884077881096628,0.6063416822471093,0.7284346308741136,0.3251878360932631,0.05502690758742479,0.7047834159245829,0.6730769276618958,0.3919230815080496,0.11038461079964268,0.5492307543754578,0.2680769082216116,0.23423078408608067,0.7884699106216431,0.507316064467797,0.005008372160104635,0.7884071469306946,0.5072533007768485,0.004945608469156149,0.5191192093792836,0.23796536322543743,0.26434232908225486
enc_64,corr_source_impulse_noise_sev1,54,2600,True,False,False,0.7565384615384615,0.7565384615384615,0.8173076923076923,0.9516129032258066,0.9516129032258066,0.1950744416873451,0.13430521091811431,0.8809061945516495,0.8818277445448203,0.12436773301318804,0.06452005223712798,0.8865915432521619,0.876153826713562,0.11961536517510052,0.05884613440586972,0.8261538743972778,0.06961541285881634,0.008846182089585541,0.9165369868278503,0.15999852528938885,0.09922929452015805,0.9164742231369019,0.15993576159844036,0.09916653082920956,0.8674052952710375,0.110866833732576,0.0500976029633452
enc_64,corr_source_impulse_noise_sev2,55,2600,True,False,False,0.6996153846153846,0.6996153846153846,0.765,0.9465153970826579,0.9465153970826579,0.24690001246727322,0.18151539708265785,0.8343986324077292,0.849757467225728,0.13478324779234452,0.08475746722572797,0.8608667023710226,0.8507692217826843,0.1511538371672997,0.08576922178268431,0.7961538434028625,0.09653845878747791,0.031153843402862536,0.8989852070808411,0.19936982246545643,0.13398520708084105,0.8989224433898926,0.19930705877450794,0.13392244338989256,0.8297948027414337,0.13017941812604905,0.06479480274143368
enc_64,corr_source_impulse_noise_sev3,56,2600,True,False,False,0.6165384615384616,0.6165384615384616,0.7473076923076923,0.9383421804818293,0.9384338376177181,0.3218037189433677,0.1911261453100258,0.7800923479485915,0.8114483395136772,0.1635538864101299,0.06414064720598489,0.8312280695946784,0.8092307448387146,0.192692283300253,0.06192305253102226,0.7400000095367432,0.12346154799828157,0.007307682770949175,0.8744099140167236,0.25787145247826204,0.1271022217090313,0.8743471503257751,0.25780868878731356,0.1270394580180828,0.7838491879034618,0.16731072636500022,0.03654149559576947
enc_64,corr_source_impulse_noise_sev4,57,2600,True,False,False,0.43846153846153846,0.43846153846153846,0.7219230769230769,0.8812392426850258,0.8835283542607245,0.4427777042234874,0.16160527733764762,0.6606321511901659,0.7736738243372716,0.22217061272862748,0.05175074741419472,0.7555188341558736,0.7223076820373535,0.28384614357581506,0.000384605114276626,0.618461549282074,0.18000001082053552,0.10346152764100291,0.8207002878189087,0.38223874935737023,0.0987772108958318,0.8206375241279602,0.38217598566642175,0.09871444720488332,0.650381769791684,0.2119202313301456,0.07154130713139284
enc_64,corr_source_impulse_noise_sev5,58,2600,True,False,False,0.26615384615384613,0.26615384615384613,0.7730769230769231,0.8309352517985611,0.8311731256539456,0.5647814056447149,0.05809620257702253,0.5769615659764229,0.7205302432994432,0.31080771982257677,0.052546679777479954,0.6699302405855919,0.6280769109725952,0.3619230648187491,0.1450000121043279,0.48500001430511475,0.21884616815126862,0.28807690877180836,0.7634927034378052,0.49733885728395905,0.00958421963911793,0.7634299397468567,0.49727609359301056,0.009646983330066417,0.5009236201321883,0.23476977397834214,0.27215330294473483
enc_64,corr_source_contrast_sev1,59,2600,True,False,False,0.8711538461538462,0.8711538461538462,0.8880769230769231,0.9811912225705329,0.9811912225705329,0.11003737641668676,0.09311429949360983,0.950872930229507,0.950872930229507,0.07971908407566086,0.06279600715258393,0.9309956550938538,0.9334615468978882,0.062307700744042016,0.045384623820965087,0.9019230604171753,0.030769214263329125,0.013846137340252196,0.9512603282928467,0.08010648213900051,0.06318340521592358,0.9511975646018982,0.08004371844805203,0.0631206415249751,0.9214332470099185,0.0502794008560723,0.03335632393299537
enc_64,corr_source_contrast_sev2,60,2600,True,False,False,0.8326923076923077,0.8326923076923077,0.8642307692307692,0.9731437598736177,0.9731842345341871,0.14045145218130994,0.10895346530341787,0.9271067330486438,0.9271067330486438,0.09441442535633604,0.06287596381787453,0.9109364362977977,0.9053846001625061,0.07269229247019837,0.04115383093173686,0.873846173286438,0.04115386559413026,0.009615404055668741,0.935899019241333,0.10320671154902528,0.07166825001056376,0.9358362555503845,0.10314394785807679,0.07160548631961527,0.8962631362849122,0.06357082859260443,0.03203236705414292
enc_64,corr_source_contrast_sev3,61,2600,True,False,False,0.75,0.75,0.805,0.9579158316633266,0.9579158316633266,0.2079158316633266,0.15291583166332656,0.8676213821468253,0.8726959226270343,0.11762138214682527,0.06769592262703428,0.8678732786213181,0.8523076772689819,0.10230767726898193,0.047307677268981885,0.800000011920929,0.050000011920928955,0.004999988079071094,0.9016941785812378,0.1516941785812378,0.09669417858123774,0.9016314148902893,0.1516314148902893,0.09663141489028926,0.8310657727073577,0.08106577270735771,0.02606577270735766
enc_64,corr_source_contrast_sev4,62,2600,True,False,False,0.5211538461538462,0.5211538461538462,0.7253846153846154,0.9260636100784799,0.9260636100784799,0.40490976392463374,0.20067899469386452,0.7341525723927884,0.7687495369262387,0.21299872623894223,0.0433649215416233,0.7682386810812024,0.7357692122459412,0.21461536609209497,0.010384596861325757,0.6526923179626465,0.1315384718088003,0.07269229742196892,0.830700695514679,0.30954684936083277,0.10531608013006355,0.8306379318237305,0.3094840856698843,0.10525331643911506,0.6742841666974714,0.1531303205436252,0.05110044868714403
enc_64,corr_source_contrast_sev5,63,2600,True,False,False,0.2903846153846154,0.2903846153846154,0.7711538461538462,0.9024905023216547,0.9030248076111311,0.6121058869370393,0.13187096145728494,0.5840700550374285,0.7207234441590742,0.2936854396528131,0.050430401994772,0.6187558411066568,0.5507692098617554,0.26038459447713996,0.22038463629209082,0.4092307686805725,0.1188461532959571,0.3619230774732737,0.7177312970161438,0.4273466816315284,0.05342254913770239,0.7176685333251953,0.4272839179405799,0.05348531282865088,0.5027027164533197,0.21231810106870425,0.26845112970052654
enc_64,corr_source_elastic_transform_sev1,64,2600,True,False,False,0.8669230769230769,0.8669230769230769,0.8880769230769231,0.9775855289028705,0.9777172856516176,0.11066245197979363,0.08964036257469454,0.9515725899842451,0.951951060995654,0.08464951306116819,0.06387413791873087,0.9303342517173416,0.925000011920929,0.05807693499785205,0.03692308884400586,0.8988461494445801,0.03192307252150317,0.010769226367656981,0.9485026597976685,0.08157958287459155,0.06042573672074536,0.94843989610672,0.08151681918364306,0.060362973029796874,0.9215604182286282,0.05463734130555131,0.03348349515170512
enc_64,corr_source_elastic_transform_sev2,65,2600,True,False,False,0.6530769230769231,0.6530769230769231,0.7611538461538462,0.933552091878589,0.937863761625403,0.2804751688016659,0.1767099154715568,0.8185113723637714,0.8552380680192636,0.16543444928684825,0.09408422186541743,0.8298044749062717,0.8111538290977478,0.1580769060208247,0.04999998294390162,0.7407692074775696,0.08769228440064647,0.0203846386762766,0.8743419647216797,0.22126504164475658,0.1131881185678335,0.8742792010307312,0.2212022779538081,0.11312535487688502,0.7734295497654794,0.12035262668855629,0.012275703611633215
enc_64,corr_source_elastic_transform_sev3,66,2600,True,False,False,0.7546153846153846,0.7546153846153846,0.8038461538461539,0.9694807768529528,0.970002181679986,0.21486539223756818,0.1661560278338321,0.8944234015028298,0.8952248535720007,0.13980801688744526,0.09137869972584678,0.8759100695019769,0.870769202709198,0.11615381809381342,0.06692304886304412,0.817307710647583,0.06269232603219843,0.013461556801429131,0.9106556177139282,0.15604023309854365,0.10680946386777435,0.9105928540229797,0.15597746940759516,0.10674670017682586,0.8279317952616028,0.07331641064621819,0.02408564141544889
enc_64,corr_source_elastic_transform_sev4,67,2600,True,False,False,0.6107692307692307,0.6107692307692307,0.7384615384615385,0.943089430894309,0.9435612883051908,0.33232020012507824,0.2050997498436523,0.8097498617967309,0.8264559415937535,0.1989806310275002,0.08799440313221496,0.8082502816005361,0.7892307639122009,0.1784615331429702,0.050769225450662425,0.7103846073150635,0.09961537654583275,0.028076931146475026,0.8603998422622681,0.24963061149303734,0.12193830380072956,0.8603370785713196,0.24956784780208885,0.12187554010978108,0.7091261493542071,0.09835691858497642,0.029335389107331356
enc_64,corr_source_elastic_transform_sev5,68,2600,True,False,False,0.35192307692307695,0.35192307692307695,0.7434615384615385,0.9048020219039594,0.9052180929453413,0.5528789449808824,0.16175655448380277,0.6496861083209022,0.7419804571399153,0.2977630313978253,0.0014810813216231677,0.6784007080857167,0.6276922821998596,0.27576920527678267,0.11576925626167889,0.5030769109725952,0.15115383404951827,0.2403846274889433,0.7650689482688904,0.41314587134581343,0.021607409807351874,0.7650061845779419,0.41308310765486494,0.021544646116403388,0.48635259377056317,0.13442951684748622,0.25710894469097534
enc_64,corr_source_pixelate_sev1,69,2600,True,False,False,0.8723076923076923,0.8723076923076923,0.8957692307692308,0.9759747932256794,0.9764667640345613,0.10366710091798703,0.08069753326533058,0.949880959944514,0.949880959944514,0.07757326763682171,0.054111729175283285,0.9299558549073095,0.9269230961799622,0.05461540387226982,0.031153865410731396,0.8965384364128113,0.02423074410511894,0.0007692056435805172,0.9498379230499268,0.07753023074223442,0.054068692280695996,0.9497751593589783,0.07746746705128593,0.05400592858974751,0.919226194206066,0.046918501898373655,0.023456963436835232
enc_64,corr_source_pixelate_sev2,70,2600,True,False,False,0.8553846153846154,0.8553846153846154,0.8842307692307693,0.973954222573007,0.9749148775090523,0.1185696071883916,0.090684108278283,0.9384532423861377,0.9384532423861377,0.08306862700152229,0.054222473155368434,0.9211283952371688,0.9123076796531677,0.056923064268552315,0.02807691042239846,0.8826923370361328,0.027307721651517403,0.001538432194636452,0.9420856833457947,0.08670106796117927,0.05785491411502541,0.9420229196548462,0.08663830427023078,0.05779215042407693,0.9074732124625374,0.052088597077922016,0.023242443231768162
enc_64,corr_source_pixelate_sev3,71,2600,True,False,False,0.7788461538461539,0.7788461538461539,0.8346153846153846,0.954983922829582,0.9550513374469327,0.17613776898342814,0.12043595283154807,0.884576616097874,0.8863764169071653,0.10573046225172011,0.05176103229178064,0.8803884785753582,0.8769230842590332,0.09807693041287935,0.042307699643648555,0.8207692503929138,0.041923096546759964,0.01384613422247083,0.914177417755127,0.1353312639089731,0.0795620331397423,0.9141146540641785,0.1352685002180246,0.07949926944879382,0.8523244457868755,0.07347829194072164,0.017709061171490847
enc_64,corr_source_pixelate_sev4,72,2600,True,False,False,0.6538461538461539,0.6538461538461539,0.7857692307692308,0.926507018992568,0.9272199358707504,0.2726608651464142,0.14145070510151958,0.7912200806306422,0.8212257662049337,0.13737392678448834,0.03545653543570293,0.8135585392609948,0.7823076844215393,0.12846153057538545,0.0034615463476914687,0.7099999785423279,0.056153824696174026,0.0757692522269029,0.8615999817848206,0.2077538279386667,0.07583075101558978,0.8615372180938721,0.20769106424771822,0.0757679873246413,0.7590098212191155,0.10516366737296168,0.026759409550115243
enc_64,corr_source_pixelate_sev5,73,2600,True,False,False,0.5769230769230769,0.5769230769230769,0.7642307692307693,0.9093959731543623,0.9093959731543623,0.3324728962312854,0.145165203923593,0.7034994815569672,0.8047685858156186,0.1265764046338903,0.04053781658484934,0.761326378310632,0.7226923108100891,0.14576923388701224,0.04153845842068016,0.6284615397453308,0.05153846282225394,0.13576922948543846,0.8230568170547485,0.24613374013167166,0.058826047823979266,0.8229940533638,0.24607097644072318,0.05876328413303078,0.697649552952964,0.12072647602988718,0.06658121627780522
enc_64,corr_source_jpeg_compression_sev1,74,2600,True,False,False,0.8707692307692307,0.8707692307692307,0.8892307692307693,0.9783889980353634,0.9788065588635333,0.10761976726613265,0.08957578963276402,0.9522542428954849,0.9538934922715404,0.08148501212625414,0.06466272304077114,0.9349116805167126,0.931538462638855,0.06076923186962424,0.04230769340808571,0.9096153974533081,0.038846166684077366,0.020384628222538836,0.9514044523239136,0.08063522155468283,0.062173683093144305,0.9513416886329651,0.08057245786373435,0.06211091940219582,0.9110150302100283,0.040245799440797536,0.021784260979259007
enc_64,corr_source_jpeg_compression_sev2,75,2600,True,False,False,0.8538461538461538,0.8538461538461538,0.8753846153846154,0.9775855289028705,0.9775855289028705,0.12373937505671673,0.10220091351825511,0.9421259539249118,0.9452058442383231,0.08827980007875802,0.06982122885370767,0.9260519277592427,0.9257692098617554,0.07192305601560156,0.05038459447713994,0.8984615206718445,0.04461536682569067,0.023076905287229055,0.9475264549255371,0.0936803010793833,0.07214183954092168,0.9474636912345886,0.09361753738843481,0.0720790758499732,0.90131833055244,0.04747217670628623,0.02593371516782461
enc_64,corr_source_jpeg_compression_sev3,76,2600,True,False,False,0.8365384615384616,0.8365384615384616,0.8603846153846154,0.9711119905025722,0.9711119905025722,0.13457352896411068,0.11072737511795683,0.9335509246802719,0.934977707396395,0.09701246314181033,0.07459309201177955,0.9191261307590965,0.9130769371986389,0.07653847566017735,0.0526923218140235,0.8865384459495544,0.04999998441109288,0.02615383056493903,0.9415547847747803,0.10501632323631871,0.08117016939016486,0.9414920210838318,0.10495355954537022,0.08110740569921637,0.8895067863107973,0.052968324772335706,0.029122170926181856
enc_64,corr_source_jpeg_compression_sev4,77,2600,True,False,False,0.7757692307692308,0.7757692307692308,0.8246153846153846,0.9653800238758456,0.9660200129147851,0.18961079310661488,0.14140462829940048,0.893275138956045,0.89614754447358,0.11750590818681428,0.07153215985819539,0.8893778690004066,0.8811538219451904,0.10538459117595966,0.05653843732980579,0.8334615230560303,0.05769229228679951,0.008846138440645634,0.9196723699569702,0.14390313918773945,0.09505698534158558,0.9196096062660217,0.14384037549679096,0.09499422165063709,0.8541723296522854,0.07840309888305463,0.02955694503690076
enc_64,corr_source_jpeg_compression_sev5,78,2600,True,False,False,0.6873076923076923,0.6873076923076923,0.7857692307692308,0.937908496732026,0.937908496732026,0.25060080442433375,0.15213926596279526,0.8205509479572779,0.8324101392271742,0.1332432556495856,0.04664090845794344,0.8326699047589255,0.8165384531021118,0.12923076079441953,0.03076922233288104,0.742307722568512,0.05500003026081968,0.04346150820071881,0.8773059844970703,0.18999829218937803,0.09153675372783954,0.8772432208061218,0.18993552849842954,0.09147399003689105,0.7876892064608354,0.10038151415314311,0.0019199756916046251
enc_64,corr_source_speckle_noise_sev1,79,2600,True,False,False,0.8492307692307692,0.8492307692307692,0.8711538461538462,0.9775855289028705,0.9776193370415704,0.1283547596721013,0.10646549088772428,0.9439263602894739,0.9441586228535432,0.09469559105870462,0.07300477669969707,0.9269036463045979,0.9284615516662598,0.07923078243549053,0.0573077055124136,0.9011538624763489,0.05192309324557964,0.03000001632250271,0.9468610286712646,0.09763025944049541,0.07570718251741848,0.9467982649803162,0.09756749574954693,0.07564441882647,0.9111004989713956,0.06186972974062632,0.03994665281754939
enc_64,corr_source_speckle_noise_sev2,80,2600,True,False,False,0.8103846153846154,0.8103846153846154,0.8411538461538461,0.9727380482022916,0.973360983407429,0.16235343281767622,0.1322071372535829,0.9164188309147543,0.917325688469676,0.10603421553013892,0.07617184231582985,0.907754403900203,0.9011538624763489,0.09076924709173351,0.060000016322502736,0.8661538362503052,0.055769220865689806,0.024999990096459035,0.932694673538208,0.12231005815359264,0.09154082738436187,0.9326319098472595,0.12224729446264415,0.09147806369341338,0.8833522965613119,0.0729676811766965,0.042198450407465726
enc_64,corr_source_speckle_noise_sev3,81,2600,True,False,False,0.6684615384615384,0.6684615384615384,0.7607692307692308,0.9443767762890783,0.9454111841218462,0.2759152378275399,0.18464195335261546,0.8289087340332499,0.8399873644148961,0.1604471955717115,0.07921813364566532,0.8490866122060737,0.8353846073150635,0.16692306885352504,0.07461537654583272,0.7730769515037537,0.10461541304221522,0.012307720734522909,0.8895836472511292,0.2211221087895907,0.1288144164818984,0.8895208835601807,0.22105934509864222,0.1287516527909499,0.7811027138042872,0.11264117534274876,0.020333483035056443
enc_64,corr_source_speckle_noise_sev4,82,2600,True,False,False,0.5665384615384615,0.5665384615384615,0.7273076923076923,0.9144050104384134,0.9147807369245914,0.34786654889995183,0.18747304461689906,0.7586096281220187,0.7996664292938825,0.19207116658355716,0.07235873698619022,0.8073739942509879,0.7788461446762085,0.21230768313774695,0.051538452368516174,0.7034615278244019,0.1369230662859403,0.023846164483290466,0.8568149209022522,0.29027645936379065,0.12950722859455988,0.8567521572113037,0.29021369567284216,0.1294444649036114,0.7161634390561107,0.14962497751764914,0.011144253251581637
enc_64,corr_source_speckle_noise_sev5,83,2600,True,False,False,0.44884615384615384,0.44884615384615384,0.7319230769230769,0.8954970263381478,0.896193614088149,0.4466508724919939,0.16427053716507212,0.6955524694852647,0.770601294523872,0.24670631563911088,0.03867821760079515,0.7651420811163696,0.7353846430778503,0.2865384892316965,0.0034615661547734433,0.635769248008728,0.1869230941625742,0.09615382891434887,0.8282983303070068,0.379452176460853,0.09637525338392994,0.8282355666160583,0.3793894127699045,0.09631248969298145,0.643525879843573,0.19467972599741917,0.08839719707950389
enc_64,corr_source_spatter_sev1,84,2600,True,False,False,0.9053846153846153,0.9053846153846153,0.9157692307692308,0.9871445266848461,0.9879702883520267,0.08175991130023075,0.07220105758279594,0.9682456371637279,0.9705449665644427,0.06286102177911257,0.05477573579521189,0.9487620646895255,0.9407692551612854,0.03538463977667006,0.02500002439205462,0.9242307543754578,0.01884613899084242,0.008461523606226984,0.9616134166717529,0.056228801287137586,0.04584418590252215,0.9615506529808044,0.0561660375961891,0.045781422211573664,0.9428257257981857,0.037441110413570344,0.027056495028954908
enc_64,corr_source_spatter_sev2,85,2600,True,False,False,0.8534615384615385,0.8534615384615385,0.8830769230769231,0.9775855289028705,0.9776193370415704,0.12412399044133204,0.09454241396464735,0.9403826491119249,0.9416794572636182,0.08692111065038644,0.05860253418669514,0.9242915357133575,0.9142307639122009,0.060769225450662434,0.031153840835277835,0.8884615302085876,0.03499999174704915,0.005384607131664554,0.9431476593017578,0.08968612084021932,0.06007073622483472,0.9430848956108093,0.08962335714927083,0.060007972533886234,0.9101733440197787,0.05671180555824018,0.02709642094285558
enc_64,corr_source_spatter_sev3,86,2600,True,False,False,0.8026923076923077,0.8026923076923077,0.84,0.9583333333333335,0.9584577344601403,0.15564102564102578,0.1184577344601403,0.8983660645663407,0.9034014946863599,0.09567375687403301,0.06340149468635992,0.8936190588242128,0.88692307472229,0.08423076702998233,0.04692307472229007,0.8434615135192871,0.040769205826979404,0.0034615135192871405,0.9228575825691223,0.12016527487681461,0.08285758256912235,0.9227948188781738,0.12010251118586612,0.08279481887817386,0.8752615278696269,0.07256922017731915,0.035261527869626885
enc_64,corr_source_spatter_sev4,87,2600,True,False,False,0.7207692307692307,0.7207692307692307,0.7926923076923077,0.9570798235058163,0.9575939016454369,0.2363105927365856,0.1649015939531292,0.8755896307826643,0.8781174582156545,0.15482040001343356,0.08542515052334676,0.8627870708351184,0.8469230532646179,0.1261538224953872,0.054230745572310224,0.7900000214576721,0.0692307906884414,0.002692286234635577,0.8989554643630981,0.17818623359386743,0.10626315667079045,0.8988927006721497,0.17812346990291894,0.10620039297984196,0.8247570709867094,0.10398784021747864,0.032064763294401666
enc_64,corr_source_spatter_sev5,88,2600,True,False,False,0.6219230769230769,0.6219230769230769,0.7269230769230769,0.9357347523536635,0.9362063090459706,0.31381167543058663,0.20928323212289368,0.8114246554711089,0.8250074255505983,0.18950157854803196,0.09808434862752136,0.8278372023614439,0.8092307448387146,0.1873076679156377,0.0823076679156377,0.7373076677322388,0.11538459080916186,0.010384590809161875,0.8733444213867188,0.25142134446364184,0.14642134446364186,0.8732816576957703,0.25135858077269335,0.14635858077269337,0.7359013975405324,0.1139783206174555,0.008978320617455515
enc_64,corr_source_gaussian_blur_sev1,89,2600,True,False,False,0.8746153846153846,0.8746153846153846,0.8911538461538462,0.9859594383775352,0.9859594383775352,0.11134405376215062,0.094805592223689,0.9597444254201772,0.9597444254201772,0.08512904080479267,0.06859057926633105,0.9388646522095129,0.9399999976158142,0.06538461300042964,0.048846151461968024,0.9169231057167053,0.04230772110132075,0.025769259562859137,0.9577822685241699,0.08316688390878535,0.06662842237032374,0.9577195048332214,0.08310412021783686,0.06656565867937525,0.9306622796548838,0.05604689503949922,0.03950843350103761
enc_64,corr_source_gaussian_blur_sev2,90,2600,True,False,False,0.8107692307692308,0.8107692307692308,0.8503846153846154,0.9682539682539683,0.9687343054810302,0.15748473748473746,0.11834969009641483,0.9119865014957288,0.9245575920688107,0.101217270726498,0.07417297668419531,0.8908700516005188,0.8799999952316284,0.06923076446239762,0.029615379847013013,0.8380769491195679,0.027307718350337074,0.012307666265047534,0.9207651019096375,0.10999587114040665,0.07038048652502205,0.920702338218689,0.10993310744945817,0.07031772283407356,0.8878091330875185,0.07703990231828772,0.037424517702903115
enc_64,corr_source_gaussian_blur_sev3,91,2600,True,False,False,0.7065384615384616,0.7065384615384616,0.785,0.9620758483033933,0.9620758483033933,0.25553738676493176,0.1770758483033933,0.8447275885564219,0.8579124823195349,0.13818912701796038,0.07291248231953484,0.8260694582870314,0.8046153783798218,0.09807691684136022,0.019615378379821746,0.736923098564148,0.03038463702568639,0.04807690143585208,0.8720213770866394,0.16548291554817784,0.08702137708663937,0.8719586133956909,0.16542015185722936,0.08695861339569089,0.8233934488443158,0.1168549873058542,0.038393448844315725
enc_64,corr_source_gaussian_blur_sev4,92,2600,True,False,False,0.6015384615384616,0.6015384615384616,0.7573076923076923,0.9473684210526315,0.9473684210526315,0.34582995951416995,0.19006072874493918,0.7652201427388987,0.8284259381778774,0.16368168120043713,0.071118245870185,0.7517196966802357,0.7126923203468323,0.1111538588083707,0.04461537196086007,0.6188461780548096,0.017307716516347993,0.13846151425288278,0.8159786462783813,0.21444018473991977,0.058670953970689,0.8159158825874329,0.21437742104897128,0.05860819027974051,0.7523582346518636,0.150819773113402,0.004949457655828771
enc_64,corr_source_gaussian_blur_sev5,93,2600,True,False,False,0.37884615384615383,0.37884615384615383,0.7338461538461538,0.9189189189189189,0.9202894330954282,0.540072765072765,0.1864432792492744,0.6442415181577209,0.7672861173242916,0.2653953643115671,0.033439963478137824,0.611553551995688,0.5526922941207886,0.17384614027463474,0.18115385972536524,0.4092307686805725,0.030384614834418677,0.3246153851655813,0.7175594568252563,0.3387133029791025,0.016286697020897467,0.7174966931343079,0.33865053928815403,0.016349460711845953,0.5710430054353893,0.1921968515892355,0.1628031484107645
enc_64,corr_source_saturate_sev1,94,2600,True,False,False,0.885,0.885,0.8946153846153846,0.9867498051441934,0.987558606631093,0.1017498051441934,0.09294322201570837,0.9583030182302846,0.9597741313826595,0.07330301823028462,0.06515874676727496,0.9394936694350435,0.9442307949066162,0.0592307949066162,0.04961541029123162,0.9176923036575317,0.03269230365753173,0.023076919042147148,0.9576581120491028,0.07265811204910277,0.0630427274337182,0.9575953483581543,0.07259534835815429,0.0629799637427697,0.9263582570206977,0.04135825702069773,0.03174287240531315
enc_64,corr_source_saturate_sev2,95,2600,True,False,False,0.8623076923076923,0.8623076923076923,0.8734615384615385,0.984771573604061,0.9855864596161356,0.12246388129636865,0.11212492115459705,0.9508498312164942,0.9523246152544874,0.08854213890880192,0.0788630767929489,0.9308229289552853,0.927307665348053,0.06499997304036065,0.05384612688651447,0.8999999761581421,0.03769228385044976,0.02653843769660358,0.9501778483390808,0.08787015603138848,0.0767163098775423,0.9501150846481323,0.08780739234044,0.07665354618659381,0.9215027714954577,0.05919507918776534,0.04804123303391916
enc_64,corr_source_saturate_sev3,96,2600,True,False,False,0.9019230769230769,0.9019230769230769,0.9142307692307692,0.9895064127477653,0.9907199899319811,0.08758333582468836,0.07648922070121189,0.9670363563751494,0.9691992980505686,0.06511327945207246,0.05496852881979941,0.9495889352397312,0.9492307901382446,0.04730771321516769,0.03500002090747545,0.9300000071525574,0.028076930229480435,0.015769237921788193,0.96421217918396,0.06228910226088302,0.04998140995319078,0.9641494154930115,0.062226338569934536,0.049918646262242294,0.9458633818204525,0.04394030489737555,0.03163261258968331
enc_64,corr_source_saturate_sev4,97,2600,True,False,False,0.8561538461538462,0.8561538461538462,0.8830769230769231,0.9827856025039122,0.9831964006259781,0.12663175635006607,0.10011947754905504,0.9444474771164979,0.9459211473332193,0.08829363096265175,0.06284422425629621,0.9313303119873303,0.9280769228935242,0.07192307673967802,0.04499999981660108,0.8992307782173157,0.04307693206346952,0.01615385514039258,0.9501977562904358,0.09404391013658964,0.0671208332135127,0.9501349925994873,0.09398114644564115,0.06705806952256421,0.9255482628130031,0.06939441665915691,0.04247133973607997
enc_64,corr_source_saturate_sev5,98,2600,True,False,False,0.8026923076923077,0.8026923076923077,0.833076923076923,0.9666136724960255,0.9666136724960255,0.16392136480371777,0.13353674941910243,0.9091070753201893,0.913213435204559,0.1064147676278816,0.08013651212763595,0.9050359215544457,0.8980769515037537,0.09538464381144596,0.06500002842683061,0.8623076677322388,0.059615360039931065,0.02923074465531572,0.9313037395477295,0.1286114318554218,0.09822681647080644,0.931240975856781,0.1285486681644733,0.09816405277985796,0.8906022200297535,0.08790991233744583,0.057525296952830485
enc_64,corr_target_fog_sev1,99,2600,False,True,False,0.5538461538461539,0.5538461538461539,0.6884615384615385,0.9422294548413344,0.9422294548413344,0.3883833009951805,0.2537679163797959,0.8047850786543852,0.818120915649175,0.2509389248082313,0.12965937718763654,0.80876175943328,0.7869230508804321,0.23307689703427825,0.09846151241889367,0.7119230628013611,0.1580769089552072,0.023461524339822626,0.859741747379303,0.3058955935331491,0.17128020891776452,0.8596789836883545,0.3058328298422006,0.17121744522681603,0.7766215526373073,0.22277539879115338,0.0881600141757688
enc_64,corr_target_fog_sev2,100,2600,False,True,False,0.5330769230769231,0.5330769230769231,0.6853846153846154,0.937908496732026,0.9383883232780291,0.4048315736551029,0.25300370789341375,0.7812741599760545,0.8104400864167167,0.24819723689913142,0.12505547103210135,0.7937142044379747,0.763076901435852,0.22999997835892894,0.07769228605123668,0.6796153783798218,0.14653845530289866,0.005769237004793593,0.8469176292419434,0.31384070616502024,0.161533013857328,0.8468548655509949,0.31377794247407176,0.1614702501663795,0.7549703593273622,0.2218934362504391,0.06958574394274686
enc_64,corr_target_fog_sev3,101,2600,False,True,False,0.4807692307692308,0.4807692307692308,0.6876923076923077,0.9251756924348904,0.9265003136782017,0.4444064616656596,0.23880800598589402,0.7624061002811686,0.7902764524397288,0.28163686951193784,0.10258414474742106,0.7724971807443264,0.7411538362503052,0.2603846054810744,0.05346152855799746,0.6438461542129517,0.16307692344372088,0.043846153479356054,0.83449387550354,0.35372464473430926,0.14680156781123233,0.8344311118125916,0.35366188104336077,0.14673880412028384,0.7222268541742224,0.2414576234049916,0.034534546481914674
enc_64,corr_target_fog_sev4,102,2600,False,True,False,0.41346153846153844,0.41346153846153844,0.7026923076923077,0.9157631359466223,0.9157631359466223,0.5023015974850839,0.21307082825431456,0.7391047511173319,0.7748021954761111,0.32564321265579343,0.07210988778380334,0.7567286616350715,0.7230769395828247,0.30961540112128627,0.02038463189051698,0.6265384554862976,0.21307691702475917,0.07615385220601012,0.822426974773407,0.40896543631186855,0.11973466708109926,0.8223642110824585,0.40890267262092006,0.11967190339015077,0.6608338493474721,0.2473723108859337,0.04185845834483559
enc_64,corr_target_fog_sev5,103,2600,False,True,False,0.30115384615384616,0.30115384615384616,0.7384615384615385,0.9387755102040818,0.9392540031397175,0.6376216640502357,0.20079246467817902,0.697435606567362,0.7743370098912381,0.39628176041351587,0.0358754714296996,0.7248221607171448,0.6926922798156738,0.39153843366182767,0.045769258645864674,0.5842307806015015,0.2830769344476553,0.15423075786003704,0.8016043901443481,0.500450543990502,0.06314285168280964,0.8015416264533997,0.5003877802995536,0.06308008799186116,0.5329320600439273,0.2317782138900812,0.20552947841761116
enc_64,corr_target_frost_sev1,104,2600,False,True,False,0.5357692307692308,0.5357692307692308,0.681923076923077,0.9331144850225689,0.933601685552855,0.3973452542533381,0.2516786086297781,0.7744173542324541,0.8047095169805036,0.23864812346322328,0.12278644005742667,0.7974267927170237,0.766153872013092,0.23038464124386127,0.08423079509001508,0.6919230818748474,0.15615385110561664,0.010000004951770447,0.8520908951759338,0.31632166440670306,0.17016781825285687,0.8520281314849854,0.3162589007157546,0.1701050545619084,0.7713568184866508,0.23558758771742006,0.08943374156357387
enc_64,corr_target_frost_sev2,105,2600,False,True,False,0.4369230769230769,0.4369230769230769,0.6946153846153846,0.9107666527021365,0.9119343742306285,0.4738435757790596,0.21731898961524387,0.7068423789588667,0.7912050325753994,0.2699193020357898,0.09658964796001479,0.7524168364992105,0.7215384840965271,0.2846154071734502,0.026923099481142465,0.6230769157409668,0.18615383881788988,0.07153846887441784,0.8184942007064819,0.381571123783405,0.1238788160910973,0.8184314370155334,0.38150836009245653,0.12381605240014881,0.6898187849422196,0.2528957080191427,0.004796599673165036
enc_64,corr_target_frost_sev3,106,2600,False,True,False,0.3719230769230769,0.3719230769230769,0.7107692307692308,0.8884138520735357,0.8884138520735357,0.5164907751504588,0.17764462130430492,0.6579705814327226,0.7591930053395914,0.28604750450964567,0.04842377457036062,0.7160699895416713,0.6700000166893005,0.2980769397662236,0.04076921407993028,0.564230740070343,0.1923076631472661,0.1465384906988878,0.7932984232902527,0.4213753463671758,0.08252919252102187,0.7932356595993042,0.4213125826762273,0.08246642883007338,0.6254255501886563,0.2535024732655794,0.08534368058057451
enc_64,corr_target_frost_sev4,107,2600,False,True,False,0.35423076923076924,0.35423076923076924,0.7196153846153847,0.8903115663679044,0.8908646048786893,0.5360807971371352,0.1712492202633047,0.6567949832549718,0.7553669041459034,0.3025642140242025,0.035751519530518694,0.7126312875911822,0.677307665348053,0.32307689611728374,0.04230771926733168,0.5580769181251526,0.20384614889438335,0.16153846649023207,0.7935068011283875,0.4392760318976182,0.0738914165130028,0.793444037437439,0.4392132682066697,0.07382865282205431,0.6042711935043463,0.2500404242735771,0.11534419111103833
enc_64,corr_target_frost_sev5,108,2600,False,True,False,0.31038461538461537,0.31038461538461537,0.7415384615384616,0.8931460195828013,0.8937974910625089,0.5827614041981859,0.15225902952404735,0.6427914193950842,0.7600505637806149,0.33240680401046885,0.018512102242153272,0.6925287941968318,0.6626923084259033,0.35230769304128795,0.07884615311255827,0.5192307829856873,0.20884616760107189,0.22230767855277433,0.779007077217102,0.4686224618324867,0.03746861567864046,0.7789443135261536,0.4685596981415382,0.037405851987691974,0.5582863103277287,0.24790169494311332,0.1832521512107329
enc_64,corr_target_motion_blur_sev1,109,2600,False,True,False,0.5503846153846154,0.5503846153846154,0.6903846153846154,0.9528795811518325,0.9537925586294494,0.4024949657672171,0.2634079432448341,0.8188881068605306,0.8270250014131525,0.26850349147591523,0.13664038602853712,0.8084072799818751,0.7857692241668701,0.23538460878225476,0.09538460878225474,0.7157692313194275,0.16538461593481213,0.025384615934812116,0.8625576496124268,0.3121730342278114,0.17217303422781138,0.8624948859214783,0.3121102705368629,0.1721102705368629,0.8010564150377459,0.2506717996531306,0.11067179965313056
enc_64,corr_target_motion_blur_sev2,110,2600,False,True,False,0.4957692307692308,0.4957692307692308,0.6784615384615384,0.9439480097481722,0.9439480097481722,0.4481787789789414,0.2654864712866337,0.7765312933927185,0.8063682124066052,0.28076206262348774,0.12790667394506672,0.7720780220546104,0.7342307567596436,0.23846152599041276,0.055769218298105105,0.6446154117584229,0.14884618098919206,0.0338461267031156,0.8312162756919861,0.3354470449227553,0.15275473723044763,0.8311535120010376,0.3353842812318068,0.15269197353949915,0.7611009611273251,0.26533173035809426,0.08263942266578661
enc_64,corr_target_motion_blur_sev3,111,2600,False,True,False,0.3934615384615385,0.3934615384615385,0.7073076923076923,0.9313604603370325,0.9316639144651199,0.5378989218754939,0.22435622215742757,0.7348133634578321,0.7950867487568012,0.34135182499629363,0.08777905644910888,0.7291925228902686,0.6984615325927734,0.30499999413123496,0.008846159714918866,0.5911538600921631,0.1976923216306246,0.11615383221552922,0.8039877414703369,0.41052620300879844,0.09668004916264461,0.8039249777793884,0.41046343931784995,0.09661728547169612,0.69605258209771,0.30259104363617156,0.011255110209982266
enc_64,corr_target_motion_blur_sev4,112,2600,False,True,False,0.3007692307692308,0.3007692307692308,0.7307692307692307,0.9148580968280466,0.9160119850733504,0.6140888660588159,0.18524275430411963,0.7081053073549604,0.7765677300249012,0.40733607658572957,0.04579849925567048,0.6883072408036495,0.6565384864807129,0.3557692557114821,0.07423074428851784,0.5207692384719849,0.22000000770275407,0.20999999229724586,0.7771329879760742,0.47636375720684343,0.04636375720684349,0.7770702242851257,0.47630099351589494,0.046300993515895006,0.5815158045647679,0.28074657379553714,0.1492534262044628
enc_64,corr_target_motion_blur_sev5,113,2600,False,True,False,0.24384615384615385,0.24384615384615385,0.7680769230769231,0.9260636100784799,0.9274881546648445,0.6822174562323261,0.15941123158792136,0.7108262865384604,0.7840702793392965,0.46698013269230654,0.015993356262373415,0.6752829826718241,0.6399999856948853,0.39615383184873143,0.12807693738203785,0.5084615349769592,0.2646153811308054,0.2596153880999639,0.7689785957336426,0.5251324418874888,0.0009016726567194766,0.7689158320426941,0.5250696781965403,0.0008389089657709903,0.5114940233337708,0.267647869487617,0.2565828997431523
enc_64,corr_target_brightness_sev1,114,2600,False,True,False,0.6057692307692307,0.6057692307692307,0.703076923076923,0.9507667473769169,0.9507667473769169,0.3449975166076862,0.24768982429999387,0.8344334865335785,0.8571989381563755,0.2286642557643478,0.15412201507945245,0.8373430960564575,0.8288461565971375,0.22307692582790672,0.1257692335202144,0.7611538171768188,0.15538458640758812,0.058076894099895804,0.8825967907905579,0.27682756002132713,0.17951986771363482,0.8825340270996094,0.27676479633037865,0.17945710402268633,0.8217388397124936,0.2159696089432629,0.11866191663557057
enc_64,corr_target_brightness_sev2,115,2600,False,True,False,0.6026923076923076,0.6026923076923076,0.6992307692307692,0.9473684210526315,0.9473684210526315,0.3446761133603239,0.24813765182186232,0.8273808749959146,0.8490367164903327,0.22468856730360698,0.14980594725956353,0.8323841062828782,0.8149999976158142,0.21230768992350657,0.115769228385045,0.7519230842590332,0.14923077656672556,0.05269231502826399,0.8786869049072266,0.2759945972149189,0.17945613567645735,0.8786241412162781,0.27593183352397044,0.17939337198550886,0.8241784289508212,0.22148612125851352,0.12494765972005195
enc_64,corr_target_brightness_sev3,116,2600,False,True,False,0.5888461538461538,0.5888461538461538,0.6923076923076923,0.9396411092985317,0.939996899751242,0.35079495545237793,0.24768920744354972,0.8182135150968385,0.8390201429863896,0.2293673612506847,0.14671245067869731,0.8279698180658943,0.8157692551612854,0.2269231013151316,0.12346156285359311,0.75,0.1611538461538462,0.05769230769230771,0.8762339353561401,0.28738778150998634,0.18392624304844785,0.8761711716651917,0.28732501781903785,0.18386347935749936,0.824793664929945,0.2359475110837912,0.1324859726222527
enc_64,corr_target_brightness_sev4,117,2600,False,True,False,0.5734615384615385,0.5734615384615385,0.6853846153846154,0.933552091878589,0.9340386192970279,0.36009055341705054,0.24865400391241255,0.7993092635792499,0.8393107687327147,0.22584772511771145,0.15392615334809934,0.8148663627660075,0.8034615516662598,0.2300000132047213,0.1180769362816444,0.7265384793281555,0.15307694086661705,0.04115386394354015,0.865573525428772,0.2921119869672335,0.1801889100441566,0.8655107617378235,0.292049223276285,0.18012614635320812,0.8162394690916356,0.24277793063009712,0.1308548537070202
enc_64,corr_target_brightness_sev5,118,2600,False,True,False,0.551923076923077,0.551923076923077,0.67,0.937040065412919,0.937040065412919,0.385116988489842,0.2670400654129189,0.7834079953033996,0.8242042405970516,0.2314849183803226,0.1542042405970515,0.8002683982747025,0.7819230556488037,0.22999997872572675,0.11192305564880367,0.704230785369873,0.1523077084467961,0.03423078536987301,0.8554783463478088,0.3035552694247319,0.1854783463478088,0.8554155826568604,0.3034925057337834,0.1854155826568603,0.801109151708256,0.24918607478517907,0.131109151708256
enc_64,corr_target_zoom_blur_sev1,119,2600,False,True,False,0.5046153846153846,0.5046153846153846,0.6853846153846154,0.9211618257261412,0.923294220510727,0.41654644111075667,0.2379096051261116,0.7600008149185533,0.8096269837154773,0.25538543030316874,0.12424236833086189,0.7731132621221948,0.7346153855323792,0.23000000091699457,0.04923077014776378,0.6449999809265137,0.1403845963111291,0.0403846344581017,0.8317705988883972,0.32715521427301264,0.14638598350378185,0.8317078351974487,0.32709245058206415,0.14632321981283336,0.7627124720807813,0.2580970874653967,0.07732785669616593
enc_64,corr_target_zoom_blur_sev2,120,2600,False,True,False,0.46,0.46,0.7011538461538461,0.9052631578947369,0.9066249539933751,0.44526315789473686,0.20547110783952893,0.7188987339264994,0.7770173968864011,0.25889873392649937,0.07586355073255502,0.7443067114605819,0.6888461709022522,0.22884617090225218,0.01230767525159393,0.5896154046058655,0.12961540460586546,0.11153844154798065,0.8068714141845703,0.3468714141845703,0.10571756803072418,0.8068086504936218,0.3468086504936218,0.1056548043397757,0.7333089825240287,0.27330898252402863,0.032155136370182524
enc_64,corr_target_zoom_blur_sev3,121,2600,False,True,False,0.4276923076923077,0.4276923076923077,0.6988461538461539,0.9006342494714586,0.902983355334601,0.47294194177915094,0.20413720148844705,0.6925707600845457,0.7698346224115125,0.26487845239223795,0.07098846856535856,0.7220022389904392,0.6846153736114502,0.2569230659191425,0.0142307802347037,0.567307710647583,0.1396154029552753,0.1315384431985709,0.7964872121810913,0.3687949044887836,0.09764105833493741,0.7964244484901428,0.3687321407978351,0.09757829464398893,0.7085275884812177,0.28083528078890996,0.009681434635063768
enc_64,corr_target_zoom_blur_sev4,122,2600,False,True,False,0.38961538461538464,0.38961538461538464,0.7142307692307692,0.8855550792970425,0.8855550792970425,0.49593969468165783,0.17132431006627324,0.6652945975258364,0.752468206408851,0.2756792129104518,0.03823743717808181,0.6964727387153643,0.6465384364128113,0.25692305179742664,0.06769233281795795,0.5265384912490845,0.13692310663369983,0.18769227798168475,0.7777592539787292,0.3881438693633446,0.06352848474796002,0.7776964902877808,0.3880811056723961,0.06346572105701154,0.6815676365903318,0.2919522519749472,0.03266313264043741
enc_64,corr_target_zoom_blur_sev5,123,2600,False,True,False,0.3457692307692308,0.3457692307692308,0.7342307692307692,0.8656195462478184,0.8661958249253507,0.5198503154785876,0.1319650556945815,0.6341490008311329,0.7300686492812098,0.28837977006190213,0.004162119949559395,0.6691402232416757,0.6165384650230408,0.27076923425381,0.11769230420772847,0.48423075675964355,0.13846152599041278,0.2500000124711257,0.7596949934959412,0.4139257627267104,0.02546422426517192,0.7596322298049927,0.4138629990357619,0.025401460574223433,0.6465536983842046,0.30078446761497385,0.08767707084656462
enc_64,corr_target_snow_sev1,124,2600,False,True,False,0.485,0.485,0.6838461538461539,0.913951545530493,0.9160143949617633,0.428951545530493,0.2321682411156094,0.742323345644921,0.798595782698234,0.257323345644921,0.11474962885208007,0.7799951330784808,0.7569230794906616,0.27192307949066163,0.07307692564450774,0.6596153974533081,0.17461539745330812,0.024230756392845776,0.8400134444236755,0.35501344442367555,0.15616729057752166,0.839950680732727,0.35495068073272706,0.15610452688657317,0.7428581736651108,0.25785817366511077,0.05901201981895687
enc_64,corr_target_snow_sev2,125,2600,False,True,False,0.33192307692307693,0.33192307692307693,0.7315384615384616,0.8978380669775328,0.8978380669775328,0.5659149900544558,0.16629960543907119,0.6771862926614565,0.7720049398173724,0.34526321573837954,0.04046647827891081,0.7222832912202222,0.694615364074707,0.3626922871516301,0.03692309746375455,0.5653846263885498,0.23346154946547287,0.16615383514991178,0.7999367117881775,0.46801363486510056,0.06839825024971591,0.799873948097229,0.46795087117415207,0.06833548655876742,0.6043163633869749,0.272393286463898,0.12722209815148666
enc_64,corr_target_snow_sev3,126,2600,False,True,False,0.36230769230769233,0.36230769230769233,0.7115384615384616,0.8888888888888888,0.8901586988376213,0.5265811965811965,0.17862023729915977,0.6854876617826196,0.7450628236993424,0.3231799694749272,0.03352436216088084,0.730746499755472,0.6919230818748474,0.3296153895671551,0.019615379663614152,0.5838461518287659,0.22153845952107354,0.1276923097096957,0.8059890270233154,0.4436813347156231,0.09445056548485387,0.8059262633323669,0.4436185710246746,0.09438780179390538,0.6499497857298397,0.2876420934221474,0.06158867580862182
enc_64,corr_target_snow_sev4,127,2600,False,True,False,0.2946153846153846,0.2946153846153846,0.7476923076923077,0.8860325621251071,0.8876413315487867,0.5914171775097224,0.139949023856479,0.6485032825054163,0.7555922551845801,0.3538878978900317,0.007899947492272408,0.6954928715208664,0.6515384912490845,0.35692310663369986,0.09615381644322318,0.5280769467353821,0.23346156211999747,0.21961536095692558,0.7800413370132446,0.48542595239786,0.03234902932093697,0.7799785733222961,0.48536318870691153,0.032286265629988486,0.5811810470172154,0.2865656624018308,0.16651126067509225
enc_64,corr_target_snow_sev5,128,2600,False,True,False,0.2603846153846154,0.2603846153846154,0.7657692307692308,0.8817204301075269,0.8826268992742408,0.6213358147229116,0.11685766850501,0.6298928792957869,0.74890556958774,0.3695082639111715,0.01686366118149074,0.6627417248951553,0.6138461828231812,0.35346156743856577,0.1519230479460496,0.4719230830669403,0.21153846768232493,0.29384614770229045,0.7565287351608276,0.49614411977621226,0.009240495608403121,0.7564659714698792,0.49608135608526377,0.009303259299351607,0.5332982763611358,0.2729136609765204,0.23247095440809495
enc_64,corr_target_defocus_blur_sev1,129,2600,False,True,False,0.5223076923076924,0.5223076923076924,0.6876923076923077,0.9383421804818293,0.9390928783269008,0.4160344881741369,0.2514005706345931,0.8024673223906115,0.8266935588016414,0.2801596300829191,0.1390012511093337,0.7903174741946486,0.766153872013092,0.24384617970539968,0.07846156432078433,0.680384635925293,0.1580769436176006,0.007307671767014745,0.8488876819610596,0.3265799896533672,0.16119537426875186,0.8488249182701111,0.3265172259624187,0.16113261057780337,0.7885723781811242,0.2662646858734319,0.10088007048881653
enc_64,corr_target_defocus_blur_sev2,130,2600,False,True,False,0.4815384615384615,0.4815384615384615,0.6857692307692308,0.9366053169734152,0.9366053169734152,0.4550668554349537,0.2508360862041844,0.7714025446665463,0.8119362149338429,0.2898640831280848,0.12616698416461214,0.7621226309192486,0.7373076677322388,0.25576920619377724,0.05153843696300797,0.6407692432403564,0.15923078170189492,0.04499998752887435,0.8295904994010925,0.348052037862631,0.14382126863186173,0.829527735710144,0.3479892741716825,0.14375850494091325,0.7712438197091132,0.28970535817065163,0.08547458893988236
enc_64,corr_target_defocus_blur_sev3,131,2600,False,True,False,0.41615384615384615,0.41615384615384615,0.6992307692307692,0.937040065412919,0.9377984055716837,0.5208862192590729,0.2385676363409145,0.7117010553542075,0.7841784474196652,0.2955472092003613,0.08494767818889604,0.695593752519901,0.6538461446762085,0.23769229852236234,0.045384624554560715,0.5299999713897705,0.11384612523592436,0.1692307978409987,0.7791460156440735,0.36299216949022733,0.07991524641330428,0.779083251953125,0.36292940579927885,0.07985248272235579,0.7112498706047153,0.2950960244508692,0.012019101373946128
enc_64,corr_target_defocus_blur_sev4,132,2600,False,True,False,0.3376923076923077,0.3376923076923077,0.7280769230769231,0.9326765188834154,0.9331643930781862,0.5949842111911077,0.20508747000126315,0.6550004982197573,0.7678320821307423,0.3173081905274496,0.03975515905381921,0.6344675913880419,0.5865384340286255,0.2488461263363178,0.14153848904829758,0.4430769085884094,0.10538460089610174,0.28500001448851364,0.7352874279022217,0.397595120209914,0.007210504825298614,0.7352246642112732,0.3975323565189655,0.007147741134350127,0.6338199617285711,0.29612765403626345,0.09425696134835193
enc_64,corr_target_defocus_blur_sev5,133,2600,False,True,False,0.26576923076923076,0.26576923076923076,0.7542307692307693,0.9157631359466223,0.9157631359466223,0.6499939051773915,0.16153236671585303,0.6182865533992207,0.754008194016941,0.3525173226299899,0.00022257521382829104,0.5890187469862365,0.5292307734489441,0.26346154267971333,0.22499999578182517,0.3715384602546692,0.10576922948543843,0.38269230897610007,0.7000974416732788,0.43432821090404805,0.05413332755749045,0.7000346779823303,0.43426544721309956,0.05419609124843894,0.5476282584624659,0.2818590276932351,0.20660251076830338
enc_64,corr_target_glass_blur_sev1,134,2600,False,True,False,0.49846153846153846,0.49846153846153846,0.6692307692307692,0.9225031081641111,0.9226174429265893,0.4240415697025726,0.25338667369582013,0.7562401414641022,0.7918438008548432,0.2577786030025638,0.122613031624074,0.7748140003669901,0.7469230890274048,0.24846155056586633,0.0776923197966356,0.6523076891899109,0.15384615072837243,0.016923080040858296,0.8365225195884705,0.338060981126932,0.16729175035770127,0.836459755897522,0.3379982174359835,0.1672289866667528,0.7699010840353351,0.2714395455737966,0.1006703148045659
enc_64,corr_target_glass_blur_sev2,135,2600,False,True,False,0.4176923076923077,0.4176923076923077,0.6811538461538461,0.9134977016297534,0.9143928680516112,0.4958053939374457,0.23323902189776513,0.701252343385194,0.7779266372422987,0.28356003569288635,0.0967727910884526,0.7213294818483531,0.6938461661338806,0.2761538584415729,0.012692319980034505,0.572692334651947,0.15500002695963933,0.10846151150189909,0.8008325099945068,0.38314020230219914,0.11967866384066073,0.8007697463035583,0.38307743861125065,0.11961590014971224,0.6901473594504888,0.2724550517581811,0.008993513296642663
enc_64,corr_target_glass_blur_sev3,136,2600,False,True,False,0.23615384615384616,0.23615384615384616,0.7792307692307693,0.8793103448275862,0.8804496021220158,0.64315649867374,0.10121883289124656,0.6205508505216766,0.7201049662234046,0.3843970043678304,0.0591258030073647,0.5889281029889488,0.5126923322677612,0.27653848611391507,0.26653843696300805,0.36000001430511475,0.12384616815126859,0.41923075492565454,0.700599730014801,0.46444588386095487,0.07863103921596826,0.7005369663238525,0.4643831201700064,0.07869380290691674,0.46877656170334525,0.2326227155494991,0.31045420752742403
enc_64,corr_target_glass_blur_sev4,137,2600,False,True,False,0.18461538461538463,0.18461538461538463,0.821923076923077,0.9107666527021365,0.9107666527021365,0.7261512680867519,0.08884357577905955,0.6458479200978171,0.7593261880654278,0.4612325354824325,0.06259688885764914,0.5826019151002236,0.517307698726654,0.3326923141112694,0.3046153781964229,0.35538461804389954,0.1707692334285149,0.46653845887917744,0.7021836638450623,0.5175682792296776,0.11973941307801472,0.7021209001541138,0.5175055155387291,0.11980217676896321,0.4017619474010541,0.21714656278566946,0.4201611295220229
enc_64,corr_target_glass_blur_sev5,138,2600,False,True,False,0.14923076923076922,0.14923076923076922,0.8515384615384616,0.9166666666666665,0.9182372603566885,0.7674358974358972,0.06669879881822693,0.6671740165918489,0.7890319260312973,0.5179432473610797,0.06250653550716423,0.5721856727589396,0.5134615302085876,0.3642307609778184,0.33807693132987393,0.3488461673259735,0.1996153980952043,0.5026922942124881,0.6969651579856873,0.547734388754918,0.15457330355277432,0.6969023942947388,0.5476716250639695,0.1546360672437228,0.35644419385107273,0.2072134246203035,0.49509426768738884
enc_64,corr_target_gaussian_noise_sev1,139,2600,False,True,False,0.5380769230769231,0.5380769230769231,0.6761538461538461,0.9269500619067272,0.9274467443410902,0.3888731388298041,0.2512928981872441,0.7846993795189824,0.8071925695376,0.24662245644205927,0.13103872338375389,0.8202944864105591,0.7934615612030029,0.2553846381260798,0.11730771504915682,0.7203845977783203,0.1823076747013972,0.04423075162447421,0.8655381202697754,0.32746119719285227,0.18938427411592929,0.8654753565788269,0.3273984335019038,0.1893215104249808,0.8236452715583527,0.28556834848142953,0.14749142540450655
enc_64,corr_target_gaussian_noise_sev2,140,2600,False,True,False,0.48115384615384615,0.48115384615384615,0.6823076923076923,0.92071398920714,0.9234039980687423,0.43956014305329383,0.24109630576105,0.744115088118716,0.8017877023699825,0.2629612419648698,0.11948001006229025,0.8025291935787142,0.7869230508804321,0.305769204726586,0.10461535857273985,0.7007692456245422,0.21961539947069608,0.018461553316849955,0.8567718863487244,0.3756180401948782,0.17446419404103208,0.8567091226577759,0.3755552765039297,0.1744014303500836,0.7911525504762711,0.30999870432242493,0.1088448581685788
enc_64,corr_target_gaussian_noise_sev3,141,2600,False,True,False,0.37846153846153846,0.37846153846153846,0.7069230769230769,0.8893635198633062,0.8908698848476144,0.5109019814017677,0.18394680792453755,0.6602788591553646,0.7732252025656953,0.2818173206938261,0.06630212564261839,0.7630322350563008,0.7415384650230408,0.3630769265615023,0.034615388099963895,0.6461538672447205,0.267692328783182,0.06076920967835642,0.8260385394096375,0.447577000948099,0.11911546248656057,0.825975775718689,0.4475142372571505,0.11905269879561209,0.6982180223626598,0.3197564839011214,0.008705054560417036
enc_64,corr_target_gaussian_noise_sev4,142,2600,False,True,False,0.27884615384615385,0.27884615384615385,0.7657692307692308,0.8531098367887077,0.8535276228818647,0.5742636829425538,0.08775839211263392,0.5816342873109004,0.7480567937093761,0.30278813346474653,0.017712437059854702,0.7080445524265867,0.6692307591438293,0.3903846052976755,0.09653847162540141,0.5496153831481934,0.2707692293020395,0.2161538476210374,0.7869853377342224,0.5081391838880686,0.021216106964991654,0.7869225740432739,0.5080764201971201,0.021153343274043168,0.5919109169340641,0.3130647630879102,0.1738583138351667
enc_64,corr_target_gaussian_noise_sev5,143,2600,False,True,False,0.17038461538461538,0.17038461538461538,0.8415384615384616,0.7677725118483412,0.7751593736403064,0.5973878964637258,0.06637908789815516,0.5109330060506532,0.7294866815784155,0.3405483906660378,0.11205177996004612,0.6403894177077583,0.5796154141426086,0.4092307987579933,0.2619230473958529,0.4426923096179962,0.27230769423338086,0.39884615192046535,0.7376365065574646,0.5672518911728492,0.10390195498099697,0.7375737428665161,0.5671891274819008,0.10396471867194546,0.4637975317349543,0.29341291635033895,0.37774092980350726
enc_64,corr_target_shot_noise_sev1,144,2600,False,True,False,0.536923076923077,0.536923076923077,0.6834615384615385,0.9348627611634577,0.935347272555384,0.39793968424038073,0.2518857340938455,0.7794904411597303,0.8085775912094609,0.24256736423665337,0.12511605274792248,0.8104016340495065,0.7919231057167053,0.2550000287936284,0.10846156725516687,0.7142307758331299,0.17730769891005294,0.03076923737159143,0.8620701432228088,0.3251470662997319,0.17860860476127038,0.8620073795318604,0.3250843026087834,0.1785458410703219,0.8217238478365086,0.2848007709134317,0.1382623093749702
enc_64,corr_target_shot_noise_sev2,145,2600,False,True,False,0.4673076923076923,0.4673076923076923,0.6834615384615385,0.9034162800506115,0.9066038347986894,0.43610858774291916,0.223142296337151,0.7259614657993305,0.7790393643489838,0.2586537734916382,0.09557782588744534,0.7870862111250158,0.7538461685180664,0.2865384762103741,0.07038463005652795,0.6692307591438293,0.20192306683613703,0.014230779317709108,0.8444811105728149,0.37717341826512263,0.1610195721112765,0.8444183468818665,0.37711065457417414,0.160956808420328,0.7800627189282272,0.3127550266205349,0.09660118046668875
enc_64,corr_target_shot_noise_sev3,146,2600,False,True,False,0.3776923076923077,0.3776923076923077,0.7157692307692308,0.8788270806382061,0.8791278425716869,0.5011347729458984,0.16335861180245603,0.6551198844032307,0.7683481463308406,0.27742757671092294,0.05257891556160976,0.7491506745599854,0.7196153998374939,0.3419230921451862,0.0038461690682630723,0.6138461828231812,0.23615387513087344,0.10192304794604967,0.8158544898033142,0.4381621821110065,0.10008525903408338,0.8157917261123657,0.438099418420058,0.1000224953431349,0.6970819651514524,0.31938965745914466,0.018687265617778448
enc_64,corr_target_shot_noise_sev4,147,2600,False,True,False,0.2519230769230769,0.2519230769230769,0.7834615384615384,0.8366890380313199,0.8403815043295451,0.584765961108243,0.05691996586800663,0.5714122494343452,0.743923364743693,0.3194891725112683,0.039538173717845404,0.6934738555853897,0.6553846001625061,0.4034615232394292,0.12807693829903233,0.5292307734489441,0.2773076965258672,0.25423076501259434,0.776634693145752,0.524711616222675,0.006826845315786478,0.7765719294548035,0.5246488525317266,0.006889609006734965,0.5762418404630073,0.3243187635399304,0.20721969799853113
enc_64,corr_target_shot_noise_sev5,148,2600,False,True,False,0.18423076923076923,0.18423076923076923,0.8323076923076923,0.778769375293565,0.7808545316280299,0.5945386060627958,0.051453160679662435,0.5541774300543996,0.7001942065191662,0.36994666082363037,0.1321134857885261,0.6667295023938958,0.6223077178001404,0.4380769485693712,0.20999997450755192,0.48076921701431274,0.29653844778354355,0.35153847529337956,0.7608631253242493,0.5766323560934801,0.07144456698344304,0.7608003616333008,0.5765695924025316,0.07150733067439152,0.48300710428311144,0.29877633505234225,0.34930058802458086
enc_64,corr_target_impulse_noise_sev1,149,2600,False,True,False,0.4753846153846154,0.4753846153846154,0.6811538461538461,0.907563025210084,0.9096718232747645,0.4321784098254686,0.22851797712091837,0.7309125259347756,0.7852481049303184,0.2555279105501602,0.10409425877647227,0.7861538063931632,0.7603846192359924,0.285000003851377,0.07923077308214632,0.6696153879165649,0.19423077253194954,0.011538458237281168,0.8437526226043701,0.3683680072197547,0.162598776450524,0.8436898589134216,0.3683052435288062,0.16253601275957552,0.7668364930109177,0.2914518776263023,0.08568264685707161
enc_64,corr_target_impulse_noise_sev2,150,2600,False,True,False,0.43115384615384617,0.43115384615384617,0.6907692307692308,0.9057239057239057,0.905896126124263,0.47457005957005954,0.21512689535503215,0.693619673263173,0.7790641320060172,0.2624658271093268,0.0882949012367864,0.7693468830521476,0.7480769157409668,0.31692306958712063,0.057307684971735995,0.6438461542129517,0.2126923080591055,0.04692307655627914,0.8320645093917847,0.4009106632379385,0.14129527862255387,0.8320017457008362,0.40084789954699,0.14123251493160538,0.7454779214184286,0.31432407526458245,0.05470869064919781
enc_64,corr_target_impulse_noise_sev3,151,2600,False,True,False,0.385,0.385,0.7119230769230769,0.8879384088964928,0.888100891982346,0.5029384088964928,0.1761778150592691,0.6547209142029784,0.7578873391120962,0.2697209142029784,0.04596426218901928,0.7503993095821697,0.7111538648605347,0.32615386486053466,0.0007692120625422127,0.6126922965049744,0.22769229650497436,0.09923078041810252,0.816765308380127,0.43176530838012694,0.10484223145705007,0.8167025446891785,0.43170254468917846,0.10477946776610159,0.7096184900986204,0.3246184900986204,0.002304586824456445
enc_64,corr_target_impulse_noise_sev4,152,2600,False,True,False,0.2623076923076923,0.2623076923076923,0.7769230769230769,0.847517730496454,0.847517730496454,0.5852100381887617,0.07059465357337702,0.5518194615284835,0.7588761778892531,0.2895117692207912,0.018046899033823838,0.6897908615477549,0.6280769109725952,0.3657692186649029,0.14884616595048172,0.5142307877540588,0.25192309544636654,0.2626922891690181,0.7676396369934082,0.5053319446857159,0.009283439929668735,0.7675768733024597,0.5052691809947674,0.009346203620617222,0.5888851256431289,0.3265774333354366,0.18803795127994805
enc_64,corr_target_impulse_noise_sev5,153,2600,False,True,False,0.1773076923076923,0.1773076923076923,0.833076923076923,0.7636709462672373,0.7723759030583007,0.586363253959545,0.06070102001862232,0.516771283502335,0.7264861479023462,0.33946359119464276,0.10659077517457682,0.6316227286025343,0.569615364074707,0.39230767176701475,0.263461559002216,0.4303846061229706,0.2530769138152783,0.40269231695395247,0.7307078242301941,0.5534001319225018,0.10236909884672896,0.7306450605392456,0.5533373682315533,0.10243186253767744,0.4744858321599893,0.297178139852297,0.35859109091693375
enc_64,corr_target_contrast_sev1,154,2600,False,True,False,0.571923076923077,0.571923076923077,0.6857692307692308,0.9486453699959562,0.9507161996085282,0.3767222930728792,0.26494696883929736,0.8148929359533629,0.837634187471429,0.2429698590302859,0.15186495670219824,0.816758160688864,0.7919231057167053,0.22000002879362834,0.10615387494747452,0.7253845930099487,0.15346151608687175,0.03961536224071793,0.8657048940658569,0.29378181714277996,0.17993566329662614,0.8656421303749084,0.29371905345183147,0.17987289960567765,0.8099263313222963,0.23800325439921932,0.1241571005530655
enc_64,corr_target_contrast_sev2,155,2600,False,True,False,0.5380769230769231,0.5380769230769231,0.6915384615384615,0.937908496732026,0.937908496732026,0.3998315736551029,0.24637003519356448,0.7908031470668718,0.8233957182782747,0.2527262239899487,0.1318572567398132,0.8011331457313723,0.7734615206718445,0.23538459759492136,0.08192305913338294,0.6915384531021118,0.1534615300251887,8.436349729912251e-09,0.8538926243782043,0.3158157013012812,0.1623541628397428,0.8538298606872559,0.31575293761033274,0.1622913991487943,0.7872954754924093,0.24921855241548618,0.09575701395394776
enc_64,corr_target_contrast_sev3,156,2600,False,True,False,0.48115384615384615,0.48115384615384615,0.6773076923076923,0.9273927392739274,0.9273927392739274,0.44623889312008125,0.2500850469662351,0.7374858783963125,0.7875986179694071,0.25633203224246637,0.11029092566171483,0.7697342139727954,0.739230751991272,0.2580769058374258,0.061923059683579695,0.6523076891899109,0.17115384303606473,0.02500000311778139,0.8300389051437378,0.34888505898989164,0.15273121283604552,0.8299761414527893,0.34882229529894315,0.15266844914509703,0.7355708252897077,0.2544169791358616,0.058263132982015464
enc_64,corr_target_contrast_sev4,157,2600,False,True,False,0.3353846153846154,0.3353846153846154,0.7265384615384616,0.8959660297239915,0.8959660297239915,0.5605814143393761,0.16942756818552995,0.6375681064773798,0.7406786628709768,0.30218349109276443,0.014140201332515256,0.6843768835783449,0.635769248008728,0.30038463262411264,0.09076921352973355,0.5184615254402161,0.18307691005560067,0.2080769360982455,0.767293393611908,0.43190877822729257,0.04075493207344638,0.7672306299209595,0.4318460145363441,0.040692168382497895,0.6031111283013262,0.2677265129167108,0.1234273332371354
enc_64,corr_target_contrast_sev5,158,2600,False,True,False,0.19076923076923077,0.19076923076923077,0.8196153846153846,0.8907849829351536,0.8907849829351536,0.7000157521659228,0.07116959831976899,0.5564392557418393,0.6997195258667719,0.3656700249726085,0.11989585874861275,0.561415416284512,0.4950000047683716,0.3042307739991408,0.32461537984701305,0.3361538350582123,0.1453846042889815,0.48346154955717235,0.6812278628349304,0.4904586320656996,0.13838752178045421,0.6811650991439819,0.49039586837475113,0.1384502854714027,0.459785823385889,0.2690165926166582,0.3598295612294956
enc_64,corr_target_elastic_transform_sev1,159,2600,False,True,False,0.5676923076923077,0.5676923076923077,0.6857692307692308,0.9448051948051946,0.945743006993007,0.37711288711288693,0.25997377622377615,0.8122250175086244,0.8305446157021393,0.2445327098163167,0.14477538493290854,0.8172480477542867,0.8084615468978882,0.24076923920558047,0.12269231612865739,0.7261538505554199,0.1584615428631122,0.040384619786189124,0.8690030574798584,0.3013107497875507,0.1832338267106276,0.8689402937889099,0.3012479860966022,0.18317106301967911,0.8040551462770577,0.23636283858474993,0.11828591550782686
enc_64,corr_target_elastic_transform_sev2,160,2600,False,True,False,0.40615384615384614,0.40615384615384614,0.6846153846153846,0.9020270270270269,0.9022043932666023,0.4958731808731807,0.21758900865121766,0.6923846486226288,0.7885935355197781,0.2862308024687827,0.10397815090439344,0.7371074934501372,0.7084615230560303,0.30230767690218413,0.023846138440645648,0.5957692265510559,0.18961538039720977,0.08884615806432872,0.8102203011512756,0.4040664549974295,0.125604916535891,0.8101575374603271,0.404003691306481,0.12554215284494252,0.6948296414128087,0.28867579525896253,0.010214256797424048
enc_64,corr_target_elastic_transform_sev3,161,2600,False,True,False,0.4492307692307692,0.4492307692307692,0.6911538461538461,0.9247311827956988,0.9247311827956988,0.47550041356492956,0.23357733664185265,0.7279220279404017,0.8163075913095351,0.2786912587096325,0.125153745155689,0.7580586342893186,0.739230751991272,0.28999998276050276,0.048076905837425854,0.6376923322677612,0.18846156303699202,0.05346151388608489,0.8280107975006104,0.37878002826984114,0.13685695134676423,0.8279480338096619,0.37871726457889265,0.13679418765581575,0.7166723105510373,0.2674415413202681,0.025518464397191187
enc_64,corr_target_elastic_transform_sev4,162,2600,False,True,False,0.35115384615384615,0.35115384615384615,0.7119230769230769,0.8893635198633062,0.8893635198633062,0.53820967370946,0.17744044294022931,0.6562782388191652,0.7661073884612528,0.3051243926653191,0.05418431153817593,0.7002508438055945,0.6603845953941345,0.30923074924028837,0.05153848152894236,0.5392307639122009,0.18807691775835478,0.17269231301087595,0.7811888456344604,0.4300349994806143,0.06926576871138357,0.781126081943512,0.4299722357896658,0.06920300502043508,0.6036112117600463,0.25245736560620013,0.1083118651630306
enc_64,corr_target_elastic_transform_sev5,163,2600,False,True,False,0.19,0.19,0.8238461538461539,0.8831615120274913,0.8854136928363733,0.6931615120274912,0.061567538990219384,0.5950458772055673,0.7174618831100328,0.40504587720556734,0.10638427073612111,0.6323674239478068,0.5819230675697327,0.39192306756973266,0.24192308627642123,0.4307692348957062,0.24076923489570617,0.3930769189504477,0.7372749447822571,0.5472749447822571,0.08657120906389681,0.7372121810913086,0.5472121810913086,0.0866339727548453,0.42697435018812524,0.23697435018812524,0.39687180365802865
enc_64,corr_target_pixelate_sev1,164,2600,False,True,False,0.573076923076923,0.573076923076923,0.6796153846153846,0.9366053169734152,0.9381413152814004,0.36352839389649216,0.2585259306660158,0.8181483891053273,0.8259426838126368,0.24507146602840424,0.14632729919725218,0.8160091844155882,0.7980769276618958,0.2250000045849727,0.11846154304651113,0.7276923060417175,0.1546153829647945,0.04807692142633291,0.8678061366081238,0.29472921353120074,0.18819075199273916,0.8677433729171753,0.29466644984025225,0.18812798830179067,0.8056906504442684,0.2326137273673453,0.12607526582888373
enc_64,corr_target_pixelate_sev2,165,2600,False,True,False,0.565,0.565,0.6811538461538461,0.9300411522633746,0.9320236919832879,0.36504115226337464,0.25086984582944183,0.803954106698448,0.8147996378184189,0.23895410669844808,0.1336457916645728,0.8092775181940273,0.7938461303710938,0.2288461303710938,0.11269228421724764,0.7173076868057251,0.15230768680572515,0.03615384065187899,0.8628649711608887,0.2978649711608887,0.18171112500704256,0.8628022074699402,0.29780220746994024,0.18164836131609408,0.7935431463733026,0.22854314637330264,0.11238930021945648
enc_64,corr_target_pixelate_sev3,166,2600,False,True,False,0.5007692307692307,0.5007692307692307,0.675,0.9125888749477207,0.9125888749477207,0.41181964417848993,0.23758887494772063,0.7607996091743721,0.8001243932083545,0.2600303784051413,0.12512439320835445,0.7793941280122761,0.7669230699539185,0.2661538391846877,0.09192306995391841,0.6630769371986389,0.16230770642940817,0.011923062801361128,0.8424654603004456,0.3416962295312148,0.1674654603004455,0.8424026966094971,0.3416334658402663,0.16740269660949703,0.7554658676415522,0.25469663687232147,0.08046586764155217
enc_64,corr_target_pixelate_sev4,167,2600,False,True,False,0.42653846153846153,0.42653846153846153,0.6807692307692308,0.8841201716738197,0.8849534428836656,0.4575817101353582,0.20418421211443483,0.6716302202917934,0.7647739115571,0.2450917587533319,0.08400468078786916,0.7247289109375944,0.6792307496070862,0.25269228806862465,0.0015384811621446115,0.5734615325927734,0.1469230710543119,0.10730769817645736,0.7982516884803772,0.37171322694191566,0.1174824577111464,0.7981889247894287,0.3716504632509672,0.11741969402019792,0.6880723240211645,0.26153386248270294,0.007303093251933679
enc_64,corr_target_pixelate_sev5,168,2600,False,True,False,0.3607692307692308,0.3607692307692308,0.7107692307692308,0.8666085440278989,0.8675598869295228,0.505839313258668,0.15679065616029197,0.6019258640381671,0.7634747499556371,0.24115663326893627,0.05270551918640631,0.6831963711496045,0.6388461589813232,0.27807692821209246,0.07192307178790758,0.5176923274993896,0.15692309673015886,0.19307690326984117,0.7677329182624817,0.4069636874932509,0.05696368749325087,0.7676701545715332,0.4069009238023024,0.05690092380230238,0.6385247773056432,0.2777555465364124,0.07224445346358765
enc_64,corr_target_jpeg_compression_sev1,169,2600,False,True,False,0.5715384615384616,0.5715384615384616,0.6953846153846154,0.9443767762890783,0.9453976410076785,0.3728383147506168,0.25001302562306316,0.821864153724342,0.8352609333732952,0.2503256921858804,0.13987631798867983,0.8235380338822883,0.8100000023841858,0.23846154084572424,0.11461538699957041,0.7357692122459412,0.1642307507074796,0.04038459686132578,0.872768759727478,0.3012302981890165,0.17738414434286265,0.8727059960365295,0.301167534498068,0.17732138065191416,0.7796247945224778,0.20808633298401624,0.08424017913786241
enc_64,corr_target_jpeg_compression_sev2,170,2600,False,True,False,0.5526923076923077,0.5526923076923077,0.681923076923077,0.9422294548413344,0.9432600414173925,0.38953714714902665,0.26133696449431554,0.8054399559546961,0.8321384205417974,0.2527476482623884,0.15021534361872046,0.8158067709719533,0.7980769276618958,0.24538461996958805,0.11615385073881879,0.7246153950691223,0.1719230873768146,0.04269231814604535,0.8654438853263855,0.3127515776340778,0.18352080840330853,0.865381121635437,0.3126888139431293,0.18345804471236005,0.7668439552479505,0.21415164755564275,0.0849208783248735
enc_64,corr_target_jpeg_compression_sev3,171,2600,False,True,False,0.5453846153846154,0.5453846153846154,0.6703846153846154,0.931799506984388,0.931799506984388,0.3864148915997726,0.2614148915997726,0.7990196651447702,0.8236116123973433,0.25363504976015483,0.1532269970127279,0.8107477377722093,0.7919231057167053,0.24653849033208997,0.12153849033208997,0.7153846025466919,0.16999998716207654,0.04499998716207654,0.8638689517974854,0.31848433641287,0.19348433641287,0.8638061881065369,0.3184215727219215,0.1934215727219215,0.7593909834685659,0.21400636808395057,0.08900636808395057
enc_64,corr_target_jpeg_compression_sev4,172,2600,False,True,False,0.49,0.49,0.675,0.9202657807308972,0.9202657807308972,0.43026578073089716,0.2452657807308971,0.7578924798568887,0.7937413989945015,0.2678924798568887,0.11874139899450142,0.7816035521802481,0.7507692575454712,0.2607692575454712,0.07576925754547115,0.6565384864807129,0.1665384864807129,0.018461513519287154,0.8410285711288452,0.3510285711288452,0.16602857112884517,0.8409658074378967,0.35096580743789674,0.16596580743789668,0.7244879292311569,0.2344879292311569,0.04948792923115686
enc_64,corr_target_jpeg_compression_sev5,173,2600,False,True,False,0.41923076923076924,0.41923076923076924,0.6876923076923077,0.8987717069038542,0.8995043803365794,0.479540937673085,0.2118120726442717,0.6888532746368237,0.7573447981276475,0.2696225054060544,0.06965249043533983,0.7387682143244668,0.7080768942832947,0.28884612505252544,0.020384586590986964,0.6019230484962463,0.1826922792654771,0.08576925919606138,0.8110259771347046,0.39179520790393535,0.12333366944239688,0.8109632134437561,0.39173244421298686,0.12327090575144839,0.6821402656765756,0.26290949644580636,0.005552042015732117
enc_64,corr_target_speckle_noise_sev1,174,2600,False,True,False,0.5457692307692308,0.5457692307692308,0.6757692307692308,0.9374744585206376,0.9374744585206376,0.3917052277514068,0.2617052277514068,0.7991429810808209,0.8292986933815732,0.25337375031159015,0.15352946261234246,0.8151965526041763,0.7973076701164246,0.2515384393471938,0.12153843934719377,0.7226923108100891,0.17692308004085833,0.04692308004085832,0.866203248500824,0.3204340177315932,0.19043401773159319,0.8661404848098755,0.3203712540406447,0.1903712540406447,0.8159512028448449,0.2701819720756141,0.14018197207561411
enc_64,corr_target_speckle_noise_sev2,175,2600,False,True,False,0.5088461538461538,0.5088461538461538,0.6715384615384615,0.937908496732026,0.937908496732026,0.4290623428858722,0.2663700351935645,0.7800876759611506,0.8135760046354559,0.27124152211499675,0.14203754309699435,0.8031557911492866,0.7892307639122009,0.2803846100660471,0.1176923023737394,0.704230785369873,0.1953846315237192,0.03269232383141152,0.858587920665741,0.34974176681958713,0.18704945912727944,0.8585251569747925,0.34967900312863864,0.18698669543633095,0.796067759174845,0.2872216053286911,0.12452929763638343
enc_64,corr_target_speckle_noise_sev3,176,2600,False,True,False,0.4026923076923077,0.4026923076923077,0.6984615384615385,0.9038785834738617,0.9042985116977458,0.5011862757815541,0.2058369732362073,0.7004591755906204,0.7693885176028047,0.29776686789831275,0.07092697914126622,0.755080876608404,0.7230769395828247,0.320384631890517,0.02461540112128624,0.6203846335411072,0.2176923258487995,0.07807690492043129,0.8190593123435974,0.41636700465128973,0.12059777388205895,0.8189965486526489,0.41630424096034124,0.12053501019111046,0.7116701017499149,0.30897779405760717,0.013208563288376385
enc_64,corr_target_speckle_noise_sev4,177,2600,False,True,False,0.33576923076923076,0.33576923076923076,0.73,0.8700564971751412,0.8725736031593068,0.5342872664059104,0.14257360315930678,0.6423836540317798,0.7697702543903505,0.306614423262549,0.039770254390350535,0.7247373797299488,0.6742307543754578,0.338461523606227,0.05576924562454222,0.574999988079071,0.23923075730984028,0.15500001192092894,0.7944521903991699,0.45868295962993916,0.06445219039916994,0.7943894267082214,0.45862019593899067,0.06438942670822145,0.6568495201215954,0.3210802893523646,0.07315047987840462
enc_64,corr_target_speckle_noise_sev5,178,2600,False,True,False,0.2773076923076923,0.2773076923076923,0.7592307692307693,0.8541207580431909,0.8555554178780183,0.5768130657354986,0.09632464864724899,0.5935940325201707,0.7434195935748996,0.3162863402124784,0.015811175655869647,0.6987683398253159,0.6523076891899109,0.3749999968822186,0.10692308004085838,0.5311538577079773,0.253846165400285,0.22807691152279197,0.7790906429290771,0.5017829506213849,0.019859873698307884,0.7790278792381287,0.5017201869304364,0.019797110007359398,0.5951032766349073,0.31779558432721494,0.164127492595862
enc_64,corr_target_spatter_sev1,179,2600,False,True,False,0.5965384615384616,0.5965384615384616,0.696923076923077,0.9435188947582284,0.944073663090427,0.3469804332197668,0.24715058616734997,0.825349569995893,0.8481371597164942,0.22881110845743147,0.1512140827934172,0.832784373051188,0.8176922798156738,0.22115381827721226,0.12076920289259685,0.7484615445137024,0.15192308297524082,0.051538467590625414,0.879669189453125,0.2831307279146634,0.18274611253004802,0.8796064257621765,0.28306796422371494,0.18268334883909954,0.812008244176151,0.21546978263768946,0.11508516725307405
enc_64,corr_target_spatter_sev2,180,2600,False,True,False,0.5342307692307692,0.5342307692307692,0.6842307692307692,0.929600658707287,0.9301968954683562,0.39536988947651786,0.24596612623758696,0.7792693017439599,0.8161898111842107,0.24503853251319074,0.13195904195344155,0.804476364374657,0.7865384817123413,0.25230771248157213,0.10230771248157211,0.7107692360877991,0.1765384668570299,0.026538466857029874,0.8587584495544434,0.3245276803236742,0.17452768032367416,0.8586956858634949,0.3244649166327257,0.17446491663272568,0.7712788904884198,0.23704812125765062,0.0870481212576506
enc_64,corr_target_spatter_sev3,181,2600,False,True,False,0.48307692307692307,0.48307692307692307,0.6884615384615385,0.896902842596521,0.8974457426324205,0.4138259195195979,0.20898420417088204,0.7170594396702361,0.7992822194775413,0.23398251659331304,0.11082068101600284,0.7698672949955071,0.7403846383094788,0.2573077152325557,0.0519230998479403,0.6484615206718445,0.1653845975949214,0.040000017789693976,0.8315183520317078,0.3484414289547847,0.1430568135701693,0.8314555883407593,0.3483786652638362,0.14299404987922082,0.7462298674041759,0.2631529443272528,0.05776832894263739
enc_64,corr_target_spatter_sev4,182,2600,False,True,False,0.4153846153846154,0.4153846153846154,0.675,0.9184692179700498,0.9184692179700498,0.5030846025854343,0.24346921797004972,0.7297145332318866,0.7797211129791711,0.3143299178472712,0.10472111297917108,0.7613932910765968,0.7346153855323792,0.31923077014776374,0.059615385532379106,0.6376923322677612,0.22230771688314582,0.037307667732238814,0.8265445828437805,0.4111599674591651,0.15154458284378047,0.826481819152832,0.4110972037682166,0.151481819152832,0.7182643493446196,0.30287973396000417,0.043264349344619535
enc_64,corr_target_spatter_sev5,183,2600,False,True,False,0.3261538461538461,0.3261538461538461,0.6988461538461539,0.9112227805695142,0.9121310333314694,0.5850689344156681,0.2132848794853155,0.7005347093186366,0.7801147918298924,0.37438086316479047,0.08126863798373851,0.7457673454825827,0.7115384340286255,0.38538458787477936,0.012692280182471594,0.6053845882415771,0.279230742087731,0.09346156560457675,0.8151075839996338,0.48895373784578766,0.1162614301534799,0.8150448203086853,0.4888909741548392,0.11619866646253141,0.6361685926789578,0.31001474652511163,0.06267756116719614
enc_64,corr_target_gaussian_blur_sev1,184,2600,False,True,False,0.583076923076923,0.583076923076923,0.6834615384615385,0.9511899959661154,0.9512629747919401,0.36811307288919237,0.26780143633040165,0.82939516515897,0.8419216278754807,0.246318242082047,0.1584600894139423,0.8213103692384762,0.8026922941207886,0.21961537104386553,0.11923075565925012,0.7311538457870483,0.1480769227101253,0.047692307325509886,0.868850588798523,0.2857736657215999,0.1853890503369845,0.8687878251075745,0.2857109020306514,0.185326286646036,0.8089353083285105,0.2258583852515874,0.125473769866972
enc_64,corr_target_gaussian_blur_sev2,185,2600,False,True,False,0.4973076923076923,0.4973076923076923,0.6907692307692308,0.9452332657200812,0.9452332657200812,0.44792557341238887,0.25446403495085035,0.7826088356580495,0.8195114735931684,0.2853011433503572,0.12874224282393765,0.7732670963393574,0.7469230890274048,0.2496153967197125,0.05615385825817398,0.6534615159034729,0.15615382359578062,0.0373077148657579,0.8352451920509338,0.33793749974324155,0.14447596128170304,0.8351824283599854,0.33787473605229307,0.14441319759075455,0.7747021874319698,0.27739449512427755,0.08393295666273903
enc_64,corr_target_gaussian_blur_sev3,186,2600,False,True,False,0.43,0.43,0.7007692307692308,0.9157631359466223,0.9169774902613407,0.4857631359466223,0.21620825949210987,0.7255835099396607,0.7897395553285378,0.2955835099396607,0.08897032455930698,0.7164778875294655,0.6788461804389954,0.24884618043899537,0.02192305033023545,0.5615384578704834,0.1315384578704834,0.1392307728987474,0.7941939830780029,0.36419398307800294,0.09342475230877212,0.7941312193870544,0.36413121938705445,0.09336198861782363,0.7292786195968248,0.29927861959682484,0.028509388827594018
enc_64,corr_target_gaussian_blur_sev4,187,2600,False,True,False,0.3630769230769231,0.3630769230769231,0.7138461538461538,0.913951545530493,0.914203844230248,0.5508746224535699,0.20035769038409423,0.6602397625913313,0.7712803555089432,0.29716283951440825,0.05743420166278945,0.6528968933786616,0.5961538553237915,0.23307693224686843,0.11769229852236229,0.4692307710647583,0.10615384798783523,0.2446153827813955,0.747456431388855,0.3843795083119319,0.033610277542701184,0.7473936676979065,0.3843167446209834,0.0335475138517527,0.668812761688189,0.30573583861126596,0.04503339215796476
enc_64,corr_target_gaussian_blur_sev5,188,2600,False,True,False,0.2323076923076923,0.2323076923076923,0.7738461538461539,0.8807576409814895,0.8841733083813766,0.6484499486737971,0.1103271545352228,0.5674942587430369,0.7498446380869458,0.3351865664353446,0.02400151575920806,0.5494503155788981,0.4719230830669403,0.239615390759248,0.30192307077921354,0.32346153259277344,0.09115384028508114,0.4503846212533804,0.6703373789787292,0.4380296866710369,0.1035087748674246,0.6702746152877808,0.43796692298008844,0.10357153855837309,0.5011576615719397,0.2688499692642474,0.2726884922742141
enc_64,corr_target_saturate_sev1,189,2600,False,True,False,0.5773076923076923,0.5773076923076923,0.6976923076923077,0.9503431570448123,0.9508038570230738,0.37303546473712,0.2531115493307661,0.834511310988184,0.8404343047112163,0.2572036186804917,0.14274199701890855,0.8286127948392618,0.8199999928474426,0.24269230053975033,0.1223076851551349,0.7484615445137024,0.1711538522060101,0.05076923682139467,0.8788324594497681,0.30152476714207577,0.18114015175746034,0.8787696957588196,0.3014620034511273,0.18107738806651186,0.786787235663756,0.20947954335606367,0.08909492797144825
enc_64,corr_target_saturate_sev2,190,2600,False,True,False,0.5734615384615385,0.5734615384615385,0.7,0.9486453699959562,0.9486453699959562,0.3751838315344177,0.2486453699959562,0.8323820195174636,0.8461217085959202,0.25892048105592513,0.14612170859592022,0.8239342989135516,0.8038461804389954,0.2303846419774569,0.1038461804389954,0.733846127986908,0.1603845895253695,0.033846127986908,0.8726176619529724,0.29915612349143395,0.17261766195297246,0.8725548982620239,0.29909335980048546,0.17255489826202397,0.8028833666615152,0.2294218281999767,0.10288336666151521
enc_64,corr_target_saturate_sev3,191,2600,False,True,False,0.5957692307692307,0.5957692307692307,0.6992307692307692,0.9443767762890783,0.9469581205214282,0.34860754551984763,0.24772735129065904,0.8256416569585311,0.8485570310414272,0.22987242618930037,0.149326261810658,0.8323412039391926,0.8192307949066162,0.2234615641373855,0.120000025675847,0.7473077178001404,0.15153848703090966,0.04807694856937117,0.8790544271469116,0.2832851963776809,0.1798236579161424,0.8789916634559631,0.2832224326867324,0.17976089422519392,0.8268748183746307,0.2311055876054,0.12764404914386152
enc_64,corr_target_saturate_sev4,192,2600,False,True,False,0.5788461538461539,0.5788461538461539,0.693076923076923,0.9326765188834154,0.9336516357206013,0.3538303650372615,0.24057471264367825,0.7990667533677258,0.8354807949354498,0.2202205995215719,0.14240387185852676,0.8193457955395635,0.7946153879165649,0.21576923407041104,0.1015384648396419,0.7238461375236511,0.14499998367749722,0.030769214446728088,0.8678777813911438,0.2890316275449899,0.17480085831422076,0.8678150177001953,0.2889688638540414,0.17473809462327228,0.8307968911272685,0.2519507372811146,0.13771996805034548
enc_64,corr_target_saturate_sev5,193,2600,False,True,False,0.545,0.545,0.686923076923077,0.9260636100784799,0.9271671591522891,0.3810636100784799,0.24024408222921212,0.7584160776632193,0.8057939471739862,0.21341607766321924,0.11887087025090926,0.7973364279106928,0.7669230699539185,0.22192306995391842,0.07999999303084149,0.6792307496070862,0.13423074960708614,0.007692327315990788,0.8502680063247681,0.305268006324768,0.1633449294016911,0.8502052426338196,0.30520524263381954,0.1632821657107426,0.8104826347718338,0.26548263477183376,0.12355955784875683
