config,testset,testset_idx,n_samples,is_source,is_target,is_clean,true_acc,acc_st_true,acc_ta_true,acc_st_tdc,acc_ta_tdc,err_st_tdc,err_ta_tdc,acc_st_mm,acc_ta_mm,err_st_mm,err_ta_mm,mano_fro_norm,est_ATC,err_ATC,err_ta_ATC,est_ATC-NE,err_ATC-NE,err_ta_ATC-NE,est_AC,err_AC,err_ta_AC,est_DOC,err_DOC,err_ta_DOC,est_COT,err_COT,err_ta_COT
seed_42,val_source,0,10000,True,False,True,0.964000,0.964000,0.964200,0.995076,0.995076,0.031076,0.030876,0.990360,0.990360,0.026360,0.026160,0.978317,0.981500,0.017500,0.017300,0.973900,0.009900,0.009700,0.985229,0.021229,0.021029,0.985166,0.021166,0.020966,0.970430,0.006430,0.006230
seed_42,val_target,1,66400,False,True,True,0.669819,0.669819,0.725105,0.951093,0.951190,0.281274,0.226085,0.862783,0.871177,0.192964,0.146072,0.861061,0.853223,0.183404,0.128117,0.796521,0.126702,0.071416,0.900328,0.230509,0.175223,0.900265,0.230446,0.175160,0.855351,0.185532,0.130245
seed_42,imagenet_val_source,2,2600,True,False,True,0.932692,0.932692,0.941154,0.989899,0.990299,0.057207,0.049145,0.982610,0.982610,0.049918,0.041456,0.966469,0.966154,0.033462,0.025000,0.955385,0.022692,0.014231,0.975875,0.043183,0.034721,0.975812,0.043120,0.034658,0.964704,0.032012,0.023551
seed_42,imagenet_val_target,3,2600,False,True,True,0.638846,0.638846,0.705769,0.944377,0.944377,0.305531,0.238608,0.853478,0.862903,0.214632,0.157134,0.852974,0.837692,0.198846,0.131923,0.786923,0.148077,0.081154,0.893775,0.254929,0.188005,0.893712,0.254866,0.187943,0.848366,0.209520,0.142597
seed_42,corr_source_fog_sev1,4,2600,True,False,False,0.844231,0.844231,0.867692,0.979992,0.980407,0.135761,0.112715,0.932767,0.933019,0.088536,0.065326,0.920570,0.914231,0.070000,0.046538,0.887308,0.043077,0.019615,0.942212,0.097981,0.074519,0.942149,0.097918,0.074457,0.901082,0.056851,0.033390
seed_42,corr_source_fog_sev2,5,2600,True,False,False,0.808846,0.808846,0.849231,0.967434,0.967917,0.158588,0.118687,0.905203,0.906994,0.096356,0.057763,0.901822,0.888462,0.079615,0.039231,0.858846,0.050000,0.009615,0.927070,0.118224,0.077839,0.927007,0.118161,0.077776,0.875056,0.066210,0.025825
seed_42,corr_source_fog_sev3,6,2600,True,False,False,0.750000,0.750000,0.811923,0.956661,0.958462,0.206661,0.146538,0.870809,0.871568,0.120809,0.059645,0.873851,0.867692,0.117692,0.055769,0.813077,0.063077,0.001154,0.909006,0.159006,0.097083,0.908943,0.158943,0.097020,0.831728,0.081728,0.019805
seed_42,corr_source_fog_sev4,7,2600,True,False,False,0.678077,0.678077,0.771538,0.945233,0.946637,0.267156,0.175099,0.835285,0.846552,0.157208,0.075014,0.850325,0.834231,0.156154,0.062692,0.772692,0.094615,0.001154,0.889975,0.211899,0.118437,0.889913,0.211836,0.118374,0.778598,0.100521,0.007059
seed_42,corr_source_fog_sev5,8,2600,True,False,False,0.521923,0.521923,0.713846,0.933114,0.933114,0.411191,0.219268,0.758268,0.816464,0.236345,0.102618,0.802955,0.782308,0.260385,0.068462,0.706538,0.184615,0.007308,0.856746,0.334823,0.142900,0.856684,0.334761,0.142837,0.635564,0.113641,0.078282
seed_42,corr_source_frost_sev1,9,2600,True,False,False,0.836923,0.836923,0.870385,0.966614,0.966811,0.129691,0.096427,0.922434,0.927290,0.085511,0.056905,0.912404,0.910769,0.073846,0.040385,0.875769,0.038846,0.005385,0.936291,0.099368,0.065906,0.936228,0.099305,0.065843,0.902048,0.065125,0.031663
seed_42,corr_source_frost_sev2,10,2600,True,False,False,0.718462,0.718462,0.790385,0.946515,0.947436,0.228054,0.157051,0.839102,0.854166,0.120640,0.063782,0.851600,0.829615,0.111154,0.039231,0.776923,0.058462,0.013462,0.889553,0.171092,0.099169,0.889490,0.171029,0.099106,0.815676,0.097214,0.025291
seed_42,corr_source_frost_sev3,11,2600,True,False,False,0.623462,0.623462,0.759231,0.934863,0.934863,0.311401,0.175632,0.775796,0.802960,0.152335,0.043729,0.806411,0.780000,0.156538,0.020769,0.709231,0.085769,0.050000,0.859159,0.235697,0.099928,0.859096,0.235635,0.099865,0.743414,0.119953,0.015816
seed_42,corr_source_frost_sev4,12,2600,True,False,False,0.606154,0.606154,0.749231,0.920266,0.920266,0.314112,0.171035,0.759765,0.795392,0.153611,0.046161,0.794482,0.763846,0.157692,0.014615,0.686538,0.080385,0.062692,0.847466,0.241312,0.098235,0.847403,0.241250,0.098173,0.722661,0.116507,0.026570
seed_42,corr_source_frost_sev5,13,2600,True,False,False,0.532692,0.532692,0.738462,0.919817,0.919817,0.387125,0.181356,0.722453,0.780624,0.189761,0.042162,0.765036,0.726538,0.193846,0.011923,0.637692,0.105000,0.100769,0.827173,0.294480,0.088711,0.827110,0.294418,0.088648,0.665168,0.132476,0.073293
seed_42,corr_source_motion_blur_sev1,14,2600,True,False,False,0.861923,0.861923,0.883462,0.974763,0.974876,0.112840,0.091414,0.941009,0.945606,0.079086,0.062144,0.924870,0.919615,0.057692,0.036154,0.891538,0.029615,0.008077,0.945929,0.084006,0.062468,0.945867,0.083944,0.062405,0.926532,0.064609,0.043070
seed_42,corr_source_motion_blur_sev2,15,2600,True,False,False,0.790769,0.790769,0.844231,0.968254,0.969334,0.177485,0.125104,0.895891,0.904810,0.105122,0.060579,0.884387,0.874615,0.083846,0.030385,0.829231,0.038462,0.015000,0.915939,0.125170,0.071708,0.915876,0.125107,0.071646,0.885841,0.095071,0.041610
seed_42,corr_source_motion_blur_sev3,16,2600,True,False,False,0.658077,0.658077,0.758077,0.946515,0.946515,0.288438,0.188438,0.800852,0.833016,0.142775,0.074939,0.812054,0.787308,0.129231,0.029231,0.706923,0.048846,0.051154,0.860656,0.202579,0.102579,0.860593,0.202516,0.102516,0.789618,0.131541,0.031541
seed_42,corr_source_motion_blur_sev4,17,2600,True,False,False,0.485000,0.485000,0.729615,0.922056,0.922056,0.437056,0.192441,0.729482,0.796177,0.244482,0.066562,0.745473,0.708846,0.223846,0.020769,0.610385,0.125385,0.119231,0.815914,0.330914,0.086299,0.815851,0.330851,0.086236,0.665717,0.180717,0.063899
seed_42,corr_source_motion_blur_sev5,18,2600,True,False,False,0.371923,0.371923,0.731538,0.892203,0.892203,0.520280,0.160664,0.693774,0.770603,0.321851,0.039065,0.709481,0.666538,0.294615,0.065000,0.548846,0.176923,0.182692,0.789298,0.417375,0.057759,0.789235,0.417312,0.057696,0.583779,0.211856,0.147759
seed_42,corr_source_brightness_sev1,19,2600,True,False,False,0.908846,0.908846,0.918846,0.982387,0.982440,0.073541,0.063594,0.969336,0.969336,0.060490,0.050490,0.951488,0.950769,0.041923,0.031923,0.930385,0.021538,0.011538,0.963901,0.055055,0.045055,0.963839,0.054992,0.044992,0.945225,0.036379,0.026379
seed_42,corr_source_brightness_sev2,20,2600,True,False,False,0.903462,0.903462,0.920000,0.983183,0.983209,0.079722,0.063209,0.966431,0.967679,0.062970,0.047679,0.947617,0.945000,0.041538,0.025000,0.925385,0.021923,0.005385,0.961772,0.058310,0.041772,0.961709,0.058247,0.041709,0.940880,0.037419,0.020880
seed_42,corr_source_brightness_sev3,21,2600,True,False,False,0.894615,0.894615,0.906154,0.986355,0.986355,0.091739,0.080201,0.959864,0.960338,0.065248,0.054184,0.941235,0.941923,0.047308,0.035769,0.916923,0.022308,0.010769,0.957777,0.063162,0.051623,0.957714,0.063099,0.051560,0.936482,0.041867,0.030329
seed_42,corr_source_brightness_sev4,22,2600,True,False,False,0.879615,0.879615,0.891154,0.982786,0.982786,0.103170,0.091632,0.951457,0.951772,0.071841,0.060618,0.931640,0.929615,0.050000,0.038462,0.900769,0.021154,0.009615,0.951294,0.071679,0.060140,0.951231,0.071616,0.060077,0.931866,0.052250,0.040712
seed_42,corr_source_brightness_sev5,23,2600,True,False,False,0.845385,0.845385,0.864231,0.967024,0.967024,0.121640,0.102793,0.928681,0.933702,0.083296,0.069471,0.914650,0.908846,0.063462,0.044615,0.873846,0.028462,0.009615,0.937699,0.092314,0.073468,0.937636,0.092252,0.073406,0.913804,0.068419,0.049573
seed_42,corr_source_zoom_blur_sev1,24,2600,True,False,False,0.810000,0.810000,0.860385,0.967844,0.968897,0.157844,0.108512,0.909881,0.910996,0.099881,0.050612,0.895369,0.889231,0.079231,0.028846,0.849615,0.039615,0.010769,0.923415,0.113415,0.063030,0.923352,0.113352,0.062968,0.894403,0.084403,0.034018
seed_42,corr_source_zoom_blur_sev2,25,2600,True,False,False,0.746538,0.746538,0.824231,0.960000,0.960000,0.213462,0.135769,0.870256,0.874879,0.123718,0.050648,0.859754,0.846154,0.099615,0.021923,0.799615,0.053077,0.024615,0.898446,0.151907,0.074215,0.898383,0.151845,0.074152,0.858939,0.112400,0.034708
seed_42,corr_source_zoom_blur_sev3,26,2600,True,False,False,0.699615,0.699615,0.785769,0.930921,0.930921,0.231306,0.145152,0.819432,0.832589,0.119817,0.046820,0.826528,0.801538,0.101923,0.015769,0.737692,0.038077,0.048077,0.872315,0.172700,0.086546,0.872253,0.172637,0.086483,0.827489,0.127874,0.041720
seed_42,corr_source_zoom_blur_sev4,27,2600,True,False,False,0.636538,0.636538,0.770385,0.922949,0.923063,0.286411,0.152679,0.768611,0.815356,0.132072,0.044972,0.793144,0.768846,0.132308,0.001538,0.676923,0.040385,0.093462,0.847602,0.211064,0.077218,0.847539,0.211001,0.077155,0.790153,0.153615,0.019769
seed_42,corr_source_zoom_blur_sev5,28,2600,True,False,False,0.569615,0.569615,0.738077,0.903416,0.904117,0.333801,0.166040,0.722936,0.773659,0.153320,0.035582,0.756317,0.725769,0.156154,0.012308,0.622692,0.053077,0.115385,0.821500,0.251885,0.083423,0.821437,0.251822,0.083360,0.742161,0.172545,0.004084
seed_42,corr_source_snow_sev1,29,2600,True,False,False,0.811923,0.811923,0.851538,0.957080,0.957530,0.145157,0.105992,0.909216,0.909216,0.097293,0.057677,0.900840,0.900000,0.088077,0.048462,0.854231,0.042308,0.002692,0.930057,0.118134,0.078519,0.929995,0.118072,0.078456,0.883865,0.071942,0.032326
seed_42,corr_source_snow_sev2,30,2600,True,False,False,0.611538,0.611538,0.769231,0.925620,0.926119,0.314081,0.156888,0.780059,0.810130,0.168521,0.040899,0.808098,0.785385,0.173846,0.016154,0.706538,0.095000,0.062692,0.859317,0.247778,0.090086,0.859254,0.247716,0.090023,0.728194,0.116655,0.041037
seed_42,corr_source_snow_sev3,31,2600,True,False,False,0.641538,0.641538,0.766154,0.925620,0.926903,0.284081,0.160749,0.799447,0.813867,0.157908,0.047713,0.819449,0.797692,0.156154,0.031538,0.719231,0.077692,0.046923,0.867556,0.226018,0.101403,0.867494,0.225955,0.101340,0.766029,0.124490,0.000125
seed_42,corr_source_snow_sev4,32,2600,True,False,False,0.543462,0.543462,0.738462,0.915311,0.915435,0.371849,0.176974,0.745508,0.787470,0.202046,0.049008,0.779551,0.755000,0.211538,0.016538,0.667692,0.124231,0.070769,0.838827,0.295365,0.100365,0.838764,0.295303,0.100303,0.702253,0.158791,0.036209
seed_42,corr_source_snow_sev5,33,2600,True,False,False,0.480769,0.480769,0.744615,0.913498,0.914015,0.432728,0.169400,0.691803,0.775782,0.211034,0.031167,0.741990,0.701923,0.221154,0.042692,0.593846,0.113077,0.150769,0.810452,0.329683,0.065837,0.810390,0.329620,0.065774,0.633680,0.152911,0.110936
seed_42,corr_source_defocus_blur_sev1,34,2600,True,False,False,0.836154,0.836154,0.871923,0.967844,0.968511,0.131691,0.096588,0.922849,0.927165,0.086695,0.055242,0.904981,0.886538,0.050385,0.014615,0.859231,0.023077,0.012692,0.927949,0.091795,0.056026,0.927886,0.091732,0.055963,0.898566,0.062412,0.026643
seed_42,corr_source_defocus_blur_sev2,35,2600,True,False,False,0.786923,0.786923,0.833077,0.961661,0.961661,0.174738,0.128584,0.891875,0.900989,0.104952,0.067912,0.874317,0.860769,0.073846,0.027692,0.810000,0.023077,0.023077,0.908435,0.121512,0.075358,0.908372,0.121449,0.075296,0.873275,0.086352,0.040198
seed_42,corr_source_defocus_blur_sev3,36,2600,True,False,False,0.675000,0.675000,0.779615,0.951613,0.953128,0.276613,0.173513,0.814329,0.848773,0.139329,0.069158,0.800168,0.776154,0.101154,0.003462,0.689615,0.014615,0.090000,0.854349,0.179349,0.074733,0.854286,0.179286,0.074671,0.808449,0.133449,0.028833
seed_42,corr_source_defocus_blur_sev4,37,2600,True,False,False,0.568077,0.568077,0.748462,0.931800,0.931800,0.363723,0.183338,0.737759,0.809932,0.169682,0.061470,0.729570,0.688846,0.120769,0.059615,0.586538,0.018462,0.161923,0.803540,0.235463,0.055078,0.803477,0.235400,0.055015,0.733585,0.165508,0.014876
seed_42,corr_source_defocus_blur_sev5,38,2600,True,False,False,0.454231,0.454231,0.725769,0.916215,0.917753,0.461984,0.191984,0.666744,0.787265,0.212513,0.061496,0.658969,0.606923,0.152692,0.118846,0.480000,0.025769,0.245769,0.752496,0.298265,0.026727,0.752433,0.298203,0.026664,0.641177,0.186946,0.084593
seed_42,corr_source_glass_blur_sev1,39,2600,True,False,False,0.795769,0.795769,0.843846,0.960831,0.960831,0.165062,0.116985,0.899587,0.901767,0.103818,0.057921,0.890658,0.873077,0.077308,0.029231,0.838462,0.042692,0.005385,0.918794,0.123025,0.074948,0.918731,0.122962,0.074885,0.869701,0.073931,0.025855
seed_42,corr_source_glass_blur_sev2,40,2600,True,False,False,0.684615,0.684615,0.775385,0.950767,0.951300,0.266151,0.175915,0.827437,0.847407,0.142822,0.072022,0.830841,0.810385,0.125769,0.035000,0.745000,0.060385,0.030385,0.876198,0.191583,0.100814,0.876136,0.191520,0.100751,0.785199,0.100583,0.009814
seed_42,corr_source_glass_blur_sev3,41,2600,True,False,False,0.401923,0.401923,0.733077,0.913498,0.914015,0.511575,0.180938,0.691165,0.781659,0.289242,0.048582,0.658301,0.609615,0.207692,0.123462,0.466923,0.065000,0.266154,0.752016,0.350093,0.018939,0.751953,0.350030,0.018876,0.524055,0.122132,0.209022
seed_42,corr_source_glass_blur_sev4,42,2600,True,False,False,0.310000,0.310000,0.765769,0.906184,0.906184,0.596184,0.140415,0.665051,0.760191,0.355051,0.005578,0.621594,0.552692,0.242692,0.213077,0.406923,0.096923,0.358846,0.723292,0.413292,0.042477,0.723229,0.413229,0.042540,0.441043,0.131043,0.324726
seed_42,corr_source_glass_blur_sev5,43,2600,True,False,False,0.236154,0.236154,0.799615,0.916667,0.917301,0.680513,0.117686,0.694209,0.782494,0.458056,0.017121,0.614313,0.568077,0.331923,0.231538,0.404231,0.168077,0.395385,0.729419,0.493265,0.070197,0.729356,0.493202,0.070259,0.379686,0.143532,0.419929
seed_42,corr_source_gaussian_noise_sev1,44,2600,True,False,False,0.838077,0.838077,0.860769,0.971519,0.973001,0.133442,0.112232,0.934050,0.934050,0.095973,0.073281,0.924706,0.920385,0.082308,0.059615,0.890769,0.052692,0.030000,0.944734,0.106658,0.083965,0.944672,0.106595,0.083902,0.916766,0.078689,0.055996
seed_42,corr_source_gaussian_noise_sev2,45,2600,True,False,False,0.753846,0.753846,0.802692,0.961661,0.963100,0.207815,0.160408,0.890691,0.890750,0.136845,0.088057,0.894314,0.885000,0.131154,0.082308,0.844615,0.090769,0.041923,0.922519,0.168673,0.119827,0.922457,0.168610,0.119764,0.861170,0.107324,0.058478
seed_42,corr_source_gaussian_noise_sev3,46,2600,True,False,False,0.618846,0.618846,0.745000,0.943519,0.945013,0.324673,0.200013,0.799710,0.814570,0.180864,0.069570,0.844815,0.821538,0.202692,0.076538,0.765000,0.146154,0.020000,0.884325,0.265479,0.139325,0.884262,0.265416,0.139262,0.771542,0.152696,0.026542
seed_42,corr_source_gaussian_noise_sev4,47,2600,True,False,False,0.444231,0.444231,0.720769,0.902954,0.903095,0.458723,0.182326,0.669364,0.767375,0.225133,0.046605,0.768734,0.732692,0.288462,0.011923,0.646538,0.202308,0.074231,0.828579,0.384348,0.107809,0.828516,0.384285,0.107747,0.650488,0.206257,0.070281
seed_42,corr_source_gaussian_noise_sev5,48,2600,True,False,False,0.243846,0.243846,0.796154,0.849048,0.851934,0.605202,0.055780,0.564209,0.740065,0.320363,0.056089,0.671602,0.617308,0.373462,0.178846,0.490769,0.246923,0.305385,0.760624,0.516778,0.035529,0.760562,0.516715,0.035592,0.483135,0.239289,0.313019
seed_42,corr_source_shot_noise_sev1,49,2600,True,False,False,0.833846,0.833846,0.865000,0.971926,0.971926,0.138080,0.106926,0.935723,0.935925,0.101877,0.070925,0.923385,0.916923,0.083077,0.051923,0.891538,0.057692,0.026538,0.945396,0.111549,0.080396,0.945333,0.111487,0.080333,0.913847,0.080001,0.048847
seed_42,corr_source_shot_noise_sev2,50,2600,True,False,False,0.748077,0.748077,0.803462,0.959167,0.959614,0.211090,0.156153,0.883220,0.883403,0.135143,0.079941,0.890705,0.889615,0.141538,0.086154,0.836923,0.088846,0.033462,0.920169,0.172092,0.116707,0.920106,0.172029,0.116645,0.859785,0.111708,0.056323
seed_42,corr_source_shot_noise_sev3,51,2600,True,False,False,0.618846,0.618846,0.741154,0.935735,0.938144,0.316889,0.196990,0.795076,0.813529,0.176230,0.072375,0.834544,0.812692,0.193846,0.071538,0.750000,0.131154,0.008846,0.876411,0.257565,0.135257,0.876348,0.257502,0.135194,0.765715,0.146869,0.024561
seed_42,corr_source_shot_noise_sev4,52,2600,True,False,False,0.401154,0.401154,0.745769,0.910767,0.913877,0.509613,0.168107,0.656268,0.765251,0.255115,0.019482,0.748341,0.712308,0.311154,0.033462,0.611538,0.210385,0.134231,0.813810,0.412656,0.068040,0.813747,0.412593,0.067978,0.617145,0.215992,0.128624
seed_42,corr_source_shot_noise_sev5,53,2600,True,False,False,0.281154,0.281154,0.783462,0.876890,0.876890,0.595736,0.093428,0.622363,0.733292,0.341209,0.050170,0.704783,0.673077,0.391923,0.110385,0.549231,0.268077,0.234231,0.788470,0.507316,0.005008,0.788407,0.507253,0.004946,0.519119,0.237965,0.264342
seed_42,corr_source_impulse_noise_sev1,54,2600,True,False,False,0.756538,0.756538,0.817308,0.949919,0.950455,0.193381,0.133147,0.876822,0.878108,0.120284,0.060800,0.886592,0.876154,0.119615,0.058846,0.826154,0.069615,0.008846,0.916537,0.159999,0.099229,0.916474,0.159936,0.099167,0.867405,0.110867,0.050098
seed_42,corr_source_impulse_noise_sev2,55,2600,True,False,False,0.699615,0.699615,0.765000,0.941368,0.941368,0.241753,0.176368,0.832361,0.846566,0.132745,0.081566,0.860867,0.850769,0.151154,0.085769,0.796154,0.096538,0.031154,0.898985,0.199370,0.133985,0.898922,0.199307,0.133922,0.829795,0.130179,0.064795
seed_42,corr_source_impulse_noise_sev3,56,2600,True,False,False,0.616538,0.616538,0.747308,0.936605,0.936605,0.320067,0.189298,0.777225,0.804432,0.160687,0.057124,0.831228,0.809231,0.192692,0.061923,0.740000,0.123462,0.007308,0.874410,0.257871,0.127102,0.874347,0.257809,0.127039,0.783849,0.167311,0.036541
seed_42,corr_source_impulse_noise_sev4,57,2600,True,False,False,0.438462,0.438462,0.721923,0.905724,0.906039,0.467262,0.184116,0.652255,0.779210,0.213794,0.057287,0.755519,0.722308,0.283846,0.000385,0.618462,0.180000,0.103462,0.820700,0.382239,0.098777,0.820638,0.382176,0.098714,0.650382,0.211920,0.071541
seed_42,corr_source_impulse_noise_sev5,58,2600,True,False,False,0.266154,0.266154,0.773077,0.870056,0.871807,0.603903,0.098730,0.584710,0.740990,0.318556,0.032087,0.669930,0.628077,0.361923,0.145000,0.485000,0.218846,0.288077,0.763493,0.497339,0.009584,0.763430,0.497276,0.009647,0.500924,0.234770,0.272153
seed_42,corr_source_contrast_sev1,59,2600,True,False,False,0.871154,0.871154,0.888077,0.977586,0.977619,0.106432,0.089542,0.950001,0.950001,0.078847,0.061924,0.930996,0.933462,0.062308,0.045385,0.901923,0.030769,0.013846,0.951260,0.080106,0.063183,0.951198,0.080044,0.063121,0.921433,0.050279,0.033356
seed_42,corr_source_contrast_sev2,60,2600,True,False,False,0.832692,0.832692,0.864231,0.968254,0.968254,0.135562,0.104023,0.926910,0.926910,0.094218,0.062679,0.910936,0.905385,0.072692,0.041154,0.873846,0.041154,0.009615,0.935899,0.103207,0.071668,0.935836,0.103144,0.071605,0.896263,0.063571,0.032032
seed_42,corr_source_contrast_sev3,61,2600,True,False,False,0.750000,0.750000,0.805000,0.953722,0.954178,0.203722,0.149178,0.864322,0.868329,0.114322,0.063329,0.867873,0.852308,0.102308,0.047308,0.800000,0.050000,0.005000,0.901694,0.151694,0.096694,0.901631,0.151631,0.096631,0.831066,0.081066,0.026066
seed_42,corr_source_contrast_sev4,62,2600,True,False,False,0.521154,0.521154,0.725385,0.913043,0.913411,0.391890,0.188027,0.718471,0.769516,0.197317,0.044131,0.768239,0.735769,0.214615,0.010385,0.652692,0.131538,0.072692,0.830701,0.309547,0.105316,0.830638,0.309484,0.105253,0.674284,0.153130,0.051100
seed_42,corr_source_contrast_sev5,63,2600,True,False,False,0.290385,0.290385,0.771154,0.866609,0.866609,0.576224,0.095455,0.514950,0.734978,0.224566,0.036176,0.618756,0.550769,0.260385,0.220385,0.409231,0.118846,0.361923,0.717731,0.427347,0.053423,0.717669,0.427284,0.053485,0.502703,0.212318,0.268451
seed_42,corr_source_elastic_transform_sev1,64,2600,True,False,False,0.866923,0.866923,0.888077,0.977183,0.977350,0.110260,0.089273,0.950010,0.950375,0.083087,0.062298,0.930334,0.925000,0.058077,0.036923,0.898846,0.031923,0.010769,0.948503,0.081580,0.060426,0.948440,0.081517,0.060363,0.921560,0.054637,0.033483
seed_42,corr_source_elastic_transform_sev2,65,2600,True,False,False,0.653077,0.653077,0.761154,0.920714,0.921634,0.267637,0.160480,0.807419,0.845928,0.154342,0.084774,0.829804,0.811154,0.158077,0.050000,0.740769,0.087692,0.020385,0.874342,0.221265,0.113188,0.874279,0.221202,0.113125,0.773430,0.120353,0.012276
seed_42,corr_source_elastic_transform_sev3,66,2600,True,False,False,0.754615,0.754615,0.803846,0.961661,0.963045,0.207046,0.159199,0.884476,0.884931,0.129861,0.081085,0.875910,0.870769,0.116154,0.066923,0.817308,0.062692,0.013462,0.910656,0.156040,0.106809,0.910593,0.155977,0.106747,0.827932,0.073316,0.024086
seed_42,corr_source_elastic_transform_sev4,67,2600,True,False,False,0.610769,0.610769,0.738462,0.922056,0.924128,0.311287,0.185666,0.786938,0.812796,0.176169,0.074334,0.808250,0.789231,0.178462,0.050769,0.710385,0.099615,0.028077,0.860400,0.249631,0.121938,0.860337,0.249568,0.121876,0.709126,0.098357,0.029335
seed_42,corr_source_elastic_transform_sev5,68,2600,True,False,False,0.351923,0.351923,0.743462,0.871038,0.872688,0.519115,0.129226,0.597874,0.728173,0.245951,0.015289,0.678401,0.627692,0.275769,0.115769,0.503077,0.151154,0.240385,0.765069,0.413146,0.021607,0.765006,0.413083,0.021545,0.486353,0.134430,0.257109
seed_42,corr_source_pixelate_sev1,69,2600,True,False,False,0.872308,0.872308,0.895769,0.973144,0.974458,0.100836,0.078688,0.948437,0.948437,0.076130,0.052668,0.929956,0.926923,0.054615,0.031154,0.896538,0.024231,0.000769,0.949838,0.077530,0.054069,0.949775,0.077467,0.054006,0.919226,0.046919,0.023457
seed_42,corr_source_pixelate_sev2,70,2600,True,False,False,0.855385,0.855385,0.884231,0.973954,0.974379,0.118570,0.090148,0.937115,0.937115,0.081730,0.052884,0.921128,0.912308,0.056923,0.028077,0.882692,0.027308,0.001538,0.942086,0.086701,0.057855,0.942023,0.086638,0.057792,0.907473,0.052089,0.023242
seed_42,corr_source_pixelate_sev3,71,2600,True,False,False,0.778846,0.778846,0.834615,0.950343,0.950343,0.171497,0.115728,0.884024,0.885754,0.105178,0.051139,0.880388,0.876923,0.098077,0.042308,0.820769,0.041923,0.013846,0.914177,0.135331,0.079562,0.914115,0.135269,0.079499,0.852324,0.073478,0.017709
seed_42,corr_source_pixelate_sev4,72,2600,True,False,False,0.653846,0.653846,0.785769,0.926950,0.927058,0.273104,0.141289,0.791907,0.819182,0.138061,0.033413,0.813559,0.782308,0.128462,0.003462,0.710000,0.056154,0.075769,0.861600,0.207754,0.075831,0.861537,0.207691,0.075768,0.759010,0.105164,0.026759
seed_42,corr_source_pixelate_sev5,73,2600,True,False,False,0.576923,0.576923,0.764231,0.900169,0.900427,0.323246,0.136196,0.699031,0.800828,0.122108,0.036597,0.761326,0.722692,0.145769,0.041538,0.628462,0.051538,0.135769,0.823057,0.246134,0.058826,0.822994,0.246071,0.058763,0.697650,0.120726,0.066581
seed_42,corr_source_jpeg_compression_sev1,74,2600,True,False,False,0.870769,0.870769,0.889231,0.972738,0.973164,0.101969,0.083934,0.951348,0.952599,0.080579,0.063369,0.934912,0.931538,0.060769,0.042308,0.909615,0.038846,0.020385,0.951404,0.080635,0.062174,0.951342,0.080572,0.062111,0.911015,0.040246,0.021784
seed_42,corr_source_jpeg_compression_sev2,75,2600,True,False,False,0.853846,0.853846,0.875385,0.969481,0.970133,0.115635,0.094748,0.940207,0.942906,0.086361,0.067522,0.926052,0.925769,0.071923,0.050385,0.898462,0.044615,0.023077,0.947526,0.093680,0.072142,0.947464,0.093618,0.072079,0.901318,0.047472,0.025934
seed_42,corr_source_jpeg_compression_sev3,76,2600,True,False,False,0.836538,0.836538,0.860385,0.966614,0.966614,0.130075,0.106229,0.932874,0.934087,0.096336,0.073702,0.919126,0.913077,0.076538,0.052692,0.886538,0.050000,0.026154,0.941555,0.105016,0.081170,0.941492,0.104954,0.081107,0.889507,0.052968,0.029122
seed_42,corr_source_jpeg_compression_sev4,77,2600,True,False,False,0.775769,0.775769,0.824615,0.962490,0.963152,0.186721,0.138536,0.893126,0.894585,0.117356,0.069970,0.889378,0.881154,0.105385,0.056538,0.833462,0.057692,0.008846,0.919672,0.143903,0.095057,0.919610,0.143840,0.094994,0.854172,0.078403,0.029557
seed_42,corr_source_jpeg_compression_sev5,78,2600,True,False,False,0.687308,0.687308,0.785769,0.944377,0.946253,0.257069,0.160483,0.820240,0.830600,0.132933,0.044831,0.832670,0.816538,0.129231,0.030769,0.742308,0.055000,0.043462,0.877306,0.189998,0.091537,0.877243,0.189936,0.091474,0.787689,0.100382,0.001920
seed_42,corr_source_speckle_noise_sev1,79,2600,True,False,False,0.849231,0.849231,0.871154,0.975168,0.975205,0.125937,0.104051,0.943955,0.944061,0.094724,0.072907,0.926904,0.928462,0.079231,0.057308,0.901154,0.051923,0.030000,0.946861,0.097630,0.075707,0.946798,0.097567,0.075644,0.911100,0.061870,0.039947
seed_42,corr_source_speckle_noise_sev2,80,2600,True,False,False,0.810385,0.810385,0.841154,0.971112,0.971241,0.160727,0.130087,0.917136,0.917747,0.106752,0.076593,0.907754,0.901154,0.090769,0.060000,0.866154,0.055769,0.025000,0.932695,0.122310,0.091541,0.932632,0.122247,0.091478,0.883352,0.072968,0.042198
seed_42,corr_source_speckle_noise_sev3,81,2600,True,False,False,0.668462,0.668462,0.760769,0.946088,0.946088,0.277627,0.185319,0.829201,0.838061,0.160740,0.077292,0.849087,0.835385,0.166923,0.074615,0.773077,0.104615,0.012308,0.889584,0.221122,0.128814,0.889521,0.221059,0.128752,0.781103,0.112641,0.020333
seed_42,corr_source_speckle_noise_sev4,82,2600,True,False,False,0.566538,0.566538,0.727308,0.927835,0.927942,0.361297,0.200634,0.765600,0.806040,0.199061,0.078732,0.807374,0.778846,0.212308,0.051538,0.703462,0.136923,0.023846,0.856815,0.290276,0.129507,0.856752,0.290214,0.129444,0.716163,0.149625,0.011144
seed_42,corr_source_speckle_noise_sev5,83,2600,True,False,False,0.448846,0.448846,0.731923,0.909853,0.910639,0.461007,0.178716,0.701002,0.774467,0.252156,0.042544,0.765142,0.735385,0.286538,0.003462,0.635769,0.186923,0.096154,0.828298,0.379452,0.096375,0.828236,0.379389,0.096312,0.643526,0.194680,0.088397
seed_42,corr_source_spatter_sev1,84,2600,True,False,False,0.905385,0.905385,0.915769,0.983581,0.983990,0.078196,0.068221,0.967172,0.969316,0.061787,0.053546,0.948762,0.940769,0.035385,0.025000,0.924231,0.018846,0.008462,0.961613,0.056229,0.045844,0.961551,0.056166,0.045781,0.942826,0.037441,0.027056
seed_42,corr_source_spatter_sev2,85,2600,True,False,False,0.853462,0.853462,0.883077,0.968254,0.968254,0.114792,0.085177,0.938347,0.939600,0.084886,0.056523,0.924292,0.914231,0.060769,0.031154,0.888462,0.035000,0.005385,0.943148,0.089686,0.060071,0.943085,0.089623,0.060008,0.910173,0.056712,0.027096
seed_42,corr_source_spatter_sev3,86,2600,True,False,False,0.802692,0.802692,0.840000,0.956661,0.956661,0.153969,0.116661,0.896773,0.901339,0.094081,0.061339,0.893619,0.886923,0.084231,0.046923,0.843462,0.040769,0.003462,0.922858,0.120165,0.082858,0.922795,0.120103,0.082795,0.875262,0.072569,0.035262
seed_42,corr_source_spatter_sev4,87,2600,True,False,False,0.720769,0.720769,0.792692,0.955823,0.956341,0.235054,0.163649,0.873534,0.876549,0.152765,0.083856,0.862787,0.846923,0.126154,0.054231,0.790000,0.069231,0.002692,0.898955,0.178186,0.106263,0.898893,0.178123,0.106200,0.824757,0.103988,0.032065
seed_42,corr_source_spatter_sev5,88,2600,True,False,False,0.621923,0.621923,0.726923,0.933114,0.935043,0.311191,0.208120,0.813730,0.826406,0.191807,0.099483,0.827837,0.809231,0.187308,0.082308,0.737308,0.115385,0.010385,0.873344,0.251421,0.146421,0.873282,0.251359,0.146359,0.735901,0.113978,0.008978
seed_42,corr_source_gaussian_blur_sev1,89,2600,True,False,False,0.874615,0.874615,0.891154,0.980392,0.980392,0.105777,0.089238,0.959348,0.959348,0.084733,0.068194,0.938865,0.940000,0.065385,0.048846,0.916923,0.042308,0.025769,0.957782,0.083167,0.066628,0.957720,0.083104,0.066566,0.930662,0.056047,0.039508
seed_42,corr_source_gaussian_blur_sev2,90,2600,True,False,False,0.810769,0.810769,0.850385,0.966614,0.967339,0.155844,0.116954,0.909086,0.919945,0.098317,0.069560,0.890870,0.880000,0.069231,0.029615,0.838077,0.027308,0.012308,0.920765,0.109996,0.070380,0.920702,0.109933,0.070318,0.887809,0.077040,0.037425
seed_42,corr_source_gaussian_blur_sev3,91,2600,True,False,False,0.706538,0.706538,0.785000,0.949495,0.949570,0.242956,0.164570,0.836230,0.851954,0.129691,0.066954,0.826069,0.804615,0.098077,0.019615,0.736923,0.030385,0.048077,0.872021,0.165483,0.087021,0.871959,0.165420,0.086959,0.823393,0.116855,0.038393
seed_42,corr_source_gaussian_blur_sev4,92,2600,True,False,False,0.601538,0.601538,0.757308,0.929160,0.929160,0.327621,0.171852,0.743960,0.817258,0.142421,0.059950,0.751720,0.712692,0.111154,0.044615,0.618846,0.017308,0.138462,0.815979,0.214440,0.058671,0.815916,0.214377,0.058608,0.752358,0.150820,0.004949
seed_42,corr_source_gaussian_blur_sev5,93,2600,True,False,False,0.378846,0.378846,0.733846,0.906644,0.907188,0.527798,0.173342,0.614738,0.781851,0.235892,0.048005,0.611554,0.552692,0.173846,0.181154,0.409231,0.030385,0.324615,0.717559,0.338713,0.016287,0.717497,0.338651,0.016349,0.571043,0.192197,0.162803
seed_42,corr_source_saturate_sev1,94,2600,True,False,False,0.885000,0.885000,0.894615,0.979592,0.979623,0.094592,0.085007,0.956554,0.957938,0.071554,0.063323,0.939494,0.944231,0.059231,0.049615,0.917692,0.032692,0.023077,0.957658,0.072658,0.063043,0.957595,0.072595,0.062980,0.926358,0.041358,0.031743
seed_42,corr_source_saturate_sev2,95,2600,True,False,False,0.862308,0.862308,0.873462,0.980392,0.981221,0.118084,0.107759,0.950097,0.951490,0.087789,0.078028,0.930823,0.927308,0.065000,0.053846,0.900000,0.037692,0.026538,0.950178,0.087870,0.076716,0.950115,0.087807,0.076654,0.921503,0.059195,0.048041
seed_42,corr_source_saturate_sev3,96,2600,True,False,False,0.901923,0.901923,0.914231,0.983978,0.984026,0.082055,0.069795,0.966729,0.968943,0.064806,0.054712,0.949589,0.949231,0.047308,0.035000,0.930000,0.028077,0.015769,0.964212,0.062289,0.049981,0.964149,0.062226,0.049919,0.945863,0.043940,0.031633
seed_42,corr_source_saturate_sev4,97,2600,True,False,False,0.856154,0.856154,0.883077,0.977586,0.977685,0.121432,0.094608,0.943568,0.944550,0.087414,0.061473,0.931330,0.928077,0.071923,0.045000,0.899231,0.043077,0.016154,0.950198,0.094044,0.067121,0.950135,0.093981,0.067058,0.925548,0.069394,0.042471
seed_42,corr_source_saturate_sev5,98,2600,True,False,False,0.802692,0.802692,0.833077,0.968663,0.969574,0.165971,0.136497,0.910059,0.913347,0.107367,0.080270,0.905036,0.898077,0.095385,0.065000,0.862308,0.059615,0.029231,0.931304,0.128611,0.098227,0.931241,0.128549,0.098164,0.890602,0.087910,0.057525
seed_42,corr_target_fog_sev1,99,2600,False,True,False,0.553846,0.553846,0.688462,0.926507,0.927609,0.372661,0.239147,0.784623,0.807549,0.230777,0.119088,0.808762,0.786923,0.233077,0.098462,0.711923,0.158077,0.023462,0.859742,0.305896,0.171280,0.859679,0.305833,0.171217,0.776622,0.222775,0.088160
seed_42,corr_target_fog_sev2,100,2600,False,True,False,0.533077,0.533077,0.685385,0.914858,0.914858,0.381781,0.229473,0.761267,0.797501,0.228190,0.112116,0.793714,0.763077,0.230000,0.077692,0.679615,0.146538,0.005769,0.846918,0.313841,0.161533,0.846855,0.313778,0.161470,0.754970,0.221893,0.069586
seed_42,corr_target_fog_sev3,101,2600,False,True,False,0.480769,0.480769,0.687692,0.910767,0.913886,0.429997,0.226194,0.735124,0.775601,0.254355,0.087909,0.772497,0.741154,0.260385,0.053462,0.643846,0.163077,0.043846,0.834494,0.353725,0.146802,0.834431,0.353662,0.146739,0.722227,0.241458,0.034535
seed_42,corr_target_fog_sev4,102,2600,False,True,False,0.413462,0.413462,0.702692,0.893146,0.893146,0.479684,0.190454,0.704980,0.768220,0.291519,0.065528,0.756729,0.723077,0.309615,0.020385,0.626538,0.213077,0.076154,0.822427,0.408965,0.119735,0.822364,0.408903,0.119672,0.660834,0.247372,0.041858
seed_42,corr_target_fog_sev5,103,2600,False,True,False,0.301154,0.301154,0.738462,0.897371,0.897371,0.596217,0.158909,0.649390,0.759814,0.348236,0.021353,0.724822,0.692692,0.391538,0.045769,0.584231,0.283077,0.154231,0.801604,0.500451,0.063143,0.801542,0.500388,0.063080,0.532932,0.231778,0.205529
seed_42,corr_target_frost_sev1,104,2600,False,True,False,0.535769,0.535769,0.681923,0.926507,0.927004,0.390738,0.245081,0.763541,0.804108,0.227771,0.122185,0.797427,0.766154,0.230385,0.084231,0.691923,0.156154,0.010000,0.852091,0.316322,0.170168,0.852028,0.316259,0.170105,0.771357,0.235588,0.089434
seed_42,corr_target_frost_sev2,105,2600,False,True,False,0.436923,0.436923,0.694615,0.919368,0.919368,0.482445,0.224753,0.696447,0.785581,0.259524,0.090965,0.752417,0.721538,0.284615,0.026923,0.623077,0.186154,0.071538,0.818494,0.381571,0.123879,0.818431,0.381508,0.123816,0.689819,0.252896,0.004797
seed_42,corr_target_frost_sev3,106,2600,False,True,False,0.371923,0.371923,0.710769,0.895966,0.895966,0.524043,0.185197,0.645621,0.751740,0.273698,0.040970,0.716070,0.670000,0.298077,0.040769,0.564231,0.192308,0.146538,0.793298,0.421375,0.082529,0.793236,0.421313,0.082466,0.625426,0.253502,0.085344
seed_42,corr_target_frost_sev4,107,2600,False,True,False,0.354231,0.354231,0.719615,0.904802,0.904802,0.550571,0.185187,0.645427,0.759806,0.291196,0.040190,0.712631,0.677308,0.323077,0.042308,0.558077,0.203846,0.161538,0.793507,0.439276,0.073891,0.793444,0.439213,0.073829,0.604271,0.250040,0.115344
seed_42,corr_target_frost_sev5,108,2600,False,True,False,0.310385,0.310385,0.741538,0.901099,0.902171,0.590714,0.160633,0.629941,0.756563,0.319556,0.015024,0.692529,0.662692,0.352308,0.078846,0.519231,0.208846,0.222308,0.779007,0.468622,0.037469,0.778944,0.468560,0.037406,0.558286,0.247902,0.183252
seed_42,corr_target_motion_blur_sev1,109,2600,False,True,False,0.550385,0.550385,0.690385,0.940505,0.940505,0.390121,0.250121,0.809488,0.821125,0.259103,0.130741,0.808407,0.785769,0.235385,0.095385,0.715769,0.165385,0.025385,0.862558,0.312173,0.172173,0.862495,0.312110,0.172110,0.801056,0.250672,0.110672
seed_42,corr_target_motion_blur_sev2,110,2600,False,True,False,0.495769,0.495769,0.678462,0.921162,0.921162,0.425393,0.242700,0.763026,0.800619,0.267257,0.122158,0.772078,0.734231,0.238462,0.055769,0.644615,0.148846,0.033846,0.831216,0.335447,0.152755,0.831154,0.335384,0.152692,0.761101,0.265332,0.082639
seed_42,corr_target_motion_blur_sev3,111,2600,False,True,False,0.393462,0.393462,0.707308,0.899238,0.899238,0.505776,0.191930,0.710505,0.792663,0.317044,0.085355,0.729193,0.698462,0.305000,0.008846,0.591154,0.197692,0.116154,0.803988,0.410526,0.096680,0.803925,0.410463,0.096617,0.696053,0.302591,0.011255
seed_42,corr_target_motion_blur_sev4,112,2600,False,True,False,0.300769,0.300769,0.730769,0.892203,0.892516,0.591434,0.161746,0.675278,0.778000,0.374509,0.047231,0.688307,0.656538,0.355769,0.074231,0.520769,0.220000,0.210000,0.777133,0.476364,0.046364,0.777070,0.476301,0.046301,0.581516,0.280747,0.149253
seed_42,corr_target_motion_blur_sev5,113,2600,False,True,False,0.243846,0.243846,0.768077,0.889838,0.891699,0.645992,0.123622,0.668324,0.772358,0.424478,0.004281,0.675283,0.640000,0.396154,0.128077,0.508462,0.264615,0.259615,0.768979,0.525132,0.000902,0.768916,0.525070,0.000839,0.511494,0.267648,0.256583
seed_42,corr_target_brightness_sev1,114,2600,False,True,False,0.605769,0.605769,0.703077,0.940505,0.940505,0.334736,0.237428,0.827944,0.852005,0.222175,0.148928,0.837343,0.828846,0.223077,0.125769,0.761154,0.155385,0.058077,0.882597,0.276828,0.179520,0.882534,0.276765,0.179457,0.821739,0.215970,0.118662
seed_42,corr_target_brightness_sev2,115,2600,False,True,False,0.602692,0.602692,0.699231,0.946088,0.946777,0.343396,0.247546,0.820594,0.846105,0.217901,0.146874,0.832384,0.815000,0.212308,0.115769,0.751923,0.149231,0.052692,0.878687,0.275995,0.179456,0.878624,0.275932,0.179393,0.824178,0.221486,0.124948
seed_42,corr_target_brightness_sev3,116,2600,False,True,False,0.588846,0.588846,0.692308,0.928277,0.928594,0.339431,0.236286,0.809492,0.835230,0.220646,0.142923,0.827970,0.815769,0.226923,0.123462,0.750000,0.161154,0.057692,0.876234,0.287388,0.183926,0.876171,0.287325,0.183863,0.824794,0.235948,0.132486
seed_42,corr_target_brightness_sev4,117,2600,False,True,False,0.573462,0.573462,0.685385,0.930481,0.930687,0.357020,0.245302,0.796293,0.837580,0.222832,0.152195,0.814866,0.803462,0.230000,0.118077,0.726538,0.153077,0.041154,0.865574,0.292112,0.180189,0.865511,0.292049,0.180126,0.816239,0.242778,0.130855
seed_42,corr_target_brightness_sev5,118,2600,False,True,False,0.551923,0.551923,0.670000,0.933114,0.933114,0.381191,0.263114,0.779152,0.826555,0.227229,0.156555,0.800268,0.781923,0.230000,0.111923,0.704231,0.152308,0.034231,0.855478,0.303555,0.185478,0.855416,0.303493,0.185416,0.801109,0.249186,0.131109
seed_42,corr_target_zoom_blur_sev1,119,2600,False,True,False,0.504615,0.504615,0.685385,0.918919,0.918919,0.414304,0.233534,0.753306,0.799808,0.248691,0.114423,0.773113,0.734615,0.230000,0.049231,0.645000,0.140385,0.040385,0.831771,0.327155,0.146386,0.831708,0.327092,0.146323,0.762712,0.258097,0.077328
seed_42,corr_target_zoom_blur_sev2,120,2600,False,True,False,0.460000,0.460000,0.701154,0.909396,0.912251,0.449396,0.211098,0.714181,0.768002,0.254181,0.066848,0.744307,0.688846,0.228846,0.012308,0.589615,0.129615,0.111538,0.806871,0.346871,0.105718,0.806809,0.346809,0.105655,0.733309,0.273309,0.032155
seed_42,corr_target_zoom_blur_sev3,121,2600,False,True,False,0.427692,0.427692,0.698846,0.895497,0.896357,0.467805,0.197510,0.685885,0.760910,0.258193,0.062063,0.722002,0.684615,0.256923,0.014231,0.567308,0.139615,0.131538,0.796487,0.368795,0.097641,0.796424,0.368732,0.097578,0.708528,0.280835,0.009681
seed_42,corr_target_zoom_blur_sev4,122,2600,False,True,False,0.389615,0.389615,0.714231,0.886510,0.886932,0.496894,0.172702,0.661495,0.751592,0.271879,0.037361,0.696473,0.646538,0.256923,0.067692,0.526538,0.136923,0.187692,0.777759,0.388144,0.063528,0.777696,0.388081,0.063466,0.681568,0.291952,0.032663
seed_42,corr_target_zoom_blur_sev5,123,2600,False,True,False,0.345769,0.345769,0.734231,0.858147,0.860325,0.512377,0.126094,0.635696,0.723066,0.289927,0.011164,0.669140,0.616538,0.270769,0.117692,0.484231,0.138462,0.250000,0.759695,0.413926,0.025464,0.759632,0.413863,0.025401,0.646554,0.300784,0.087677
seed_42,corr_target_snow_sev1,124,2600,False,True,False,0.485000,0.485000,0.683846,0.916667,0.917274,0.431667,0.233428,0.727665,0.785685,0.242665,0.101839,0.779995,0.756923,0.271923,0.073077,0.659615,0.174615,0.024231,0.840013,0.355013,0.156167,0.839951,0.354951,0.156105,0.742858,0.257858,0.059012
seed_42,corr_target_snow_sev2,125,2600,False,True,False,0.331923,0.331923,0.731538,0.890312,0.890312,0.558388,0.158773,0.659285,0.769907,0.327362,0.038368,0.722283,0.694615,0.362692,0.036923,0.565385,0.233462,0.166154,0.799937,0.468014,0.068398,0.799874,0.467951,0.068335,0.604316,0.272393,0.127222
seed_42,corr_target_snow_sev3,126,2600,False,True,False,0.362308,0.362308,0.711538,0.889364,0.891657,0.527056,0.180119,0.670821,0.747613,0.308513,0.036074,0.730746,0.691923,0.329615,0.019615,0.583846,0.221538,0.127692,0.805989,0.443681,0.094451,0.805926,0.443619,0.094388,0.649950,0.287642,0.061589
seed_42,corr_target_snow_sev4,127,2600,False,True,False,0.294615,0.294615,0.747692,0.881720,0.881891,0.587105,0.134199,0.626678,0.748359,0.332062,0.000667,0.695493,0.651538,0.356923,0.096154,0.528077,0.233462,0.219615,0.780041,0.485426,0.032349,0.779979,0.485363,0.032286,0.581181,0.286566,0.166511
seed_42,corr_target_snow_sev5,128,2600,False,True,False,0.260385,0.260385,0.765769,0.880276,0.881607,0.619891,0.115838,0.602142,0.754829,0.341757,0.010940,0.662742,0.613846,0.353462,0.151923,0.471923,0.211538,0.293846,0.756529,0.496144,0.009240,0.756466,0.496081,0.009303,0.533298,0.272914,0.232471
seed_42,corr_target_defocus_blur_sev1,129,2600,False,True,False,0.522308,0.522308,0.687692,0.933114,0.935150,0.410807,0.247458,0.793728,0.819521,0.271421,0.131828,0.790317,0.766154,0.243846,0.078462,0.680385,0.158077,0.007308,0.848888,0.326580,0.161195,0.848825,0.326517,0.161133,0.788572,0.266265,0.100880
seed_42,corr_target_defocus_blur_sev2,130,2600,False,True,False,0.481538,0.481538,0.685769,0.917569,0.918949,0.436030,0.233180,0.756864,0.805384,0.275326,0.119614,0.762123,0.737308,0.255769,0.051538,0.640769,0.159231,0.045000,0.829590,0.348052,0.143821,0.829528,0.347989,0.143759,0.771244,0.289705,0.085475
seed_42,corr_target_defocus_blur_sev3,131,2600,False,True,False,0.416154,0.416154,0.699231,0.923395,0.924010,0.507242,0.224779,0.691628,0.793673,0.275474,0.094443,0.695594,0.653846,0.237692,0.045385,0.530000,0.113846,0.169231,0.779146,0.362992,0.079915,0.779083,0.362929,0.079852,0.711250,0.295096,0.012019
seed_42,corr_target_defocus_blur_sev4,132,2600,False,True,False,0.337692,0.337692,0.728077,0.905263,0.905695,0.567571,0.177619,0.621106,0.781363,0.283413,0.053286,0.634468,0.586538,0.248846,0.141538,0.443077,0.105385,0.285000,0.735287,0.397595,0.007211,0.735225,0.397532,0.007148,0.633820,0.296128,0.094257
seed_42,corr_target_defocus_blur_sev5,133,2600,False,True,False,0.265769,0.265769,0.754231,0.895966,0.895966,0.630197,0.141735,0.582407,0.775075,0.316637,0.020844,0.589019,0.529231,0.263462,0.225000,0.371538,0.105769,0.382692,0.700097,0.434328,0.054133,0.700035,0.434265,0.054196,0.547628,0.281859,0.206603
seed_42,corr_target_glass_blur_sev1,134,2600,False,True,False,0.498462,0.498462,0.669231,0.922056,0.922056,0.423595,0.252826,0.754834,0.789493,0.256373,0.120263,0.774814,0.746923,0.248462,0.077692,0.652308,0.153846,0.016923,0.836523,0.338061,0.167292,0.836460,0.337998,0.167229,0.769901,0.271440,0.100670
seed_42,corr_target_glass_blur_sev2,135,2600,False,True,False,0.417692,0.417692,0.681154,0.922503,0.926386,0.504811,0.245232,0.699637,0.782577,0.281944,0.101424,0.721329,0.693846,0.276154,0.012692,0.572692,0.155000,0.108462,0.800833,0.383140,0.119679,0.800770,0.383077,0.119616,0.690147,0.272455,0.008994
seed_42,corr_target_glass_blur_sev3,136,2600,False,True,False,0.236154,0.236154,0.779231,0.884599,0.885161,0.648445,0.105930,0.627153,0.717885,0.390999,0.061346,0.588928,0.512692,0.276538,0.266538,0.360000,0.123846,0.419231,0.700600,0.464446,0.078631,0.700537,0.464383,0.078694,0.468777,0.232623,0.310454
seed_42,corr_target_glass_blur_sev4,137,2600,False,True,False,0.184615,0.184615,0.821923,0.896903,0.896903,0.712287,0.074980,0.646225,0.734507,0.461609,0.087416,0.582602,0.517308,0.332692,0.304615,0.355385,0.170769,0.466538,0.702184,0.517568,0.119739,0.702121,0.517506,0.119802,0.401762,0.217147,0.420161
seed_42,corr_target_glass_blur_sev5,138,2600,False,True,False,0.149231,0.149231,0.851538,0.886033,0.888401,0.736802,0.036862,0.633605,0.765695,0.484375,0.085844,0.572186,0.513462,0.364231,0.338077,0.348846,0.199615,0.502692,0.696965,0.547734,0.154573,0.696902,0.547672,0.154636,0.356444,0.207213,0.495094
seed_42,corr_target_gaussian_noise_sev1,139,2600,False,True,False,0.538077,0.538077,0.676154,0.935299,0.935395,0.397222,0.259241,0.784569,0.810451,0.246492,0.134298,0.820294,0.793462,0.255385,0.117308,0.720385,0.182308,0.044231,0.865538,0.327461,0.189384,0.865475,0.327398,0.189322,0.823645,0.285568,0.147491
seed_42,corr_target_gaussian_noise_sev2,140,2600,False,True,False,0.481154,0.481154,0.682308,0.923841,0.925082,0.442687,0.242774,0.741102,0.795002,0.259948,0.112694,0.802529,0.786923,0.305769,0.104615,0.700769,0.219615,0.018462,0.856772,0.375618,0.174464,0.856709,0.375555,0.174401,0.791153,0.309999,0.108845
seed_42,corr_target_gaussian_noise_sev3,141,2600,False,True,False,0.378462,0.378462,0.706923,0.909853,0.910767,0.531392,0.203844,0.662658,0.775038,0.284197,0.068115,0.763032,0.741538,0.363077,0.034615,0.646154,0.267692,0.060769,0.826039,0.447577,0.119115,0.825976,0.447514,0.119053,0.698218,0.319756,0.008705
seed_42,corr_target_gaussian_noise_sev4,142,2600,False,True,False,0.278846,0.278846,0.765769,0.890312,0.891417,0.611465,0.125648,0.585600,0.747361,0.306754,0.018408,0.708045,0.669231,0.390385,0.096538,0.549615,0.270769,0.216154,0.786985,0.508139,0.021216,0.786923,0.508076,0.021153,0.591911,0.313065,0.173858
seed_42,corr_target_gaussian_noise_sev5,143,2600,False,True,False,0.170385,0.170385,0.841538,0.833034,0.833675,0.662649,0.007863,0.545493,0.726028,0.375109,0.115510,0.640389,0.579615,0.409231,0.261923,0.442692,0.272308,0.398846,0.737637,0.567252,0.103902,0.737574,0.567189,0.103965,0.463798,0.293413,0.377741
seed_42,corr_target_shot_noise_sev1,144,2600,False,True,False,0.536923,0.536923,0.683462,0.926950,0.926950,0.390027,0.243489,0.774110,0.800840,0.237187,0.117378,0.810402,0.791923,0.255000,0.108462,0.714231,0.177308,0.030769,0.862070,0.325147,0.178609,0.862007,0.325084,0.178546,0.821724,0.284801,0.138262
seed_42,corr_target_shot_noise_sev2,145,2600,False,True,False,0.467308,0.467308,0.683462,0.922949,0.923790,0.455642,0.240328,0.734351,0.789617,0.267043,0.106156,0.787086,0.753846,0.286538,0.070385,0.669231,0.201923,0.014231,0.844481,0.377173,0.161020,0.844418,0.377111,0.160957,0.780063,0.312755,0.096601
seed_42,corr_target_shot_noise_sev3,146,2600,False,True,False,0.377692,0.377692,0.715769,0.903879,0.903879,0.526186,0.188109,0.664751,0.772923,0.287059,0.057154,0.749151,0.719615,0.341923,0.003846,0.613846,0.236154,0.101923,0.815854,0.438162,0.100085,0.815792,0.438099,0.100022,0.697082,0.319390,0.018687
seed_42,corr_target_shot_noise_sev4,147,2600,False,True,False,0.251923,0.251923,0.783462,0.878343,0.881544,0.626420,0.098082,0.585345,0.752000,0.333422,0.031462,0.693474,0.655385,0.403462,0.128077,0.529231,0.277308,0.254231,0.776635,0.524712,0.006827,0.776572,0.524649,0.006890,0.576242,0.324319,0.207220
seed_42,corr_target_shot_noise_sev5,148,2600,False,True,False,0.184231,0.184231,0.832308,0.830409,0.831473,0.646179,0.000834,0.576518,0.708792,0.392287,0.123516,0.666730,0.622308,0.438077,0.210000,0.480769,0.296538,0.351538,0.760863,0.576632,0.071445,0.760800,0.576570,0.071507,0.483007,0.298776,0.349301
seed_42,corr_target_impulse_noise_sev1,149,2600,False,True,False,0.475385,0.475385,0.681154,0.908938,0.909600,0.433554,0.228446,0.726982,0.777714,0.251598,0.096560,0.786154,0.760385,0.285000,0.079231,0.669615,0.194231,0.011538,0.843753,0.368368,0.162599,0.843690,0.368305,0.162536,0.766836,0.291452,0.085683
seed_42,corr_target_impulse_noise_sev2,150,2600,False,True,False,0.431154,0.431154,0.690769,0.893146,0.893217,0.461992,0.202448,0.682908,0.770565,0.251754,0.079795,0.769347,0.748077,0.316923,0.057308,0.643846,0.212692,0.046923,0.832065,0.400911,0.141295,0.832002,0.400848,0.141233,0.745478,0.314324,0.054709
seed_42,corr_target_impulse_noise_sev3,151,2600,False,True,False,0.385000,0.385000,0.711923,0.886986,0.887150,0.501986,0.175227,0.648472,0.755697,0.263472,0.043774,0.750399,0.711154,0.326154,0.000769,0.612692,0.227692,0.099231,0.816765,0.431765,0.104842,0.816703,0.431703,0.104779,0.709618,0.324618,0.002305
seed_42,corr_target_impulse_noise_sev4,152,2600,False,True,False,0.262308,0.262308,0.776923,0.861148,0.864926,0.598840,0.088003,0.552539,0.766237,0.290231,0.010686,0.689791,0.628077,0.365769,0.148846,0.514231,0.251923,0.262692,0.767640,0.505332,0.009283,0.767577,0.505269,0.009346,0.588885,0.326577,0.188038
seed_42,corr_target_impulse_noise_sev5,153,2600,False,True,False,0.177308,0.177308,0.833077,0.829883,0.830193,0.652575,0.002884,0.534560,0.737997,0.357252,0.095080,0.631623,0.569615,0.392308,0.263462,0.430385,0.253077,0.402692,0.730708,0.553400,0.102369,0.730645,0.553337,0.102432,0.474486,0.297178,0.358591
seed_42,corr_target_contrast_sev1,154,2600,False,True,False,0.571923,0.571923,0.685769,0.941799,0.941799,0.369876,0.256030,0.804191,0.830255,0.232268,0.144486,0.816758,0.791923,0.220000,0.106154,0.725385,0.153462,0.039615,0.865705,0.293782,0.179936,0.865642,0.293719,0.179873,0.809926,0.238003,0.124157
seed_42,corr_target_contrast_sev2,155,2600,False,True,False,0.538077,0.538077,0.691538,0.930481,0.930481,0.392404,0.238943,0.776580,0.819435,0.238503,0.127897,0.801133,0.773462,0.235385,0.081923,0.691538,0.153462,0.000000,0.853893,0.315816,0.162354,0.853830,0.315753,0.162291,0.787295,0.249219,0.095757
seed_42,corr_target_contrast_sev3,156,2600,False,True,False,0.481154,0.481154,0.677308,0.901563,0.901563,0.420409,0.224255,0.715843,0.795139,0.234689,0.117831,0.769734,0.739231,0.258077,0.061923,0.652308,0.171154,0.025000,0.830039,0.348885,0.152731,0.829976,0.348822,0.152668,0.735571,0.254417,0.058263
seed_42,corr_target_contrast_sev4,157,2600,False,True,False,0.335385,0.335385,0.726538,0.878343,0.878343,0.542959,0.151805,0.602333,0.740418,0.266948,0.013880,0.684377,0.635769,0.300385,0.090769,0.518462,0.183077,0.208077,0.767293,0.431909,0.040755,0.767231,0.431846,0.040692,0.603111,0.267727,0.123427
seed_42,corr_target_contrast_sev5,158,2600,False,True,False,0.190769,0.190769,0.819615,0.851590,0.851590,0.660821,0.031975,0.483088,0.707360,0.292319,0.112255,0.561415,0.495000,0.304231,0.324615,0.336154,0.145385,0.483462,0.681228,0.490459,0.138388,0.681165,0.490396,0.138450,0.459786,0.269017,0.359830
seed_42,corr_target_elastic_transform_sev1,159,2600,False,True,False,0.567692,0.567692,0.685769,0.933114,0.935431,0.365422,0.249662,0.801834,0.822005,0.234142,0.136236,0.817248,0.808462,0.240769,0.122692,0.726154,0.158462,0.040385,0.869003,0.301311,0.183234,0.868940,0.301248,0.183171,0.804055,0.236363,0.118286
seed_42,corr_target_elastic_transform_sev2,160,2600,False,True,False,0.406154,0.406154,0.684615,0.890312,0.890312,0.484158,0.205696,0.668540,0.788854,0.262386,0.104238,0.737107,0.708462,0.302308,0.023846,0.595769,0.189615,0.088846,0.810220,0.404066,0.125605,0.810158,0.404004,0.125542,0.694830,0.288676,0.010214
seed_42,corr_target_elastic_transform_sev3,161,2600,False,True,False,0.449231,0.449231,0.691154,0.903879,0.904411,0.454648,0.213257,0.699896,0.805357,0.250665,0.114203,0.758059,0.739231,0.290000,0.048077,0.637692,0.188462,0.053462,0.828011,0.378780,0.136857,0.827948,0.378717,0.136794,0.716672,0.267442,0.025518
seed_42,corr_target_elastic_transform_sev4,162,2600,False,True,False,0.351154,0.351154,0.711923,0.866114,0.866114,0.514960,0.154191,0.612462,0.754710,0.261308,0.042787,0.700251,0.660385,0.309231,0.051538,0.539231,0.188077,0.172692,0.781189,0.430035,0.069266,0.781126,0.429972,0.069203,0.603611,0.252457,0.108312
seed_42,corr_target_elastic_transform_sev5,163,2600,False,True,False,0.190000,0.190000,0.823846,0.834603,0.836029,0.644603,0.012183,0.544032,0.720172,0.354032,0.103674,0.632367,0.581923,0.391923,0.241923,0.430769,0.240769,0.393077,0.737275,0.547275,0.086571,0.737212,0.547212,0.086634,0.426974,0.236974,0.396872
seed_42,corr_target_pixelate_sev1,164,2600,False,True,False,0.573077,0.573077,0.679615,0.939208,0.939208,0.366132,0.259593,0.809708,0.822209,0.236631,0.142593,0.816009,0.798077,0.225000,0.118462,0.727692,0.154615,0.048077,0.867806,0.294729,0.188191,0.867743,0.294666,0.188128,0.805691,0.232614,0.126075
seed_42,corr_target_pixelate_sev2,165,2600,False,True,False,0.565000,0.565000,0.681154,0.930041,0.930533,0.365041,0.249379,0.798857,0.815032,0.233857,0.133878,0.809278,0.793846,0.228846,0.112692,0.717308,0.152308,0.036154,0.862865,0.297865,0.181711,0.862802,0.297802,0.181648,0.793543,0.228543,0.112389
seed_42,corr_target_pixelate_sev3,166,2600,False,True,False,0.500769,0.500769,0.675000,0.915763,0.915763,0.414994,0.240763,0.754734,0.793807,0.253964,0.118807,0.779394,0.766923,0.266154,0.091923,0.663077,0.162308,0.011923,0.842465,0.341696,0.167465,0.842403,0.341633,0.167403,0.755466,0.254697,0.080466
seed_42,corr_target_pixelate_sev4,167,2600,False,True,False,0.426538,0.426538,0.680769,0.875919,0.877027,0.449380,0.196258,0.664113,0.767620,0.237575,0.086850,0.724729,0.679231,0.252692,0.001538,0.573462,0.146923,0.107308,0.798252,0.371713,0.117482,0.798189,0.371650,0.117420,0.688072,0.261534,0.007303
seed_42,corr_target_pixelate_sev5,168,2600,False,True,False,0.360769,0.360769,0.710769,0.852097,0.854154,0.491328,0.143385,0.588377,0.754158,0.227608,0.043389,0.683196,0.638846,0.278077,0.071923,0.517692,0.156923,0.193077,0.767733,0.406964,0.056964,0.767670,0.406901,0.056901,0.638525,0.277756,0.072244
seed_42,corr_target_jpeg_compression_sev1,169,2600,False,True,False,0.571538,0.571538,0.695385,0.931800,0.932289,0.360261,0.236904,0.809575,0.822226,0.238036,0.126841,0.823538,0.810000,0.238462,0.114615,0.735769,0.164231,0.040385,0.872769,0.301230,0.177384,0.872706,0.301168,0.177321,0.779625,0.208086,0.084240
seed_42,corr_target_jpeg_compression_sev2,170,2600,False,True,False,0.552692,0.552692,0.681923,0.922056,0.922056,0.369364,0.240133,0.793617,0.823643,0.240924,0.141720,0.815807,0.798077,0.245385,0.116154,0.724615,0.171923,0.042692,0.865444,0.312752,0.183521,0.865381,0.312689,0.183458,0.766844,0.214152,0.084921
seed_42,corr_target_jpeg_compression_sev3,171,2600,False,True,False,0.545385,0.545385,0.670385,0.915763,0.918772,0.370379,0.248387,0.791958,0.820998,0.246573,0.150614,0.810748,0.791923,0.246538,0.121538,0.715385,0.170000,0.045000,0.863869,0.318484,0.193484,0.863806,0.318422,0.193422,0.759391,0.214006,0.089006
seed_42,corr_target_jpeg_compression_sev4,172,2600,False,True,False,0.490000,0.490000,0.675000,0.911679,0.913978,0.421679,0.238978,0.752091,0.789143,0.262091,0.114143,0.781604,0.750769,0.260769,0.075769,0.656538,0.166538,0.018462,0.841029,0.351029,0.166029,0.840966,0.350966,0.165966,0.724488,0.234488,0.049488
seed_42,corr_target_jpeg_compression_sev5,173,2600,False,True,False,0.419231,0.419231,0.687692,0.888889,0.888889,0.469658,0.201197,0.684128,0.763694,0.264897,0.076001,0.738768,0.708077,0.288846,0.020385,0.601923,0.182692,0.085769,0.811026,0.391795,0.123334,0.810963,0.391732,0.123271,0.682140,0.262909,0.005552
seed_42,corr_target_speckle_noise_sev1,174,2600,False,True,False,0.545769,0.545769,0.675769,0.934863,0.935347,0.389094,0.259578,0.792344,0.818234,0.246575,0.142465,0.815197,0.797308,0.251538,0.121538,0.722692,0.176923,0.046923,0.866203,0.320434,0.190434,0.866140,0.320371,0.190371,0.815951,0.270182,0.140182
seed_42,corr_target_speckle_noise_sev2,175,2600,False,True,False,0.508846,0.508846,0.671538,0.926507,0.926507,0.417661,0.254969,0.776589,0.805514,0.267742,0.133975,0.803156,0.789231,0.280385,0.117692,0.704231,0.195385,0.032692,0.858588,0.349742,0.187049,0.858525,0.349679,0.186987,0.796068,0.287222,0.124529
seed_42,corr_target_speckle_noise_sev3,176,2600,False,True,False,0.402692,0.402692,0.698462,0.906644,0.908495,0.503952,0.210034,0.697486,0.771974,0.294794,0.073513,0.755081,0.723077,0.320385,0.024615,0.620385,0.217692,0.078077,0.819059,0.416367,0.120598,0.818997,0.416304,0.120535,0.711670,0.308978,0.013209
seed_42,corr_target_speckle_noise_sev4,177,2600,False,True,False,0.335769,0.335769,0.730000,0.902954,0.903237,0.567184,0.173237,0.642282,0.772937,0.306513,0.042937,0.724737,0.674231,0.338462,0.055769,0.575000,0.239231,0.155000,0.794452,0.458683,0.064452,0.794389,0.458620,0.064389,0.656850,0.321080,0.073150
seed_42,corr_target_speckle_noise_sev5,178,2600,False,True,False,0.277308,0.277308,0.759231,0.877375,0.877375,0.600067,0.118144,0.600972,0.741464,0.323664,0.017767,0.698768,0.652308,0.375000,0.106923,0.531154,0.253846,0.228077,0.779091,0.501783,0.019860,0.779028,0.501720,0.019797,0.595103,0.317796,0.164127
seed_42,corr_target_spatter_sev1,179,2600,False,True,False,0.596538,0.596538,0.696923,0.933989,0.934766,0.337451,0.237842,0.816354,0.839591,0.219816,0.142668,0.832784,0.817692,0.221154,0.120769,0.748462,0.151923,0.051538,0.879669,0.283131,0.182746,0.879606,0.283068,0.182683,0.812008,0.215470,0.115085
seed_42,corr_target_spatter_sev2,180,2600,False,True,False,0.534231,0.534231,0.684231,0.908938,0.908938,0.374708,0.224708,0.769308,0.819479,0.235077,0.135249,0.804476,0.786538,0.252308,0.102308,0.710769,0.176538,0.026538,0.858758,0.324528,0.174528,0.858696,0.324465,0.174465,0.771279,0.237048,0.087048
seed_42,corr_target_spatter_sev3,181,2600,False,True,False,0.483077,0.483077,0.688462,0.898772,0.898967,0.415695,0.210505,0.710385,0.800108,0.227308,0.111647,0.769867,0.740385,0.257308,0.051923,0.648462,0.165385,0.040000,0.831518,0.348441,0.143057,0.831456,0.348379,0.142994,0.746230,0.263153,0.057768
seed_42,corr_target_spatter_sev4,182,2600,False,True,False,0.415385,0.415385,0.675000,0.921162,0.923294,0.505777,0.248294,0.727038,0.776313,0.311653,0.101313,0.761393,0.734615,0.319231,0.059615,0.637692,0.222308,0.037308,0.826545,0.411160,0.151545,0.826482,0.411097,0.151482,0.718264,0.302880,0.043264
seed_42,corr_target_spatter_sev5,183,2600,False,True,False,0.326154,0.326154,0.698846,0.904340,0.904620,0.578187,0.205774,0.691814,0.789027,0.365660,0.090181,0.745767,0.711538,0.385385,0.012692,0.605385,0.279231,0.093462,0.815108,0.488954,0.116261,0.815045,0.488891,0.116199,0.636169,0.310015,0.062678
seed_42,corr_target_gaussian_blur_sev1,184,2600,False,True,False,0.583077,0.583077,0.683462,0.937908,0.938184,0.354832,0.254722,0.817730,0.834049,0.234653,0.150587,0.821310,0.802692,0.219615,0.119231,0.731154,0.148077,0.047692,0.868851,0.285774,0.185389,0.868788,0.285711,0.185326,0.808935,0.225858,0.125474
seed_42,corr_target_gaussian_blur_sev2,185,2600,False,True,False,0.497308,0.497308,0.690769,0.924286,0.924620,0.426979,0.233851,0.771362,0.814148,0.274054,0.123379,0.773267,0.746923,0.249615,0.056154,0.653462,0.156154,0.037308,0.835245,0.337937,0.144476,0.835182,0.337875,0.144413,0.774702,0.277394,0.083933
seed_42,corr_target_gaussian_blur_sev3,186,2600,False,True,False,0.430000,0.430000,0.700769,0.910767,0.911419,0.480767,0.210649,0.707546,0.790539,0.277546,0.089770,0.716478,0.678846,0.248846,0.021923,0.561538,0.131538,0.139231,0.794194,0.364194,0.093425,0.794131,0.364131,0.093362,0.729279,0.299279,0.028509
seed_42,corr_target_gaussian_blur_sev4,187,2600,False,True,False,0.363077,0.363077,0.713846,0.886033,0.886362,0.522956,0.172516,0.632190,0.766160,0.269113,0.052314,0.652897,0.596154,0.233077,0.117692,0.469231,0.106154,0.244615,0.747456,0.384380,0.033610,0.747394,0.384317,0.033548,0.668813,0.305736,0.045033
seed_42,corr_target_gaussian_blur_sev5,188,2600,False,True,False,0.232308,0.232308,0.773846,0.876404,0.878680,0.644097,0.104834,0.545419,0.779840,0.313111,0.005994,0.549450,0.471923,0.239615,0.301923,0.323462,0.091154,0.450385,0.670337,0.438030,0.103509,0.670275,0.437967,0.103572,0.501158,0.268850,0.272688
seed_42,corr_target_saturate_sev1,189,2600,False,True,False,0.577308,0.577308,0.697692,0.936170,0.936653,0.358863,0.238960,0.819878,0.833947,0.242570,0.136255,0.828613,0.820000,0.242692,0.122308,0.748462,0.171154,0.050769,0.878832,0.301525,0.181140,0.878770,0.301462,0.181077,0.786787,0.209480,0.089095
seed_42,corr_target_saturate_sev2,190,2600,False,True,False,0.573462,0.573462,0.700000,0.928719,0.928749,0.355257,0.228749,0.816060,0.831878,0.242599,0.131878,0.823934,0.803846,0.230385,0.103846,0.733846,0.160385,0.033846,0.872618,0.299156,0.172618,0.872555,0.299093,0.172555,0.802883,0.229422,0.102883
seed_42,corr_target_saturate_sev3,191,2600,False,True,False,0.595769,0.595769,0.699231,0.946515,0.949221,0.350746,0.249990,0.820502,0.846412,0.224733,0.147181,0.832341,0.819231,0.223462,0.120000,0.747308,0.151538,0.048077,0.879054,0.283285,0.179824,0.878992,0.283222,0.179761,0.826875,0.231106,0.127644
seed_42,corr_target_saturate_sev4,192,2600,False,True,False,0.578846,0.578846,0.693077,0.934426,0.934911,0.355580,0.241834,0.794292,0.835936,0.215446,0.142859,0.819346,0.794615,0.215769,0.101538,0.723846,0.145000,0.030769,0.867878,0.289032,0.174801,0.867815,0.288969,0.174738,0.830797,0.251951,0.137720
seed_42,corr_target_saturate_sev5,193,2600,False,True,False,0.545000,0.545000,0.686923,0.918919,0.919428,0.373919,0.232505,0.751205,0.804783,0.206205,0.117860,0.797336,0.766923,0.221923,0.080000,0.679231,0.134231,0.007692,0.850268,0.305268,0.163345,0.850205,0.305205,0.163282,0.810483,0.265483,0.123560
seed_123,val_source,0,10000,True,False,True,0.964000,0.964000,0.964200,0.994874,0.994876,0.030874,0.030676,0.990423,0.990423,0.026423,0.026223,0.978317,0.981500,0.017500,0.017300,0.973900,0.009900,0.009700,0.985229,0.021229,0.021029,0.985166,0.021166,0.020966,0.970430,0.006430,0.006230
seed_123,val_target,1,66400,False,True,True,0.669819,0.669819,0.725105,0.956287,0.956304,0.286467,0.231199,0.865853,0.873337,0.196034,0.148232,0.861061,0.853223,0.183404,0.128117,0.796521,0.126702,0.071416,0.900328,0.230509,0.175223,0.900265,0.230446,0.175160,0.855351,0.185532,0.130245
seed_123,imagenet_val_source,2,2600,True,False,True,0.932692,0.932692,0.941154,0.990683,0.991493,0.057991,0.050339,0.982944,0.982944,0.050251,0.041790,0.966469,0.966154,0.033462,0.025000,0.955385,0.022692,0.014231,0.975875,0.043183,0.034721,0.975812,0.043120,0.034658,0.964704,0.032012,0.023551
seed_123,imagenet_val_target,3,2600,False,True,True,0.638846,0.638846,0.705769,0.949070,0.949070,0.310224,0.243301,0.855570,0.866733,0.216724,0.160964,0.852974,0.837692,0.198846,0.131923,0.786923,0.148077,0.081154,0.893775,0.254929,0.188005,0.893712,0.254866,0.187943,0.848366,0.209520,0.142597
seed_123,corr_source_fog_sev1,4,2600,True,False,False,0.844231,0.844231,0.867692,0.971519,0.972458,0.127288,0.104765,0.933931,0.934126,0.089701,0.066434,0.920570,0.914231,0.070000,0.046538,0.887308,0.043077,0.019615,0.942212,0.097981,0.074519,0.942149,0.097918,0.074457,0.901082,0.056851,0.033390
seed_123,corr_source_fog_sev2,5,2600,True,False,False,0.808846,0.808846,0.849231,0.970297,0.970342,0.161451,0.121111,0.910283,0.912459,0.101437,0.063228,0.901822,0.888462,0.079615,0.039231,0.858846,0.050000,0.009615,0.927070,0.118224,0.077839,0.927007,0.118161,0.077776,0.875056,0.066210,0.025825
seed_123,corr_source_fog_sev3,6,2600,True,False,False,0.750000,0.750000,0.811923,0.963731,0.964171,0.213731,0.152248,0.881517,0.882849,0.131517,0.070926,0.873851,0.867692,0.117692,0.055769,0.813077,0.063077,0.001154,0.909006,0.159006,0.097083,0.908943,0.158943,0.097020,0.831728,0.081728,0.019805
seed_123,corr_source_fog_sev4,7,2600,True,False,False,0.678077,0.678077,0.771538,0.968663,0.968710,0.290586,0.197172,0.852188,0.858632,0.174111,0.087094,0.850325,0.834231,0.156154,0.062692,0.772692,0.094615,0.001154,0.889975,0.211899,0.118437,0.889913,0.211836,0.118374,0.778598,0.100521,0.007059
seed_123,corr_source_fog_sev5,8,2600,True,False,False,0.521923,0.521923,0.713846,0.964968,0.964968,0.443045,0.251122,0.779058,0.821085,0.257135,0.107239,0.802955,0.782308,0.260385,0.068462,0.706538,0.184615,0.007308,0.856746,0.334823,0.142900,0.856684,0.334761,0.142837,0.635564,0.113641,0.078282
seed_123,corr_source_frost_sev1,9,2600,True,False,False,0.836923,0.836923,0.870385,0.968254,0.968302,0.131331,0.097917,0.920097,0.925078,0.083174,0.054693,0.912404,0.910769,0.073846,0.040385,0.875769,0.038846,0.005385,0.936291,0.099368,0.065906,0.936228,0.099305,0.065843,0.902048,0.065125,0.031663
seed_123,corr_source_frost_sev2,10,2600,True,False,False,0.718462,0.718462,0.790385,0.942229,0.942229,0.223768,0.151845,0.839117,0.858133,0.120656,0.067748,0.851600,0.829615,0.111154,0.039231,0.776923,0.058462,0.013462,0.889553,0.171092,0.099169,0.889490,0.171029,0.099106,0.815676,0.097214,0.025291
seed_123,corr_source_frost_sev3,11,2600,True,False,False,0.623462,0.623462,0.759231,0.929601,0.930218,0.306139,0.170987,0.777987,0.807437,0.154526,0.048206,0.806411,0.780000,0.156538,0.020769,0.709231,0.085769,0.050000,0.859159,0.235697,0.099928,0.859096,0.235635,0.099865,0.743414,0.119953,0.015816
seed_123,corr_source_frost_sev4,12,2600,True,False,False,0.606154,0.606154,0.749231,0.930481,0.932650,0.324327,0.183419,0.761714,0.792660,0.155560,0.043429,0.794482,0.763846,0.157692,0.014615,0.686538,0.080385,0.062692,0.847466,0.241312,0.098235,0.847403,0.241250,0.098173,0.722661,0.116507,0.026570
seed_123,corr_source_frost_sev5,13,2600,True,False,False,0.532692,0.532692,0.738462,0.922503,0.922503,0.389811,0.184042,0.720243,0.780160,0.187551,0.041698,0.765036,0.726538,0.193846,0.011923,0.637692,0.105000,0.100769,0.827173,0.294480,0.088711,0.827110,0.294418,0.088648,0.665168,0.132476,0.073293
seed_123,corr_source_motion_blur_sev1,14,2600,True,False,False,0.861923,0.861923,0.883462,0.981590,0.981590,0.119667,0.098129,0.942276,0.946847,0.080353,0.063385,0.924870,0.919615,0.057692,0.036154,0.891538,0.029615,0.008077,0.945929,0.084006,0.062468,0.945867,0.083944,0.062405,0.926532,0.064609,0.043070
seed_123,corr_source_motion_blur_sev2,15,2600,True,False,False,0.790769,0.790769,0.844231,0.967024,0.967171,0.176255,0.122941,0.897146,0.904956,0.106377,0.060726,0.884387,0.874615,0.083846,0.030385,0.829231,0.038462,0.015000,0.915939,0.125170,0.071708,0.915876,0.125107,0.071646,0.885841,0.095071,0.041610
seed_123,corr_source_motion_blur_sev3,16,2600,True,False,False,0.658077,0.658077,0.758077,0.948645,0.949260,0.290568,0.191183,0.802651,0.831300,0.144574,0.073223,0.812054,0.787308,0.129231,0.029231,0.706923,0.048846,0.051154,0.860656,0.202579,0.102579,0.860593,0.202516,0.102516,0.789618,0.131541,0.031541
seed_123,corr_source_motion_blur_sev4,17,2600,True,False,False,0.485000,0.485000,0.729615,0.920714,0.920831,0.435714,0.191215,0.730895,0.787217,0.245895,0.057602,0.745473,0.708846,0.223846,0.020769,0.610385,0.125385,0.119231,0.815914,0.330914,0.086299,0.815851,0.330851,0.086236,0.665717,0.180717,0.063899
seed_123,corr_source_motion_blur_sev5,18,2600,True,False,False,0.371923,0.371923,0.731538,0.906644,0.907456,0.534721,0.175918,0.699242,0.784483,0.327319,0.052945,0.709481,0.666538,0.294615,0.065000,0.548846,0.176923,0.182692,0.789298,0.417375,0.057759,0.789235,0.417312,0.057696,0.583779,0.211856,0.147759
seed_123,corr_source_brightness_sev1,19,2600,True,False,False,0.908846,0.908846,0.918846,0.983581,0.983606,0.074735,0.064760,0.969906,0.969906,0.061060,0.051060,0.951488,0.950769,0.041923,0.031923,0.930385,0.021538,0.011538,0.963901,0.055055,0.045055,0.963839,0.054992,0.044992,0.945225,0.036379,0.026379
seed_123,corr_source_brightness_sev2,20,2600,True,False,False,0.903462,0.903462,0.920000,0.981989,0.982401,0.078527,0.062401,0.966922,0.968350,0.063461,0.048350,0.947617,0.945000,0.041538,0.025000,0.925385,0.021923,0.005385,0.961772,0.058310,0.041772,0.961709,0.058247,0.041709,0.940880,0.037419,0.020880
seed_123,corr_source_brightness_sev3,21,2600,True,False,False,0.894615,0.894615,0.906154,0.979592,0.979712,0.084976,0.073558,0.960680,0.961128,0.066065,0.054975,0.941235,0.941923,0.047308,0.035769,0.916923,0.022308,0.010769,0.957777,0.063162,0.051623,0.957714,0.063099,0.051560,0.936482,0.041867,0.030329
seed_123,corr_source_brightness_sev4,22,2600,True,False,False,0.879615,0.879615,0.891154,0.978790,0.978885,0.099175,0.087731,0.951860,0.952087,0.072245,0.060934,0.931640,0.929615,0.050000,0.038462,0.900769,0.021154,0.009615,0.951294,0.071679,0.060140,0.951231,0.071616,0.060077,0.931866,0.052250,0.040712
seed_123,corr_source_brightness_sev5,23,2600,True,False,False,0.845385,0.845385,0.864231,0.967024,0.967459,0.121640,0.103229,0.928017,0.932711,0.082632,0.068481,0.914650,0.908846,0.063462,0.044615,0.873846,0.028462,0.009615,0.937699,0.092314,0.073468,0.937636,0.092252,0.073406,0.913804,0.068419,0.049573
seed_123,corr_source_zoom_blur_sev1,24,2600,True,False,False,0.810000,0.810000,0.860385,0.967844,0.969282,0.157844,0.108897,0.910358,0.912675,0.100358,0.052290,0.895369,0.889231,0.079231,0.028846,0.849615,0.039615,0.010769,0.923415,0.113415,0.063030,0.923352,0.113352,0.062968,0.894403,0.084403,0.034018
seed_123,corr_source_zoom_blur_sev2,25,2600,True,False,False,0.746538,0.746538,0.824231,0.951190,0.952322,0.204652,0.128091,0.865987,0.872467,0.119448,0.048236,0.859754,0.846154,0.099615,0.021923,0.799615,0.053077,0.024615,0.898446,0.151907,0.074215,0.898383,0.151845,0.074152,0.858939,0.112400,0.034708
seed_123,corr_source_zoom_blur_sev3,26,2600,True,False,False,0.699615,0.699615,0.785769,0.937908,0.939494,0.238293,0.153724,0.820462,0.834998,0.120847,0.049229,0.826528,0.801538,0.101923,0.015769,0.737692,0.038077,0.048077,0.872315,0.172700,0.086546,0.872253,0.172637,0.086483,0.827489,0.127874,0.041720
seed_123,corr_source_zoom_blur_sev4,27,2600,True,False,False,0.636538,0.636538,0.770385,0.916215,0.916338,0.279677,0.145954,0.768925,0.812867,0.132387,0.042482,0.793144,0.768846,0.132308,0.001538,0.676923,0.040385,0.093462,0.847602,0.211064,0.077218,0.847539,0.211001,0.077155,0.790153,0.153615,0.019769
seed_123,corr_source_zoom_blur_sev5,28,2600,True,False,False,0.569615,0.569615,0.738077,0.877859,0.880053,0.308244,0.141976,0.717539,0.777283,0.147923,0.039206,0.756317,0.725769,0.156154,0.012308,0.622692,0.053077,0.115385,0.821500,0.251885,0.083423,0.821437,0.251822,0.083360,0.742161,0.172545,0.004084
seed_123,corr_source_snow_sev1,29,2600,True,False,False,0.811923,0.811923,0.851538,0.961661,0.961661,0.149738,0.110123,0.911730,0.912136,0.099807,0.060597,0.900840,0.900000,0.088077,0.048462,0.854231,0.042308,0.002692,0.930057,0.118134,0.078519,0.929995,0.118072,0.078456,0.883865,0.071942,0.032326
seed_123,corr_source_snow_sev2,30,2600,True,False,False,0.611538,0.611538,0.769231,0.926064,0.926173,0.314525,0.156942,0.777718,0.808219,0.166180,0.038988,0.808098,0.785385,0.173846,0.016154,0.706538,0.095000,0.062692,0.859317,0.247778,0.090086,0.859254,0.247716,0.090023,0.728194,0.116655,0.041037
seed_123,corr_source_snow_sev3,31,2600,True,False,False,0.641538,0.641538,0.766154,0.931800,0.931800,0.290261,0.165646,0.800721,0.815404,0.159182,0.049251,0.819449,0.797692,0.156154,0.031538,0.719231,0.077692,0.046923,0.867556,0.226018,0.101403,0.867494,0.225955,0.101340,0.766029,0.124490,0.000125
seed_123,corr_source_snow_sev4,32,2600,True,False,False,0.543462,0.543462,0.738462,0.924731,0.924731,0.381270,0.186270,0.752880,0.799009,0.209418,0.060547,0.779551,0.755000,0.211538,0.016538,0.667692,0.124231,0.070769,0.838827,0.295365,0.100365,0.838764,0.295303,0.100303,0.702253,0.158791,0.036209
seed_123,corr_source_snow_sev5,33,2600,True,False,False,0.480769,0.480769,0.744615,0.914405,0.915436,0.433636,0.170821,0.699965,0.770114,0.219196,0.025499,0.741990,0.701923,0.221154,0.042692,0.593846,0.113077,0.150769,0.810452,0.329683,0.065837,0.810390,0.329620,0.065774,0.633680,0.152911,0.110936
seed_123,corr_source_defocus_blur_sev1,34,2600,True,False,False,0.836154,0.836154,0.871923,0.967434,0.969825,0.131281,0.097902,0.924503,0.928947,0.088349,0.057024,0.904981,0.886538,0.050385,0.014615,0.859231,0.023077,0.012692,0.927949,0.091795,0.056026,0.927886,0.091732,0.055963,0.898566,0.062412,0.026643
seed_123,corr_source_defocus_blur_sev2,35,2600,True,False,False,0.786923,0.786923,0.833077,0.964143,0.964636,0.177220,0.131559,0.895208,0.905725,0.108285,0.072648,0.874317,0.860769,0.073846,0.027692,0.810000,0.023077,0.023077,0.908435,0.121512,0.075358,0.908372,0.121449,0.075296,0.873275,0.086352,0.040198
seed_123,corr_source_defocus_blur_sev3,36,2600,True,False,False,0.675000,0.675000,0.779615,0.942660,0.943855,0.267660,0.164240,0.814084,0.854570,0.139084,0.074955,0.800168,0.776154,0.101154,0.003462,0.689615,0.014615,0.090000,0.854349,0.179349,0.074733,0.854286,0.179286,0.074671,0.808449,0.133449,0.028833
seed_123,corr_source_defocus_blur_sev4,37,2600,True,False,False,0.568077,0.568077,0.748462,0.952880,0.953336,0.384803,0.204875,0.734968,0.813864,0.166891,0.065402,0.729570,0.688846,0.120769,0.059615,0.586538,0.018462,0.161923,0.803540,0.235463,0.055078,0.803477,0.235400,0.055015,0.733585,0.165508,0.014876
seed_123,corr_source_defocus_blur_sev5,38,2600,True,False,False,0.454231,0.454231,0.725769,0.921162,0.922172,0.466931,0.196403,0.666004,0.796504,0.211773,0.070734,0.658969,0.606923,0.152692,0.118846,0.480000,0.025769,0.245769,0.752496,0.298265,0.026727,0.752433,0.298203,0.026664,0.641177,0.186946,0.084593
seed_123,corr_source_glass_blur_sev1,39,2600,True,False,False,0.795769,0.795769,0.843846,0.962076,0.962519,0.166307,0.118672,0.897533,0.898372,0.101764,0.054526,0.890658,0.873077,0.077308,0.029231,0.838462,0.042692,0.005385,0.918794,0.123025,0.074948,0.918731,0.122962,0.074885,0.869701,0.073931,0.025855
seed_123,corr_source_glass_blur_sev2,40,2600,True,False,False,0.684615,0.684615,0.775385,0.944805,0.945356,0.260190,0.169972,0.819929,0.846913,0.135314,0.071529,0.830841,0.810385,0.125769,0.035000,0.745000,0.060385,0.030385,0.876198,0.191583,0.100814,0.876136,0.191520,0.100751,0.785199,0.100583,0.009814
seed_123,corr_source_glass_blur_sev3,41,2600,True,False,False,0.401923,0.401923,0.733077,0.881720,0.884091,0.479797,0.151014,0.644834,0.767947,0.242911,0.034870,0.658301,0.609615,0.207692,0.123462,0.466923,0.065000,0.266154,0.752016,0.350093,0.018939,0.751953,0.350030,0.018876,0.524055,0.122132,0.209022
seed_123,corr_source_glass_blur_sev4,42,2600,True,False,False,0.310000,0.310000,0.765769,0.878827,0.883537,0.568827,0.117768,0.616067,0.769109,0.306067,0.003340,0.621594,0.552692,0.242692,0.213077,0.406923,0.096923,0.358846,0.723292,0.413292,0.042477,0.723229,0.413229,0.042540,0.441043,0.131043,0.324726
seed_123,corr_source_glass_blur_sev5,43,2600,True,False,False,0.236154,0.236154,0.799615,0.903879,0.903879,0.667725,0.104263,0.656229,0.768272,0.420075,0.031344,0.614313,0.568077,0.331923,0.231538,0.404231,0.168077,0.395385,0.729419,0.493265,0.070197,0.729356,0.493202,0.070259,0.379686,0.143532,0.419929
seed_123,corr_source_gaussian_noise_sev1,44,2600,True,False,False,0.838077,0.838077,0.860769,0.974359,0.974359,0.136282,0.113590,0.933686,0.933686,0.095609,0.072917,0.924706,0.920385,0.082308,0.059615,0.890769,0.052692,0.030000,0.944734,0.106658,0.083965,0.944672,0.106595,0.083902,0.916766,0.078689,0.055996
seed_123,corr_source_gaussian_noise_sev2,45,2600,True,False,False,0.753846,0.753846,0.802692,0.943948,0.944584,0.190102,0.141892,0.884875,0.884875,0.131029,0.082182,0.894314,0.885000,0.131154,0.082308,0.844615,0.090769,0.041923,0.922519,0.168673,0.119827,0.922457,0.168610,0.119764,0.861170,0.107324,0.058478
seed_123,corr_source_gaussian_noise_sev3,46,2600,True,False,False,0.618846,0.618846,0.745000,0.914405,0.914405,0.295559,0.169405,0.790644,0.813890,0.171798,0.068890,0.844815,0.821538,0.202692,0.076538,0.765000,0.146154,0.020000,0.884325,0.265479,0.139325,0.884262,0.265416,0.139262,0.771542,0.152696,0.026542
seed_123,corr_source_gaussian_noise_sev4,47,2600,True,False,False,0.444231,0.444231,0.720769,0.858648,0.858852,0.414417,0.138083,0.655799,0.761374,0.211569,0.040605,0.768734,0.732692,0.288462,0.011923,0.646538,0.202308,0.074231,0.828579,0.384348,0.107809,0.828516,0.384285,0.107747,0.650488,0.206257,0.070281
seed_123,corr_source_gaussian_noise_sev5,48,2600,True,False,False,0.243846,0.243846,0.796154,0.791260,0.794560,0.547414,0.001594,0.542326,0.742366,0.298480,0.053788,0.671602,0.617308,0.373462,0.178846,0.490769,0.246923,0.305385,0.760624,0.516778,0.035529,0.760562,0.516715,0.035592,0.483135,0.239289,0.313019
seed_123,corr_source_shot_noise_sev1,49,2600,True,False,False,0.833846,0.833846,0.865000,0.965792,0.966765,0.131945,0.101765,0.935833,0.936036,0.101987,0.071036,0.923385,0.916923,0.083077,0.051923,0.891538,0.057692,0.026538,0.945396,0.111549,0.080396,0.945333,0.111487,0.080333,0.913847,0.080001,0.048847
seed_123,corr_source_shot_noise_sev2,50,2600,True,False,False,0.748077,0.748077,0.803462,0.945233,0.945233,0.197156,0.141772,0.876323,0.876467,0.128246,0.073006,0.890705,0.889615,0.141538,0.086154,0.836923,0.088846,0.033462,0.920169,0.172092,0.116707,0.920106,0.172029,0.116645,0.859785,0.111708,0.056323
seed_123,corr_source_shot_noise_sev3,51,2600,True,False,False,0.618846,0.618846,0.741154,0.902954,0.903095,0.284107,0.161942,0.775465,0.810579,0.156619,0.069425,0.834544,0.812692,0.193846,0.071538,0.750000,0.131154,0.008846,0.876411,0.257565,0.135257,0.876348,0.257502,0.135194,0.765715,0.146869,0.024561
seed_123,corr_source_shot_noise_sev4,52,2600,True,False,False,0.401154,0.401154,0.745769,0.836168,0.838280,0.435014,0.092511,0.629831,0.751544,0.228677,0.005774,0.748341,0.712308,0.311154,0.033462,0.611538,0.210385,0.134231,0.813810,0.412656,0.068040,0.813747,0.412593,0.067978,0.617145,0.215992,0.128624
seed_123,corr_source_shot_noise_sev5,53,2600,True,False,False,0.281154,0.281154,0.783462,0.816029,0.819440,0.534875,0.035979,0.590388,0.724993,0.309234,0.058469,0.704783,0.673077,0.391923,0.110385,0.549231,0.268077,0.234231,0.788470,0.507316,0.005008,0.788407,0.507253,0.004946,0.519119,0.237965,0.264342
seed_123,corr_source_impulse_noise_sev1,54,2600,True,False,False,0.756538,0.756538,0.817308,0.946942,0.948029,0.190404,0.130721,0.876803,0.878228,0.120264,0.060921,0.886592,0.876154,0.119615,0.058846,0.826154,0.069615,0.008846,0.916537,0.159999,0.099229,0.916474,0.159936,0.099167,0.867405,0.110867,0.050098
seed_123,corr_source_impulse_noise_sev2,55,2600,True,False,False,0.699615,0.699615,0.765000,0.930921,0.931902,0.231306,0.166902,0.828556,0.847470,0.128941,0.082470,0.860867,0.850769,0.151154,0.085769,0.796154,0.096538,0.031154,0.898985,0.199370,0.133985,0.898922,0.199307,0.133922,0.829795,0.130179,0.064795
seed_123,corr_source_impulse_noise_sev3,56,2600,True,False,False,0.616538,0.616538,0.747308,0.912589,0.913581,0.296050,0.166273,0.763919,0.798247,0.147381,0.050939,0.831228,0.809231,0.192692,0.061923,0.740000,0.123462,0.007308,0.874410,0.257871,0.127102,0.874347,0.257809,0.127039,0.783849,0.167311,0.036541
seed_123,corr_source_impulse_noise_sev4,57,2600,True,False,False,0.438462,0.438462,0.721923,0.866609,0.866609,0.428147,0.144685,0.631300,0.775116,0.192838,0.053193,0.755519,0.722308,0.283846,0.000385,0.618462,0.180000,0.103462,0.820700,0.382239,0.098777,0.820638,0.382176,0.098714,0.650382,0.211920,0.071541
seed_123,corr_source_impulse_noise_sev5,58,2600,True,False,False,0.266154,0.266154,0.773077,0.801843,0.807977,0.535689,0.034900,0.549220,0.724729,0.283066,0.048347,0.669930,0.628077,0.361923,0.145000,0.485000,0.218846,0.288077,0.763493,0.497339,0.009584,0.763430,0.497276,0.009647,0.500924,0.234770,0.272153
seed_123,corr_source_contrast_sev1,59,2600,True,False,False,0.871154,0.871154,0.888077,0.982786,0.982786,0.111632,0.094709,0.951370,0.951370,0.080216,0.063293,0.930996,0.933462,0.062308,0.045385,0.901923,0.030769,0.013846,0.951260,0.080106,0.063183,0.951198,0.080044,0.063121,0.921433,0.050279,0.033356
seed_123,corr_source_contrast_sev2,60,2600,True,False,False,0.832692,0.832692,0.864231,0.974763,0.974763,0.142071,0.110533,0.928599,0.928599,0.095907,0.064369,0.910936,0.905385,0.072692,0.041154,0.873846,0.041154,0.009615,0.935899,0.103207,0.071668,0.935836,0.103144,0.071605,0.896263,0.063571,0.032032
seed_123,corr_source_contrast_sev3,61,2600,True,False,False,0.750000,0.750000,0.805000,0.965380,0.965818,0.215380,0.160818,0.872145,0.875986,0.122145,0.070986,0.867873,0.852308,0.102308,0.047308,0.800000,0.050000,0.005000,0.901694,0.151694,0.096694,0.901631,0.151631,0.096631,0.831066,0.081066,0.026066
seed_123,corr_source_contrast_sev4,62,2600,True,False,False,0.521154,0.521154,0.725385,0.938776,0.939434,0.417622,0.214050,0.739868,0.785213,0.218714,0.059829,0.768239,0.735769,0.214615,0.010385,0.652692,0.131538,0.072692,0.830701,0.309547,0.105316,0.830638,0.309484,0.105253,0.674284,0.153130,0.051100
seed_123,corr_source_contrast_sev5,63,2600,True,False,False,0.290385,0.290385,0.771154,0.925620,0.927330,0.635235,0.156176,0.567077,0.759522,0.276692,0.011632,0.618756,0.550769,0.260385,0.220385,0.409231,0.118846,0.361923,0.717731,0.427347,0.053423,0.717669,0.427284,0.053485,0.502703,0.212318,0.268451
seed_123,corr_source_elastic_transform_sev1,64,2600,True,False,False,0.866923,0.866923,0.888077,0.975975,0.976150,0.109052,0.088073,0.951265,0.951647,0.084342,0.063570,0.930334,0.925000,0.058077,0.036923,0.898846,0.031923,0.010769,0.948503,0.081580,0.060426,0.948440,0.081517,0.060363,0.921560,0.054637,0.033483
seed_123,corr_source_elastic_transform_sev2,65,2600,True,False,False,0.653077,0.653077,0.761154,0.931800,0.932981,0.278723,0.171827,0.812552,0.846135,0.159475,0.084981,0.829804,0.811154,0.158077,0.050000,0.740769,0.087692,0.020385,0.874342,0.221265,0.113188,0.874279,0.221202,0.113125,0.773430,0.120353,0.012276
seed_123,corr_source_elastic_transform_sev3,66,2600,True,False,False,0.754615,0.754615,0.803846,0.958333,0.959471,0.203718,0.155625,0.889302,0.890115,0.134687,0.086269,0.875910,0.870769,0.116154,0.066923,0.817308,0.062692,0.013462,0.910656,0.156040,0.106809,0.910593,0.155977,0.106747,0.827932,0.073316,0.024086
seed_123,corr_source_elastic_transform_sev4,67,2600,True,False,False,0.610769,0.610769,0.738462,0.937908,0.938959,0.327139,0.200497,0.801736,0.829255,0.190967,0.090793,0.808250,0.789231,0.178462,0.050769,0.710385,0.099615,0.028077,0.860400,0.249631,0.121938,0.860337,0.249568,0.121876,0.709126,0.098357,0.029335
seed_123,corr_source_elastic_transform_sev5,68,2600,True,False,False,0.351923,0.351923,0.743462,0.866114,0.866114,0.514191,0.122653,0.625093,0.738965,0.273170,0.004497,0.678401,0.627692,0.275769,0.115769,0.503077,0.151154,0.240385,0.765069,0.413146,0.021607,0.765006,0.413083,0.021545,0.486353,0.134430,0.257109
seed_123,corr_source_pixelate_sev1,69,2600,True,False,False,0.872308,0.872308,0.895769,0.975168,0.975168,0.102860,0.079398,0.949655,0.949655,0.077347,0.053886,0.929956,0.926923,0.054615,0.031154,0.896538,0.024231,0.000769,0.949838,0.077530,0.054069,0.949775,0.077467,0.054006,0.919226,0.046919,0.023457
seed_123,corr_source_pixelate_sev2,70,2600,True,False,False,0.855385,0.855385,0.884231,0.970297,0.972098,0.114912,0.087867,0.937113,0.937113,0.081728,0.052882,0.921128,0.912308,0.056923,0.028077,0.882692,0.027308,0.001538,0.942086,0.086701,0.057855,0.942023,0.086638,0.057792,0.907473,0.052089,0.023242
seed_123,corr_source_pixelate_sev3,71,2600,True,False,False,0.778846,0.778846,0.834615,0.956242,0.957785,0.177396,0.123170,0.888824,0.890664,0.109978,0.056049,0.880388,0.876923,0.098077,0.042308,0.820769,0.041923,0.013846,0.914177,0.135331,0.079562,0.914115,0.135269,0.079499,0.852324,0.073478,0.017709
seed_123,corr_source_pixelate_sev4,72,2600,True,False,False,0.653846,0.653846,0.785769,0.930481,0.932054,0.276635,0.146285,0.795485,0.820901,0.141639,0.035132,0.813559,0.782308,0.128462,0.003462,0.710000,0.056154,0.075769,0.861600,0.207754,0.075831,0.861537,0.207691,0.075768,0.759010,0.105164,0.026759
seed_123,corr_source_pixelate_sev5,73,2600,True,False,False,0.576923,0.576923,0.764231,0.911679,0.913745,0.334755,0.149515,0.711244,0.814304,0.134320,0.050073,0.761326,0.722692,0.145769,0.041538,0.628462,0.051538,0.135769,0.823057,0.246134,0.058826,0.822994,0.246071,0.058763,0.697650,0.120726,0.066581
seed_123,corr_source_jpeg_compression_sev1,74,2600,True,False,False,0.870769,0.870769,0.889231,0.977183,0.977183,0.106414,0.087953,0.953900,0.955610,0.083131,0.066379,0.934912,0.931538,0.060769,0.042308,0.909615,0.038846,0.020385,0.951404,0.080635,0.062174,0.951342,0.080572,0.062111,0.911015,0.040246,0.021784
seed_123,corr_source_jpeg_compression_sev2,75,2600,True,False,False,0.853846,0.853846,0.875385,0.975975,0.975975,0.122129,0.100590,0.942765,0.945509,0.088919,0.070125,0.926052,0.925769,0.071923,0.050385,0.898462,0.044615,0.023077,0.947526,0.093680,0.072142,0.947464,0.093618,0.072079,0.901318,0.047472,0.025934
seed_123,corr_source_jpeg_compression_sev3,76,2600,True,False,False,0.836538,0.836538,0.860385,0.967434,0.967917,0.130896,0.107533,0.935690,0.937071,0.099152,0.076686,0.919126,0.913077,0.076538,0.052692,0.886538,0.050000,0.026154,0.941555,0.105016,0.081170,0.941492,0.104954,0.081107,0.889507,0.052968,0.029122
seed_123,corr_source_jpeg_compression_sev4,77,2600,True,False,False,0.775769,0.775769,0.824615,0.957916,0.957916,0.182147,0.133300,0.892599,0.895527,0.116829,0.070911,0.889378,0.881154,0.105385,0.056538,0.833462,0.057692,0.008846,0.919672,0.143903,0.095057,0.919610,0.143840,0.094994,0.854172,0.078403,0.029557
seed_123,corr_source_jpeg_compression_sev5,78,2600,True,False,False,0.687308,0.687308,0.785769,0.933114,0.933312,0.245807,0.147543,0.823669,0.838645,0.136361,0.052875,0.832670,0.816538,0.129231,0.030769,0.742308,0.055000,0.043462,0.877306,0.189998,0.091537,0.877243,0.189936,0.091474,0.787689,0.100382,0.001920
seed_123,corr_source_speckle_noise_sev1,79,2600,True,False,False,0.849231,0.849231,0.871154,0.973144,0.973144,0.123913,0.101990,0.941851,0.941991,0.092620,0.070837,0.926904,0.928462,0.079231,0.057308,0.901154,0.051923,0.030000,0.946861,0.097630,0.075707,0.946798,0.097567,0.075644,0.911100,0.061870,0.039947
seed_123,corr_source_speckle_noise_sev2,80,2600,True,False,False,0.810385,0.810385,0.841154,0.963317,0.964638,0.152933,0.123484,0.916400,0.916889,0.106015,0.075736,0.907754,0.901154,0.090769,0.060000,0.866154,0.055769,0.025000,0.932695,0.122310,0.091541,0.932632,0.122247,0.091478,0.883352,0.072968,0.042198
seed_123,corr_source_speckle_noise_sev3,81,2600,True,False,False,0.668462,0.668462,0.760769,0.922949,0.924492,0.254488,0.163722,0.818120,0.830252,0.149658,0.069483,0.849087,0.835385,0.166923,0.074615,0.773077,0.104615,0.012308,0.889584,0.221122,0.128814,0.889521,0.221059,0.128752,0.781103,0.112641,0.020333
seed_123,corr_source_speckle_noise_sev4,82,2600,True,False,False,0.566538,0.566538,0.727308,0.890785,0.892980,0.324247,0.165672,0.748565,0.790453,0.182026,0.063145,0.807374,0.778846,0.212308,0.051538,0.703462,0.136923,0.023846,0.856815,0.290276,0.129507,0.856752,0.290214,0.129444,0.716163,0.149625,0.011144
seed_123,corr_source_speckle_noise_sev5,83,2600,True,False,False,0.448846,0.448846,0.731923,0.859649,0.863108,0.410803,0.131185,0.676728,0.774541,0.227882,0.042618,0.765142,0.735385,0.286538,0.003462,0.635769,0.186923,0.096154,0.828298,0.379452,0.096375,0.828236,0.379389,0.096312,0.643526,0.194680,0.088397
seed_123,corr_source_spatter_sev1,84,2600,True,False,False,0.905385,0.905385,0.915769,0.983581,0.983581,0.078196,0.067812,0.968077,0.970260,0.062692,0.054491,0.948762,0.940769,0.035385,0.025000,0.924231,0.018846,0.008462,0.961613,0.056229,0.045844,0.961551,0.056166,0.045781,0.942826,0.037441,0.027056
seed_123,corr_source_spatter_sev2,85,2600,True,False,False,0.853462,0.853462,0.883077,0.973144,0.974496,0.119682,0.091419,0.941041,0.942340,0.087580,0.059263,0.924292,0.914231,0.060769,0.031154,0.888462,0.035000,0.005385,0.943148,0.089686,0.060071,0.943085,0.089623,0.060008,0.910173,0.056712,0.027096
seed_123,corr_source_spatter_sev3,86,2600,True,False,False,0.802692,0.802692,0.840000,0.956661,0.957177,0.153969,0.117177,0.896408,0.901848,0.093716,0.061848,0.893619,0.886923,0.084231,0.046923,0.843462,0.040769,0.003462,0.922858,0.120165,0.082858,0.922795,0.120103,0.082795,0.875262,0.072569,0.035262
seed_123,corr_source_spatter_sev4,87,2600,True,False,False,0.720769,0.720769,0.792692,0.956242,0.956694,0.235473,0.164002,0.872823,0.875783,0.152054,0.083090,0.862787,0.846923,0.126154,0.054231,0.790000,0.069231,0.002692,0.898955,0.178186,0.106263,0.898893,0.178123,0.106200,0.824757,0.103988,0.032065
seed_123,corr_source_spatter_sev5,88,2600,True,False,False,0.621923,0.621923,0.726923,0.931360,0.931868,0.309437,0.204945,0.814578,0.829192,0.192655,0.102269,0.827837,0.809231,0.187308,0.082308,0.737308,0.115385,0.010385,0.873344,0.251421,0.146421,0.873282,0.251359,0.146359,0.735901,0.113978,0.008978
seed_123,corr_source_gaussian_blur_sev1,89,2600,True,False,False,0.874615,0.874615,0.891154,0.980792,0.980792,0.106176,0.089638,0.960935,0.960935,0.086319,0.069781,0.938865,0.940000,0.065385,0.048846,0.916923,0.042308,0.025769,0.957782,0.083167,0.066628,0.957720,0.083104,0.066566,0.930662,0.056047,0.039508
seed_123,corr_source_gaussian_blur_sev2,90,2600,True,False,False,0.810769,0.810769,0.850385,0.972332,0.972759,0.161563,0.122374,0.911410,0.921916,0.100641,0.071531,0.890870,0.880000,0.069231,0.029615,0.838077,0.027308,0.012308,0.920765,0.109996,0.070380,0.920702,0.109933,0.070318,0.887809,0.077040,0.037425
seed_123,corr_source_gaussian_blur_sev3,91,2600,True,False,False,0.706538,0.706538,0.785000,0.957498,0.957749,0.250960,0.172749,0.839864,0.854574,0.133326,0.069574,0.826069,0.804615,0.098077,0.019615,0.736923,0.030385,0.048077,0.872021,0.165483,0.087021,0.871959,0.165420,0.086959,0.823393,0.116855,0.038393
seed_123,corr_source_gaussian_blur_sev4,92,2600,True,False,False,0.601538,0.601538,0.757308,0.941799,0.941799,0.340260,0.184491,0.744498,0.827841,0.142959,0.070534,0.751720,0.712692,0.111154,0.044615,0.618846,0.017308,0.138462,0.815979,0.214440,0.058671,0.815916,0.214377,0.058608,0.752358,0.150820,0.004949
seed_123,corr_source_gaussian_blur_sev5,93,2600,True,False,False,0.378846,0.378846,0.733846,0.913498,0.915688,0.534652,0.181842,0.615573,0.778707,0.236727,0.044861,0.611554,0.552692,0.173846,0.181154,0.409231,0.030385,0.324615,0.717559,0.338713,0.016287,0.717497,0.338651,0.016349,0.571043,0.192197,0.162803
seed_123,corr_source_saturate_sev1,94,2600,True,False,False,0.885000,0.885000,0.894615,0.983581,0.983606,0.098581,0.088990,0.957583,0.958874,0.072583,0.064259,0.939494,0.944231,0.059231,0.049615,0.917692,0.032692,0.023077,0.957658,0.072658,0.063043,0.957595,0.072595,0.062980,0.926358,0.041358,0.031743
seed_123,corr_source_saturate_sev2,95,2600,True,False,False,0.862308,0.862308,0.873462,0.979592,0.979623,0.117284,0.106161,0.949759,0.951075,0.087451,0.077614,0.930823,0.927308,0.065000,0.053846,0.900000,0.037692,0.026538,0.950178,0.087870,0.076716,0.950115,0.087807,0.076654,0.921503,0.059195,0.048041
seed_123,corr_source_saturate_sev3,96,2600,True,False,False,0.901923,0.901923,0.914231,0.983183,0.985657,0.081260,0.071427,0.966646,0.968798,0.064723,0.054567,0.949589,0.949231,0.047308,0.035000,0.930000,0.028077,0.015769,0.964212,0.062289,0.049981,0.964149,0.062226,0.049919,0.945863,0.043940,0.031633
seed_123,corr_source_saturate_sev4,97,2600,True,False,False,0.856154,0.856154,0.883077,0.972738,0.973436,0.116584,0.090359,0.944152,0.945621,0.087998,0.062544,0.931330,0.928077,0.071923,0.045000,0.899231,0.043077,0.016154,0.950198,0.094044,0.067121,0.950135,0.093981,0.067058,0.925548,0.069394,0.042471
seed_123,corr_source_saturate_sev5,98,2600,True,False,False,0.802692,0.802692,0.833077,0.964968,0.965021,0.162276,0.131944,0.907295,0.911039,0.104603,0.077962,0.905036,0.898077,0.095385,0.065000,0.862308,0.059615,0.029231,0.931304,0.128611,0.098227,0.931241,0.128549,0.098164,0.890602,0.087910,0.057525
seed_123,corr_target_fog_sev1,99,2600,False,True,False,0.553846,0.553846,0.688462,0.933552,0.933651,0.379706,0.245189,0.796182,0.817552,0.242335,0.129091,0.808762,0.786923,0.233077,0.098462,0.711923,0.158077,0.023462,0.859742,0.305896,0.171280,0.859679,0.305833,0.171217,0.776622,0.222775,0.088160
seed_123,corr_target_fog_sev2,100,2600,False,True,False,0.533077,0.533077,0.685385,0.921162,0.921162,0.388085,0.235777,0.773196,0.812814,0.240119,0.127429,0.793714,0.763077,0.230000,0.077692,0.679615,0.146538,0.005769,0.846918,0.313841,0.161533,0.846855,0.313778,0.161470,0.754970,0.221893,0.069586
seed_123,corr_target_fog_sev3,101,2600,False,True,False,0.480769,0.480769,0.687692,0.919368,0.920384,0.438599,0.232692,0.749692,0.784030,0.268923,0.096338,0.772497,0.741154,0.260385,0.053462,0.643846,0.163077,0.043846,0.834494,0.353725,0.146802,0.834431,0.353662,0.146739,0.722227,0.241458,0.034535
seed_123,corr_target_fog_sev4,102,2600,False,True,False,0.413462,0.413462,0.702692,0.933552,0.933552,0.520091,0.230860,0.727780,0.773518,0.314318,0.070826,0.756729,0.723077,0.309615,0.020385,0.626538,0.213077,0.076154,0.822427,0.408965,0.119735,0.822364,0.408903,0.119672,0.660834,0.247372,0.041858
seed_123,corr_target_fog_sev5,103,2600,False,True,False,0.301154,0.301154,0.738462,0.944805,0.944805,0.643651,0.206344,0.683448,0.768040,0.382294,0.029578,0.724822,0.692692,0.391538,0.045769,0.584231,0.283077,0.154231,0.801604,0.500451,0.063143,0.801542,0.500388,0.063080,0.532932,0.231778,0.205529
seed_123,corr_target_frost_sev1,104,2600,False,True,False,0.535769,0.535769,0.681923,0.917118,0.919281,0.381349,0.237358,0.759232,0.801866,0.223462,0.119943,0.797427,0.766154,0.230385,0.084231,0.691923,0.156154,0.010000,0.852091,0.316322,0.170168,0.852028,0.316259,0.170105,0.771357,0.235588,0.089434
seed_123,corr_target_frost_sev2,105,2600,False,True,False,0.436923,0.436923,0.694615,0.916667,0.917179,0.479744,0.222564,0.690689,0.774330,0.253766,0.079714,0.752417,0.721538,0.284615,0.026923,0.623077,0.186154,0.071538,0.818494,0.381571,0.123879,0.818431,0.381508,0.123816,0.689819,0.252896,0.004797
seed_123,corr_target_frost_sev3,106,2600,False,True,False,0.371923,0.371923,0.710769,0.904340,0.904407,0.532417,0.193637,0.642887,0.750078,0.270964,0.039308,0.716070,0.670000,0.298077,0.040769,0.564231,0.192308,0.146538,0.793298,0.421375,0.082529,0.793236,0.421313,0.082466,0.625426,0.253502,0.085344
seed_123,corr_target_frost_sev4,107,2600,False,True,False,0.354231,0.354231,0.719615,0.903416,0.903416,0.549186,0.183801,0.647292,0.751365,0.293062,0.031750,0.712631,0.677308,0.323077,0.042308,0.558077,0.203846,0.161538,0.793507,0.439276,0.073891,0.793444,0.439213,0.073829,0.604271,0.250040,0.115344
seed_123,corr_target_frost_sev5,108,2600,False,True,False,0.310385,0.310385,0.741538,0.907563,0.909016,0.597178,0.167478,0.632102,0.742035,0.321718,0.000496,0.692529,0.662692,0.352308,0.078846,0.519231,0.208846,0.222308,0.779007,0.468622,0.037469,0.778944,0.468560,0.037406,0.558286,0.247902,0.183252
seed_123,corr_target_motion_blur_sev1,109,2600,False,True,False,0.550385,0.550385,0.690385,0.933114,0.934284,0.382730,0.243899,0.807958,0.819574,0.257573,0.129190,0.808407,0.785769,0.235385,0.095385,0.715769,0.165385,0.025385,0.862558,0.312173,0.172173,0.862495,0.312110,0.172110,0.801056,0.250672,0.110672
seed_123,corr_target_motion_blur_sev2,110,2600,False,True,False,0.495769,0.495769,0.678462,0.925176,0.926539,0.429406,0.248078,0.766732,0.798669,0.270962,0.120208,0.772078,0.734231,0.238462,0.055769,0.644615,0.148846,0.033846,0.831216,0.335447,0.152755,0.831154,0.335384,0.152692,0.761101,0.265332,0.082639
seed_123,corr_target_motion_blur_sev3,111,2600,False,True,False,0.393462,0.393462,0.707308,0.916667,0.917179,0.523205,0.209871,0.706284,0.801497,0.312823,0.094189,0.729193,0.698462,0.305000,0.008846,0.591154,0.197692,0.116154,0.803988,0.410526,0.096680,0.803925,0.410463,0.096617,0.696053,0.302591,0.011255
seed_123,corr_target_motion_blur_sev4,112,2600,False,True,False,0.300769,0.300769,0.730769,0.910767,0.911939,0.609997,0.181170,0.678912,0.768745,0.378142,0.037975,0.688307,0.656538,0.355769,0.074231,0.520769,0.220000,0.210000,0.777133,0.476364,0.046364,0.777070,0.476301,0.046301,0.581516,0.280747,0.149253
seed_123,corr_target_motion_blur_sev5,113,2600,False,True,False,0.243846,0.243846,0.768077,0.888889,0.891405,0.645043,0.123328,0.667218,0.762670,0.423372,0.005407,0.675283,0.640000,0.396154,0.128077,0.508462,0.264615,0.259615,0.768979,0.525132,0.000902,0.768916,0.525070,0.000839,0.511494,0.267648,0.256583
seed_123,corr_target_brightness_sev1,114,2600,False,True,False,0.605769,0.605769,0.703077,0.941368,0.941368,0.335599,0.238291,0.828839,0.855041,0.223069,0.151964,0.837343,0.828846,0.223077,0.125769,0.761154,0.155385,0.058077,0.882597,0.276828,0.179520,0.882534,0.276765,0.179457,0.821739,0.215970,0.118662
seed_123,corr_target_brightness_sev2,115,2600,False,True,False,0.602692,0.602692,0.699231,0.938342,0.939480,0.335650,0.240250,0.825645,0.849502,0.222952,0.150271,0.832384,0.815000,0.212308,0.115769,0.751923,0.149231,0.052692,0.878687,0.275995,0.179456,0.878624,0.275932,0.179393,0.824178,0.221486,0.124948
seed_123,corr_target_brightness_sev3,116,2600,False,True,False,0.588846,0.588846,0.692308,0.941799,0.942746,0.352953,0.250438,0.815003,0.837882,0.226156,0.145574,0.827970,0.815769,0.226923,0.123462,0.750000,0.161154,0.057692,0.876234,0.287388,0.183926,0.876171,0.287325,0.183863,0.824794,0.235948,0.132486
seed_123,corr_target_brightness_sev4,117,2600,False,True,False,0.573462,0.573462,0.685385,0.926507,0.927112,0.353045,0.241728,0.796555,0.839411,0.223093,0.154026,0.814866,0.803462,0.230000,0.118077,0.726538,0.153077,0.041154,0.865574,0.292112,0.180189,0.865511,0.292049,0.180126,0.816239,0.242778,0.130855
seed_123,corr_target_brightness_sev5,118,2600,False,True,False,0.551923,0.551923,0.670000,0.923395,0.923395,0.371472,0.253395,0.774492,0.823897,0.222569,0.153897,0.800268,0.781923,0.230000,0.111923,0.704231,0.152308,0.034231,0.855478,0.303555,0.185478,0.855416,0.303493,0.185416,0.801109,0.249186,0.131109
seed_123,corr_target_zoom_blur_sev1,119,2600,False,True,False,0.504615,0.504615,0.685385,0.915311,0.915311,0.410695,0.229926,0.748195,0.795479,0.243580,0.110095,0.773113,0.734615,0.230000,0.049231,0.645000,0.140385,0.040385,0.831771,0.327155,0.146386,0.831708,0.327092,0.146323,0.762712,0.258097,0.077328
seed_123,corr_target_zoom_blur_sev2,120,2600,False,True,False,0.460000,0.460000,0.701154,0.890312,0.893520,0.430312,0.192366,0.708931,0.770115,0.248931,0.068961,0.744307,0.688846,0.228846,0.012308,0.589615,0.129615,0.111538,0.806871,0.346871,0.105718,0.806809,0.346809,0.105655,0.733309,0.273309,0.032155
seed_123,corr_target_zoom_blur_sev3,121,2600,False,True,False,0.427692,0.427692,0.698846,0.875919,0.876057,0.448226,0.177211,0.682235,0.761072,0.254542,0.062226,0.722002,0.684615,0.256923,0.014231,0.567308,0.139615,0.131538,0.796487,0.368795,0.097641,0.796424,0.368732,0.097578,0.708528,0.280835,0.009681
seed_123,corr_target_zoom_blur_sev4,122,2600,False,True,False,0.389615,0.389615,0.714231,0.876404,0.880141,0.486789,0.165910,0.654561,0.743931,0.264945,0.029700,0.696473,0.646538,0.256923,0.067692,0.526538,0.136923,0.187692,0.777759,0.388144,0.063528,0.777696,0.388081,0.063466,0.681568,0.291952,0.032663
seed_123,corr_target_zoom_blur_sev5,123,2600,False,True,False,0.345769,0.345769,0.734231,0.854626,0.855233,0.508856,0.121003,0.621510,0.732972,0.275741,0.001258,0.669140,0.616538,0.270769,0.117692,0.484231,0.138462,0.250000,0.759695,0.413926,0.025464,0.759632,0.413863,0.025401,0.646554,0.300784,0.087677
seed_123,corr_target_snow_sev1,124,2600,False,True,False,0.485000,0.485000,0.683846,0.910767,0.912816,0.425767,0.228970,0.731218,0.794297,0.246218,0.110451,0.779995,0.756923,0.271923,0.073077,0.659615,0.174615,0.024231,0.840013,0.355013,0.156167,0.839951,0.354951,0.156105,0.742858,0.257858,0.059012
seed_123,corr_target_snow_sev2,125,2600,False,True,False,0.331923,0.331923,0.731538,0.893146,0.893456,0.561223,0.161918,0.653375,0.766621,0.321452,0.035082,0.722283,0.694615,0.362692,0.036923,0.565385,0.233462,0.166154,0.799937,0.468014,0.068398,0.799874,0.467951,0.068335,0.604316,0.272393,0.127222
seed_123,corr_target_snow_sev3,126,2600,False,True,False,0.362308,0.362308,0.711538,0.901099,0.901099,0.538791,0.189560,0.679301,0.745174,0.316993,0.033635,0.730746,0.691923,0.329615,0.019615,0.583846,0.221538,0.127692,0.805989,0.443681,0.094451,0.805926,0.443619,0.094388,0.649950,0.287642,0.061589
seed_123,corr_target_snow_sev4,127,2600,False,True,False,0.294615,0.294615,0.747692,0.896903,0.897108,0.602287,0.149416,0.639698,0.736946,0.345083,0.010746,0.695493,0.651538,0.356923,0.096154,0.528077,0.233462,0.219615,0.780041,0.485426,0.032349,0.779979,0.485363,0.032286,0.581181,0.286566,0.166511
seed_123,corr_target_snow_sev5,128,2600,False,True,False,0.260385,0.260385,0.765769,0.913043,0.913562,0.652659,0.147792,0.613747,0.765254,0.353363,0.000515,0.662742,0.613846,0.353462,0.151923,0.471923,0.211538,0.293846,0.756529,0.496144,0.009240,0.756466,0.496081,0.009303,0.533298,0.272914,0.232471
seed_123,corr_target_defocus_blur_sev1,129,2600,False,True,False,0.522308,0.522308,0.687692,0.938342,0.939747,0.416034,0.252054,0.794303,0.822012,0.271995,0.134319,0.790317,0.766154,0.243846,0.078462,0.680385,0.158077,0.007308,0.848888,0.326580,0.161195,0.848825,0.326517,0.161133,0.788572,0.266265,0.100880
seed_123,corr_target_defocus_blur_sev2,130,2600,False,True,False,0.481538,0.481538,0.685769,0.921162,0.921162,0.439623,0.235393,0.764502,0.812968,0.282963,0.127199,0.762123,0.737308,0.255769,0.051538,0.640769,0.159231,0.045000,0.829590,0.348052,0.143821,0.829528,0.347989,0.143759,0.771244,0.289705,0.085475
seed_123,corr_target_defocus_blur_sev3,131,2600,False,True,False,0.416154,0.416154,0.699231,0.920266,0.920890,0.504112,0.221659,0.689040,0.787690,0.272886,0.088459,0.695594,0.653846,0.237692,0.045385,0.530000,0.113846,0.169231,0.779146,0.362992,0.079915,0.779083,0.362929,0.079852,0.711250,0.295096,0.012019
seed_123,corr_target_defocus_blur_sev4,132,2600,False,True,False,0.337692,0.337692,0.728077,0.908022,0.908157,0.570330,0.180080,0.615733,0.780503,0.278041,0.052426,0.634468,0.586538,0.248846,0.141538,0.443077,0.105385,0.285000,0.735287,0.397595,0.007211,0.735225,0.397532,0.007148,0.633820,0.296128,0.094257
seed_123,corr_target_defocus_blur_sev5,133,2600,False,True,False,0.265769,0.265769,0.754231,0.905724,0.906253,0.639955,0.152022,0.570087,0.791718,0.304317,0.037487,0.589019,0.529231,0.263462,0.225000,0.371538,0.105769,0.382692,0.700097,0.434328,0.054133,0.700035,0.434265,0.054196,0.547628,0.281859,0.206603
seed_123,corr_target_glass_blur_sev1,134,2600,False,True,False,0.498462,0.498462,0.669231,0.922056,0.922400,0.423595,0.253169,0.756373,0.789138,0.257911,0.119907,0.774814,0.746923,0.248462,0.077692,0.652308,0.153846,0.016923,0.836523,0.338061,0.167292,0.836460,0.337998,0.167229,0.769901,0.271440,0.100670
seed_123,corr_target_glass_blur_sev2,135,2600,False,True,False,0.417692,0.417692,0.681154,0.907563,0.909152,0.489871,0.227998,0.683129,0.782326,0.265437,0.101172,0.721329,0.693846,0.276154,0.012692,0.572692,0.155000,0.108462,0.800833,0.383140,0.119679,0.800770,0.383077,0.119616,0.690147,0.272455,0.008994
seed_123,corr_target_glass_blur_sev3,136,2600,False,True,False,0.236154,0.236154,0.779231,0.860649,0.861845,0.624495,0.082614,0.576329,0.722595,0.340175,0.056636,0.588928,0.512692,0.276538,0.266538,0.360000,0.123846,0.419231,0.700600,0.464446,0.078631,0.700537,0.464383,0.078694,0.468777,0.232623,0.310454
seed_123,corr_target_glass_blur_sev4,137,2600,False,True,False,0.184615,0.184615,0.821923,0.873971,0.874730,0.689356,0.052807,0.580660,0.741260,0.396045,0.080663,0.582602,0.517308,0.332692,0.304615,0.355385,0.170769,0.466538,0.702184,0.517568,0.119739,0.702121,0.517506,0.119802,0.401762,0.217147,0.420161
seed_123,corr_target_glass_blur_sev5,138,2600,False,True,False,0.149231,0.149231,0.851538,0.891258,0.896327,0.742027,0.044788,0.584623,0.776286,0.435393,0.075252,0.572186,0.513462,0.364231,0.338077,0.348846,0.199615,0.502692,0.696965,0.547734,0.154573,0.696902,0.547672,0.154636,0.356444,0.207213,0.495094
seed_123,corr_target_gaussian_noise_sev1,139,2600,False,True,False,0.538077,0.538077,0.676154,0.921162,0.921667,0.383085,0.245514,0.780155,0.803258,0.242078,0.127104,0.820294,0.793462,0.255385,0.117308,0.720385,0.182308,0.044231,0.865538,0.327461,0.189384,0.865475,0.327398,0.189322,0.823645,0.285568,0.147491
seed_123,corr_target_gaussian_noise_sev2,140,2600,False,True,False,0.481154,0.481154,0.682308,0.902027,0.904373,0.420873,0.222065,0.728983,0.792327,0.247830,0.110019,0.802529,0.786923,0.305769,0.104615,0.700769,0.219615,0.018462,0.856772,0.375618,0.174464,0.856709,0.375555,0.174401,0.791153,0.309999,0.108845
seed_123,corr_target_gaussian_noise_sev3,141,2600,False,True,False,0.378462,0.378462,0.706923,0.854626,0.855039,0.476164,0.148116,0.638239,0.760967,0.259777,0.054044,0.763032,0.741538,0.363077,0.034615,0.646154,0.267692,0.060769,0.826039,0.447577,0.119115,0.825976,0.447514,0.119053,0.698218,0.319756,0.008705
seed_123,corr_target_gaussian_noise_sev4,142,2600,False,True,False,0.278846,0.278846,0.765769,0.806244,0.813699,0.527398,0.047930,0.559659,0.744506,0.280813,0.021263,0.708045,0.669231,0.390385,0.096538,0.549615,0.270769,0.216154,0.786985,0.508139,0.021216,0.786923,0.508076,0.021153,0.591911,0.313065,0.173858
seed_123,corr_target_gaussian_noise_sev5,143,2600,False,True,False,0.170385,0.170385,0.841538,0.766603,0.772793,0.596219,0.068745,0.518223,0.707678,0.347839,0.133861,0.640389,0.579615,0.409231,0.261923,0.442692,0.272308,0.398846,0.737637,0.567252,0.103902,0.737574,0.567189,0.103965,0.463798,0.293413,0.377741
seed_123,corr_target_shot_noise_sev1,144,2600,False,True,False,0.536923,0.536923,0.683462,0.919817,0.920810,0.382894,0.237348,0.769011,0.797926,0.232088,0.114465,0.810402,0.791923,0.255000,0.108462,0.714231,0.177308,0.030769,0.862070,0.325147,0.178609,0.862007,0.325084,0.178546,0.821724,0.284801,0.138262
seed_123,corr_target_shot_noise_sev2,145,2600,False,True,False,0.467308,0.467308,0.683462,0.891258,0.894233,0.423950,0.210772,0.711132,0.781263,0.243824,0.097802,0.787086,0.753846,0.286538,0.070385,0.669231,0.201923,0.014231,0.844481,0.377173,0.161020,0.844418,0.377111,0.160957,0.780063,0.312755,0.096601
seed_123,corr_target_shot_noise_sev3,146,2600,False,True,False,0.377692,0.377692,0.715769,0.853616,0.855493,0.475923,0.139724,0.625747,0.768261,0.248054,0.052492,0.749151,0.719615,0.341923,0.003846,0.613846,0.236154,0.101923,0.815854,0.438162,0.100085,0.815792,0.438099,0.100022,0.697082,0.319390,0.018687
seed_123,corr_target_shot_noise_sev4,147,2600,False,True,False,0.251923,0.251923,0.783462,0.792943,0.804878,0.541020,0.021417,0.541788,0.746529,0.289865,0.036933,0.693474,0.655385,0.403462,0.128077,0.529231,0.277308,0.254231,0.776635,0.524712,0.006827,0.776572,0.524649,0.006890,0.576242,0.324319,0.207220
seed_123,corr_target_shot_noise_sev5,148,2600,False,True,False,0.184231,0.184231,0.832308,0.781631,0.783133,0.597400,0.049175,0.547093,0.706651,0.362862,0.125656,0.666730,0.622308,0.438077,0.210000,0.480769,0.296538,0.351538,0.760863,0.576632,0.071445,0.760800,0.576570,0.071507,0.483007,0.298776,0.349301
seed_123,corr_target_impulse_noise_sev1,149,2600,False,True,False,0.475385,0.475385,0.681154,0.912134,0.914976,0.436749,0.233822,0.722067,0.783513,0.246682,0.102359,0.786154,0.760385,0.285000,0.079231,0.669615,0.194231,0.011538,0.843753,0.368368,0.162599,0.843690,0.368305,0.162536,0.766836,0.291452,0.085683
seed_123,corr_target_impulse_noise_sev2,150,2600,False,True,False,0.431154,0.431154,0.690769,0.880276,0.880844,0.449122,0.190075,0.673821,0.766995,0.242667,0.076226,0.769347,0.748077,0.316923,0.057308,0.643846,0.212692,0.046923,0.832065,0.400911,0.141295,0.832002,0.400848,0.141233,0.745478,0.314324,0.054709
seed_123,corr_target_impulse_noise_sev3,151,2600,False,True,False,0.385000,0.385000,0.711923,0.856640,0.857855,0.471640,0.145932,0.632871,0.765071,0.247871,0.053148,0.750399,0.711154,0.326154,0.000769,0.612692,0.227692,0.099231,0.816765,0.431765,0.104842,0.816703,0.431703,0.104779,0.709618,0.324618,0.002305
seed_123,corr_target_impulse_noise_sev4,152,2600,False,True,False,0.262308,0.262308,0.776923,0.810069,0.820923,0.547761,0.044000,0.521396,0.757103,0.259088,0.019821,0.689791,0.628077,0.365769,0.148846,0.514231,0.251923,0.262692,0.767640,0.505332,0.009283,0.767577,0.505269,0.009346,0.588885,0.326577,0.188038
seed_123,corr_target_impulse_noise_sev5,153,2600,False,True,False,0.177308,0.177308,0.833077,0.769522,0.774269,0.592214,0.058808,0.505840,0.717798,0.328532,0.115279,0.631623,0.569615,0.392308,0.263462,0.430385,0.253077,0.402692,0.730708,0.553400,0.102369,0.730645,0.553337,0.102432,0.474486,0.297178,0.358591
seed_123,corr_target_contrast_sev1,154,2600,False,True,False,0.571923,0.571923,0.685769,0.940505,0.942662,0.368582,0.256892,0.809133,0.832973,0.237210,0.147203,0.816758,0.791923,0.220000,0.106154,0.725385,0.153462,0.039615,0.865705,0.293782,0.179936,0.865642,0.293719,0.179873,0.809926,0.238003,0.124157
seed_123,corr_target_contrast_sev2,155,2600,False,True,False,0.538077,0.538077,0.691538,0.937474,0.937955,0.399398,0.246416,0.787479,0.826379,0.249402,0.134840,0.801133,0.773462,0.235385,0.081923,0.691538,0.153462,0.000000,0.853893,0.315816,0.162354,0.853830,0.315753,0.162291,0.787295,0.249219,0.095757
seed_123,corr_target_contrast_sev3,156,2600,False,True,False,0.481154,0.481154,0.677308,0.920714,0.923025,0.439560,0.245718,0.730879,0.807148,0.249726,0.129841,0.769734,0.739231,0.258077,0.061923,0.652308,0.171154,0.025000,0.830039,0.348885,0.152731,0.829976,0.348822,0.152668,0.735571,0.254417,0.058263
seed_123,corr_target_contrast_sev4,157,2600,False,True,False,0.335385,0.335385,0.726538,0.910310,0.913036,0.574926,0.186497,0.623909,0.756609,0.288524,0.030070,0.684377,0.635769,0.300385,0.090769,0.518462,0.183077,0.208077,0.767293,0.431909,0.040755,0.767231,0.431846,0.040692,0.603111,0.267727,0.123427
seed_123,corr_target_contrast_sev5,158,2600,False,True,False,0.190769,0.190769,0.819615,0.903416,0.903949,0.712647,0.084334,0.525802,0.730348,0.335033,0.089267,0.561415,0.495000,0.304231,0.324615,0.336154,0.145385,0.483462,0.681228,0.490459,0.138388,0.681165,0.490396,0.138450,0.459786,0.269017,0.359830
seed_123,corr_target_elastic_transform_sev1,159,2600,False,True,False,0.567692,0.567692,0.685769,0.937908,0.938001,0.370216,0.252232,0.809619,0.828538,0.241927,0.142768,0.817248,0.808462,0.240769,0.122692,0.726154,0.158462,0.040385,0.869003,0.301311,0.183234,0.868940,0.301248,0.183171,0.804055,0.236363,0.118286
seed_123,corr_target_elastic_transform_sev2,160,2600,False,True,False,0.406154,0.406154,0.684615,0.896903,0.896903,0.490749,0.212287,0.682546,0.785333,0.276392,0.100717,0.737107,0.708462,0.302308,0.023846,0.595769,0.189615,0.088846,0.810220,0.404066,0.125605,0.810158,0.404004,0.125542,0.694830,0.288676,0.010214
seed_123,corr_target_elastic_transform_sev3,161,2600,False,True,False,0.449231,0.449231,0.691154,0.912134,0.915118,0.462903,0.223964,0.708387,0.807539,0.259156,0.116385,0.758059,0.739231,0.290000,0.048077,0.637692,0.188462,0.053462,0.828011,0.378780,0.136857,0.827948,0.378717,0.136794,0.716672,0.267442,0.025518
seed_123,corr_target_elastic_transform_sev4,162,2600,False,True,False,0.351154,0.351154,0.711923,0.891258,0.891258,0.540104,0.179335,0.637422,0.757240,0.286268,0.045317,0.700251,0.660385,0.309231,0.051538,0.539231,0.188077,0.172692,0.781189,0.430035,0.069266,0.781126,0.429972,0.069203,0.603611,0.252457,0.108312
seed_123,corr_target_elastic_transform_sev5,163,2600,False,True,False,0.190000,0.190000,0.823846,0.847007,0.847007,0.657007,0.023160,0.570401,0.730847,0.380401,0.092999,0.632367,0.581923,0.391923,0.241923,0.430769,0.240769,0.393077,0.737275,0.547275,0.086571,0.737212,0.547212,0.086634,0.426974,0.236974,0.396872
seed_123,corr_target_pixelate_sev1,164,2600,False,True,False,0.573077,0.573077,0.679615,0.934426,0.938891,0.361349,0.259275,0.813811,0.827879,0.240734,0.148263,0.816009,0.798077,0.225000,0.118462,0.727692,0.154615,0.048077,0.867806,0.294729,0.188191,0.867743,0.294666,0.188128,0.805691,0.232614,0.126075
seed_123,corr_target_pixelate_sev2,165,2600,False,True,False,0.565000,0.565000,0.681154,0.929160,0.930741,0.364160,0.249587,0.807063,0.820156,0.242063,0.139002,0.809278,0.793846,0.228846,0.112692,0.717308,0.152308,0.036154,0.862865,0.297865,0.181711,0.862802,0.297802,0.181648,0.793543,0.228543,0.112389
seed_123,corr_target_pixelate_sev3,166,2600,False,True,False,0.500769,0.500769,0.675000,0.917569,0.918368,0.416799,0.243368,0.759696,0.801804,0.258927,0.126804,0.779394,0.766923,0.266154,0.091923,0.663077,0.162308,0.011923,0.842465,0.341696,0.167465,0.842403,0.341633,0.167403,0.755466,0.254697,0.080466
seed_123,corr_target_pixelate_sev4,167,2600,False,True,False,0.426538,0.426538,0.680769,0.888889,0.890871,0.462350,0.210102,0.682525,0.767099,0.255987,0.086330,0.724729,0.679231,0.252692,0.001538,0.573462,0.146923,0.107308,0.798252,0.371713,0.117482,0.798189,0.371650,0.117420,0.688072,0.261534,0.007303
seed_123,corr_target_pixelate_sev5,168,2600,False,True,False,0.360769,0.360769,0.710769,0.866609,0.867592,0.505839,0.156823,0.605266,0.770404,0.244496,0.059634,0.683196,0.638846,0.278077,0.071923,0.517692,0.156923,0.193077,0.767733,0.406964,0.056964,0.767670,0.406901,0.056901,0.638525,0.277756,0.072244
seed_123,corr_target_jpeg_compression_sev1,169,2600,False,True,False,0.571538,0.571538,0.695385,0.937474,0.938618,0.365936,0.243233,0.816500,0.832071,0.244962,0.136687,0.823538,0.810000,0.238462,0.114615,0.735769,0.164231,0.040385,0.872769,0.301230,0.177384,0.872706,0.301168,0.177321,0.779625,0.208086,0.084240
seed_123,corr_target_jpeg_compression_sev2,170,2600,False,True,False,0.552692,0.552692,0.681923,0.932238,0.932238,0.379546,0.250315,0.800133,0.822969,0.247441,0.141046,0.815807,0.798077,0.245385,0.116154,0.724615,0.171923,0.042692,0.865444,0.312752,0.183521,0.865381,0.312689,0.183458,0.766844,0.214152,0.084921
seed_123,corr_target_jpeg_compression_sev3,171,2600,False,True,False,0.545385,0.545385,0.670385,0.918019,0.920370,0.372635,0.249985,0.796644,0.824569,0.251260,0.154184,0.810748,0.791923,0.246538,0.121538,0.715385,0.170000,0.045000,0.863869,0.318484,0.193484,0.863806,0.318422,0.193422,0.759391,0.214006,0.089006
seed_123,corr_target_jpeg_compression_sev4,172,2600,False,True,False,0.490000,0.490000,0.675000,0.907104,0.907104,0.417104,0.232104,0.755716,0.792304,0.265716,0.117304,0.781604,0.750769,0.260769,0.075769,0.656538,0.166538,0.018462,0.841029,0.351029,0.166029,0.840966,0.350966,0.165966,0.724488,0.234488,0.049488
seed_123,corr_target_jpeg_compression_sev5,173,2600,False,True,False,0.419231,0.419231,0.687692,0.895497,0.895864,0.476266,0.208172,0.692658,0.769461,0.273428,0.081768,0.738768,0.708077,0.288846,0.020385,0.601923,0.182692,0.085769,0.811026,0.391795,0.123334,0.810963,0.391732,0.123271,0.682140,0.262909,0.005552
seed_123,corr_target_speckle_noise_sev1,174,2600,False,True,False,0.545769,0.545769,0.675769,0.926507,0.926998,0.380738,0.251229,0.788647,0.822250,0.242878,0.146481,0.815197,0.797308,0.251538,0.121538,0.722692,0.176923,0.046923,0.866203,0.320434,0.190434,0.866140,0.320371,0.190371,0.815951,0.270182,0.140182
seed_123,corr_target_speckle_noise_sev2,175,2600,False,True,False,0.508846,0.508846,0.671538,0.921162,0.922179,0.412316,0.250640,0.765958,0.801333,0.257112,0.129794,0.803156,0.789231,0.280385,0.117692,0.704231,0.195385,0.032692,0.858588,0.349742,0.187049,0.858525,0.349679,0.186987,0.796068,0.287222,0.124529
seed_123,corr_target_speckle_noise_sev3,176,2600,False,True,False,0.402692,0.402692,0.698462,0.867596,0.867766,0.464904,0.169305,0.667757,0.760067,0.265065,0.061606,0.755081,0.723077,0.320385,0.024615,0.620385,0.217692,0.078077,0.819059,0.416367,0.120598,0.818997,0.416304,0.120535,0.711670,0.308978,0.013209
seed_123,corr_target_speckle_noise_sev4,177,2600,False,True,False,0.335769,0.335769,0.730000,0.834603,0.837723,0.498834,0.107723,0.610902,0.756435,0.275133,0.026435,0.724737,0.674231,0.338462,0.055769,0.575000,0.239231,0.155000,0.794452,0.458683,0.064452,0.794389,0.458620,0.064389,0.656850,0.321080,0.073150
seed_123,corr_target_speckle_noise_sev5,178,2600,False,True,False,0.277308,0.277308,0.759231,0.809524,0.815196,0.532216,0.055965,0.570839,0.726267,0.293531,0.032963,0.698768,0.652308,0.375000,0.106923,0.531154,0.253846,0.228077,0.779091,0.501783,0.019860,0.779028,0.501720,0.019797,0.595103,0.317796,0.164127
seed_123,corr_target_spatter_sev1,179,2600,False,True,False,0.596538,0.596538,0.696923,0.934863,0.936396,0.338324,0.239473,0.822754,0.844559,0.226215,0.147636,0.832784,0.817692,0.221154,0.120769,0.748462,0.151923,0.051538,0.879669,0.283131,0.182746,0.879606,0.283068,0.182683,0.812008,0.215470,0.115085
seed_123,corr_target_spatter_sev2,180,2600,False,True,False,0.534231,0.534231,0.684231,0.921162,0.921162,0.386931,0.236931,0.779732,0.824449,0.245501,0.140218,0.804476,0.786538,0.252308,0.102308,0.710769,0.176538,0.026538,0.858758,0.324528,0.174528,0.858696,0.324465,0.174465,0.771279,0.237048,0.087048
seed_123,corr_target_spatter_sev3,181,2600,False,True,False,0.483077,0.483077,0.688462,0.902491,0.902491,0.419414,0.214029,0.716571,0.807388,0.233494,0.118927,0.769867,0.740385,0.257308,0.051923,0.648462,0.165385,0.040000,0.831518,0.348441,0.143057,0.831456,0.348379,0.142994,0.746230,0.263153,0.057768
seed_123,corr_target_spatter_sev4,182,2600,False,True,False,0.415385,0.415385,0.675000,0.902954,0.904906,0.487569,0.229906,0.719545,0.786176,0.304161,0.111176,0.761393,0.734615,0.319231,0.059615,0.637692,0.222308,0.037308,0.826545,0.411160,0.151545,0.826482,0.411097,0.151482,0.718264,0.302880,0.043264
seed_123,corr_target_spatter_sev5,183,2600,False,True,False,0.326154,0.326154,0.698846,0.895966,0.897555,0.569812,0.198709,0.682469,0.787649,0.356315,0.088803,0.745767,0.711538,0.385385,0.012692,0.605385,0.279231,0.093462,0.815108,0.488954,0.116261,0.815045,0.488891,0.116199,0.636169,0.310015,0.062678
seed_123,corr_target_gaussian_blur_sev1,184,2600,False,True,False,0.583077,0.583077,0.683462,0.934863,0.934863,0.351786,0.251401,0.823366,0.838017,0.240289,0.154556,0.821310,0.802692,0.219615,0.119231,0.731154,0.148077,0.047692,0.868851,0.285774,0.185389,0.868788,0.285711,0.185326,0.808935,0.225858,0.125474
seed_123,corr_target_gaussian_blur_sev2,185,2600,False,True,False,0.497308,0.497308,0.690769,0.932238,0.932238,0.434931,0.241469,0.775660,0.818988,0.278352,0.128219,0.773267,0.746923,0.249615,0.056154,0.653462,0.156154,0.037308,0.835245,0.337937,0.144476,0.835182,0.337875,0.144413,0.774702,0.277394,0.083933
seed_123,corr_target_gaussian_blur_sev3,186,2600,False,True,False,0.430000,0.430000,0.700769,0.913043,0.914079,0.483043,0.213310,0.706326,0.794402,0.276326,0.093633,0.716478,0.678846,0.248846,0.021923,0.561538,0.131538,0.139231,0.794194,0.364194,0.093425,0.794131,0.364131,0.093362,0.729279,0.299279,0.028509
seed_123,corr_target_gaussian_blur_sev4,187,2600,False,True,False,0.363077,0.363077,0.713846,0.892675,0.893996,0.529598,0.180150,0.631972,0.765652,0.268895,0.051806,0.652897,0.596154,0.233077,0.117692,0.469231,0.106154,0.244615,0.747456,0.384380,0.033610,0.747394,0.384317,0.033548,0.668813,0.305736,0.045033
seed_123,corr_target_gaussian_blur_sev5,188,2600,False,True,False,0.232308,0.232308,0.773846,0.902954,0.904020,0.670646,0.130174,0.548352,0.764923,0.316044,0.008923,0.549450,0.471923,0.239615,0.301923,0.323462,0.091154,0.450385,0.670337,0.438030,0.103509,0.670275,0.437967,0.103572,0.501158,0.268850,0.272688
seed_123,corr_target_saturate_sev1,189,2600,False,True,False,0.577308,0.577308,0.697692,0.945661,0.946129,0.368353,0.248437,0.830446,0.838373,0.253138,0.140681,0.828613,0.820000,0.242692,0.122308,0.748462,0.171154,0.050769,0.878832,0.301525,0.181140,0.878770,0.301462,0.181077,0.786787,0.209480,0.089095
seed_123,corr_target_saturate_sev2,190,2600,False,True,False,0.573462,0.573462,0.700000,0.941368,0.942072,0.367907,0.242072,0.825122,0.839323,0.251660,0.139323,0.823934,0.803846,0.230385,0.103846,0.733846,0.160385,0.033846,0.872618,0.299156,0.172618,0.872555,0.299093,0.172555,0.802883,0.229422,0.102883
seed_123,corr_target_saturate_sev3,191,2600,False,True,False,0.595769,0.595769,0.699231,0.945233,0.947804,0.349464,0.248574,0.821226,0.847803,0.225456,0.148572,0.832341,0.819231,0.223462,0.120000,0.747308,0.151538,0.048077,0.879054,0.283285,0.179824,0.878992,0.283222,0.179761,0.826875,0.231106,0.127644
seed_123,corr_target_saturate_sev4,192,2600,False,True,False,0.578846,0.578846,0.693077,0.919817,0.921700,0.340971,0.228623,0.792982,0.841400,0.214136,0.148323,0.819346,0.794615,0.215769,0.101538,0.723846,0.145000,0.030769,0.867878,0.289032,0.174801,0.867815,0.288969,0.174738,0.830797,0.251951,0.137720
seed_123,corr_target_saturate_sev5,193,2600,False,True,False,0.545000,0.545000,0.686923,0.910310,0.910832,0.365310,0.223909,0.744527,0.801559,0.199527,0.114636,0.797336,0.766923,0.221923,0.080000,0.679231,0.134231,0.007692,0.850268,0.305268,0.163345,0.850205,0.305205,0.163282,0.810483,0.265483,0.123560
seed_456,val_source,0,10000,True,False,True,0.964000,0.964000,0.964200,0.996085,0.996085,0.032085,0.031885,0.990460,0.990460,0.026460,0.026260,0.978317,0.981500,0.017500,0.017300,0.973900,0.009900,0.009700,0.985229,0.021229,0.021029,0.985166,0.021166,0.020966,0.970430,0.006430,0.006230
seed_456,val_target,1,66400,False,True,True,0.669819,0.669819,0.725105,0.965571,0.965590,0.295752,0.240485,0.874151,0.881606,0.204332,0.156500,0.861061,0.853223,0.183404,0.128117,0.796521,0.126702,0.071416,0.900328,0.230509,0.175223,0.900265,0.230446,0.175160,0.855351,0.185532,0.130245
seed_456,imagenet_val_source,2,2600,True,False,True,0.932692,0.932692,0.941154,0.994586,0.995378,0.061894,0.054224,0.983235,0.983235,0.050542,0.042081,0.966469,0.966154,0.033462,0.025000,0.955385,0.022692,0.014231,0.975875,0.043183,0.034721,0.975812,0.043120,0.034658,0.964704,0.032012,0.023551
seed_456,imagenet_val_target,3,2600,False,True,True,0.638846,0.638846,0.705769,0.969072,0.969119,0.330226,0.263349,0.866009,0.874169,0.227163,0.168399,0.852974,0.837692,0.198846,0.131923,0.786923,0.148077,0.081154,0.893775,0.254929,0.188005,0.893712,0.254866,0.187943,0.848366,0.209520,0.142597
seed_456,corr_source_fog_sev1,4,2600,True,False,False,0.844231,0.844231,0.867692,0.976378,0.976378,0.132147,0.108686,0.935506,0.935777,0.091275,0.068085,0.920570,0.914231,0.070000,0.046538,0.887308,0.043077,0.019615,0.942212,0.097981,0.074519,0.942149,0.097918,0.074457,0.901082,0.056851,0.033390
seed_456,corr_source_fog_sev2,5,2600,True,False,False,0.808846,0.808846,0.849231,0.966614,0.967148,0.157768,0.117917,0.911415,0.912984,0.102569,0.063753,0.901822,0.888462,0.079615,0.039231,0.858846,0.050000,0.009615,0.927070,0.118224,0.077839,0.927007,0.118161,0.077776,0.875056,0.066210,0.025825
seed_456,corr_source_fog_sev3,6,2600,True,False,False,0.750000,0.750000,0.811923,0.967844,0.969191,0.217844,0.157267,0.886821,0.887531,0.136821,0.075608,0.873851,0.867692,0.117692,0.055769,0.813077,0.063077,0.001154,0.909006,0.159006,0.097083,0.908943,0.158943,0.097020,0.831728,0.081728,0.019805
seed_456,corr_source_fog_sev4,7,2600,True,False,False,0.678077,0.678077,0.771538,0.966614,0.967533,0.288537,0.195995,0.860032,0.866890,0.181956,0.095351,0.850325,0.834231,0.156154,0.062692,0.772692,0.094615,0.001154,0.889975,0.211899,0.118437,0.889913,0.211836,0.118374,0.778598,0.100521,0.007059
seed_456,corr_source_fog_sev5,8,2600,True,False,False,0.521923,0.521923,0.713846,0.959167,0.959167,0.437244,0.245321,0.796205,0.831054,0.274282,0.117208,0.802955,0.782308,0.260385,0.068462,0.706538,0.184615,0.007308,0.856746,0.334823,0.142900,0.856684,0.334761,0.142837,0.635564,0.113641,0.078282
seed_456,corr_source_frost_sev1,9,2600,True,False,False,0.836923,0.836923,0.870385,0.977586,0.978282,0.140662,0.107898,0.926933,0.932068,0.090009,0.061684,0.912404,0.910769,0.073846,0.040385,0.875769,0.038846,0.005385,0.936291,0.099368,0.065906,0.936228,0.099305,0.065843,0.902048,0.065125,0.031663
seed_456,corr_source_frost_sev2,10,2600,True,False,False,0.718462,0.718462,0.790385,0.950767,0.951759,0.232305,0.161374,0.846589,0.862628,0.128127,0.072243,0.851600,0.829615,0.111154,0.039231,0.776923,0.058462,0.013462,0.889553,0.171092,0.099169,0.889490,0.171029,0.099106,0.815676,0.097214,0.025291
seed_456,corr_source_frost_sev3,11,2600,True,False,False,0.623462,0.623462,0.759231,0.937908,0.938662,0.314447,0.179431,0.792134,0.818209,0.168673,0.058979,0.806411,0.780000,0.156538,0.020769,0.709231,0.085769,0.050000,0.859159,0.235697,0.099928,0.859096,0.235635,0.099865,0.743414,0.119953,0.015816
seed_456,corr_source_frost_sev4,12,2600,True,False,False,0.606154,0.606154,0.749231,0.935735,0.935735,0.329581,0.186504,0.774159,0.802922,0.168005,0.053691,0.794482,0.763846,0.157692,0.014615,0.686538,0.080385,0.062692,0.847466,0.241312,0.098235,0.847403,0.241250,0.098173,0.722661,0.116507,0.026570
seed_456,corr_source_frost_sev5,13,2600,True,False,False,0.532692,0.532692,0.738462,0.913952,0.916385,0.381259,0.177923,0.736735,0.786402,0.204042,0.047940,0.765036,0.726538,0.193846,0.011923,0.637692,0.105000,0.100769,0.827173,0.294480,0.088711,0.827110,0.294418,0.088648,0.665168,0.132476,0.073293
seed_456,corr_source_motion_blur_sev1,14,2600,True,False,False,0.861923,0.861923,0.883462,0.985564,0.986821,0.123641,0.103359,0.944249,0.949211,0.082326,0.065750,0.924870,0.919615,0.057692,0.036154,0.891538,0.029615,0.008077,0.945929,0.084006,0.062468,0.945867,0.083944,0.062405,0.926532,0.064609,0.043070
seed_456,corr_source_motion_blur_sev2,15,2600,True,False,False,0.790769,0.790769,0.844231,0.976378,0.978123,0.185609,0.133892,0.903158,0.911681,0.112388,0.067450,0.884387,0.874615,0.083846,0.030385,0.829231,0.038462,0.015000,0.915939,0.125170,0.071708,0.915876,0.125107,0.071646,0.885841,0.095071,0.041610
seed_456,corr_source_motion_blur_sev3,16,2600,True,False,False,0.658077,0.658077,0.758077,0.950767,0.951300,0.292690,0.193223,0.813425,0.849326,0.155348,0.091249,0.812054,0.787308,0.129231,0.029231,0.706923,0.048846,0.051154,0.860656,0.202579,0.102579,0.860593,0.202516,0.102516,0.789618,0.131541,0.031541
seed_456,corr_source_motion_blur_sev4,17,2600,True,False,False,0.485000,0.485000,0.729615,0.934426,0.937791,0.449426,0.208176,0.746490,0.806129,0.261490,0.076514,0.745473,0.708846,0.223846,0.020769,0.610385,0.125385,0.119231,0.815914,0.330914,0.086299,0.815851,0.330851,0.086236,0.665717,0.180717,0.063899
seed_456,corr_source_motion_blur_sev5,18,2600,True,False,False,0.371923,0.371923,0.731538,0.922503,0.923007,0.550580,0.191468,0.719119,0.791343,0.347196,0.059804,0.709481,0.666538,0.294615,0.065000,0.548846,0.176923,0.182692,0.789298,0.417375,0.057759,0.789235,0.417312,0.057696,0.583779,0.211856,0.147759
seed_456,corr_source_brightness_sev1,19,2600,True,False,False,0.908846,0.908846,0.918846,0.983978,0.983978,0.075132,0.065132,0.970148,0.970148,0.061302,0.051302,0.951488,0.950769,0.041923,0.031923,0.930385,0.021538,0.011538,0.963901,0.055055,0.045055,0.963839,0.054992,0.044992,0.945225,0.036379,0.026379
seed_456,corr_source_brightness_sev2,20,2600,True,False,False,0.903462,0.903462,0.920000,0.983183,0.983594,0.079722,0.063594,0.967221,0.968542,0.063759,0.048542,0.947617,0.945000,0.041538,0.025000,0.925385,0.021923,0.005385,0.961772,0.058310,0.041772,0.961709,0.058247,0.041709,0.940880,0.037419,0.020880
seed_456,corr_source_brightness_sev3,21,2600,True,False,False,0.894615,0.894615,0.906154,0.983978,0.984411,0.089363,0.078257,0.962191,0.962673,0.067575,0.056519,0.941235,0.941923,0.047308,0.035769,0.916923,0.022308,0.010769,0.957777,0.063162,0.051623,0.957714,0.063099,0.051560,0.936482,0.041867,0.030329
seed_456,corr_source_brightness_sev4,22,2600,True,False,False,0.879615,0.879615,0.891154,0.981989,0.981989,0.102374,0.090835,0.954263,0.954385,0.074648,0.063231,0.931640,0.929615,0.050000,0.038462,0.900769,0.021154,0.009615,0.951294,0.071679,0.060140,0.951231,0.071616,0.060077,0.931866,0.052250,0.040712
seed_456,corr_source_brightness_sev5,23,2600,True,False,False,0.845385,0.845385,0.864231,0.974763,0.974763,0.129379,0.110533,0.932036,0.936732,0.086652,0.072501,0.914650,0.908846,0.063462,0.044615,0.873846,0.028462,0.009615,0.937699,0.092314,0.073468,0.937636,0.092252,0.073406,0.913804,0.068419,0.049573
seed_456,corr_source_zoom_blur_sev1,24,2600,True,False,False,0.810000,0.810000,0.860385,0.971112,0.971198,0.161112,0.110814,0.914170,0.916834,0.104170,0.056449,0.895369,0.889231,0.079231,0.028846,0.849615,0.039615,0.010769,0.923415,0.113415,0.063030,0.923352,0.113352,0.062968,0.894403,0.084403,0.034018
seed_456,corr_source_zoom_blur_sev2,25,2600,True,False,False,0.746538,0.746538,0.824231,0.954984,0.954984,0.208445,0.130753,0.875513,0.882187,0.128974,0.057956,0.859754,0.846154,0.099615,0.021923,0.799615,0.053077,0.024615,0.898446,0.151907,0.074215,0.898383,0.151845,0.074152,0.858939,0.112400,0.034708
seed_456,corr_source_zoom_blur_sev3,26,2600,True,False,False,0.699615,0.699615,0.785769,0.942229,0.942401,0.242614,0.156632,0.826014,0.843256,0.126399,0.057486,0.826528,0.801538,0.101923,0.015769,0.737692,0.038077,0.048077,0.872315,0.172700,0.086546,0.872253,0.172637,0.086483,0.827489,0.127874,0.041720
seed_456,corr_source_zoom_blur_sev4,27,2600,True,False,False,0.636538,0.636538,0.770385,0.930481,0.930606,0.293943,0.160221,0.780599,0.823072,0.144060,0.052687,0.793144,0.768846,0.132308,0.001538,0.676923,0.040385,0.093462,0.847602,0.211064,0.077218,0.847539,0.211001,0.077155,0.790153,0.153615,0.019769
seed_456,corr_source_zoom_blur_sev5,28,2600,True,False,False,0.569615,0.569615,0.738077,0.896435,0.901278,0.326819,0.163201,0.731793,0.793221,0.162178,0.055144,0.756317,0.725769,0.156154,0.012308,0.622692,0.053077,0.115385,0.821500,0.251885,0.083423,0.821437,0.251822,0.083360,0.742161,0.172545,0.004084
seed_456,corr_source_snow_sev1,29,2600,True,False,False,0.811923,0.811923,0.851538,0.963731,0.964971,0.151807,0.113433,0.916781,0.916781,0.104858,0.065242,0.900840,0.900000,0.088077,0.048462,0.854231,0.042308,0.002692,0.930057,0.118134,0.078519,0.929995,0.118072,0.078456,0.883865,0.071942,0.032326
seed_456,corr_source_snow_sev2,30,2600,True,False,False,0.611538,0.611538,0.769231,0.935299,0.936266,0.323760,0.167035,0.797687,0.828566,0.186148,0.059335,0.808098,0.785385,0.173846,0.016154,0.706538,0.095000,0.062692,0.859317,0.247778,0.090086,0.859254,0.247716,0.090023,0.728194,0.116655,0.041037
seed_456,corr_source_snow_sev3,31,2600,True,False,False,0.641538,0.641538,0.766154,0.935299,0.935299,0.293760,0.169145,0.817811,0.830868,0.176273,0.064714,0.819449,0.797692,0.156154,0.031538,0.719231,0.077692,0.046923,0.867556,0.226018,0.101403,0.867494,0.225955,0.101340,0.766029,0.124490,0.000125
seed_456,corr_source_snow_sev4,32,2600,True,False,False,0.543462,0.543462,0.738462,0.929601,0.930791,0.386139,0.192329,0.771859,0.813751,0.228398,0.075289,0.779551,0.755000,0.211538,0.016538,0.667692,0.124231,0.070769,0.838827,0.295365,0.100365,0.838764,0.295303,0.100303,0.702253,0.158791,0.036209
seed_456,corr_source_snow_sev5,33,2600,True,False,False,0.480769,0.480769,0.744615,0.915763,0.916790,0.434994,0.172175,0.725692,0.788272,0.244923,0.043656,0.741990,0.701923,0.221154,0.042692,0.593846,0.113077,0.150769,0.810452,0.329683,0.065837,0.810390,0.329620,0.065774,0.633680,0.152911,0.110936
seed_456,corr_source_defocus_blur_sev1,34,2600,True,False,False,0.836154,0.836154,0.871923,0.973549,0.973549,0.137395,0.101626,0.926702,0.931719,0.090548,0.059795,0.904981,0.886538,0.050385,0.014615,0.859231,0.023077,0.012692,0.927949,0.091795,0.056026,0.927886,0.091732,0.055963,0.898566,0.062412,0.026643
seed_456,corr_source_defocus_blur_sev2,35,2600,True,False,False,0.786923,0.786923,0.833077,0.971926,0.971926,0.185003,0.138849,0.899909,0.910497,0.112985,0.077420,0.874317,0.860769,0.073846,0.027692,0.810000,0.023077,0.023077,0.908435,0.121512,0.075358,0.908372,0.121449,0.075296,0.873275,0.086352,0.040198
seed_456,corr_source_defocus_blur_sev3,36,2600,True,False,False,0.675000,0.675000,0.779615,0.955404,0.956228,0.280404,0.176613,0.822660,0.857477,0.147660,0.077862,0.800168,0.776154,0.101154,0.003462,0.689615,0.014615,0.090000,0.854349,0.179349,0.074733,0.854286,0.179286,0.074671,0.808449,0.133449,0.028833
seed_456,corr_source_defocus_blur_sev4,37,2600,True,False,False,0.568077,0.568077,0.748462,0.943948,0.944521,0.375871,0.196060,0.746705,0.818396,0.178628,0.069935,0.729570,0.688846,0.120769,0.059615,0.586538,0.018462,0.161923,0.803540,0.235463,0.055078,0.803477,0.235400,0.055015,0.733585,0.165508,0.014876
seed_456,corr_source_defocus_blur_sev5,38,2600,True,False,False,0.454231,0.454231,0.725769,0.933552,0.933749,0.479321,0.207979,0.681341,0.806384,0.227110,0.080614,0.658969,0.606923,0.152692,0.118846,0.480000,0.025769,0.245769,0.752496,0.298265,0.026727,0.752433,0.298203,0.026664,0.641177,0.186946,0.084593
seed_456,corr_source_glass_blur_sev1,39,2600,True,False,False,0.795769,0.795769,0.843846,0.971519,0.971519,0.175750,0.127673,0.904089,0.906263,0.108319,0.062416,0.890658,0.873077,0.077308,0.029231,0.838462,0.042692,0.005385,0.918794,0.123025,0.074948,0.918731,0.122962,0.074885,0.869701,0.073931,0.025855
seed_456,corr_source_glass_blur_sev2,40,2600,True,False,False,0.684615,0.684615,0.775385,0.961661,0.961719,0.277046,0.186334,0.840563,0.863850,0.155948,0.088465,0.830841,0.810385,0.125769,0.035000,0.745000,0.060385,0.030385,0.876198,0.191583,0.100814,0.876136,0.191520,0.100751,0.785199,0.100583,0.009814
seed_456,corr_source_glass_blur_sev3,41,2600,True,False,False,0.401923,0.401923,0.733077,0.912589,0.913108,0.510666,0.180031,0.693589,0.801281,0.291666,0.068204,0.658301,0.609615,0.207692,0.123462,0.466923,0.065000,0.266154,0.752016,0.350093,0.018939,0.751953,0.350030,0.018876,0.524055,0.122132,0.209022
seed_456,corr_source_glass_blur_sev4,42,2600,True,False,False,0.310000,0.310000,0.765769,0.910767,0.914657,0.600767,0.148888,0.681869,0.788458,0.371869,0.022689,0.621594,0.552692,0.242692,0.213077,0.406923,0.096923,0.358846,0.723292,0.413292,0.042477,0.723229,0.413229,0.042540,0.441043,0.131043,0.324726
seed_456,corr_source_glass_blur_sev5,43,2600,True,False,False,0.236154,0.236154,0.799615,0.930041,0.930041,0.693887,0.130426,0.702551,0.794736,0.466397,0.004879,0.614313,0.568077,0.331923,0.231538,0.404231,0.168077,0.395385,0.729419,0.493265,0.070197,0.729356,0.493202,0.070259,0.379686,0.143532,0.419929
seed_456,corr_source_gaussian_noise_sev1,44,2600,True,False,False,0.838077,0.838077,0.860769,0.978389,0.978807,0.140312,0.118037,0.938384,0.938384,0.100307,0.077614,0.924706,0.920385,0.082308,0.059615,0.890769,0.052692,0.030000,0.944734,0.106658,0.083965,0.944672,0.106595,0.083902,0.916766,0.078689,0.055996
seed_456,corr_source_gaussian_noise_sev2,45,2600,True,False,False,0.753846,0.753846,0.802692,0.969889,0.970750,0.216043,0.168057,0.897543,0.898284,0.143697,0.095592,0.894314,0.885000,0.131154,0.082308,0.844615,0.090769,0.041923,0.922519,0.168673,0.119827,0.922457,0.168610,0.119764,0.861170,0.107324,0.058478
seed_456,corr_source_gaussian_noise_sev3,46,2600,True,False,False,0.618846,0.618846,0.745000,0.952458,0.953966,0.333612,0.208966,0.811687,0.826150,0.192841,0.081150,0.844815,0.821538,0.202692,0.076538,0.765000,0.146154,0.020000,0.884325,0.265479,0.139325,0.884262,0.265416,0.139262,0.771542,0.152696,0.026542
seed_456,corr_source_gaussian_noise_sev4,47,2600,True,False,False,0.444231,0.444231,0.720769,0.912134,0.913172,0.467903,0.192403,0.695133,0.791785,0.250902,0.071015,0.768734,0.732692,0.288462,0.011923,0.646538,0.202308,0.074231,0.828579,0.384348,0.107809,0.828516,0.384285,0.107747,0.650488,0.206257,0.070281
seed_456,corr_source_gaussian_noise_sev5,48,2600,True,False,False,0.243846,0.243846,0.796154,0.852604,0.857896,0.608758,0.061742,0.600530,0.757475,0.356684,0.038678,0.671602,0.617308,0.373462,0.178846,0.490769,0.246923,0.305385,0.760624,0.516778,0.035529,0.760562,0.516715,0.035592,0.483135,0.239289,0.313019
seed_456,corr_source_shot_noise_sev1,49,2600,True,False,False,0.833846,0.833846,0.865000,0.977183,0.977637,0.143337,0.112637,0.940297,0.940515,0.106451,0.075515,0.923385,0.916923,0.083077,0.051923,0.891538,0.057692,0.026538,0.945396,0.111549,0.080396,0.945333,0.111487,0.080333,0.913847,0.080001,0.048847
seed_456,corr_source_shot_noise_sev2,50,2600,True,False,False,0.748077,0.748077,0.803462,0.964968,0.964968,0.216891,0.161507,0.889645,0.889854,0.141568,0.086392,0.890705,0.889615,0.141538,0.086154,0.836923,0.088846,0.033462,0.920169,0.172092,0.116707,0.920106,0.172029,0.116645,0.859785,0.111708,0.056323
seed_456,corr_source_shot_noise_sev3,51,2600,True,False,False,0.618846,0.618846,0.741154,0.943948,0.944115,0.325102,0.202961,0.804355,0.825622,0.185509,0.084468,0.834544,0.812692,0.193846,0.071538,0.750000,0.131154,0.008846,0.876411,0.257565,0.135257,0.876348,0.257502,0.135194,0.765715,0.146869,0.024561
seed_456,corr_source_shot_noise_sev4,52,2600,True,False,False,0.401154,0.401154,0.745769,0.895966,0.896569,0.494812,0.150800,0.674605,0.776149,0.273452,0.030380,0.748341,0.712308,0.311154,0.033462,0.611538,0.210385,0.134231,0.813810,0.412656,0.068040,0.813747,0.412593,0.067978,0.617145,0.215992,0.128624
seed_456,corr_source_shot_noise_sev5,53,2600,True,False,False,0.281154,0.281154,0.783462,0.882201,0.884933,0.601047,0.101471,0.658731,0.737162,0.377577,0.046300,0.704783,0.673077,0.391923,0.110385,0.549231,0.268077,0.234231,0.788470,0.507316,0.005008,0.788407,0.507253,0.004946,0.519119,0.237965,0.264342
seed_456,corr_source_impulse_noise_sev1,54,2600,True,False,False,0.756538,0.756538,0.817308,0.959584,0.960921,0.203045,0.143614,0.886429,0.887623,0.129890,0.070315,0.886592,0.876154,0.119615,0.058846,0.826154,0.069615,0.008846,0.916537,0.159999,0.099229,0.916474,0.159936,0.099167,0.867405,0.110867,0.050098
seed_456,corr_source_impulse_noise_sev2,55,2600,True,False,False,0.699615,0.699615,0.765000,0.947368,0.947742,0.247753,0.182742,0.842990,0.859072,0.143375,0.094072,0.860867,0.850769,0.151154,0.085769,0.796154,0.096538,0.031154,0.898985,0.199370,0.133985,0.898922,0.199307,0.133922,0.829795,0.130179,0.064795
seed_456,corr_source_impulse_noise_sev3,56,2600,True,False,False,0.616538,0.616538,0.747308,0.935299,0.936161,0.318760,0.188854,0.789610,0.819027,0.173072,0.071719,0.831228,0.809231,0.192692,0.061923,0.740000,0.123462,0.007308,0.874410,0.257871,0.127102,0.874347,0.257809,0.127039,0.783849,0.167311,0.036541
seed_456,corr_source_impulse_noise_sev4,57,2600,True,False,False,0.438462,0.438462,0.721923,0.913043,0.914847,0.474582,0.192924,0.678494,0.789323,0.240032,0.067400,0.755519,0.722308,0.283846,0.000385,0.618462,0.180000,0.103462,0.820700,0.382239,0.098777,0.820638,0.382176,0.098714,0.650382,0.211920,0.071541
seed_456,corr_source_impulse_noise_sev5,58,2600,True,False,False,0.266154,0.266154,0.773077,0.844958,0.851248,0.578804,0.078171,0.601318,0.744544,0.335165,0.028533,0.669930,0.628077,0.361923,0.145000,0.485000,0.218846,0.288077,0.763493,0.497339,0.009584,0.763430,0.497276,0.009647,0.500924,0.234770,0.272153
seed_456,corr_source_contrast_sev1,59,2600,True,False,False,0.871154,0.871154,0.888077,0.981191,0.981191,0.110037,0.093114,0.952587,0.952587,0.081433,0.064510,0.930996,0.933462,0.062308,0.045385,0.901923,0.030769,0.013846,0.951260,0.080106,0.063183,0.951198,0.080044,0.063121,0.921433,0.050279,0.033356
seed_456,corr_source_contrast_sev2,60,2600,True,False,False,0.832692,0.832692,0.864231,0.976378,0.976378,0.143686,0.112147,0.932087,0.932087,0.099394,0.067856,0.910936,0.905385,0.072692,0.041154,0.873846,0.041154,0.009615,0.935899,0.103207,0.071668,0.935836,0.103144,0.071605,0.896263,0.063571,0.032032
seed_456,corr_source_contrast_sev3,61,2600,True,False,False,0.750000,0.750000,0.805000,0.959584,0.960824,0.209584,0.155824,0.875528,0.880291,0.125528,0.075291,0.867873,0.852308,0.102308,0.047308,0.800000,0.050000,0.005000,0.901694,0.151694,0.096694,0.901631,0.151631,0.096631,0.831066,0.081066,0.026066
seed_456,corr_source_contrast_sev4,62,2600,True,False,False,0.521154,0.521154,0.725385,0.908022,0.908022,0.386868,0.182637,0.741220,0.781011,0.220067,0.055626,0.768239,0.735769,0.214615,0.010385,0.652692,0.131538,0.072692,0.830701,0.309547,0.105316,0.830638,0.309484,0.105253,0.674284,0.153130,0.051100
seed_456,corr_source_contrast_sev5,63,2600,True,False,False,0.290385,0.290385,0.771154,0.848539,0.850647,0.558154,0.079493,0.537573,0.747105,0.247189,0.024049,0.618756,0.550769,0.260385,0.220385,0.409231,0.118846,0.361923,0.717731,0.427347,0.053423,0.717669,0.427284,0.053485,0.502703,0.212318,0.268451
seed_456,corr_source_elastic_transform_sev1,64,2600,True,False,False,0.866923,0.866923,0.888077,0.978790,0.979269,0.111867,0.091193,0.953642,0.954001,0.086719,0.065924,0.930334,0.925000,0.058077,0.036923,0.898846,0.031923,0.010769,0.948503,0.081580,0.060426,0.948440,0.081517,0.060363,0.921560,0.054637,0.033483
seed_456,corr_source_elastic_transform_sev2,65,2600,True,False,False,0.653077,0.653077,0.761154,0.930041,0.931915,0.276964,0.170761,0.823998,0.858810,0.170921,0.097656,0.829804,0.811154,0.158077,0.050000,0.740769,0.087692,0.020385,0.874342,0.221265,0.113188,0.874279,0.221202,0.113125,0.773430,0.120353,0.012276
seed_456,corr_source_elastic_transform_sev3,66,2600,True,False,False,0.754615,0.754615,0.803846,0.965792,0.966279,0.211176,0.162433,0.895310,0.896126,0.140695,0.092280,0.875910,0.870769,0.116154,0.066923,0.817308,0.062692,0.013462,0.910656,0.156040,0.106809,0.910593,0.155977,0.106747,0.827932,0.073316,0.024086
seed_456,corr_source_elastic_transform_sev4,67,2600,True,False,False,0.610769,0.610769,0.738462,0.946515,0.946515,0.335746,0.208054,0.815626,0.832904,0.204857,0.094442,0.808250,0.789231,0.178462,0.050769,0.710385,0.099615,0.028077,0.860400,0.249631,0.121938,0.860337,0.249568,0.121876,0.709126,0.098357,0.029335
seed_456,corr_source_elastic_transform_sev5,68,2600,True,False,False,0.351923,0.351923,0.743462,0.911223,0.911223,0.559300,0.167761,0.661974,0.758445,0.310050,0.014984,0.678401,0.627692,0.275769,0.115769,0.503077,0.151154,0.240385,0.765069,0.413146,0.021607,0.765006,0.413083,0.021545,0.486353,0.134430,0.257109
seed_456,corr_source_pixelate_sev1,69,2600,True,False,False,0.872308,0.872308,0.895769,0.976781,0.976781,0.104473,0.081012,0.952987,0.952987,0.080679,0.057218,0.929956,0.926923,0.054615,0.031154,0.896538,0.024231,0.000769,0.949838,0.077530,0.054069,0.949775,0.077467,0.054006,0.919226,0.046919,0.023457
seed_456,corr_source_pixelate_sev2,70,2600,True,False,False,0.855385,0.855385,0.884231,0.979191,0.979608,0.123807,0.095377,0.940786,0.940786,0.085401,0.056555,0.921128,0.912308,0.056923,0.028077,0.882692,0.027308,0.001538,0.942086,0.086701,0.057855,0.942023,0.086638,0.057792,0.907473,0.052089,0.023242
seed_456,corr_source_pixelate_sev3,71,2600,True,False,False,0.778846,0.778846,0.834615,0.960831,0.961318,0.181985,0.126703,0.894462,0.896114,0.115616,0.061498,0.880388,0.876923,0.098077,0.042308,0.820769,0.041923,0.013846,0.914177,0.135331,0.079562,0.914115,0.135269,0.079499,0.852324,0.073478,0.017709
seed_456,corr_source_pixelate_sev4,72,2600,True,False,False,0.653846,0.653846,0.785769,0.940505,0.941156,0.286659,0.155387,0.814440,0.835760,0.160594,0.049991,0.813559,0.782308,0.128462,0.003462,0.710000,0.056154,0.075769,0.861600,0.207754,0.075831,0.861537,0.207691,0.075768,0.759010,0.105164,0.026759
seed_456,corr_source_pixelate_sev5,73,2600,True,False,False,0.576923,0.576923,0.764231,0.920266,0.920266,0.343343,0.156035,0.725645,0.819905,0.148722,0.055675,0.761326,0.722692,0.145769,0.041538,0.628462,0.051538,0.135769,0.823057,0.246134,0.058826,0.822994,0.246071,0.058763,0.697650,0.120726,0.066581
seed_456,corr_source_jpeg_compression_sev1,74,2600,True,False,False,0.870769,0.870769,0.889231,0.980792,0.981206,0.110023,0.091975,0.954654,0.956739,0.083885,0.067508,0.934912,0.931538,0.060769,0.042308,0.909615,0.038846,0.020385,0.951404,0.080635,0.062174,0.951342,0.080572,0.062111,0.911015,0.040246,0.021784
seed_456,corr_source_jpeg_compression_sev2,75,2600,True,False,False,0.853846,0.853846,0.875385,0.976781,0.976816,0.122935,0.101431,0.944355,0.947158,0.090509,0.071774,0.926052,0.925769,0.071923,0.050385,0.898462,0.044615,0.023077,0.947526,0.093680,0.072142,0.947464,0.093618,0.072079,0.901318,0.047472,0.025934
seed_456,corr_source_jpeg_compression_sev3,76,2600,True,False,False,0.836538,0.836538,0.860385,0.972332,0.972800,0.135794,0.112415,0.938538,0.940128,0.102000,0.079743,0.919126,0.913077,0.076538,0.052692,0.886538,0.050000,0.026154,0.941555,0.105016,0.081170,0.941492,0.104954,0.081107,0.889507,0.052968,0.029122
seed_456,corr_source_jpeg_compression_sev4,77,2600,True,False,False,0.775769,0.775769,0.824615,0.967434,0.967580,0.191665,0.142964,0.899003,0.902825,0.123234,0.078210,0.889378,0.881154,0.105385,0.056538,0.833462,0.057692,0.008846,0.919672,0.143903,0.095057,0.919610,0.143840,0.094994,0.854172,0.078403,0.029557
seed_456,corr_source_jpeg_compression_sev5,78,2600,True,False,False,0.687308,0.687308,0.785769,0.947794,0.949800,0.260487,0.164031,0.834120,0.843820,0.146813,0.058051,0.832670,0.816538,0.129231,0.030769,0.742308,0.055000,0.043462,0.877306,0.189998,0.091537,0.877243,0.189936,0.091474,0.787689,0.100382,0.001920
seed_456,corr_source_speckle_noise_sev1,79,2600,True,False,False,0.849231,0.849231,0.871154,0.983978,0.983978,0.134747,0.112824,0.946233,0.946337,0.097002,0.075183,0.926904,0.928462,0.079231,0.057308,0.901154,0.051923,0.030000,0.946861,0.097630,0.075707,0.946798,0.097567,0.075644,0.911100,0.061870,0.039947
seed_456,corr_source_speckle_noise_sev2,80,2600,True,False,False,0.810385,0.810385,0.841154,0.974359,0.976472,0.163974,0.135318,0.923340,0.924203,0.112955,0.083049,0.907754,0.901154,0.090769,0.060000,0.866154,0.055769,0.025000,0.932695,0.122310,0.091541,0.932632,0.122247,0.091478,0.883352,0.072968,0.042198
seed_456,corr_source_speckle_noise_sev3,81,2600,True,False,False,0.668462,0.668462,0.760769,0.949070,0.949070,0.280609,0.188301,0.840541,0.850532,0.172080,0.089763,0.849087,0.835385,0.166923,0.074615,0.773077,0.104615,0.012308,0.889584,0.221122,0.128814,0.889521,0.221059,0.128752,0.781103,0.112641,0.020333
seed_456,corr_source_speckle_noise_sev4,82,2600,True,False,False,0.566538,0.566538,0.727308,0.940073,0.941201,0.373535,0.213893,0.780253,0.817927,0.213714,0.090619,0.807374,0.778846,0.212308,0.051538,0.703462,0.136923,0.023846,0.856815,0.290276,0.129507,0.856752,0.290214,0.129444,0.716163,0.149625,0.011144
seed_456,corr_source_speckle_noise_sev5,83,2600,True,False,False,0.448846,0.448846,0.731923,0.921162,0.922516,0.472316,0.190593,0.725331,0.797118,0.276485,0.065195,0.765142,0.735385,0.286538,0.003462,0.635769,0.186923,0.096154,0.828298,0.379452,0.096375,0.828236,0.379389,0.096312,0.643526,0.194680,0.088397
seed_456,corr_source_spatter_sev1,84,2600,True,False,False,0.905385,0.905385,0.915769,0.985168,0.985212,0.079783,0.069443,0.967958,0.970329,0.062573,0.054560,0.948762,0.940769,0.035385,0.025000,0.924231,0.018846,0.008462,0.961613,0.056229,0.045844,0.961551,0.056166,0.045781,0.942826,0.037441,0.027056
seed_456,corr_source_spatter_sev2,85,2600,True,False,False,0.853462,0.853462,0.883077,0.973549,0.974822,0.120088,0.091745,0.943050,0.944208,0.089588,0.061131,0.924292,0.914231,0.060769,0.031154,0.888462,0.035000,0.005385,0.943148,0.089686,0.060071,0.943085,0.089623,0.060008,0.910173,0.056712,0.027096
seed_456,corr_source_spatter_sev3,86,2600,True,False,False,0.802692,0.802692,0.840000,0.964968,0.966530,0.162276,0.126530,0.902489,0.907971,0.099796,0.067971,0.893619,0.886923,0.084231,0.046923,0.843462,0.040769,0.003462,0.922858,0.120165,0.082858,0.922795,0.120103,0.082795,0.875262,0.072569,0.035262
seed_456,corr_source_spatter_sev4,87,2600,True,False,False,0.720769,0.720769,0.792692,0.955404,0.955404,0.234635,0.162711,0.882098,0.885245,0.161329,0.092552,0.862787,0.846923,0.126154,0.054231,0.790000,0.069231,0.002692,0.898955,0.178186,0.106263,0.898893,0.178123,0.106200,0.824757,0.103988,0.032065
seed_456,corr_source_spatter_sev5,88,2600,True,False,False,0.621923,0.621923,0.726923,0.944377,0.945567,0.322454,0.218644,0.827998,0.840749,0.206075,0.113826,0.827837,0.809231,0.187308,0.082308,0.737308,0.115385,0.010385,0.873344,0.251421,0.146421,0.873282,0.251359,0.146359,0.735901,0.113978,0.008978
seed_456,corr_source_gaussian_blur_sev1,89,2600,True,False,False,0.874615,0.874615,0.891154,0.987933,0.987933,0.113318,0.096779,0.962294,0.962294,0.087679,0.071140,0.938865,0.940000,0.065385,0.048846,0.916923,0.042308,0.025769,0.957782,0.083167,0.066628,0.957720,0.083104,0.066566,0.930662,0.056047,0.039508
seed_456,corr_source_gaussian_blur_sev2,90,2600,True,False,False,0.810769,0.810769,0.850385,0.972738,0.973323,0.161969,0.122938,0.914677,0.927019,0.103907,0.076634,0.890870,0.880000,0.069231,0.029615,0.838077,0.027308,0.012308,0.920765,0.109996,0.070380,0.920702,0.109933,0.070318,0.887809,0.077040,0.037425
seed_456,corr_source_gaussian_blur_sev3,91,2600,True,False,False,0.706538,0.706538,0.785000,0.957498,0.957811,0.250960,0.172811,0.845410,0.861543,0.138872,0.076543,0.826069,0.804615,0.098077,0.019615,0.736923,0.030385,0.048077,0.872021,0.165483,0.087021,0.871959,0.165420,0.086959,0.823393,0.116855,0.038393
seed_456,corr_source_gaussian_blur_sev4,92,2600,True,False,False,0.601538,0.601538,0.757308,0.941368,0.941455,0.339830,0.184148,0.758635,0.835522,0.157097,0.078214,0.751720,0.712692,0.111154,0.044615,0.618846,0.017308,0.138462,0.815979,0.214440,0.058671,0.815916,0.214377,0.058608,0.752358,0.150820,0.004949
seed_456,corr_source_gaussian_blur_sev5,93,2600,True,False,False,0.378846,0.378846,0.733846,0.914858,0.916135,0.536012,0.182289,0.633759,0.785048,0.254913,0.051201,0.611554,0.552692,0.173846,0.181154,0.409231,0.030385,0.324615,0.717559,0.338713,0.016287,0.717497,0.338651,0.016349,0.571043,0.192197,0.162803
seed_456,corr_source_saturate_sev1,94,2600,True,False,False,0.885000,0.885000,0.894615,0.986355,0.986355,0.101355,0.091739,0.958992,0.960336,0.073992,0.065721,0.939494,0.944231,0.059231,0.049615,0.917692,0.032692,0.023077,0.957658,0.072658,0.063043,0.957595,0.072595,0.062980,0.926358,0.041358,0.031743
seed_456,corr_source_saturate_sev2,95,2600,True,False,False,0.862308,0.862308,0.873462,0.981590,0.982415,0.119283,0.108953,0.951494,0.952887,0.089186,0.079425,0.930823,0.927308,0.065000,0.053846,0.900000,0.037692,0.026538,0.950178,0.087870,0.076716,0.950115,0.087807,0.076654,0.921503,0.059195,0.048041
seed_456,corr_source_saturate_sev3,96,2600,True,False,False,0.901923,0.901923,0.914231,0.988720,0.989539,0.086797,0.075308,0.967844,0.970120,0.065921,0.055889,0.949589,0.949231,0.047308,0.035000,0.930000,0.028077,0.015769,0.964212,0.062289,0.049981,0.964149,0.062226,0.049919,0.945863,0.043940,0.031633
seed_456,corr_source_saturate_sev4,97,2600,True,False,False,0.856154,0.856154,0.883077,0.979191,0.979608,0.123037,0.096531,0.947279,0.948696,0.091125,0.065620,0.931330,0.928077,0.071923,0.045000,0.899231,0.043077,0.016154,0.950198,0.094044,0.067121,0.950135,0.093981,0.067058,0.925548,0.069394,0.042471
seed_456,corr_source_saturate_sev5,98,2600,True,False,False,0.802692,0.802692,0.833077,0.973549,0.973589,0.170857,0.140512,0.914784,0.918860,0.112091,0.085783,0.905036,0.898077,0.095385,0.065000,0.862308,0.059615,0.029231,0.931304,0.128611,0.098227,0.931241,0.128549,0.098164,0.890602,0.087910,0.057525
seed_456,corr_target_fog_sev1,99,2600,False,True,False,0.553846,0.553846,0.688462,0.942229,0.942570,0.388383,0.254109,0.805941,0.820138,0.252095,0.131677,0.808762,0.786923,0.233077,0.098462,0.711923,0.158077,0.023462,0.859742,0.305896,0.171280,0.859679,0.305833,0.171217,0.776622,0.222775,0.088160
seed_456,corr_target_fog_sev2,100,2600,False,True,False,0.533077,0.533077,0.685385,0.927835,0.928330,0.394758,0.242946,0.787178,0.824576,0.254101,0.139192,0.793714,0.763077,0.230000,0.077692,0.679615,0.146538,0.005769,0.846918,0.313841,0.161533,0.846855,0.313778,0.161470,0.754970,0.221893,0.069586
seed_456,corr_target_fog_sev3,101,2600,False,True,False,0.480769,0.480769,0.687692,0.920714,0.923742,0.439945,0.236050,0.760572,0.792503,0.279803,0.104811,0.772497,0.741154,0.260385,0.053462,0.643846,0.163077,0.043846,0.834494,0.353725,0.146802,0.834431,0.353662,0.146739,0.722227,0.241458,0.034535
seed_456,corr_target_fog_sev4,102,2600,False,True,False,0.413462,0.413462,0.702692,0.931360,0.931851,0.517899,0.229159,0.747479,0.791964,0.334017,0.089271,0.756729,0.723077,0.309615,0.020385,0.626538,0.213077,0.076154,0.822427,0.408965,0.119735,0.822364,0.408903,0.119672,0.660834,0.247372,0.041858
seed_456,corr_target_fog_sev5,103,2600,False,True,False,0.301154,0.301154,0.738462,0.942660,0.942660,0.641506,0.204198,0.704723,0.791957,0.403569,0.053495,0.724822,0.692692,0.391538,0.045769,0.584231,0.283077,0.154231,0.801604,0.500451,0.063143,0.801542,0.500388,0.063080,0.532932,0.231778,0.205529
seed_456,corr_target_frost_sev1,104,2600,False,True,False,0.535769,0.535769,0.681923,0.931800,0.932289,0.396030,0.250366,0.780433,0.813589,0.244664,0.131666,0.797427,0.766154,0.230385,0.084231,0.691923,0.156154,0.010000,0.852091,0.316322,0.170168,0.852028,0.316259,0.170105,0.771357,0.235588,0.089434
seed_456,corr_target_frost_sev2,105,2600,False,True,False,0.436923,0.436923,0.694615,0.917569,0.917569,0.480646,0.222953,0.709512,0.794125,0.272589,0.099510,0.752417,0.721538,0.284615,0.026923,0.623077,0.186154,0.071538,0.818494,0.381571,0.123879,0.818431,0.381508,0.123816,0.689819,0.252896,0.004797
seed_456,corr_target_frost_sev3,106,2600,False,True,False,0.371923,0.371923,0.710769,0.898772,0.902325,0.526849,0.191556,0.662772,0.770391,0.290849,0.059622,0.716070,0.670000,0.298077,0.040769,0.564231,0.192308,0.146538,0.793298,0.421375,0.082529,0.793236,0.421313,0.082466,0.625426,0.253502,0.085344
seed_456,corr_target_frost_sev4,107,2600,False,True,False,0.354231,0.354231,0.719615,0.903416,0.904002,0.549186,0.184386,0.673114,0.767661,0.318883,0.048046,0.712631,0.677308,0.323077,0.042308,0.558077,0.203846,0.161538,0.793507,0.439276,0.073891,0.793444,0.439213,0.073829,0.604271,0.250040,0.115344
seed_456,corr_target_frost_sev5,108,2600,False,True,False,0.310385,0.310385,0.741538,0.902491,0.902491,0.592106,0.160952,0.658594,0.763202,0.348210,0.021664,0.692529,0.662692,0.352308,0.078846,0.519231,0.208846,0.222308,0.779007,0.468622,0.037469,0.778944,0.468560,0.037406,0.558286,0.247902,0.183252
seed_456,corr_target_motion_blur_sev1,109,2600,False,True,False,0.550385,0.550385,0.690385,0.952458,0.953372,0.402073,0.262987,0.822212,0.833989,0.271827,0.143604,0.808407,0.785769,0.235385,0.095385,0.715769,0.165385,0.025385,0.862558,0.312173,0.172173,0.862495,0.312110,0.172110,0.801056,0.250672,0.110672
seed_456,corr_target_motion_blur_sev2,110,2600,False,True,False,0.495769,0.495769,0.678462,0.946942,0.946942,0.451173,0.268481,0.780768,0.813674,0.284999,0.135213,0.772078,0.734231,0.238462,0.055769,0.644615,0.148846,0.033846,0.831216,0.335447,0.152755,0.831154,0.335384,0.152692,0.761101,0.265332,0.082639
seed_456,corr_target_motion_blur_sev3,111,2600,False,True,False,0.393462,0.393462,0.707308,0.922949,0.925179,0.529488,0.217871,0.719330,0.812739,0.325869,0.105431,0.729193,0.698462,0.305000,0.008846,0.591154,0.197692,0.116154,0.803988,0.410526,0.096680,0.803925,0.410463,0.096617,0.696053,0.302591,0.011255
seed_456,corr_target_motion_blur_sev4,112,2600,False,True,False,0.300769,0.300769,0.730769,0.912589,0.915312,0.611820,0.184543,0.697197,0.797062,0.396428,0.066293,0.688307,0.656538,0.355769,0.074231,0.520769,0.220000,0.210000,0.777133,0.476364,0.046364,0.777070,0.476301,0.046301,0.581516,0.280747,0.149253
seed_456,corr_target_motion_blur_sev5,113,2600,False,True,False,0.243846,0.243846,0.768077,0.896903,0.901414,0.653057,0.133338,0.684681,0.794805,0.440835,0.026728,0.675283,0.640000,0.396154,0.128077,0.508462,0.264615,0.259615,0.768979,0.525132,0.000902,0.768916,0.525070,0.000839,0.511494,0.267648,0.256583
seed_456,corr_target_brightness_sev1,114,2600,False,True,False,0.605769,0.605769,0.703077,0.956661,0.957112,0.350892,0.254035,0.837407,0.859327,0.231638,0.156250,0.837343,0.828846,0.223077,0.125769,0.761154,0.155385,0.058077,0.882597,0.276828,0.179520,0.882534,0.276765,0.179457,0.821739,0.215970,0.118662
seed_456,corr_target_brightness_sev2,115,2600,False,True,False,0.602692,0.602692,0.699231,0.957498,0.958907,0.354806,0.259676,0.835482,0.857644,0.232790,0.158413,0.832384,0.815000,0.212308,0.115769,0.751923,0.149231,0.052692,0.878687,0.275995,0.179456,0.878624,0.275932,0.179393,0.824178,0.221486,0.124948
seed_456,corr_target_brightness_sev3,116,2600,False,True,False,0.588846,0.588846,0.692308,0.950767,0.951300,0.361921,0.258992,0.828689,0.854343,0.239843,0.162035,0.827970,0.815769,0.226923,0.123462,0.750000,0.161154,0.057692,0.876234,0.287388,0.183926,0.876171,0.287325,0.183863,0.824794,0.235948,0.132486
seed_456,corr_target_brightness_sev4,117,2600,False,True,False,0.573462,0.573462,0.685385,0.937908,0.938093,0.364447,0.252708,0.811895,0.855849,0.238434,0.170464,0.814866,0.803462,0.230000,0.118077,0.726538,0.153077,0.041154,0.865574,0.292112,0.180189,0.865511,0.292049,0.180126,0.816239,0.242778,0.130855
seed_456,corr_target_brightness_sev5,118,2600,False,True,False,0.551923,0.551923,0.670000,0.935299,0.936749,0.383376,0.266749,0.789089,0.840944,0.237166,0.170944,0.800268,0.781923,0.230000,0.111923,0.704231,0.152308,0.034231,0.855478,0.303555,0.185478,0.855416,0.303493,0.185416,0.801109,0.249186,0.131109
seed_456,corr_target_zoom_blur_sev1,119,2600,False,True,False,0.504615,0.504615,0.685385,0.926507,0.927853,0.421892,0.242469,0.765669,0.814182,0.261054,0.128798,0.773113,0.734615,0.230000,0.049231,0.645000,0.140385,0.040385,0.831771,0.327155,0.146386,0.831708,0.327092,0.146323,0.762712,0.258097,0.077328
seed_456,corr_target_zoom_blur_sev2,120,2600,False,True,False,0.460000,0.460000,0.701154,0.918919,0.919428,0.458919,0.218274,0.724003,0.788158,0.264003,0.087004,0.744307,0.688846,0.228846,0.012308,0.589615,0.129615,0.111538,0.806871,0.346871,0.105718,0.806809,0.346809,0.105655,0.733309,0.273309,0.032155
seed_456,corr_target_zoom_blur_sev3,121,2600,False,True,False,0.427692,0.427692,0.698846,0.898772,0.900041,0.471079,0.201195,0.695162,0.782413,0.267469,0.083567,0.722002,0.684615,0.256923,0.014231,0.567308,0.139615,0.131538,0.796487,0.368795,0.097641,0.796424,0.368732,0.097578,0.708528,0.280835,0.009681
seed_456,corr_target_zoom_blur_sev4,122,2600,False,True,False,0.389615,0.389615,0.714231,0.874459,0.875231,0.484843,0.161000,0.668148,0.770849,0.278533,0.056618,0.696473,0.646538,0.256923,0.067692,0.526538,0.136923,0.187692,0.777759,0.388144,0.063528,0.777696,0.388081,0.063466,0.681568,0.291952,0.032663
seed_456,corr_target_zoom_blur_sev5,123,2600,False,True,False,0.345769,0.345769,0.734231,0.858147,0.863141,0.512377,0.128910,0.636779,0.761905,0.291010,0.027675,0.669140,0.616538,0.270769,0.117692,0.484231,0.138462,0.250000,0.759695,0.413926,0.025464,0.759632,0.413863,0.025401,0.646554,0.300784,0.087677
seed_456,corr_target_snow_sev1,124,2600,False,True,False,0.485000,0.485000,0.683846,0.919817,0.920676,0.434817,0.236830,0.754033,0.809711,0.269033,0.125865,0.779995,0.756923,0.271923,0.073077,0.659615,0.174615,0.024231,0.840013,0.355013,0.156167,0.839951,0.354951,0.156105,0.742858,0.257858,0.059012
seed_456,corr_target_snow_sev2,125,2600,False,True,False,0.331923,0.331923,0.731538,0.912589,0.916375,0.580666,0.184836,0.691013,0.794129,0.359090,0.062591,0.722283,0.694615,0.362692,0.036923,0.565385,0.233462,0.166154,0.799937,0.468014,0.068398,0.799874,0.467951,0.068335,0.604316,0.272393,0.127222
seed_456,corr_target_snow_sev3,126,2600,False,True,False,0.362308,0.362308,0.711538,0.912589,0.914270,0.550281,0.202731,0.705697,0.772257,0.343389,0.060718,0.730746,0.691923,0.329615,0.019615,0.583846,0.221538,0.127692,0.805989,0.443681,0.094451,0.805926,0.443619,0.094388,0.649950,0.287642,0.061589
seed_456,corr_target_snow_sev4,127,2600,False,True,False,0.294615,0.294615,0.747692,0.895497,0.897580,0.600882,0.149887,0.663742,0.772808,0.369126,0.025116,0.695493,0.651538,0.356923,0.096154,0.528077,0.233462,0.219615,0.780041,0.485426,0.032349,0.779979,0.485363,0.032286,0.581181,0.286566,0.166511
seed_456,corr_target_snow_sev5,128,2600,False,True,False,0.260385,0.260385,0.765769,0.890785,0.891573,0.630400,0.125803,0.638563,0.781066,0.378179,0.015296,0.662742,0.613846,0.353462,0.151923,0.471923,0.211538,0.293846,0.756529,0.496144,0.009240,0.756466,0.496081,0.009303,0.533298,0.272914,0.232471
seed_456,corr_target_defocus_blur_sev1,129,2600,False,True,False,0.522308,0.522308,0.687692,0.951613,0.952562,0.429305,0.264870,0.806463,0.830857,0.284156,0.143164,0.790317,0.766154,0.243846,0.078462,0.680385,0.158077,0.007308,0.848888,0.326580,0.161195,0.848825,0.326517,0.161133,0.788572,0.266265,0.100880
seed_456,corr_target_defocus_blur_sev2,130,2600,False,True,False,0.481538,0.481538,0.685769,0.945661,0.946890,0.464123,0.261121,0.777126,0.821605,0.295588,0.135836,0.762123,0.737308,0.255769,0.051538,0.640769,0.159231,0.045000,0.829590,0.348052,0.143821,0.829528,0.347989,0.143759,0.771244,0.289705,0.085475
seed_456,corr_target_defocus_blur_sev3,131,2600,False,True,False,0.416154,0.416154,0.699231,0.931360,0.932252,0.515207,0.233021,0.708667,0.804396,0.292513,0.105165,0.695594,0.653846,0.237692,0.045385,0.530000,0.113846,0.169231,0.779146,0.362992,0.079915,0.779083,0.362929,0.079852,0.711250,0.295096,0.012019
seed_456,corr_target_defocus_blur_sev4,132,2600,False,True,False,0.337692,0.337692,0.728077,0.914405,0.914405,0.576713,0.186328,0.634487,0.796351,0.296795,0.068274,0.634468,0.586538,0.248846,0.141538,0.443077,0.105385,0.285000,0.735287,0.397595,0.007211,0.735225,0.397532,0.007148,0.633820,0.296128,0.094257
seed_456,corr_target_defocus_blur_sev5,133,2600,False,True,False,0.265769,0.265769,0.754231,0.908022,0.908157,0.642253,0.153926,0.595755,0.791438,0.329986,0.037207,0.589019,0.529231,0.263462,0.225000,0.371538,0.105769,0.382692,0.700097,0.434328,0.054133,0.700035,0.434265,0.054196,0.547628,0.281859,0.206603
seed_456,corr_target_glass_blur_sev1,134,2600,False,True,False,0.498462,0.498462,0.669231,0.936605,0.938385,0.438144,0.269154,0.772234,0.810931,0.273773,0.141700,0.774814,0.746923,0.248462,0.077692,0.652308,0.153846,0.016923,0.836523,0.338061,0.167292,0.836460,0.337998,0.167229,0.769901,0.271440,0.100670
seed_456,corr_target_glass_blur_sev2,135,2600,False,True,False,0.417692,0.417692,0.681154,0.932677,0.933164,0.514984,0.252011,0.717241,0.812199,0.299549,0.131045,0.721329,0.693846,0.276154,0.012692,0.572692,0.155000,0.108462,0.800833,0.383140,0.119679,0.800770,0.383077,0.119616,0.690147,0.272455,0.008994
seed_456,corr_target_glass_blur_sev3,136,2600,False,True,False,0.236154,0.236154,0.779231,0.908022,0.910767,0.671868,0.131536,0.655512,0.738104,0.419359,0.041127,0.588928,0.512692,0.276538,0.266538,0.360000,0.123846,0.419231,0.700600,0.464446,0.078631,0.700537,0.464383,0.078694,0.468777,0.232623,0.310454
seed_456,corr_target_glass_blur_sev4,137,2600,False,True,False,0.184615,0.184615,0.821923,0.918019,0.919159,0.733404,0.097236,0.656836,0.758461,0.472221,0.063462,0.582602,0.517308,0.332692,0.304615,0.355385,0.170769,0.466538,0.702184,0.517568,0.119739,0.702121,0.517506,0.119802,0.401762,0.217147,0.420161
seed_456,corr_target_glass_blur_sev5,138,2600,False,True,False,0.149231,0.149231,0.851538,0.926064,0.929253,0.776833,0.077715,0.649026,0.795928,0.499795,0.055611,0.572186,0.513462,0.364231,0.338077,0.348846,0.199615,0.502692,0.696965,0.547734,0.154573,0.696902,0.547672,0.154636,0.356444,0.207213,0.495094
seed_456,corr_target_gaussian_noise_sev1,139,2600,False,True,False,0.538077,0.538077,0.676154,0.943089,0.943561,0.405013,0.267407,0.796387,0.816685,0.258310,0.140531,0.820294,0.793462,0.255385,0.117308,0.720385,0.182308,0.044231,0.865538,0.327461,0.189384,0.865475,0.327398,0.189322,0.823645,0.285568,0.147491
seed_456,corr_target_gaussian_noise_sev2,140,2600,False,True,False,0.481154,0.481154,0.682308,0.936170,0.936170,0.455016,0.253863,0.759367,0.816523,0.278213,0.134215,0.802529,0.786923,0.305769,0.104615,0.700769,0.219615,0.018462,0.856772,0.375618,0.174464,0.856709,0.375555,0.174401,0.791153,0.309999,0.108845
seed_456,corr_target_gaussian_noise_sev3,141,2600,False,True,False,0.378462,0.378462,0.706923,0.913952,0.915109,0.535490,0.208186,0.671941,0.786902,0.293479,0.079979,0.763032,0.741538,0.363077,0.034615,0.646154,0.267692,0.060769,0.826039,0.447577,0.119115,0.825976,0.447514,0.119053,0.698218,0.319756,0.008705
seed_456,corr_target_gaussian_noise_sev4,142,2600,False,True,False,0.278846,0.278846,0.765769,0.878827,0.879398,0.599981,0.113629,0.608014,0.771204,0.329168,0.005435,0.708045,0.669231,0.390385,0.096538,0.549615,0.270769,0.216154,0.786985,0.508139,0.021216,0.786923,0.508076,0.021153,0.591911,0.313065,0.173858
seed_456,corr_target_gaussian_noise_sev5,143,2600,False,True,False,0.170385,0.170385,0.841538,0.823529,0.826675,0.653145,0.014863,0.576149,0.746718,0.405765,0.094821,0.640389,0.579615,0.409231,0.261923,0.442692,0.272308,0.398846,0.737637,0.567252,0.103902,0.737574,0.567189,0.103965,0.463798,0.293413,0.377741
seed_456,corr_target_shot_noise_sev1,144,2600,False,True,False,0.536923,0.536923,0.683462,0.938776,0.939434,0.401852,0.255973,0.787438,0.814774,0.250515,0.131313,0.810402,0.791923,0.255000,0.108462,0.714231,0.177308,0.030769,0.862070,0.325147,0.178609,0.862007,0.325084,0.178546,0.821724,0.284801,0.138262
seed_456,corr_target_shot_noise_sev2,145,2600,False,True,False,0.467308,0.467308,0.683462,0.931360,0.931951,0.464053,0.248490,0.740589,0.789749,0.273281,0.106287,0.787086,0.753846,0.286538,0.070385,0.669231,0.201923,0.014231,0.844481,0.377173,0.161020,0.844418,0.377111,0.160957,0.780063,0.312755,0.096601
seed_456,corr_target_shot_noise_sev3,146,2600,False,True,False,0.377692,0.377692,0.715769,0.905263,0.905814,0.527571,0.190045,0.672124,0.787465,0.294432,0.071696,0.749151,0.719615,0.341923,0.003846,0.613846,0.236154,0.101923,0.815854,0.438162,0.100085,0.815792,0.438099,0.100022,0.697082,0.319390,0.018687
seed_456,corr_target_shot_noise_sev4,147,2600,False,True,False,0.251923,0.251923,0.783462,0.881720,0.881720,0.629797,0.098259,0.607765,0.749780,0.355842,0.033681,0.693474,0.655385,0.403462,0.128077,0.529231,0.277308,0.254231,0.776635,0.524712,0.006827,0.776572,0.524649,0.006890,0.576242,0.324319,0.207220
seed_456,corr_target_shot_noise_sev5,148,2600,False,True,False,0.184231,0.184231,0.832308,0.850575,0.852224,0.666344,0.019917,0.618802,0.723969,0.434571,0.108338,0.666730,0.622308,0.438077,0.210000,0.480769,0.296538,0.351538,0.760863,0.576632,0.071445,0.760800,0.576570,0.071507,0.483007,0.298776,0.349301
seed_456,corr_target_impulse_noise_sev1,149,2600,False,True,False,0.475385,0.475385,0.681154,0.940073,0.940339,0.464689,0.259185,0.753277,0.812225,0.277893,0.131071,0.786154,0.760385,0.285000,0.079231,0.669615,0.194231,0.011538,0.843753,0.368368,0.162599,0.843690,0.368305,0.162536,0.766836,0.291452,0.085683
seed_456,corr_target_impulse_noise_sev2,150,2600,False,True,False,0.431154,0.431154,0.690769,0.925620,0.926119,0.494466,0.235349,0.710231,0.788085,0.279077,0.097316,0.769347,0.748077,0.316923,0.057308,0.643846,0.212692,0.046923,0.832065,0.400911,0.141295,0.832002,0.400848,0.141233,0.745478,0.314324,0.054709
seed_456,corr_target_impulse_noise_sev3,151,2600,False,True,False,0.385000,0.385000,0.711923,0.909853,0.910639,0.524853,0.198716,0.676198,0.772689,0.291198,0.060766,0.750399,0.711154,0.326154,0.000769,0.612692,0.227692,0.099231,0.816765,0.431765,0.104842,0.816703,0.431703,0.104779,0.709618,0.324618,0.002305
seed_456,corr_target_impulse_noise_sev4,152,2600,False,True,False,0.262308,0.262308,0.776923,0.874946,0.888184,0.612638,0.111261,0.579174,0.780763,0.316866,0.003840,0.689791,0.628077,0.365769,0.148846,0.514231,0.251923,0.262692,0.767640,0.505332,0.009283,0.767577,0.505269,0.009346,0.588885,0.326577,0.188038
seed_456,corr_target_impulse_noise_sev5,153,2600,False,True,False,0.177308,0.177308,0.833077,0.836689,0.839278,0.659381,0.006201,0.564591,0.736304,0.387284,0.096773,0.631623,0.569615,0.392308,0.263462,0.430385,0.253077,0.402692,0.730708,0.553400,0.102369,0.730645,0.553337,0.102432,0.474486,0.297178,0.358591
seed_456,corr_target_contrast_sev1,154,2600,False,True,False,0.571923,0.571923,0.685769,0.949919,0.949919,0.377996,0.264150,0.818195,0.841992,0.246272,0.156223,0.816758,0.791923,0.220000,0.106154,0.725385,0.153462,0.039615,0.865705,0.293782,0.179936,0.865642,0.293719,0.179873,0.809926,0.238003,0.124157
seed_456,corr_target_contrast_sev2,155,2600,False,True,False,0.538077,0.538077,0.691538,0.940073,0.943649,0.401996,0.252111,0.801397,0.835479,0.263320,0.143941,0.801133,0.773462,0.235385,0.081923,0.691538,0.153462,0.000000,0.853893,0.315816,0.162354,0.853830,0.315753,0.162291,0.787295,0.249219,0.095757
seed_456,corr_target_contrast_sev3,156,2600,False,True,False,0.481154,0.481154,0.677308,0.918469,0.918469,0.437315,0.241162,0.742157,0.809763,0.261004,0.132456,0.769734,0.739231,0.258077,0.061923,0.652308,0.171154,0.025000,0.830039,0.348885,0.152731,0.829976,0.348822,0.152668,0.735571,0.254417,0.058263
seed_456,corr_target_contrast_sev4,157,2600,False,True,False,0.335385,0.335385,0.726538,0.878343,0.879264,0.542959,0.152726,0.620767,0.760341,0.285383,0.033803,0.684377,0.635769,0.300385,0.090769,0.518462,0.183077,0.208077,0.767293,0.431909,0.040755,0.767231,0.431846,0.040692,0.603111,0.267727,0.123427
seed_456,corr_target_contrast_sev5,158,2600,False,True,False,0.190769,0.190769,0.819615,0.826185,0.827883,0.635416,0.008267,0.486254,0.740583,0.295485,0.079032,0.561415,0.495000,0.304231,0.324615,0.336154,0.145385,0.483462,0.681228,0.490459,0.138388,0.681165,0.490396,0.138450,0.459786,0.269017,0.359830
seed_456,corr_target_elastic_transform_sev1,159,2600,False,True,False,0.567692,0.567692,0.685769,0.948645,0.950569,0.380953,0.264800,0.818571,0.836627,0.250879,0.150857,0.817248,0.808462,0.240769,0.122692,0.726154,0.158462,0.040385,0.869003,0.301311,0.183234,0.868940,0.301248,0.183171,0.804055,0.236363,0.118286
seed_456,corr_target_elastic_transform_sev2,160,2600,False,True,False,0.406154,0.406154,0.684615,0.912134,0.913806,0.505980,0.229190,0.702791,0.799615,0.296637,0.115000,0.737107,0.708462,0.302308,0.023846,0.595769,0.189615,0.088846,0.810220,0.404066,0.125605,0.810158,0.404004,0.125542,0.694830,0.288676,0.010214
seed_456,corr_target_elastic_transform_sev3,161,2600,False,True,False,0.449231,0.449231,0.691154,0.934863,0.934863,0.485632,0.243709,0.730149,0.819940,0.280919,0.128786,0.758059,0.739231,0.290000,0.048077,0.637692,0.188462,0.053462,0.828011,0.378780,0.136857,0.827948,0.378717,0.136794,0.716672,0.267442,0.025518
seed_456,corr_target_elastic_transform_sev4,162,2600,False,True,False,0.351154,0.351154,0.711923,0.905724,0.905724,0.554570,0.193801,0.651956,0.782546,0.300802,0.070622,0.700251,0.660385,0.309231,0.051538,0.539231,0.188077,0.172692,0.781189,0.430035,0.069266,0.781126,0.429972,0.069203,0.603611,0.252457,0.108312
seed_456,corr_target_elastic_transform_sev5,163,2600,False,True,False,0.190000,0.190000,0.823846,0.886033,0.886690,0.696033,0.062844,0.612690,0.737945,0.422690,0.085901,0.632367,0.581923,0.391923,0.241923,0.430769,0.240769,0.393077,0.737275,0.547275,0.086571,0.737212,0.547212,0.086634,0.426974,0.236974,0.396872
seed_456,corr_target_pixelate_sev1,164,2600,False,True,False,0.573077,0.573077,0.679615,0.942229,0.944202,0.369153,0.264587,0.825564,0.835172,0.252488,0.155556,0.816009,0.798077,0.225000,0.118462,0.727692,0.154615,0.048077,0.867806,0.294729,0.188191,0.867743,0.294666,0.188128,0.805691,0.232614,0.126075
seed_456,corr_target_pixelate_sev2,165,2600,False,True,False,0.565000,0.565000,0.681154,0.933552,0.934039,0.368552,0.252885,0.815338,0.831304,0.250338,0.150151,0.809278,0.793846,0.228846,0.112692,0.717308,0.152308,0.036154,0.862865,0.297865,0.181711,0.862802,0.297802,0.181648,0.793543,0.228543,0.112389
seed_456,corr_target_pixelate_sev3,166,2600,False,True,False,0.500769,0.500769,0.675000,0.934426,0.935588,0.433657,0.260588,0.778408,0.812487,0.277639,0.137487,0.779394,0.766923,0.266154,0.091923,0.663077,0.162308,0.011923,0.842465,0.341696,0.167465,0.842403,0.341633,0.167403,0.755466,0.254697,0.080466
seed_456,corr_target_pixelate_sev4,167,2600,False,True,False,0.426538,0.426538,0.680769,0.908938,0.908938,0.482400,0.228169,0.698108,0.781394,0.271570,0.100624,0.724729,0.679231,0.252692,0.001538,0.573462,0.146923,0.107308,0.798252,0.371713,0.117482,0.798189,0.371650,0.117420,0.688072,0.261534,0.007303
seed_456,corr_target_pixelate_sev5,168,2600,False,True,False,0.360769,0.360769,0.710769,0.894088,0.894088,0.533318,0.183318,0.645536,0.772090,0.284766,0.061320,0.683196,0.638846,0.278077,0.071923,0.517692,0.156923,0.193077,0.767733,0.406964,0.056964,0.767670,0.406901,0.056901,0.638525,0.277756,0.072244
seed_456,corr_target_jpeg_compression_sev1,169,2600,False,True,False,0.571538,0.571538,0.695385,0.943089,0.943561,0.371551,0.248177,0.827541,0.842904,0.256002,0.147519,0.823538,0.810000,0.238462,0.114615,0.735769,0.164231,0.040385,0.872769,0.301230,0.177384,0.872706,0.301168,0.177321,0.779625,0.208086,0.084240
seed_456,corr_target_jpeg_compression_sev2,170,2600,False,True,False,0.552692,0.552692,0.681923,0.932677,0.933164,0.379984,0.251241,0.807683,0.832256,0.254990,0.150333,0.815807,0.798077,0.245385,0.116154,0.724615,0.171923,0.042692,0.865444,0.312752,0.183521,0.865381,0.312689,0.183458,0.766844,0.214152,0.084921
seed_456,corr_target_jpeg_compression_sev3,171,2600,False,True,False,0.545385,0.545385,0.670385,0.935735,0.937182,0.390350,0.266798,0.802827,0.829793,0.257442,0.159409,0.810748,0.791923,0.246538,0.121538,0.715385,0.170000,0.045000,0.863869,0.318484,0.193484,0.863806,0.318422,0.193422,0.759391,0.214006,0.089006
seed_456,corr_target_jpeg_compression_sev4,172,2600,False,True,False,0.490000,0.490000,0.675000,0.931800,0.932389,0.441800,0.257389,0.773674,0.808650,0.283674,0.133650,0.781604,0.750769,0.260769,0.075769,0.656538,0.166538,0.018462,0.841029,0.351029,0.166029,0.840966,0.350966,0.165966,0.724488,0.234488,0.049488
seed_456,corr_target_jpeg_compression_sev5,173,2600,False,True,False,0.419231,0.419231,0.687692,0.924286,0.924787,0.505056,0.237095,0.718982,0.791258,0.299751,0.103566,0.738768,0.708077,0.288846,0.020385,0.601923,0.182692,0.085769,0.811026,0.391795,0.123334,0.810963,0.391732,0.123271,0.682140,0.262909,0.005552
seed_456,corr_target_speckle_noise_sev1,174,2600,False,True,False,0.545769,0.545769,0.675769,0.952880,0.953476,0.407110,0.277706,0.807329,0.838728,0.261560,0.162959,0.815197,0.797308,0.251538,0.121538,0.722692,0.176923,0.046923,0.866203,0.320434,0.190434,0.866140,0.320371,0.190371,0.815951,0.270182,0.140182
seed_456,corr_target_speckle_noise_sev2,175,2600,False,True,False,0.508846,0.508846,0.671538,0.940505,0.940505,0.431659,0.268967,0.791330,0.827600,0.282484,0.156061,0.803156,0.789231,0.280385,0.117692,0.704231,0.195385,0.032692,0.858588,0.349742,0.187049,0.858525,0.349679,0.186987,0.796068,0.287222,0.124529
seed_456,corr_target_speckle_noise_sev3,176,2600,False,True,False,0.402692,0.402692,0.698462,0.922949,0.924290,0.520257,0.225829,0.713963,0.789111,0.311271,0.090649,0.755081,0.723077,0.320385,0.024615,0.620385,0.217692,0.078077,0.819059,0.416367,0.120598,0.818997,0.416304,0.120535,0.711670,0.308978,0.013209
seed_456,corr_target_speckle_noise_sev4,177,2600,False,True,False,0.335769,0.335769,0.730000,0.896903,0.897893,0.561134,0.167893,0.672900,0.784493,0.337131,0.054493,0.724737,0.674231,0.338462,0.055769,0.575000,0.239231,0.155000,0.794452,0.458683,0.064452,0.794389,0.458620,0.064389,0.656850,0.321080,0.073150
seed_456,corr_target_speckle_noise_sev5,178,2600,False,True,False,0.277308,0.277308,0.759231,0.885555,0.885555,0.608247,0.126324,0.644121,0.761043,0.366814,0.001812,0.698768,0.652308,0.375000,0.106923,0.531154,0.253846,0.228077,0.779091,0.501783,0.019860,0.779028,0.501720,0.019797,0.595103,0.317796,0.164127
seed_456,corr_target_spatter_sev1,179,2600,False,True,False,0.596538,0.596538,0.696923,0.944805,0.945274,0.348267,0.248351,0.831457,0.852162,0.234919,0.155238,0.832784,0.817692,0.221154,0.120769,0.748462,0.151923,0.051538,0.879669,0.283131,0.182746,0.879606,0.283068,0.182683,0.812008,0.215470,0.115085
seed_456,corr_target_spatter_sev2,180,2600,False,True,False,0.534231,0.534231,0.684231,0.933552,0.934618,0.399321,0.250387,0.788478,0.828278,0.254247,0.144048,0.804476,0.786538,0.252308,0.102308,0.710769,0.176538,0.026538,0.858758,0.324528,0.174528,0.858696,0.324465,0.174465,0.771279,0.237048,0.087048
seed_456,corr_target_spatter_sev3,181,2600,False,True,False,0.483077,0.483077,0.688462,0.905724,0.905724,0.422647,0.217262,0.720520,0.813875,0.237443,0.125413,0.769867,0.740385,0.257308,0.051923,0.648462,0.165385,0.040000,0.831518,0.348441,0.143057,0.831456,0.348379,0.142994,0.746230,0.263153,0.057768
seed_456,corr_target_spatter_sev4,182,2600,False,True,False,0.415385,0.415385,0.675000,0.928277,0.929682,0.512892,0.254682,0.743591,0.798530,0.328207,0.123530,0.761393,0.734615,0.319231,0.059615,0.637692,0.222308,0.037308,0.826545,0.411160,0.151545,0.826482,0.411097,0.151482,0.718264,0.302880,0.043264
seed_456,corr_target_spatter_sev5,183,2600,False,True,False,0.326154,0.326154,0.698846,0.922056,0.922286,0.595903,0.223440,0.717828,0.808834,0.391674,0.109988,0.745767,0.711538,0.385385,0.012692,0.605385,0.279231,0.093462,0.815108,0.488954,0.116261,0.815045,0.488891,0.116199,0.636169,0.310015,0.062678
seed_456,corr_target_gaussian_blur_sev1,184,2600,False,True,False,0.583077,0.583077,0.683462,0.951190,0.951190,0.368113,0.267728,0.829506,0.845204,0.246429,0.161742,0.821310,0.802692,0.219615,0.119231,0.731154,0.148077,0.047692,0.868851,0.285774,0.185389,0.868788,0.285711,0.185326,0.808935,0.225858,0.125474
seed_456,corr_target_gaussian_blur_sev2,185,2600,False,True,False,0.497308,0.497308,0.690769,0.944377,0.944847,0.447069,0.254077,0.782149,0.819890,0.284841,0.129121,0.773267,0.746923,0.249615,0.056154,0.653462,0.156154,0.037308,0.835245,0.337937,0.144476,0.835182,0.337875,0.144413,0.774702,0.277394,0.083933
seed_456,corr_target_gaussian_blur_sev3,186,2600,False,True,False,0.430000,0.430000,0.700769,0.926950,0.927447,0.496950,0.226678,0.723977,0.802421,0.293977,0.101652,0.716478,0.678846,0.248846,0.021923,0.561538,0.131538,0.139231,0.794194,0.364194,0.093425,0.794131,0.364131,0.093362,0.729279,0.299279,0.028509
seed_456,corr_target_gaussian_blur_sev4,187,2600,False,True,False,0.363077,0.363077,0.713846,0.911223,0.911744,0.548146,0.197898,0.647389,0.781186,0.284312,0.067340,0.652897,0.596154,0.233077,0.117692,0.469231,0.106154,0.244615,0.747456,0.384380,0.033610,0.747394,0.384317,0.033548,0.668813,0.305736,0.045033
seed_456,corr_target_gaussian_blur_sev5,188,2600,False,True,False,0.232308,0.232308,0.773846,0.893617,0.894165,0.661309,0.120319,0.551965,0.788580,0.319657,0.014734,0.549450,0.471923,0.239615,0.301923,0.323462,0.091154,0.450385,0.670337,0.438030,0.103509,0.670275,0.437967,0.103572,0.501158,0.268850,0.272688
seed_456,corr_target_saturate_sev1,189,2600,False,True,False,0.577308,0.577308,0.697692,0.955823,0.955889,0.378516,0.258197,0.839837,0.843542,0.262530,0.145849,0.828613,0.820000,0.242692,0.122308,0.748462,0.171154,0.050769,0.878832,0.301525,0.181140,0.878770,0.301462,0.181077,0.786787,0.209480,0.089095
seed_456,corr_target_saturate_sev2,190,2600,False,True,False,0.573462,0.573462,0.700000,0.946942,0.947873,0.373481,0.247873,0.837145,0.851561,0.263684,0.151561,0.823934,0.803846,0.230385,0.103846,0.733846,0.160385,0.033846,0.872618,0.299156,0.172618,0.872555,0.299093,0.172555,0.802883,0.229422,0.102883
seed_456,corr_target_saturate_sev3,191,2600,False,True,False,0.595769,0.595769,0.699231,0.948645,0.949571,0.352876,0.250341,0.834362,0.858578,0.238592,0.159347,0.832341,0.819231,0.223462,0.120000,0.747308,0.151538,0.048077,0.879054,0.283285,0.179824,0.878992,0.283222,0.179761,0.826875,0.231106,0.127644
seed_456,corr_target_saturate_sev4,192,2600,False,True,False,0.578846,0.578846,0.693077,0.943089,0.944586,0.364243,0.251509,0.808035,0.850458,0.229189,0.157381,0.819346,0.794615,0.215769,0.101538,0.723846,0.145000,0.030769,0.867878,0.289032,0.174801,0.867815,0.288969,0.174738,0.830797,0.251951,0.137720
seed_456,corr_target_saturate_sev5,193,2600,False,True,False,0.545000,0.545000,0.686923,0.943948,0.944584,0.398948,0.257661,0.771740,0.820747,0.226740,0.133824,0.797336,0.766923,0.221923,0.080000,0.679231,0.134231,0.007692,0.850268,0.305268,0.163345,0.850205,0.305205,0.163282,0.810483,0.265483,0.123560
flows_6,val_source,0,10000,True,False,True,0.964000,0.964000,0.964200,0.996991,0.996991,0.032991,0.032791,0.991315,0.991315,0.027315,0.027115,0.978317,0.981500,0.017500,0.017300,0.973900,0.009900,0.009700,0.985229,0.021229,0.021029,0.985166,0.021166,0.020966,0.970430,0.006430,0.006230
flows_6,val_target,1,66400,False,True,True,0.669819,0.669819,0.725105,0.973296,0.973296,0.303477,0.248191,0.882306,0.889551,0.212487,0.164446,0.861061,0.853223,0.183404,0.128117,0.796521,0.126702,0.071416,0.900328,0.230509,0.175223,0.900265,0.230446,0.175160,0.855351,0.185532,0.130245
flows_6,imagenet_val_source,2,2600,True,False,True,0.932692,0.932692,0.941154,0.996914,0.996914,0.064221,0.055760,0.984549,0.984549,0.051857,0.043395,0.966469,0.966154,0.033462,0.025000,0.955385,0.022692,0.014231,0.975875,0.043183,0.034721,0.975812,0.043120,0.034658,0.964704,0.032012,0.023551
flows_6,imagenet_val_target,3,2600,False,True,True,0.638846,0.638846,0.705769,0.973954,0.973954,0.335108,0.268185,0.876943,0.885208,0.238097,0.179439,0.852974,0.837692,0.198846,0.131923,0.786923,0.148077,0.081154,0.893775,0.254929,0.188005,0.893712,0.254866,0.187943,0.848366,0.209520,0.142597
flows_6,corr_source_fog_sev1,4,2600,True,False,False,0.844231,0.844231,0.867692,0.986355,0.986355,0.142124,0.118662,0.941200,0.941450,0.096969,0.073758,0.920570,0.914231,0.070000,0.046538,0.887308,0.043077,0.019615,0.942212,0.097981,0.074519,0.942149,0.097918,0.074457,0.901082,0.056851,0.033390
flows_6,corr_source_fog_sev2,5,2600,True,False,False,0.808846,0.808846,0.849231,0.982387,0.982440,0.173541,0.133209,0.919051,0.920795,0.110204,0.071565,0.901822,0.888462,0.079615,0.039231,0.858846,0.050000,0.009615,0.927070,0.118224,0.077839,0.927007,0.118161,0.077776,0.875056,0.066210,0.025825
flows_6,corr_source_fog_sev3,6,2600,True,False,False,0.750000,0.750000,0.811923,0.982786,0.982786,0.232786,0.170863,0.893952,0.894821,0.143952,0.082898,0.873851,0.867692,0.117692,0.055769,0.813077,0.063077,0.001154,0.909006,0.159006,0.097083,0.908943,0.158943,0.097020,0.831728,0.081728,0.019805
flows_6,corr_source_fog_sev4,7,2600,True,False,False,0.678077,0.678077,0.771538,0.982786,0.982786,0.304709,0.211247,0.867384,0.873936,0.189307,0.102398,0.850325,0.834231,0.156154,0.062692,0.772692,0.094615,0.001154,0.889975,0.211899,0.118437,0.889913,0.211836,0.118374,0.778598,0.100521,0.007059
flows_6,corr_source_fog_sev5,8,2600,True,False,False,0.521923,0.521923,0.713846,0.980792,0.980792,0.458869,0.266946,0.810351,0.843190,0.288428,0.129344,0.802955,0.782308,0.260385,0.068462,0.706538,0.184615,0.007308,0.856746,0.334823,0.142900,0.856684,0.334761,0.142837,0.635564,0.113641,0.078282
flows_6,corr_source_frost_sev1,9,2600,True,False,False,0.836923,0.836923,0.870385,0.982387,0.982387,0.145464,0.112003,0.930714,0.935896,0.093791,0.065512,0.912404,0.910769,0.073846,0.040385,0.875769,0.038846,0.005385,0.936291,0.099368,0.065906,0.936228,0.099305,0.065843,0.902048,0.065125,0.031663
flows_6,corr_source_frost_sev2,10,2600,True,False,False,0.718462,0.718462,0.790385,0.970297,0.970342,0.251835,0.179957,0.863219,0.878620,0.144758,0.088236,0.851600,0.829615,0.111154,0.039231,0.776923,0.058462,0.013462,0.889553,0.171092,0.099169,0.889490,0.171029,0.099106,0.815676,0.097214,0.025291
flows_6,corr_source_frost_sev3,11,2600,True,False,False,0.623462,0.623462,0.759231,0.961247,0.961690,0.337785,0.202460,0.812701,0.833301,0.189240,0.074070,0.806411,0.780000,0.156538,0.020769,0.709231,0.085769,0.050000,0.859159,0.235697,0.099928,0.859096,0.235635,0.099865,0.743414,0.119953,0.015816
flows_6,corr_source_frost_sev4,12,2600,True,False,False,0.606154,0.606154,0.749231,0.964556,0.964766,0.358402,0.215535,0.797672,0.825127,0.191518,0.075896,0.794482,0.763846,0.157692,0.014615,0.686538,0.080385,0.062692,0.847466,0.241312,0.098235,0.847403,0.241250,0.098173,0.722661,0.116507,0.026570
flows_6,corr_source_frost_sev5,13,2600,True,False,False,0.532692,0.532692,0.738462,0.957080,0.957080,0.424388,0.218618,0.768809,0.816347,0.236116,0.077886,0.765036,0.726538,0.193846,0.011923,0.637692,0.105000,0.100769,0.827173,0.294480,0.088711,0.827110,0.294418,0.088648,0.665168,0.132476,0.073293
flows_6,corr_source_motion_blur_sev1,14,2600,True,False,False,0.861923,0.861923,0.883462,0.988327,0.988327,0.126404,0.104865,0.947227,0.951209,0.085304,0.067748,0.924870,0.919615,0.057692,0.036154,0.891538,0.029615,0.008077,0.945929,0.084006,0.062468,0.945867,0.083944,0.062405,0.926532,0.064609,0.043070
flows_6,corr_source_motion_blur_sev2,15,2600,True,False,False,0.790769,0.790769,0.844231,0.984772,0.984772,0.194002,0.140541,0.907877,0.917021,0.117108,0.072790,0.884387,0.874615,0.083846,0.030385,0.829231,0.038462,0.015000,0.915939,0.125170,0.071708,0.915876,0.125107,0.071646,0.885841,0.095071,0.041610
flows_6,corr_source_motion_blur_sev3,16,2600,True,False,False,0.658077,0.658077,0.758077,0.969072,0.969072,0.310995,0.210995,0.829521,0.850761,0.171444,0.092684,0.812054,0.787308,0.129231,0.029231,0.706923,0.048846,0.051154,0.860656,0.202579,0.102579,0.860593,0.202516,0.102516,0.789618,0.131541,0.031541
flows_6,corr_source_motion_blur_sev4,17,2600,True,False,False,0.485000,0.485000,0.729615,0.958751,0.959198,0.473751,0.229583,0.774457,0.812541,0.289457,0.082925,0.745473,0.708846,0.223846,0.020769,0.610385,0.125385,0.119231,0.815914,0.330914,0.086299,0.815851,0.330851,0.086236,0.665717,0.180717,0.063899
flows_6,corr_source_motion_blur_sev5,18,2600,True,False,False,0.371923,0.371923,0.731538,0.941368,0.941368,0.569445,0.209830,0.748339,0.793764,0.376416,0.062226,0.709481,0.666538,0.294615,0.065000,0.548846,0.176923,0.182692,0.789298,0.417375,0.057759,0.789235,0.417312,0.057696,0.583779,0.211856,0.147759
flows_6,corr_source_brightness_sev1,19,2600,True,False,False,0.908846,0.908846,0.918846,0.993808,0.993808,0.084962,0.074962,0.972486,0.972486,0.063640,0.053640,0.951488,0.950769,0.041923,0.031923,0.930385,0.021538,0.011538,0.963901,0.055055,0.045055,0.963839,0.054992,0.044992,0.945225,0.036379,0.026379
flows_6,corr_source_brightness_sev2,20,2600,True,False,False,0.903462,0.903462,0.920000,0.988327,0.988378,0.084865,0.068378,0.970140,0.971601,0.066678,0.051601,0.947617,0.945000,0.041538,0.025000,0.925385,0.021923,0.005385,0.961772,0.058310,0.041772,0.961709,0.058247,0.041709,0.940880,0.037419,0.020880
flows_6,corr_source_brightness_sev3,21,2600,True,False,False,0.894615,0.894615,0.906154,0.987539,0.987942,0.092924,0.081789,0.964057,0.964638,0.069441,0.058484,0.941235,0.941923,0.047308,0.035769,0.916923,0.022308,0.010769,0.957777,0.063162,0.051623,0.957714,0.063099,0.051560,0.936482,0.041867,0.030329
flows_6,corr_source_brightness_sev4,22,2600,True,False,False,0.879615,0.879615,0.891154,0.986750,0.987193,0.107134,0.096039,0.956936,0.957164,0.077320,0.066011,0.931640,0.929615,0.050000,0.038462,0.900769,0.021154,0.009615,0.951294,0.071679,0.060140,0.951231,0.071616,0.060077,0.931866,0.052250,0.040712
flows_6,corr_source_brightness_sev5,23,2600,True,False,False,0.845385,0.845385,0.864231,0.981989,0.982401,0.136604,0.118170,0.937577,0.943062,0.092192,0.078832,0.914650,0.908846,0.063462,0.044615,0.873846,0.028462,0.009615,0.937699,0.092314,0.073468,0.937636,0.092252,0.073406,0.913804,0.068419,0.049573
flows_6,corr_source_zoom_blur_sev1,24,2600,True,False,False,0.810000,0.810000,0.860385,0.978790,0.978790,0.168790,0.118406,0.919080,0.921201,0.109080,0.060816,0.895369,0.889231,0.079231,0.028846,0.849615,0.039615,0.010769,0.923415,0.113415,0.063030,0.923352,0.113352,0.062968,0.894403,0.084403,0.034018
flows_6,corr_source_zoom_blur_sev2,25,2600,True,False,False,0.746538,0.746538,0.824231,0.969481,0.969481,0.222942,0.145250,0.882389,0.885186,0.135850,0.060956,0.859754,0.846154,0.099615,0.021923,0.799615,0.053077,0.024615,0.898446,0.151907,0.074215,0.898383,0.151845,0.074152,0.858939,0.112400,0.034708
flows_6,corr_source_zoom_blur_sev3,26,2600,True,False,False,0.699615,0.699615,0.785769,0.959167,0.959167,0.259552,0.173398,0.840982,0.850828,0.141367,0.065058,0.826528,0.801538,0.101923,0.015769,0.737692,0.038077,0.048077,0.872315,0.172700,0.086546,0.872253,0.172637,0.086483,0.827489,0.127874,0.041720
flows_6,corr_source_zoom_blur_sev4,27,2600,True,False,False,0.636538,0.636538,0.770385,0.949070,0.949146,0.312532,0.178762,0.797740,0.829850,0.161201,0.059465,0.793144,0.768846,0.132308,0.001538,0.676923,0.040385,0.093462,0.847602,0.211064,0.077218,0.847539,0.211001,0.077155,0.790153,0.153615,0.019769
flows_6,corr_source_zoom_blur_sev5,28,2600,True,False,False,0.569615,0.569615,0.738077,0.937474,0.939197,0.367859,0.201120,0.754232,0.806768,0.184616,0.068691,0.756317,0.725769,0.156154,0.012308,0.622692,0.053077,0.115385,0.821500,0.251885,0.083423,0.821437,0.251822,0.083360,0.742161,0.172545,0.004084
flows_6,corr_source_snow_sev1,29,2600,True,False,False,0.811923,0.811923,0.851538,0.980792,0.982032,0.168869,0.130493,0.922939,0.923633,0.111015,0.072094,0.900840,0.900000,0.088077,0.048462,0.854231,0.042308,0.002692,0.930057,0.118134,0.078519,0.929995,0.118072,0.078456,0.883865,0.071942,0.032326
flows_6,corr_source_snow_sev2,30,2600,True,False,False,0.611538,0.611538,0.769231,0.963317,0.964252,0.351779,0.195021,0.815449,0.838705,0.203911,0.069475,0.808098,0.785385,0.173846,0.016154,0.706538,0.095000,0.062692,0.859317,0.247778,0.090086,0.859254,0.247716,0.090023,0.728194,0.116655,0.041037
flows_6,corr_source_snow_sev3,31,2600,True,False,False,0.641538,0.641538,0.766154,0.958751,0.959706,0.317212,0.193552,0.830319,0.843516,0.188781,0.077362,0.819449,0.797692,0.156154,0.031538,0.719231,0.077692,0.046923,0.867556,0.226018,0.101403,0.867494,0.225955,0.101340,0.766029,0.124490,0.000125
flows_6,corr_source_snow_sev4,32,2600,True,False,False,0.543462,0.543462,0.738462,0.955404,0.955404,0.411942,0.216942,0.788942,0.820747,0.245480,0.082286,0.779551,0.755000,0.211538,0.016538,0.667692,0.124231,0.070769,0.838827,0.295365,0.100365,0.838764,0.295303,0.100303,0.702253,0.158791,0.036209
flows_6,corr_source_snow_sev5,33,2600,True,False,False,0.480769,0.480769,0.744615,0.943519,0.944074,0.462750,0.199458,0.730277,0.788195,0.249508,0.043580,0.741990,0.701923,0.221154,0.042692,0.593846,0.113077,0.150769,0.810452,0.329683,0.065837,0.810390,0.329620,0.065774,0.633680,0.152911,0.110936
flows_6,corr_source_defocus_blur_sev1,34,2600,True,False,False,0.836154,0.836154,0.871923,0.977987,0.977987,0.141834,0.106064,0.931377,0.935884,0.095223,0.063961,0.904981,0.886538,0.050385,0.014615,0.859231,0.023077,0.012692,0.927949,0.091795,0.056026,0.927886,0.091732,0.055963,0.898566,0.062412,0.026643
flows_6,corr_source_defocus_blur_sev2,35,2600,True,False,False,0.786923,0.786923,0.833077,0.975168,0.975168,0.188244,0.142091,0.903939,0.913677,0.117016,0.080600,0.874317,0.860769,0.073846,0.027692,0.810000,0.023077,0.023077,0.908435,0.121512,0.075358,0.908372,0.121449,0.075296,0.873275,0.086352,0.040198
flows_6,corr_source_defocus_blur_sev3,36,2600,True,False,False,0.675000,0.675000,0.779615,0.968663,0.968710,0.293663,0.189095,0.834072,0.857069,0.159072,0.077454,0.800168,0.776154,0.101154,0.003462,0.689615,0.014615,0.090000,0.854349,0.179349,0.074733,0.854286,0.179286,0.074671,0.808449,0.133449,0.028833
flows_6,corr_source_defocus_blur_sev4,37,2600,True,False,False,0.568077,0.568077,0.748462,0.960831,0.960831,0.392754,0.212370,0.769772,0.808076,0.201696,0.059614,0.729570,0.688846,0.120769,0.059615,0.586538,0.018462,0.161923,0.803540,0.235463,0.055078,0.803477,0.235400,0.055015,0.733585,0.165508,0.014876
flows_6,corr_source_defocus_blur_sev5,38,2600,True,False,False,0.454231,0.454231,0.725769,0.950343,0.950877,0.496112,0.225108,0.708653,0.791011,0.254422,0.065242,0.658969,0.606923,0.152692,0.118846,0.480000,0.025769,0.245769,0.752496,0.298265,0.026727,0.752433,0.298203,0.026664,0.641177,0.186946,0.084593
flows_6,corr_source_glass_blur_sev1,39,2600,True,False,False,0.795769,0.795769,0.843846,0.973549,0.973549,0.177780,0.129703,0.908818,0.910072,0.113049,0.066226,0.890658,0.873077,0.077308,0.029231,0.838462,0.042692,0.005385,0.918794,0.123025,0.074948,0.918731,0.122962,0.074885,0.869701,0.073931,0.025855
flows_6,corr_source_glass_blur_sev2,40,2600,True,False,False,0.684615,0.684615,0.775385,0.972332,0.972332,0.287717,0.196947,0.848707,0.863469,0.164092,0.088085,0.830841,0.810385,0.125769,0.035000,0.745000,0.060385,0.030385,0.876198,0.191583,0.100814,0.876136,0.191520,0.100751,0.785199,0.100583,0.009814
flows_6,corr_source_glass_blur_sev3,41,2600,True,False,False,0.401923,0.401923,0.733077,0.960000,0.960000,0.558077,0.226923,0.738202,0.815482,0.336279,0.082405,0.658301,0.609615,0.207692,0.123462,0.466923,0.065000,0.266154,0.752016,0.350093,0.018939,0.751953,0.350030,0.018876,0.524055,0.122132,0.209022
flows_6,corr_source_glass_blur_sev4,42,2600,True,False,False,0.310000,0.310000,0.765769,0.954143,0.954143,0.644143,0.188374,0.728232,0.807946,0.418232,0.042177,0.621594,0.552692,0.242692,0.213077,0.406923,0.096923,0.358846,0.723292,0.413292,0.042477,0.723229,0.413229,0.042540,0.441043,0.131043,0.324726
flows_6,corr_source_glass_blur_sev5,43,2600,True,False,False,0.236154,0.236154,0.799615,0.965380,0.965869,0.729226,0.166254,0.761486,0.817114,0.525333,0.017499,0.614313,0.568077,0.331923,0.231538,0.404231,0.168077,0.395385,0.729419,0.493265,0.070197,0.729356,0.493202,0.070259,0.379686,0.143532,0.419929
flows_6,corr_source_gaussian_noise_sev1,44,2600,True,False,False,0.838077,0.838077,0.860769,0.981191,0.981604,0.143114,0.120835,0.941901,0.941901,0.103824,0.081132,0.924706,0.920385,0.082308,0.059615,0.890769,0.052692,0.030000,0.944734,0.106658,0.083965,0.944672,0.106595,0.083902,0.916766,0.078689,0.055996
flows_6,corr_source_gaussian_noise_sev2,45,2600,True,False,False,0.753846,0.753846,0.802692,0.975571,0.975571,0.221725,0.172879,0.901532,0.901637,0.147686,0.098945,0.894314,0.885000,0.131154,0.082308,0.844615,0.090769,0.041923,0.922519,0.168673,0.119827,0.922457,0.168610,0.119764,0.861170,0.107324,0.058478
flows_6,corr_source_gaussian_noise_sev3,46,2600,True,False,False,0.618846,0.618846,0.745000,0.960416,0.960861,0.341570,0.215861,0.815056,0.825655,0.196210,0.080655,0.844815,0.821538,0.202692,0.076538,0.765000,0.146154,0.020000,0.884325,0.265479,0.139325,0.884262,0.265416,0.139262,0.771542,0.152696,0.026542
flows_6,corr_source_gaussian_noise_sev4,47,2600,True,False,False,0.444231,0.444231,0.720769,0.918469,0.918469,0.474238,0.197700,0.697388,0.764095,0.253157,0.043326,0.768734,0.732692,0.288462,0.011923,0.646538,0.202308,0.074231,0.828579,0.384348,0.107809,0.828516,0.384285,0.107747,0.650488,0.206257,0.070281
flows_6,corr_source_gaussian_noise_sev5,48,2600,True,False,False,0.243846,0.243846,0.796154,0.876404,0.876718,0.632558,0.080564,0.583762,0.718966,0.339916,0.077188,0.671602,0.617308,0.373462,0.178846,0.490769,0.246923,0.305385,0.760624,0.516778,0.035529,0.760562,0.516715,0.035592,0.483135,0.239289,0.313019
flows_6,corr_source_shot_noise_sev1,49,2600,True,False,False,0.833846,0.833846,0.865000,0.984375,0.984399,0.150529,0.119399,0.944147,0.944337,0.110301,0.079337,0.923385,0.916923,0.083077,0.051923,0.891538,0.057692,0.026538,0.945396,0.111549,0.080396,0.945333,0.111487,0.080333,0.913847,0.080001,0.048847
flows_6,corr_source_shot_noise_sev2,50,2600,True,False,False,0.748077,0.748077,0.803462,0.975168,0.975590,0.227091,0.172128,0.894921,0.895074,0.146844,0.091613,0.890705,0.889615,0.141538,0.086154,0.836923,0.088846,0.033462,0.920169,0.172092,0.116707,0.920106,0.172029,0.116645,0.859785,0.111708,0.056323
flows_6,corr_source_shot_noise_sev3,51,2600,True,False,False,0.618846,0.618846,0.741154,0.952880,0.952880,0.334033,0.211726,0.809890,0.823440,0.191044,0.082286,0.834544,0.812692,0.193846,0.071538,0.750000,0.131154,0.008846,0.876411,0.257565,0.135257,0.876348,0.257502,0.135194,0.765715,0.146869,0.024561
flows_6,corr_source_shot_noise_sev4,52,2600,True,False,False,0.401154,0.401154,0.745769,0.920266,0.920500,0.519112,0.174731,0.668396,0.757911,0.267242,0.012142,0.748341,0.712308,0.311154,0.033462,0.611538,0.210385,0.134231,0.813810,0.412656,0.068040,0.813747,0.412593,0.067978,0.617145,0.215992,0.128624
flows_6,corr_source_shot_noise_sev5,53,2600,True,False,False,0.281154,0.281154,0.783462,0.886986,0.887708,0.605832,0.104246,0.630292,0.721204,0.349138,0.062258,0.704783,0.673077,0.391923,0.110385,0.549231,0.268077,0.234231,0.788470,0.507316,0.005008,0.788407,0.507253,0.004946,0.519119,0.237965,0.264342
flows_6,corr_source_impulse_noise_sev1,54,2600,True,False,False,0.756538,0.756538,0.817308,0.969889,0.969934,0.213351,0.152627,0.895600,0.896859,0.139061,0.079551,0.886592,0.876154,0.119615,0.058846,0.826154,0.069615,0.008846,0.916537,0.159999,0.099229,0.916474,0.159936,0.099167,0.867405,0.110867,0.050098
flows_6,corr_source_impulse_noise_sev2,55,2600,True,False,False,0.699615,0.699615,0.765000,0.963731,0.963731,0.264115,0.198731,0.851666,0.863424,0.152051,0.098424,0.860867,0.850769,0.151154,0.085769,0.796154,0.096538,0.031154,0.898985,0.199370,0.133985,0.898922,0.199307,0.133922,0.829795,0.130179,0.064795
flows_6,corr_source_impulse_noise_sev3,56,2600,True,False,False,0.616538,0.616538,0.747308,0.962904,0.962904,0.346365,0.215596,0.802651,0.822299,0.186113,0.074992,0.831228,0.809231,0.192692,0.061923,0.740000,0.123462,0.007308,0.874410,0.257871,0.127102,0.874347,0.257809,0.127039,0.783849,0.167311,0.036541
flows_6,corr_source_impulse_noise_sev4,57,2600,True,False,False,0.438462,0.438462,0.721923,0.927393,0.927393,0.488931,0.205470,0.689911,0.772751,0.251449,0.050828,0.755519,0.722308,0.283846,0.000385,0.618462,0.180000,0.103462,0.820700,0.382239,0.098777,0.820638,0.382176,0.098714,0.650382,0.211920,0.071541
flows_6,corr_source_impulse_noise_sev5,58,2600,True,False,False,0.266154,0.266154,0.773077,0.889364,0.889684,0.623210,0.116607,0.608476,0.738923,0.342322,0.034154,0.669930,0.628077,0.361923,0.145000,0.485000,0.218846,0.288077,0.763493,0.497339,0.009584,0.763430,0.497276,0.009647,0.500924,0.234770,0.272153
flows_6,corr_source_contrast_sev1,59,2600,True,False,False,0.871154,0.871154,0.888077,0.986750,0.986750,0.115596,0.098673,0.956711,0.956711,0.085557,0.068634,0.930996,0.933462,0.062308,0.045385,0.901923,0.030769,0.013846,0.951260,0.080106,0.063183,0.951198,0.080044,0.063121,0.921433,0.050279,0.033356
flows_6,corr_source_contrast_sev2,60,2600,True,False,False,0.832692,0.832692,0.864231,0.981590,0.981590,0.148898,0.117360,0.936027,0.936027,0.103335,0.071796,0.910936,0.905385,0.072692,0.041154,0.873846,0.041154,0.009615,0.935899,0.103207,0.071668,0.935836,0.103144,0.071605,0.896263,0.063571,0.032032
flows_6,corr_source_contrast_sev3,61,2600,True,False,False,0.750000,0.750000,0.805000,0.977987,0.977987,0.227987,0.172987,0.885774,0.888603,0.135774,0.083603,0.867873,0.852308,0.102308,0.047308,0.800000,0.050000,0.005000,0.901694,0.151694,0.096694,0.901631,0.151631,0.096631,0.831066,0.081066,0.026066
flows_6,corr_source_contrast_sev4,62,2600,True,False,False,0.521154,0.521154,0.725385,0.960000,0.960000,0.438846,0.234615,0.772586,0.795606,0.251432,0.070222,0.768239,0.735769,0.214615,0.010385,0.652692,0.131538,0.072692,0.830701,0.309547,0.105316,0.830638,0.309484,0.105253,0.674284,0.153130,0.051100
flows_6,corr_source_contrast_sev5,63,2600,True,False,False,0.290385,0.290385,0.771154,0.935299,0.935395,0.644914,0.164241,0.617665,0.755734,0.327281,0.015420,0.618756,0.550769,0.260385,0.220385,0.409231,0.118846,0.361923,0.717731,0.427347,0.053423,0.717669,0.427284,0.053485,0.502703,0.212318,0.268451
flows_6,corr_source_elastic_transform_sev1,64,2600,True,False,False,0.866923,0.866923,0.888077,0.982387,0.982899,0.115464,0.094822,0.955985,0.956331,0.089062,0.068254,0.930334,0.925000,0.058077,0.036923,0.898846,0.031923,0.010769,0.948503,0.081580,0.060426,0.948440,0.081517,0.060363,0.921560,0.054637,0.033483
flows_6,corr_source_elastic_transform_sev2,65,2600,True,False,False,0.653077,0.653077,0.761154,0.960416,0.960534,0.307339,0.199380,0.832564,0.865175,0.179487,0.104021,0.829804,0.811154,0.158077,0.050000,0.740769,0.087692,0.020385,0.874342,0.221265,0.113188,0.874279,0.221202,0.113125,0.773430,0.120353,0.012276
flows_6,corr_source_elastic_transform_sev3,66,2600,True,False,False,0.754615,0.754615,0.803846,0.981989,0.981989,0.227374,0.178143,0.907204,0.907853,0.152588,0.104007,0.875910,0.870769,0.116154,0.066923,0.817308,0.062692,0.013462,0.910656,0.156040,0.106809,0.910593,0.155977,0.106747,0.827932,0.073316,0.024086
flows_6,corr_source_elastic_transform_sev4,67,2600,True,False,False,0.610769,0.610769,0.738462,0.966203,0.966689,0.355434,0.228228,0.835489,0.847761,0.224719,0.109300,0.808250,0.789231,0.178462,0.050769,0.710385,0.099615,0.028077,0.860400,0.249631,0.121938,0.860337,0.249568,0.121876,0.709126,0.098357,0.029335
flows_6,corr_source_elastic_transform_sev5,68,2600,True,False,False,0.351923,0.351923,0.743462,0.949919,0.951301,0.597996,0.207840,0.685961,0.771777,0.334038,0.028315,0.678401,0.627692,0.275769,0.115769,0.503077,0.151154,0.240385,0.765069,0.413146,0.021607,0.765006,0.413083,0.021545,0.486353,0.134430,0.257109
flows_6,corr_source_pixelate_sev1,69,2600,True,False,False,0.872308,0.872308,0.895769,0.987539,0.987539,0.115231,0.091770,0.955132,0.955132,0.082824,0.059362,0.929956,0.926923,0.054615,0.031154,0.896538,0.024231,0.000769,0.949838,0.077530,0.054069,0.949775,0.077467,0.054006,0.919226,0.046919,0.023457
flows_6,corr_source_pixelate_sev2,70,2600,True,False,False,0.855385,0.855385,0.884231,0.987933,0.987933,0.132548,0.103702,0.945117,0.945117,0.089733,0.060887,0.921128,0.912308,0.056923,0.028077,0.882692,0.027308,0.001538,0.942086,0.086701,0.057855,0.942023,0.086638,0.057792,0.907473,0.052089,0.023242
flows_6,corr_source_pixelate_sev3,71,2600,True,False,False,0.778846,0.778846,0.834615,0.977987,0.977987,0.199141,0.143372,0.902475,0.904357,0.123629,0.069741,0.880388,0.876923,0.098077,0.042308,0.820769,0.041923,0.013846,0.914177,0.135331,0.079562,0.914115,0.135269,0.079499,0.852324,0.073478,0.017709
flows_6,corr_source_pixelate_sev4,72,2600,True,False,False,0.653846,0.653846,0.785769,0.965792,0.965792,0.311945,0.180022,0.825169,0.840976,0.171323,0.055206,0.813559,0.782308,0.128462,0.003462,0.710000,0.056154,0.075769,0.861600,0.207754,0.075831,0.861537,0.207691,0.075768,0.759010,0.105164,0.026759
flows_6,corr_source_pixelate_sev5,73,2600,True,False,False,0.576923,0.576923,0.764231,0.955404,0.955404,0.378481,0.191173,0.754187,0.818764,0.177264,0.054533,0.761326,0.722692,0.145769,0.041538,0.628462,0.051538,0.135769,0.823057,0.246134,0.058826,0.822994,0.246071,0.058763,0.697650,0.120726,0.066581
flows_6,corr_source_jpeg_compression_sev1,74,2600,True,False,False,0.870769,0.870769,0.889231,0.984375,0.984375,0.113606,0.095144,0.957282,0.959168,0.086513,0.069938,0.934912,0.931538,0.060769,0.042308,0.909615,0.038846,0.020385,0.951404,0.080635,0.062174,0.951342,0.080572,0.062111,0.911015,0.040246,0.021784
flows_6,corr_source_jpeg_compression_sev2,75,2600,True,False,False,0.853846,0.853846,0.875385,0.987145,0.987145,0.133298,0.111760,0.947982,0.951080,0.094136,0.075695,0.926052,0.925769,0.071923,0.050385,0.898462,0.044615,0.023077,0.947526,0.093680,0.072142,0.947464,0.093618,0.072079,0.901318,0.047472,0.025934
flows_6,corr_source_jpeg_compression_sev3,76,2600,True,False,False,0.836538,0.836538,0.860385,0.987145,0.987952,0.150606,0.127567,0.941895,0.943404,0.105357,0.083019,0.919126,0.913077,0.076538,0.052692,0.886538,0.050000,0.026154,0.941555,0.105016,0.081170,0.941492,0.104954,0.081107,0.889507,0.052968,0.029122
flows_6,corr_source_jpeg_compression_sev4,77,2600,True,False,False,0.775769,0.775769,0.824615,0.975975,0.975975,0.200206,0.151359,0.905309,0.907622,0.129540,0.083007,0.889378,0.881154,0.105385,0.056538,0.833462,0.057692,0.008846,0.919672,0.143903,0.095057,0.919610,0.143840,0.094994,0.854172,0.078403,0.029557
flows_6,corr_source_jpeg_compression_sev5,78,2600,True,False,False,0.687308,0.687308,0.785769,0.973144,0.973609,0.285836,0.187840,0.846968,0.854890,0.159661,0.069120,0.832670,0.816538,0.129231,0.030769,0.742308,0.055000,0.043462,0.877306,0.189998,0.091537,0.877243,0.189936,0.091474,0.787689,0.100382,0.001920
flows_6,corr_source_speckle_noise_sev1,79,2600,True,False,False,0.849231,0.849231,0.871154,0.985959,0.985981,0.136729,0.114827,0.950235,0.950365,0.101004,0.079212,0.926904,0.928462,0.079231,0.057308,0.901154,0.051923,0.030000,0.946861,0.097630,0.075707,0.946798,0.097567,0.075644,0.911100,0.061870,0.039947
flows_6,corr_source_speckle_noise_sev2,80,2600,True,False,False,0.810385,0.810385,0.841154,0.981590,0.981590,0.171206,0.140436,0.928049,0.928877,0.117664,0.087723,0.907754,0.901154,0.090769,0.060000,0.866154,0.055769,0.025000,0.932695,0.122310,0.091541,0.932632,0.122247,0.091478,0.883352,0.072968,0.042198
flows_6,corr_source_speckle_noise_sev3,81,2600,True,False,False,0.668462,0.668462,0.760769,0.962076,0.962076,0.293614,0.201307,0.846314,0.855333,0.177853,0.094564,0.849087,0.835385,0.166923,0.074615,0.773077,0.104615,0.012308,0.889584,0.221122,0.128814,0.889521,0.221059,0.128752,0.781103,0.112641,0.020333
flows_6,corr_source_speckle_noise_sev4,82,2600,True,False,False,0.566538,0.566538,0.727308,0.950343,0.950343,0.383805,0.223035,0.787237,0.816793,0.220699,0.089485,0.807374,0.778846,0.212308,0.051538,0.703462,0.136923,0.023846,0.856815,0.290276,0.129507,0.856752,0.290214,0.129444,0.716163,0.149625,0.011144
flows_6,corr_source_speckle_noise_sev5,83,2600,True,False,False,0.448846,0.448846,0.731923,0.929160,0.929160,0.480314,0.197237,0.727781,0.787551,0.278935,0.055628,0.765142,0.735385,0.286538,0.003462,0.635769,0.186923,0.096154,0.828298,0.379452,0.096375,0.828236,0.379389,0.096312,0.643526,0.194680,0.088397
flows_6,corr_source_spatter_sev1,84,2600,True,False,False,0.905385,0.905385,0.915769,0.989899,0.989929,0.084514,0.074160,0.970712,0.973108,0.065328,0.057339,0.948762,0.940769,0.035385,0.025000,0.924231,0.018846,0.008462,0.961613,0.056229,0.045844,0.961551,0.056166,0.045781,0.942826,0.037441,0.027056
flows_6,corr_source_spatter_sev2,85,2600,True,False,False,0.853462,0.853462,0.883077,0.982786,0.982910,0.129324,0.099833,0.946127,0.947742,0.092666,0.064665,0.924292,0.914231,0.060769,0.031154,0.888462,0.035000,0.005385,0.943148,0.089686,0.060071,0.943085,0.089623,0.060008,0.910173,0.056712,0.027096
flows_6,corr_source_spatter_sev3,86,2600,True,False,False,0.802692,0.802692,0.840000,0.977987,0.978178,0.175295,0.138178,0.908900,0.913268,0.106208,0.073268,0.893619,0.886923,0.084231,0.046923,0.843462,0.040769,0.003462,0.922858,0.120165,0.082858,0.922795,0.120103,0.082795,0.875262,0.072569,0.035262
flows_6,corr_source_spatter_sev4,87,2600,True,False,False,0.720769,0.720769,0.792692,0.971112,0.971156,0.250343,0.178463,0.893852,0.896957,0.173083,0.104264,0.862787,0.846923,0.126154,0.054231,0.790000,0.069231,0.002692,0.898955,0.178186,0.106263,0.898893,0.178123,0.106200,0.824757,0.103988,0.032065
flows_6,corr_source_spatter_sev5,88,2600,True,False,False,0.621923,0.621923,0.726923,0.963731,0.963731,0.341807,0.236807,0.845874,0.859301,0.223951,0.132378,0.827837,0.809231,0.187308,0.082308,0.737308,0.115385,0.010385,0.873344,0.251421,0.146421,0.873282,0.251359,0.146359,0.735901,0.113978,0.008978
flows_6,corr_source_gaussian_blur_sev1,89,2600,True,False,False,0.874615,0.874615,0.891154,0.991466,0.991466,0.116851,0.100312,0.964298,0.964298,0.089683,0.073145,0.938865,0.940000,0.065385,0.048846,0.916923,0.042308,0.025769,0.957782,0.083167,0.066628,0.957720,0.083104,0.066566,0.930662,0.056047,0.039508
flows_6,corr_source_gaussian_blur_sev2,90,2600,True,False,False,0.810769,0.810769,0.850385,0.980392,0.980392,0.169623,0.130008,0.919666,0.929316,0.108896,0.078931,0.890870,0.880000,0.069231,0.029615,0.838077,0.027308,0.012308,0.920765,0.109996,0.070380,0.920702,0.109933,0.070318,0.887809,0.077040,0.037425
flows_6,corr_source_gaussian_blur_sev3,91,2600,True,False,False,0.706538,0.706538,0.785000,0.966614,0.966614,0.260075,0.181614,0.855447,0.864107,0.148908,0.079107,0.826069,0.804615,0.098077,0.019615,0.736923,0.030385,0.048077,0.872021,0.165483,0.087021,0.871959,0.165420,0.086959,0.823393,0.116855,0.038393
flows_6,corr_source_gaussian_blur_sev4,92,2600,True,False,False,0.601538,0.601538,0.757308,0.964968,0.964968,0.363430,0.207660,0.776737,0.827636,0.175198,0.070328,0.751720,0.712692,0.111154,0.044615,0.618846,0.017308,0.138462,0.815979,0.214440,0.058671,0.815916,0.214377,0.058608,0.752358,0.150820,0.004949
flows_6,corr_source_gaussian_blur_sev5,93,2600,True,False,False,0.378846,0.378846,0.733846,0.945661,0.945661,0.566815,0.211815,0.676191,0.760360,0.297345,0.026514,0.611554,0.552692,0.173846,0.181154,0.409231,0.030385,0.324615,0.717559,0.338713,0.016287,0.717497,0.338651,0.016349,0.571043,0.192197,0.162803
flows_6,corr_source_saturate_sev1,94,2600,True,False,False,0.885000,0.885000,0.894615,0.992248,0.992655,0.107248,0.098040,0.961487,0.962876,0.076487,0.068260,0.939494,0.944231,0.059231,0.049615,0.917692,0.032692,0.023077,0.957658,0.072658,0.063043,0.957595,0.072595,0.062980,0.926358,0.041358,0.031743
flows_6,corr_source_saturate_sev2,95,2600,True,False,False,0.862308,0.862308,0.873462,0.987145,0.987145,0.124837,0.113683,0.954647,0.955987,0.092339,0.082525,0.930823,0.927308,0.065000,0.053846,0.900000,0.037692,0.026538,0.950178,0.087870,0.076716,0.950115,0.087807,0.076654,0.921503,0.059195,0.048041
flows_6,corr_source_saturate_sev3,96,2600,True,False,False,0.901923,0.901923,0.914231,0.992248,0.992644,0.090325,0.078414,0.969818,0.972017,0.067895,0.057786,0.949589,0.949231,0.047308,0.035000,0.930000,0.028077,0.015769,0.964212,0.062289,0.049981,0.964149,0.062226,0.049919,0.945863,0.043940,0.031633
flows_6,corr_source_saturate_sev4,97,2600,True,False,False,0.856154,0.856154,0.883077,0.986355,0.987165,0.130201,0.104088,0.949636,0.950739,0.093482,0.067662,0.931330,0.928077,0.071923,0.045000,0.899231,0.043077,0.016154,0.950198,0.094044,0.067121,0.950135,0.093981,0.067058,0.925548,0.069394,0.042471
flows_6,corr_source_saturate_sev5,98,2600,True,False,False,0.802692,0.802692,0.833077,0.977586,0.977685,0.174893,0.144608,0.919936,0.923186,0.117244,0.090109,0.905036,0.898077,0.095385,0.065000,0.862308,0.059615,0.029231,0.931304,0.128611,0.098227,0.931241,0.128549,0.098164,0.890602,0.087910,0.057525
flows_6,corr_target_fog_sev1,99,2600,False,True,False,0.553846,0.553846,0.688462,0.970297,0.970297,0.416451,0.281835,0.830042,0.844634,0.276196,0.156172,0.808762,0.786923,0.233077,0.098462,0.711923,0.158077,0.023462,0.859742,0.305896,0.171280,0.859679,0.305833,0.171217,0.776622,0.222775,0.088160
flows_6,corr_target_fog_sev2,100,2600,False,True,False,0.533077,0.533077,0.685385,0.963317,0.963317,0.430240,0.277933,0.807488,0.836250,0.274411,0.150866,0.793714,0.763077,0.230000,0.077692,0.679615,0.146538,0.005769,0.846918,0.313841,0.161533,0.846855,0.313778,0.161470,0.754970,0.221893,0.069586
flows_6,corr_target_fog_sev3,101,2600,False,True,False,0.480769,0.480769,0.687692,0.958333,0.959412,0.477564,0.271719,0.788497,0.820697,0.307728,0.133004,0.772497,0.741154,0.260385,0.053462,0.643846,0.163077,0.043846,0.834494,0.353725,0.146802,0.834431,0.353662,0.146739,0.722227,0.241458,0.034535
flows_6,corr_target_fog_sev4,102,2600,False,True,False,0.413462,0.413462,0.702692,0.962490,0.962490,0.549028,0.259798,0.769815,0.808156,0.356354,0.105464,0.756729,0.723077,0.309615,0.020385,0.626538,0.213077,0.076154,0.822427,0.408965,0.119735,0.822364,0.408903,0.119672,0.660834,0.247372,0.041858
flows_6,corr_target_fog_sev5,103,2600,False,True,False,0.301154,0.301154,0.738462,0.967844,0.967844,0.666691,0.229383,0.729728,0.802990,0.428574,0.064528,0.724822,0.692692,0.391538,0.045769,0.584231,0.283077,0.154231,0.801604,0.500451,0.063143,0.801542,0.500388,0.063080,0.532932,0.231778,0.205529
flows_6,corr_target_frost_sev1,104,2600,False,True,False,0.535769,0.535769,0.681923,0.960831,0.961276,0.425062,0.279353,0.800220,0.823807,0.264451,0.141884,0.797427,0.766154,0.230385,0.084231,0.691923,0.156154,0.010000,0.852091,0.316322,0.170168,0.852028,0.316259,0.170105,0.771357,0.235588,0.089434
flows_6,corr_target_frost_sev2,105,2600,False,True,False,0.436923,0.436923,0.694615,0.949919,0.950529,0.512996,0.255913,0.742923,0.809362,0.306000,0.114747,0.752417,0.721538,0.284615,0.026923,0.623077,0.186154,0.071538,0.818494,0.381571,0.123879,0.818431,0.381508,0.123816,0.689819,0.252896,0.004797
flows_6,corr_target_frost_sev3,106,2600,False,True,False,0.371923,0.371923,0.710769,0.942660,0.942745,0.570737,0.231976,0.704975,0.781009,0.333052,0.070240,0.716070,0.670000,0.298077,0.040769,0.564231,0.192308,0.146538,0.793298,0.421375,0.082529,0.793236,0.421313,0.082466,0.625426,0.253502,0.085344
flows_6,corr_target_frost_sev4,107,2600,False,True,False,0.354231,0.354231,0.719615,0.954143,0.954598,0.599912,0.234983,0.713415,0.784129,0.359184,0.064513,0.712631,0.677308,0.323077,0.042308,0.558077,0.203846,0.161538,0.793507,0.439276,0.073891,0.793444,0.439213,0.073829,0.604271,0.250040,0.115344
flows_6,corr_target_frost_sev5,108,2600,False,True,False,0.310385,0.310385,0.741538,0.951190,0.951722,0.640805,0.210183,0.700644,0.784566,0.390259,0.043027,0.692529,0.662692,0.352308,0.078846,0.519231,0.208846,0.222308,0.779007,0.468622,0.037469,0.778944,0.468560,0.037406,0.558286,0.247902,0.183252
flows_6,corr_target_motion_blur_sev1,109,2600,False,True,False,0.550385,0.550385,0.690385,0.969072,0.969072,0.418688,0.278688,0.836970,0.846173,0.286585,0.155788,0.808407,0.785769,0.235385,0.095385,0.715769,0.165385,0.025385,0.862558,0.312173,0.172173,0.862495,0.312110,0.172110,0.801056,0.250672,0.110672
flows_6,corr_target_motion_blur_sev2,110,2600,False,True,False,0.495769,0.495769,0.678462,0.960831,0.960831,0.465062,0.282370,0.797006,0.821267,0.301237,0.142805,0.772078,0.734231,0.238462,0.055769,0.644615,0.148846,0.033846,0.831216,0.335447,0.152755,0.831154,0.335384,0.152692,0.761101,0.265332,0.082639
flows_6,corr_target_motion_blur_sev3,111,2600,False,True,False,0.393462,0.393462,0.707308,0.951613,0.951613,0.558151,0.244305,0.749532,0.812761,0.356071,0.105454,0.729193,0.698462,0.305000,0.008846,0.591154,0.197692,0.116154,0.803988,0.410526,0.096680,0.803925,0.410463,0.096617,0.696053,0.302591,0.011255
flows_6,corr_target_motion_blur_sev4,112,2600,False,True,False,0.300769,0.300769,0.730769,0.943089,0.943561,0.642320,0.212792,0.731075,0.800170,0.430306,0.069401,0.688307,0.656538,0.355769,0.074231,0.520769,0.220000,0.210000,0.777133,0.476364,0.046364,0.777070,0.476301,0.046301,0.581516,0.280747,0.149253
flows_6,corr_target_motion_blur_sev5,113,2600,False,True,False,0.243846,0.243846,0.768077,0.943948,0.943948,0.700102,0.175871,0.728984,0.803177,0.485138,0.035100,0.675283,0.640000,0.396154,0.128077,0.508462,0.264615,0.259615,0.768979,0.525132,0.000902,0.768916,0.525070,0.000839,0.511494,0.267648,0.256583
flows_6,corr_target_brightness_sev1,114,2600,False,True,False,0.605769,0.605769,0.703077,0.973144,0.973144,0.367375,0.270067,0.852737,0.873468,0.246968,0.170391,0.837343,0.828846,0.223077,0.125769,0.761154,0.155385,0.058077,0.882597,0.276828,0.179520,0.882534,0.276765,0.179457,0.821739,0.215970,0.118662
flows_6,corr_target_brightness_sev2,115,2600,False,True,False,0.602692,0.602692,0.699231,0.964556,0.964995,0.361864,0.265764,0.847243,0.865534,0.244550,0.166303,0.832384,0.815000,0.212308,0.115769,0.751923,0.149231,0.052692,0.878687,0.275995,0.179456,0.878624,0.275932,0.179393,0.824178,0.221486,0.124948
flows_6,corr_target_brightness_sev3,116,2600,False,True,False,0.588846,0.588846,0.692308,0.959167,0.959167,0.370321,0.266860,0.839240,0.858309,0.250394,0.166001,0.827970,0.815769,0.226923,0.123462,0.750000,0.161154,0.057692,0.876234,0.287388,0.183926,0.876171,0.287325,0.183863,0.824794,0.235948,0.132486
flows_6,corr_target_brightness_sev4,117,2600,False,True,False,0.573462,0.573462,0.685385,0.961247,0.961748,0.387785,0.276363,0.824346,0.862983,0.250884,0.177598,0.814866,0.803462,0.230000,0.118077,0.726538,0.153077,0.041154,0.865574,0.292112,0.180189,0.865511,0.292049,0.180126,0.816239,0.242778,0.130855
flows_6,corr_target_brightness_sev5,118,2600,False,True,False,0.551923,0.551923,0.670000,0.960000,0.960119,0.408077,0.290119,0.808308,0.847960,0.256385,0.177960,0.800268,0.781923,0.230000,0.111923,0.704231,0.152308,0.034231,0.855478,0.303555,0.185478,0.855416,0.303493,0.185416,0.801109,0.249186,0.131109
flows_6,corr_target_zoom_blur_sev1,119,2600,False,True,False,0.504615,0.504615,0.685385,0.945661,0.945742,0.441046,0.260357,0.786999,0.828811,0.282383,0.143426,0.773113,0.734615,0.230000,0.049231,0.645000,0.140385,0.040385,0.831771,0.327155,0.146386,0.831708,0.327092,0.146323,0.762712,0.258097,0.077328
flows_6,corr_target_zoom_blur_sev2,120,2600,False,True,False,0.460000,0.460000,0.701154,0.937474,0.938321,0.477474,0.237167,0.748785,0.800189,0.288785,0.099035,0.744307,0.688846,0.228846,0.012308,0.589615,0.129615,0.111538,0.806871,0.346871,0.105718,0.806809,0.346809,0.105655,0.733309,0.273309,0.032155
flows_6,corr_target_zoom_blur_sev3,121,2600,False,True,False,0.427692,0.427692,0.698846,0.938776,0.938776,0.511083,0.239929,0.723694,0.787295,0.296002,0.088449,0.722002,0.684615,0.256923,0.014231,0.567308,0.139615,0.131538,0.796487,0.368795,0.097641,0.796424,0.368732,0.097578,0.708528,0.280835,0.009681
flows_6,corr_target_zoom_blur_sev4,122,2600,False,True,False,0.389615,0.389615,0.714231,0.936605,0.937087,0.546990,0.222856,0.701853,0.775173,0.312238,0.060942,0.696473,0.646538,0.256923,0.067692,0.526538,0.136923,0.187692,0.777759,0.388144,0.063528,0.777696,0.388081,0.063466,0.681568,0.291952,0.032663
flows_6,corr_target_zoom_blur_sev5,123,2600,False,True,False,0.345769,0.345769,0.734231,0.917569,0.919100,0.571799,0.184869,0.682407,0.755938,0.336637,0.021708,0.669140,0.616538,0.270769,0.117692,0.484231,0.138462,0.250000,0.759695,0.413926,0.025464,0.759632,0.413863,0.025401,0.646554,0.300784,0.087677
flows_6,corr_target_snow_sev1,124,2600,False,True,False,0.485000,0.485000,0.683846,0.954143,0.954734,0.469143,0.270887,0.770006,0.816284,0.285006,0.132438,0.779995,0.756923,0.271923,0.073077,0.659615,0.174615,0.024231,0.840013,0.355013,0.156167,0.839951,0.354951,0.156105,0.742858,0.257858,0.059012
flows_6,corr_target_snow_sev2,125,2600,False,True,False,0.331923,0.331923,0.731538,0.949919,0.949919,0.617996,0.218381,0.723406,0.799874,0.391483,0.068336,0.722283,0.694615,0.362692,0.036923,0.565385,0.233462,0.166154,0.799937,0.468014,0.068398,0.799874,0.467951,0.068335,0.604316,0.272393,0.127222
flows_6,corr_target_snow_sev3,126,2600,False,True,False,0.362308,0.362308,0.711538,0.937474,0.938435,0.575167,0.226896,0.729850,0.779799,0.367543,0.068260,0.730746,0.691923,0.329615,0.019615,0.583846,0.221538,0.127692,0.805989,0.443681,0.094451,0.805926,0.443619,0.094388,0.649950,0.287642,0.061589
flows_6,corr_target_snow_sev4,127,2600,False,True,False,0.294615,0.294615,0.747692,0.941799,0.942529,0.647184,0.194837,0.697090,0.790355,0.402474,0.042663,0.695493,0.651538,0.356923,0.096154,0.528077,0.233462,0.219615,0.780041,0.485426,0.032349,0.779979,0.485363,0.032286,0.581181,0.286566,0.166511
flows_6,corr_target_snow_sev5,128,2600,False,True,False,0.260385,0.260385,0.765769,0.940505,0.940594,0.680121,0.174825,0.672530,0.777193,0.412145,0.011424,0.662742,0.613846,0.353462,0.151923,0.471923,0.211538,0.293846,0.756529,0.496144,0.009240,0.756466,0.496081,0.009303,0.533298,0.272914,0.232471
flows_6,corr_target_defocus_blur_sev1,129,2600,False,True,False,0.522308,0.522308,0.687692,0.961247,0.961362,0.438939,0.273670,0.820057,0.843217,0.297749,0.155525,0.790317,0.766154,0.243846,0.078462,0.680385,0.158077,0.007308,0.848888,0.326580,0.161195,0.848825,0.326517,0.161133,0.788572,0.266265,0.100880
flows_6,corr_target_defocus_blur_sev2,130,2600,False,True,False,0.481538,0.481538,0.685769,0.957916,0.957916,0.476377,0.272147,0.788500,0.828897,0.306961,0.143128,0.762123,0.737308,0.255769,0.051538,0.640769,0.159231,0.045000,0.829590,0.348052,0.143821,0.829528,0.347989,0.143759,0.771244,0.289705,0.085475
flows_6,corr_target_defocus_blur_sev3,131,2600,False,True,False,0.416154,0.416154,0.699231,0.953722,0.955608,0.537568,0.256377,0.734341,0.806214,0.318187,0.106983,0.695594,0.653846,0.237692,0.045385,0.530000,0.113846,0.169231,0.779146,0.362992,0.079915,0.779083,0.362929,0.079852,0.711250,0.295096,0.012019
flows_6,corr_target_defocus_blur_sev4,132,2600,False,True,False,0.337692,0.337692,0.728077,0.945661,0.946596,0.607969,0.218519,0.668466,0.782398,0.330774,0.054321,0.634468,0.586538,0.248846,0.141538,0.443077,0.105385,0.285000,0.735287,0.397595,0.007211,0.735225,0.397532,0.007148,0.633820,0.296128,0.094257
flows_6,corr_target_defocus_blur_sev5,133,2600,False,True,False,0.265769,0.265769,0.754231,0.936605,0.936605,0.670836,0.182375,0.632499,0.760962,0.366729,0.006731,0.589019,0.529231,0.263462,0.225000,0.371538,0.105769,0.382692,0.700097,0.434328,0.054133,0.700035,0.434265,0.054196,0.547628,0.281859,0.206603
flows_6,corr_target_glass_blur_sev1,134,2600,False,True,False,0.498462,0.498462,0.669231,0.962076,0.962519,0.463614,0.293288,0.792742,0.811780,0.294281,0.142549,0.774814,0.746923,0.248462,0.077692,0.652308,0.153846,0.016923,0.836523,0.338061,0.167292,0.836460,0.337998,0.167229,0.769901,0.271440,0.100670
flows_6,corr_target_glass_blur_sev2,135,2600,False,True,False,0.417692,0.417692,0.681154,0.948220,0.948220,0.530528,0.267066,0.738819,0.797267,0.321127,0.116113,0.721329,0.693846,0.276154,0.012692,0.572692,0.155000,0.108462,0.800833,0.383140,0.119679,0.800770,0.383077,0.119616,0.690147,0.272455,0.008994
flows_6,corr_target_glass_blur_sev3,136,2600,False,True,False,0.236154,0.236154,0.779231,0.945233,0.946170,0.709079,0.166939,0.692053,0.753666,0.455899,0.025565,0.588928,0.512692,0.276538,0.266538,0.360000,0.123846,0.419231,0.700600,0.464446,0.078631,0.700537,0.464383,0.078694,0.468777,0.232623,0.310454
flows_6,corr_target_glass_blur_sev4,137,2600,False,True,False,0.184615,0.184615,0.821923,0.960416,0.960861,0.775800,0.138938,0.709368,0.784036,0.524753,0.037887,0.582602,0.517308,0.332692,0.304615,0.355385,0.170769,0.466538,0.702184,0.517568,0.119739,0.702121,0.517506,0.119802,0.401762,0.217147,0.420161
flows_6,corr_target_glass_blur_sev5,138,2600,False,True,False,0.149231,0.149231,0.851538,0.954984,0.955118,0.805753,0.103580,0.713052,0.800369,0.563821,0.051170,0.572186,0.513462,0.364231,0.338077,0.348846,0.199615,0.502692,0.696965,0.547734,0.154573,0.696902,0.547672,0.154636,0.356444,0.207213,0.495094
flows_6,corr_target_gaussian_noise_sev1,139,2600,False,True,False,0.538077,0.538077,0.676154,0.957916,0.957979,0.419839,0.281825,0.816081,0.833617,0.278004,0.157463,0.820294,0.793462,0.255385,0.117308,0.720385,0.182308,0.044231,0.865538,0.327461,0.189384,0.865475,0.327398,0.189322,0.823645,0.285568,0.147491
flows_6,corr_target_gaussian_noise_sev2,140,2600,False,True,False,0.481154,0.481154,0.682308,0.951190,0.952108,0.470036,0.269800,0.778399,0.820771,0.297245,0.138463,0.802529,0.786923,0.305769,0.104615,0.700769,0.219615,0.018462,0.856772,0.375618,0.174464,0.856709,0.375555,0.174401,0.791153,0.309999,0.108845
flows_6,corr_target_gaussian_noise_sev3,141,2600,False,True,False,0.378462,0.378462,0.706923,0.937474,0.937474,0.559013,0.230551,0.702668,0.787083,0.324206,0.080160,0.763032,0.741538,0.363077,0.034615,0.646154,0.267692,0.060769,0.826039,0.447577,0.119115,0.825976,0.447514,0.119053,0.698218,0.319756,0.008705
flows_6,corr_target_gaussian_noise_sev4,142,2600,False,True,False,0.278846,0.278846,0.765769,0.901563,0.902950,0.622717,0.137181,0.619585,0.753746,0.340739,0.012024,0.708045,0.669231,0.390385,0.096538,0.549615,0.270769,0.216154,0.786985,0.508139,0.021216,0.786923,0.508076,0.021153,0.591911,0.313065,0.173858
flows_6,corr_target_gaussian_noise_sev5,143,2600,False,True,False,0.170385,0.170385,0.841538,0.857143,0.857143,0.686758,0.015604,0.569954,0.719416,0.399569,0.122122,0.640389,0.579615,0.409231,0.261923,0.442692,0.272308,0.398846,0.737637,0.567252,0.103902,0.737574,0.567189,0.103965,0.463798,0.293413,0.377741
flows_6,corr_target_shot_noise_sev1,144,2600,False,True,False,0.536923,0.536923,0.683462,0.949919,0.949919,0.412996,0.266458,0.806919,0.827988,0.269996,0.144527,0.810402,0.791923,0.255000,0.108462,0.714231,0.177308,0.030769,0.862070,0.325147,0.178609,0.862007,0.325084,0.178546,0.821724,0.284801,0.138262
flows_6,corr_target_shot_noise_sev2,145,2600,False,True,False,0.467308,0.467308,0.683462,0.952880,0.953406,0.485572,0.269945,0.763521,0.801585,0.296214,0.118123,0.787086,0.753846,0.286538,0.070385,0.669231,0.201923,0.014231,0.844481,0.377173,0.161020,0.844418,0.377111,0.160957,0.780063,0.312755,0.096601
flows_6,corr_target_shot_noise_sev3,146,2600,False,True,False,0.377692,0.377692,0.715769,0.937040,0.937040,0.559348,0.221271,0.698349,0.782042,0.320656,0.066273,0.749151,0.719615,0.341923,0.003846,0.613846,0.236154,0.101923,0.815854,0.438162,0.100085,0.815792,0.438099,0.100022,0.697082,0.319390,0.018687
flows_6,corr_target_shot_noise_sev4,147,2600,False,True,False,0.251923,0.251923,0.783462,0.898772,0.899312,0.646849,0.115850,0.609934,0.739372,0.358010,0.044090,0.693474,0.655385,0.403462,0.128077,0.529231,0.277308,0.254231,0.776635,0.524712,0.006827,0.776572,0.524649,0.006890,0.576242,0.324319,0.207220
flows_6,corr_target_shot_noise_sev5,148,2600,False,True,False,0.184231,0.184231,0.832308,0.878827,0.878827,0.694596,0.046519,0.607755,0.717401,0.423525,0.114906,0.666730,0.622308,0.438077,0.210000,0.480769,0.296538,0.351538,0.760863,0.576632,0.071445,0.760800,0.576570,0.071507,0.483007,0.298776,0.349301
flows_6,corr_target_impulse_noise_sev1,149,2600,False,True,False,0.475385,0.475385,0.681154,0.953722,0.953722,0.478338,0.272568,0.774769,0.818180,0.299384,0.137026,0.786154,0.760385,0.285000,0.079231,0.669615,0.194231,0.011538,0.843753,0.368368,0.162599,0.843690,0.368305,0.162536,0.766836,0.291452,0.085683
flows_6,corr_target_impulse_noise_sev2,150,2600,False,True,False,0.431154,0.431154,0.690769,0.945661,0.945661,0.514507,0.254892,0.735053,0.801081,0.303899,0.110312,0.769347,0.748077,0.316923,0.057308,0.643846,0.212692,0.046923,0.832065,0.400911,0.141295,0.832002,0.400848,0.141233,0.745478,0.314324,0.054709
flows_6,corr_target_impulse_noise_sev3,151,2600,False,True,False,0.385000,0.385000,0.711923,0.939641,0.939641,0.554641,0.227718,0.701932,0.784306,0.316932,0.072383,0.750399,0.711154,0.326154,0.000769,0.612692,0.227692,0.099231,0.816765,0.431765,0.104842,0.816703,0.431703,0.104779,0.709618,0.324618,0.002305
flows_6,corr_target_impulse_noise_sev4,152,2600,False,True,False,0.262308,0.262308,0.776923,0.905263,0.905263,0.642955,0.128340,0.606702,0.767397,0.344394,0.009526,0.689791,0.628077,0.365769,0.148846,0.514231,0.251923,0.262692,0.767640,0.505332,0.009283,0.767577,0.505269,0.009346,0.588885,0.326577,0.188038
flows_6,corr_target_impulse_noise_sev5,153,2600,False,True,False,0.177308,0.177308,0.833077,0.873484,0.873596,0.696176,0.040519,0.576102,0.719594,0.398794,0.113483,0.631623,0.569615,0.392308,0.263462,0.430385,0.253077,0.402692,0.730708,0.553400,0.102369,0.730645,0.553337,0.102432,0.474486,0.297178,0.358591
flows_6,corr_target_contrast_sev1,154,2600,False,True,False,0.571923,0.571923,0.685769,0.972738,0.973164,0.400815,0.287395,0.839254,0.855046,0.267331,0.169277,0.816758,0.791923,0.220000,0.106154,0.725385,0.153462,0.039615,0.865705,0.293782,0.179936,0.865642,0.293719,0.179873,0.809926,0.238003,0.124157
flows_6,corr_target_contrast_sev2,155,2600,False,True,False,0.538077,0.538077,0.691538,0.969481,0.969481,0.431404,0.277942,0.819647,0.844666,0.281570,0.153127,0.801133,0.773462,0.235385,0.081923,0.691538,0.153462,0.000000,0.853893,0.315816,0.162354,0.853830,0.315753,0.162291,0.787295,0.249219,0.095757
flows_6,corr_target_contrast_sev3,156,2600,False,True,False,0.481154,0.481154,0.677308,0.956242,0.956242,0.475089,0.278935,0.769904,0.819385,0.288750,0.142077,0.769734,0.739231,0.258077,0.061923,0.652308,0.171154,0.025000,0.830039,0.348885,0.152731,0.829976,0.348822,0.152668,0.735571,0.254417,0.058263
flows_6,corr_target_contrast_sev4,157,2600,False,True,False,0.335385,0.335385,0.726538,0.934426,0.934426,0.599042,0.207888,0.672415,0.772032,0.337031,0.045493,0.684377,0.635769,0.300385,0.090769,0.518462,0.183077,0.208077,0.767293,0.431909,0.040755,0.767231,0.431846,0.040692,0.603111,0.267727,0.123427
flows_6,corr_target_contrast_sev5,158,2600,False,True,False,0.190769,0.190769,0.819615,0.923395,0.923395,0.732626,0.103780,0.589542,0.728372,0.398773,0.091243,0.561415,0.495000,0.304231,0.324615,0.336154,0.145385,0.483462,0.681228,0.490459,0.138388,0.681165,0.490396,0.138450,0.459786,0.269017,0.359830
flows_6,corr_target_elastic_transform_sev1,159,2600,False,True,False,0.567692,0.567692,0.685769,0.967434,0.967917,0.399742,0.282148,0.832697,0.846204,0.265005,0.160435,0.817248,0.808462,0.240769,0.122692,0.726154,0.158462,0.040385,0.869003,0.301311,0.183234,0.868940,0.301248,0.183171,0.804055,0.236363,0.118286
flows_6,corr_target_elastic_transform_sev2,160,2600,False,True,False,0.406154,0.406154,0.684615,0.932238,0.932445,0.526084,0.247829,0.715014,0.807931,0.308861,0.123316,0.737107,0.708462,0.302308,0.023846,0.595769,0.189615,0.088846,0.810220,0.404066,0.125605,0.810158,0.404004,0.125542,0.694830,0.288676,0.010214
flows_6,corr_target_elastic_transform_sev3,161,2600,False,True,False,0.449231,0.449231,0.691154,0.962904,0.962904,0.513673,0.271750,0.765192,0.836678,0.315961,0.145524,0.758059,0.739231,0.290000,0.048077,0.637692,0.188462,0.053462,0.828011,0.378780,0.136857,0.827948,0.378717,0.136794,0.716672,0.267442,0.025518
flows_6,corr_target_elastic_transform_sev4,162,2600,False,True,False,0.351154,0.351154,0.711923,0.937474,0.937474,0.586321,0.225551,0.711472,0.794314,0.360318,0.082391,0.700251,0.660385,0.309231,0.051538,0.539231,0.188077,0.172692,0.781189,0.430035,0.069266,0.781126,0.429972,0.069203,0.603611,0.252457,0.108312
flows_6,corr_target_elastic_transform_sev5,163,2600,False,True,False,0.190000,0.190000,0.823846,0.948645,0.949185,0.758645,0.125339,0.662287,0.763391,0.472287,0.060455,0.632367,0.581923,0.391923,0.241923,0.430769,0.240769,0.393077,0.737275,0.547275,0.086571,0.737212,0.547212,0.086634,0.426974,0.236974,0.396872
flows_6,corr_target_pixelate_sev1,164,2600,False,True,False,0.573077,0.573077,0.679615,0.965380,0.965380,0.392303,0.285765,0.839242,0.842996,0.266165,0.163380,0.816009,0.798077,0.225000,0.118462,0.727692,0.154615,0.048077,0.867806,0.294729,0.188191,0.867743,0.294666,0.188128,0.805691,0.232614,0.126075
flows_6,corr_target_pixelate_sev2,165,2600,False,True,False,0.565000,0.565000,0.681154,0.954564,0.955018,0.389564,0.273864,0.830354,0.840819,0.265354,0.159665,0.809278,0.793846,0.228846,0.112692,0.717308,0.152308,0.036154,0.862865,0.297865,0.181711,0.862802,0.297802,0.181648,0.793543,0.228543,0.112389
flows_6,corr_target_pixelate_sev3,166,2600,False,True,False,0.500769,0.500769,0.675000,0.956242,0.956242,0.455473,0.281242,0.798565,0.829196,0.297796,0.154196,0.779394,0.766923,0.266154,0.091923,0.663077,0.162308,0.011923,0.842465,0.341696,0.167465,0.842403,0.341633,0.167403,0.755466,0.254697,0.080466
flows_6,corr_target_pixelate_sev4,167,2600,False,True,False,0.426538,0.426538,0.680769,0.952035,0.952035,0.525497,0.271266,0.730266,0.776421,0.303727,0.095651,0.724729,0.679231,0.252692,0.001538,0.573462,0.146923,0.107308,0.798252,0.371713,0.117482,0.798189,0.371650,0.117420,0.688072,0.261534,0.007303
flows_6,corr_target_pixelate_sev5,168,2600,False,True,False,0.360769,0.360769,0.710769,0.948220,0.948220,0.587451,0.237451,0.677866,0.772424,0.317096,0.061655,0.683196,0.638846,0.278077,0.071923,0.517692,0.156923,0.193077,0.767733,0.406964,0.056964,0.767670,0.406901,0.056901,0.638525,0.277756,0.072244
flows_6,corr_target_jpeg_compression_sev1,169,2600,False,True,False,0.571538,0.571538,0.695385,0.973549,0.973549,0.402011,0.278165,0.841072,0.853002,0.269534,0.157617,0.823538,0.810000,0.238462,0.114615,0.735769,0.164231,0.040385,0.872769,0.301230,0.177384,0.872706,0.301168,0.177321,0.779625,0.208086,0.084240
flows_6,corr_target_jpeg_compression_sev2,170,2600,False,True,False,0.552692,0.552692,0.681923,0.960000,0.960000,0.407308,0.278077,0.822956,0.843157,0.270264,0.161234,0.815807,0.798077,0.245385,0.116154,0.724615,0.171923,0.042692,0.865444,0.312752,0.183521,0.865381,0.312689,0.183458,0.766844,0.214152,0.084921
flows_6,corr_target_jpeg_compression_sev3,171,2600,False,True,False,0.545385,0.545385,0.670385,0.956661,0.956661,0.411277,0.286277,0.820696,0.843254,0.275311,0.172869,0.810748,0.791923,0.246538,0.121538,0.715385,0.170000,0.045000,0.863869,0.318484,0.193484,0.863806,0.318422,0.193422,0.759391,0.214006,0.089006
flows_6,corr_target_jpeg_compression_sev4,172,2600,False,True,False,0.490000,0.490000,0.675000,0.952035,0.952951,0.462035,0.277951,0.791271,0.817592,0.301271,0.142592,0.781604,0.750769,0.260769,0.075769,0.656538,0.166538,0.018462,0.841029,0.351029,0.166029,0.840966,0.350966,0.165966,0.724488,0.234488,0.049488
flows_6,corr_target_jpeg_compression_sev5,173,2600,False,True,False,0.419231,0.419231,0.687692,0.951190,0.951263,0.531959,0.263571,0.737838,0.786851,0.318607,0.099159,0.738768,0.708077,0.288846,0.020385,0.601923,0.182692,0.085769,0.811026,0.391795,0.123334,0.810963,0.391732,0.123271,0.682140,0.262909,0.005552
flows_6,corr_target_speckle_noise_sev1,174,2600,False,True,False,0.545769,0.545769,0.675769,0.964143,0.964143,0.418374,0.288374,0.823955,0.847872,0.278186,0.172103,0.815197,0.797308,0.251538,0.121538,0.722692,0.176923,0.046923,0.866203,0.320434,0.190434,0.866140,0.320371,0.190371,0.815951,0.270182,0.140182
flows_6,corr_target_speckle_noise_sev2,175,2600,False,True,False,0.508846,0.508846,0.671538,0.957498,0.957562,0.448652,0.286023,0.809646,0.835401,0.300800,0.163862,0.803156,0.789231,0.280385,0.117692,0.704231,0.195385,0.032692,0.858588,0.349742,0.187049,0.858525,0.349679,0.186987,0.796068,0.287222,0.124529
flows_6,corr_target_speckle_noise_sev3,176,2600,False,True,False,0.402692,0.402692,0.698462,0.940505,0.940505,0.537813,0.242044,0.738277,0.799153,0.335585,0.100691,0.755081,0.723077,0.320385,0.024615,0.620385,0.217692,0.078077,0.819059,0.416367,0.120598,0.818997,0.416304,0.120535,0.711670,0.308978,0.013209
flows_6,corr_target_speckle_noise_sev4,177,2600,False,True,False,0.335769,0.335769,0.730000,0.930041,0.930041,0.594272,0.200041,0.680504,0.780198,0.344734,0.050198,0.724737,0.674231,0.338462,0.055769,0.575000,0.239231,0.155000,0.794452,0.458683,0.064452,0.794389,0.458620,0.064389,0.656850,0.321080,0.073150
flows_6,corr_target_speckle_noise_sev5,178,2600,False,True,False,0.277308,0.277308,0.759231,0.904802,0.906138,0.627494,0.146908,0.642477,0.754418,0.365169,0.004813,0.698768,0.652308,0.375000,0.106923,0.531154,0.253846,0.228077,0.779091,0.501783,0.019860,0.779028,0.501720,0.019797,0.595103,0.317796,0.164127
flows_6,corr_target_spatter_sev1,179,2600,False,True,False,0.596538,0.596538,0.696923,0.967844,0.968326,0.371306,0.271403,0.846642,0.863743,0.250103,0.166820,0.832784,0.817692,0.221154,0.120769,0.748462,0.151923,0.051538,0.879669,0.283131,0.182746,0.879606,0.283068,0.182683,0.812008,0.215470,0.115085
flows_6,corr_target_spatter_sev2,180,2600,False,True,False,0.534231,0.534231,0.684231,0.957498,0.957498,0.423267,0.273267,0.808196,0.840422,0.273966,0.156191,0.804476,0.786538,0.252308,0.102308,0.710769,0.176538,0.026538,0.858758,0.324528,0.174528,0.858696,0.324465,0.174465,0.771279,0.237048,0.087048
flows_6,corr_target_spatter_sev3,181,2600,False,True,False,0.483077,0.483077,0.688462,0.946942,0.946942,0.463865,0.258481,0.751321,0.820666,0.268244,0.132204,0.769867,0.740385,0.257308,0.051923,0.648462,0.165385,0.040000,0.831518,0.348441,0.143057,0.831456,0.348379,0.142994,0.746230,0.263153,0.057768
flows_6,corr_target_spatter_sev4,182,2600,False,True,False,0.415385,0.415385,0.675000,0.950343,0.950877,0.534959,0.275877,0.770377,0.805673,0.354992,0.130673,0.761393,0.734615,0.319231,0.059615,0.637692,0.222308,0.037308,0.826545,0.411160,0.151545,0.826482,0.411097,0.151482,0.718264,0.302880,0.043264
flows_6,corr_target_spatter_sev5,183,2600,False,True,False,0.326154,0.326154,0.698846,0.961661,0.961661,0.635507,0.262815,0.758989,0.821672,0.432836,0.122826,0.745767,0.711538,0.385385,0.012692,0.605385,0.279231,0.093462,0.815108,0.488954,0.116261,0.815045,0.488891,0.116199,0.636169,0.310015,0.062678
flows_6,corr_target_gaussian_blur_sev1,184,2600,False,True,False,0.583077,0.583077,0.683462,0.972332,0.972332,0.389255,0.288870,0.846891,0.856771,0.263814,0.173309,0.821310,0.802692,0.219615,0.119231,0.731154,0.148077,0.047692,0.868851,0.285774,0.185389,0.868788,0.285711,0.185326,0.808935,0.225858,0.125474
flows_6,corr_target_gaussian_blur_sev2,185,2600,False,True,False,0.497308,0.497308,0.690769,0.964556,0.964556,0.467248,0.273787,0.801710,0.834029,0.304402,0.143260,0.773267,0.746923,0.249615,0.056154,0.653462,0.156154,0.037308,0.835245,0.337937,0.144476,0.835182,0.337875,0.144413,0.774702,0.277394,0.083933
flows_6,corr_target_gaussian_blur_sev3,186,2600,False,True,False,0.430000,0.430000,0.700769,0.952035,0.952565,0.522035,0.251795,0.742185,0.800959,0.312185,0.100189,0.716478,0.678846,0.248846,0.021923,0.561538,0.131538,0.139231,0.794194,0.364194,0.093425,0.794131,0.364131,0.093362,0.729279,0.299279,0.028509
flows_6,corr_target_gaussian_blur_sev4,187,2600,False,True,False,0.363077,0.363077,0.713846,0.941368,0.941368,0.578291,0.227522,0.685053,0.780699,0.321976,0.066853,0.652897,0.596154,0.233077,0.117692,0.469231,0.106154,0.244615,0.747456,0.384380,0.033610,0.747394,0.384317,0.033548,0.668813,0.305736,0.045033
flows_6,corr_target_gaussian_blur_sev5,188,2600,False,True,False,0.232308,0.232308,0.773846,0.934426,0.935396,0.702119,0.161550,0.607740,0.746027,0.375432,0.027819,0.549450,0.471923,0.239615,0.301923,0.323462,0.091154,0.450385,0.670337,0.438030,0.103509,0.670275,0.437967,0.103572,0.501158,0.268850,0.272688
flows_6,corr_target_saturate_sev1,189,2600,False,True,False,0.577308,0.577308,0.697692,0.971926,0.971926,0.394618,0.274233,0.853702,0.855613,0.276394,0.157921,0.828613,0.820000,0.242692,0.122308,0.748462,0.171154,0.050769,0.878832,0.301525,0.181140,0.878770,0.301462,0.181077,0.786787,0.209480,0.089095
flows_6,corr_target_saturate_sev2,190,2600,False,True,False,0.573462,0.573462,0.700000,0.972738,0.972738,0.399277,0.272738,0.849652,0.860226,0.276191,0.160226,0.823934,0.803846,0.230385,0.103846,0.733846,0.160385,0.033846,0.872618,0.299156,0.172618,0.872555,0.299093,0.172555,0.802883,0.229422,0.102883
flows_6,corr_target_saturate_sev3,191,2600,False,True,False,0.595769,0.595769,0.699231,0.965792,0.965792,0.370022,0.266561,0.842138,0.861484,0.246368,0.162253,0.832341,0.819231,0.223462,0.120000,0.747308,0.151538,0.048077,0.879054,0.283285,0.179824,0.878992,0.283222,0.179761,0.826875,0.231106,0.127644
flows_6,corr_target_saturate_sev4,192,2600,False,True,False,0.578846,0.578846,0.693077,0.964968,0.964968,0.386122,0.271891,0.817225,0.856038,0.238379,0.162961,0.819346,0.794615,0.215769,0.101538,0.723846,0.145000,0.030769,0.867878,0.289032,0.174801,0.867815,0.288969,0.174738,0.830797,0.251951,0.137720
flows_6,corr_target_saturate_sev5,193,2600,False,True,False,0.545000,0.545000,0.686923,0.947368,0.947368,0.402368,0.260445,0.782027,0.822390,0.237027,0.135467,0.797336,0.766923,0.221923,0.080000,0.679231,0.134231,0.007692,0.850268,0.305268,0.163345,0.850205,0.305205,0.163282,0.810483,0.265483,0.123560
flows_24,val_source,0,10000,True,False,True,0.964000,0.964000,0.964200,0.998498,0.998498,0.034498,0.034298,0.990915,0.990915,0.026915,0.026715,0.978317,0.981500,0.017500,0.017300,0.973900,0.009900,0.009700,0.985229,0.021229,0.021029,0.985166,0.021166,0.020966,0.970430,0.006430,0.006230
flows_24,val_target,1,66400,False,True,True,0.669819,0.669819,0.725105,0.979404,0.979404,0.309584,0.254298,0.880428,0.887470,0.210609,0.162365,0.861061,0.853223,0.183404,0.128117,0.796521,0.126702,0.071416,0.900328,0.230509,0.175223,0.900265,0.230446,0.175160,0.855351,0.185532,0.130245
flows_24,imagenet_val_source,2,2600,True,False,True,0.932692,0.932692,0.941154,0.995363,0.995376,0.062671,0.054222,0.983989,0.983989,0.051297,0.042835,0.966469,0.966154,0.033462,0.025000,0.955385,0.022692,0.014231,0.975875,0.043183,0.034721,0.975812,0.043120,0.034658,0.964704,0.032012,0.023551
flows_24,imagenet_val_target,3,2600,False,True,True,0.638846,0.638846,0.705769,0.977987,0.977987,0.339141,0.272218,0.872869,0.881791,0.234022,0.176022,0.852974,0.837692,0.198846,0.131923,0.786923,0.148077,0.081154,0.893775,0.254929,0.188005,0.893712,0.254866,0.187943,0.848366,0.209520,0.142597
flows_24,corr_source_fog_sev1,4,2600,True,False,False,0.844231,0.844231,0.867692,0.988720,0.988737,0.144490,0.121045,0.941636,0.941851,0.097405,0.074158,0.920570,0.914231,0.070000,0.046538,0.887308,0.043077,0.019615,0.942212,0.097981,0.074519,0.942149,0.097918,0.074457,0.901082,0.056851,0.033390
flows_24,corr_source_fog_sev2,5,2600,True,False,False,0.808846,0.808846,0.849231,0.987145,0.987145,0.178298,0.137914,0.919253,0.921567,0.110407,0.072337,0.901822,0.888462,0.079615,0.039231,0.858846,0.050000,0.009615,0.927070,0.118224,0.077839,0.927007,0.118161,0.077776,0.875056,0.066210,0.025825
flows_24,corr_source_fog_sev3,6,2600,True,False,False,0.750000,0.750000,0.811923,0.983978,0.983978,0.233978,0.172055,0.894489,0.895313,0.144489,0.083390,0.873851,0.867692,0.117692,0.055769,0.813077,0.063077,0.001154,0.909006,0.159006,0.097083,0.908943,0.158943,0.097020,0.831728,0.081728,0.019805
flows_24,corr_source_fog_sev4,7,2600,True,False,False,0.678077,0.678077,0.771538,0.982786,0.984064,0.304709,0.212526,0.869502,0.876874,0.191425,0.105335,0.850325,0.834231,0.156154,0.062692,0.772692,0.094615,0.001154,0.889975,0.211899,0.118437,0.889913,0.211836,0.118374,0.778598,0.100521,0.007059
flows_24,corr_source_fog_sev5,8,2600,True,False,False,0.521923,0.521923,0.713846,0.984375,0.984783,0.462452,0.270937,0.811992,0.842497,0.290069,0.128651,0.802955,0.782308,0.260385,0.068462,0.706538,0.184615,0.007308,0.856746,0.334823,0.142900,0.856684,0.334761,0.142837,0.635564,0.113641,0.078282
flows_24,corr_source_frost_sev1,9,2600,True,False,False,0.836923,0.836923,0.870385,0.987539,0.987539,0.150616,0.117154,0.930881,0.935349,0.093958,0.064964,0.912404,0.910769,0.073846,0.040385,0.875769,0.038846,0.005385,0.936291,0.099368,0.065906,0.936228,0.099305,0.065843,0.902048,0.065125,0.031663
flows_24,corr_source_frost_sev2,10,2600,True,False,False,0.718462,0.718462,0.790385,0.980392,0.980836,0.261931,0.190451,0.862108,0.878208,0.143647,0.087823,0.851600,0.829615,0.111154,0.039231,0.776923,0.058462,0.013462,0.889553,0.171092,0.099169,0.889490,0.171029,0.099106,0.815676,0.097214,0.025291
flows_24,corr_source_frost_sev3,11,2600,True,False,False,0.623462,0.623462,0.759231,0.966203,0.966203,0.342741,0.206972,0.811936,0.831176,0.188474,0.071945,0.806411,0.780000,0.156538,0.020769,0.709231,0.085769,0.050000,0.859159,0.235697,0.099928,0.859096,0.235635,0.099865,0.743414,0.119953,0.015816
flows_24,corr_source_frost_sev4,12,2600,True,False,False,0.606154,0.606154,0.749231,0.964968,0.964968,0.358814,0.215737,0.797829,0.823905,0.191676,0.074674,0.794482,0.763846,0.157692,0.014615,0.686538,0.080385,0.062692,0.847466,0.241312,0.098235,0.847403,0.241250,0.098173,0.722661,0.116507,0.026570
flows_24,corr_source_frost_sev5,13,2600,True,False,False,0.532692,0.532692,0.738462,0.965792,0.965792,0.433099,0.227330,0.769587,0.813387,0.236894,0.074926,0.765036,0.726538,0.193846,0.011923,0.637692,0.105000,0.100769,0.827173,0.294480,0.088711,0.827110,0.294418,0.088648,0.665168,0.132476,0.073293
flows_24,corr_source_motion_blur_sev1,14,2600,True,False,False,0.861923,0.861923,0.883462,0.988720,0.988720,0.126797,0.105259,0.946856,0.951696,0.084932,0.068234,0.924870,0.919615,0.057692,0.036154,0.891538,0.029615,0.008077,0.945929,0.084006,0.062468,0.945867,0.083944,0.062405,0.926532,0.064609,0.043070
flows_24,corr_source_motion_blur_sev2,15,2600,True,False,False,0.790769,0.790769,0.844231,0.987933,0.987933,0.197164,0.143702,0.906954,0.915865,0.116185,0.071634,0.884387,0.874615,0.083846,0.030385,0.829231,0.038462,0.015000,0.915939,0.125170,0.071708,0.915876,0.125107,0.071646,0.885841,0.095071,0.041610
flows_24,corr_source_motion_blur_sev3,16,2600,True,False,False,0.658077,0.658077,0.758077,0.975571,0.975644,0.317494,0.217567,0.828148,0.856247,0.170071,0.098170,0.812054,0.787308,0.129231,0.029231,0.706923,0.048846,0.051154,0.860656,0.202579,0.102579,0.860593,0.202516,0.102516,0.789618,0.131541,0.031541
flows_24,corr_source_motion_blur_sev4,17,2600,True,False,False,0.485000,0.485000,0.729615,0.964968,0.964968,0.479968,0.235353,0.776118,0.810079,0.291118,0.080463,0.745473,0.708846,0.223846,0.020769,0.610385,0.125385,0.119231,0.815914,0.330914,0.086299,0.815851,0.330851,0.086236,0.665717,0.180717,0.063899
flows_24,corr_source_motion_blur_sev5,18,2600,True,False,False,0.371923,0.371923,0.731538,0.960000,0.960000,0.588077,0.228462,0.754508,0.788041,0.382585,0.056503,0.709481,0.666538,0.294615,0.065000,0.548846,0.176923,0.182692,0.789298,0.417375,0.057759,0.789235,0.417312,0.057696,0.583779,0.211856,0.147759
flows_24,corr_source_brightness_sev1,19,2600,True,False,False,0.908846,0.908846,0.918846,0.992639,0.993064,0.083792,0.074217,0.972567,0.972567,0.063721,0.053721,0.951488,0.950769,0.041923,0.031923,0.930385,0.021538,0.011538,0.963901,0.055055,0.045055,0.963839,0.054992,0.044992,0.945225,0.036379,0.026379
flows_24,corr_source_brightness_sev2,20,2600,True,False,False,0.903462,0.903462,0.920000,0.993808,0.993808,0.090347,0.073808,0.970166,0.971492,0.066705,0.051492,0.947617,0.945000,0.041538,0.025000,0.925385,0.021923,0.005385,0.961772,0.058310,0.041772,0.961709,0.058247,0.041709,0.940880,0.037419,0.020880
flows_24,corr_source_brightness_sev3,21,2600,True,False,False,0.894615,0.894615,0.906154,0.994975,0.994975,0.100359,0.088821,0.964319,0.964937,0.069703,0.058783,0.941235,0.941923,0.047308,0.035769,0.916923,0.022308,0.010769,0.957777,0.063162,0.051623,0.957714,0.063099,0.051560,0.936482,0.041867,0.030329
flows_24,corr_source_brightness_sev4,22,2600,True,False,False,0.879615,0.879615,0.891154,0.990683,0.990683,0.111068,0.099529,0.956704,0.957079,0.077089,0.065926,0.931640,0.929615,0.050000,0.038462,0.900769,0.021154,0.009615,0.951294,0.071679,0.060140,0.951231,0.071616,0.060077,0.931866,0.052250,0.040712
flows_24,corr_source_brightness_sev5,23,2600,True,False,False,0.845385,0.845385,0.864231,0.983183,0.983183,0.137799,0.118953,0.936648,0.941750,0.091263,0.077519,0.914650,0.908846,0.063462,0.044615,0.873846,0.028462,0.009615,0.937699,0.092314,0.073468,0.937636,0.092252,0.073406,0.913804,0.068419,0.049573
flows_24,corr_source_zoom_blur_sev1,24,2600,True,False,False,0.810000,0.810000,0.860385,0.979592,0.979592,0.169592,0.119207,0.919251,0.921871,0.109251,0.061487,0.895369,0.889231,0.079231,0.028846,0.849615,0.039615,0.010769,0.923415,0.113415,0.063030,0.923352,0.113352,0.062968,0.894403,0.084403,0.034018
flows_24,corr_source_zoom_blur_sev2,25,2600,True,False,False,0.746538,0.746538,0.824231,0.972332,0.972455,0.225794,0.148225,0.882888,0.888609,0.136349,0.064378,0.859754,0.846154,0.099615,0.021923,0.799615,0.053077,0.024615,0.898446,0.151907,0.074215,0.898383,0.151845,0.074152,0.858939,0.112400,0.034708
flows_24,corr_source_zoom_blur_sev3,26,2600,True,False,False,0.699615,0.699615,0.785769,0.960416,0.960416,0.260800,0.174647,0.838987,0.852508,0.139372,0.066739,0.826528,0.801538,0.101923,0.015769,0.737692,0.038077,0.048077,0.872315,0.172700,0.086546,0.872253,0.172637,0.086483,0.827489,0.127874,0.041720
flows_24,corr_source_zoom_blur_sev4,27,2600,True,False,False,0.636538,0.636538,0.770385,0.946088,0.946556,0.309550,0.176171,0.791055,0.828626,0.154517,0.058242,0.793144,0.768846,0.132308,0.001538,0.676923,0.040385,0.093462,0.847602,0.211064,0.077218,0.847539,0.211001,0.077155,0.790153,0.153615,0.019769
flows_24,corr_source_zoom_blur_sev5,28,2600,True,False,False,0.569615,0.569615,0.738077,0.934426,0.937515,0.364811,0.199438,0.749132,0.801767,0.179517,0.063690,0.756317,0.725769,0.156154,0.012308,0.622692,0.053077,0.115385,0.821500,0.251885,0.083423,0.821437,0.251822,0.083360,0.742161,0.172545,0.004084
flows_24,corr_source_snow_sev1,29,2600,True,False,False,0.811923,0.811923,0.851538,0.983183,0.983594,0.171260,0.132055,0.923507,0.923507,0.111584,0.071969,0.900840,0.900000,0.088077,0.048462,0.854231,0.042308,0.002692,0.930057,0.118134,0.078519,0.929995,0.118072,0.078456,0.883865,0.071942,0.032326
flows_24,corr_source_snow_sev2,30,2600,True,False,False,0.611538,0.611538,0.769231,0.975975,0.976396,0.364436,0.207165,0.819945,0.842693,0.208407,0.073462,0.808098,0.785385,0.173846,0.016154,0.706538,0.095000,0.062692,0.859317,0.247778,0.090086,0.859254,0.247716,0.090023,0.728194,0.116655,0.041037
flows_24,corr_source_snow_sev3,31,2600,True,False,False,0.641538,0.641538,0.766154,0.972738,0.972779,0.331200,0.206625,0.836713,0.847162,0.195174,0.081008,0.819449,0.797692,0.156154,0.031538,0.719231,0.077692,0.046923,0.867556,0.226018,0.101403,0.867494,0.225955,0.101340,0.766029,0.124490,0.000125
flows_24,corr_source_snow_sev4,32,2600,True,False,False,0.543462,0.543462,0.738462,0.959167,0.960952,0.415706,0.222491,0.791944,0.828080,0.248482,0.089618,0.779551,0.755000,0.211538,0.016538,0.667692,0.124231,0.070769,0.838827,0.295365,0.100365,0.838764,0.295303,0.100303,0.702253,0.158791,0.036209
flows_24,corr_source_snow_sev5,33,2600,True,False,False,0.480769,0.480769,0.744615,0.962490,0.962546,0.481721,0.217931,0.747117,0.793256,0.266348,0.048641,0.741990,0.701923,0.221154,0.042692,0.593846,0.113077,0.150769,0.810452,0.329683,0.065837,0.810390,0.329620,0.065774,0.633680,0.152911,0.110936
flows_24,corr_source_defocus_blur_sev1,34,2600,True,False,False,0.836154,0.836154,0.871923,0.989114,0.989114,0.152960,0.117190,0.932253,0.936420,0.096099,0.064497,0.904981,0.886538,0.050385,0.014615,0.859231,0.023077,0.012692,0.927949,0.091795,0.056026,0.927886,0.091732,0.055963,0.898566,0.062412,0.026643
flows_24,corr_source_defocus_blur_sev2,35,2600,True,False,False,0.786923,0.786923,0.833077,0.983581,0.983581,0.196658,0.150504,0.903733,0.912363,0.116810,0.079286,0.874317,0.860769,0.073846,0.027692,0.810000,0.023077,0.023077,0.908435,0.121512,0.075358,0.908372,0.121449,0.075296,0.873275,0.086352,0.040198
flows_24,corr_source_defocus_blur_sev3,36,2600,True,False,False,0.675000,0.675000,0.779615,0.968254,0.968827,0.293254,0.189212,0.830538,0.858024,0.155538,0.078408,0.800168,0.776154,0.101154,0.003462,0.689615,0.014615,0.090000,0.854349,0.179349,0.074733,0.854286,0.179286,0.074671,0.808449,0.133449,0.028833
flows_24,corr_source_defocus_blur_sev4,37,2600,True,False,False,0.568077,0.568077,0.748462,0.958333,0.959352,0.390256,0.210890,0.765167,0.820242,0.197090,0.071781,0.729570,0.688846,0.120769,0.059615,0.586538,0.018462,0.161923,0.803540,0.235463,0.055078,0.803477,0.235400,0.055015,0.733585,0.165508,0.014876
flows_24,corr_source_defocus_blur_sev5,38,2600,True,False,False,0.454231,0.454231,0.725769,0.949495,0.950032,0.495264,0.224263,0.705350,0.807064,0.251119,0.081295,0.658969,0.606923,0.152692,0.118846,0.480000,0.025769,0.245769,0.752496,0.298265,0.026727,0.752433,0.298203,0.026664,0.641177,0.186946,0.084593
flows_24,corr_source_glass_blur_sev1,39,2600,True,False,False,0.795769,0.795769,0.843846,0.984375,0.984806,0.188606,0.140960,0.910782,0.912359,0.115013,0.068513,0.890658,0.873077,0.077308,0.029231,0.838462,0.042692,0.005385,0.918794,0.123025,0.074948,0.918731,0.122962,0.074885,0.869701,0.073931,0.025855
flows_24,corr_source_glass_blur_sev2,40,2600,True,False,False,0.684615,0.684615,0.775385,0.975168,0.975590,0.290552,0.200205,0.851229,0.866407,0.166614,0.091022,0.830841,0.810385,0.125769,0.035000,0.745000,0.060385,0.030385,0.876198,0.191583,0.100814,0.876136,0.191520,0.100751,0.785199,0.100583,0.009814
flows_24,corr_source_glass_blur_sev3,41,2600,True,False,False,0.401923,0.401923,0.733077,0.953722,0.954178,0.551799,0.221101,0.731481,0.805176,0.329558,0.072099,0.658301,0.609615,0.207692,0.123462,0.466923,0.065000,0.266154,0.752016,0.350093,0.018939,0.751953,0.350030,0.018876,0.524055,0.122132,0.209022
flows_24,corr_source_glass_blur_sev4,42,2600,True,False,False,0.310000,0.310000,0.765769,0.946515,0.946982,0.636515,0.181213,0.711220,0.792793,0.401220,0.027024,0.621594,0.552692,0.242692,0.213077,0.406923,0.096923,0.358846,0.723292,0.413292,0.042477,0.723229,0.413229,0.042540,0.441043,0.131043,0.324726
flows_24,corr_source_glass_blur_sev5,43,2600,True,False,False,0.236154,0.236154,0.799615,0.956242,0.956242,0.720089,0.156627,0.743523,0.811279,0.507369,0.011664,0.614313,0.568077,0.331923,0.231538,0.404231,0.168077,0.395385,0.729419,0.493265,0.070197,0.729356,0.493202,0.070259,0.379686,0.143532,0.419929
flows_24,corr_source_gaussian_noise_sev1,44,2600,True,False,False,0.838077,0.838077,0.860769,0.993419,0.993419,0.155342,0.132649,0.941635,0.941635,0.103558,0.080866,0.924706,0.920385,0.082308,0.059615,0.890769,0.052692,0.030000,0.944734,0.106658,0.083965,0.944672,0.106595,0.083902,0.916766,0.078689,0.055996
flows_24,corr_source_gaussian_noise_sev2,45,2600,True,False,False,0.753846,0.753846,0.802692,0.982387,0.982387,0.228541,0.179695,0.902752,0.902752,0.148905,0.100059,0.894314,0.885000,0.131154,0.082308,0.844615,0.090769,0.041923,0.922519,0.168673,0.119827,0.922457,0.168610,0.119764,0.861170,0.107324,0.058478
flows_24,corr_source_gaussian_noise_sev3,46,2600,True,False,False,0.618846,0.618846,0.745000,0.974763,0.974763,0.355917,0.229763,0.822816,0.828949,0.203969,0.083949,0.844815,0.821538,0.202692,0.076538,0.765000,0.146154,0.020000,0.884325,0.265479,0.139325,0.884262,0.265416,0.139262,0.771542,0.152696,0.026542
flows_24,corr_source_gaussian_noise_sev4,47,2600,True,False,False,0.444231,0.444231,0.720769,0.960000,0.960505,0.515769,0.239736,0.714280,0.785359,0.270049,0.064590,0.768734,0.732692,0.288462,0.011923,0.646538,0.202308,0.074231,0.828579,0.384348,0.107809,0.828516,0.384285,0.107747,0.650488,0.206257,0.070281
flows_24,corr_source_gaussian_noise_sev5,48,2600,True,False,False,0.243846,0.243846,0.796154,0.932677,0.933946,0.688830,0.137792,0.642743,0.754908,0.398897,0.041246,0.671602,0.617308,0.373462,0.178846,0.490769,0.246923,0.305385,0.760624,0.516778,0.035529,0.760562,0.516715,0.035592,0.483135,0.239289,0.313019
flows_24,corr_source_shot_noise_sev1,49,2600,True,False,False,0.833846,0.833846,0.865000,0.990683,0.991095,0.156837,0.126095,0.944260,0.944456,0.110414,0.079456,0.923385,0.916923,0.083077,0.051923,0.891538,0.057692,0.026538,0.945396,0.111549,0.080396,0.945333,0.111487,0.080333,0.913847,0.080001,0.048847
flows_24,corr_source_shot_noise_sev2,50,2600,True,False,False,0.748077,0.748077,0.803462,0.978790,0.979207,0.230713,0.175746,0.896627,0.896782,0.148550,0.093321,0.890705,0.889615,0.141538,0.086154,0.836923,0.088846,0.033462,0.920169,0.172092,0.116707,0.920106,0.172029,0.116645,0.859785,0.111708,0.056323
flows_24,corr_source_shot_noise_sev3,51,2600,True,False,False,0.618846,0.618846,0.741154,0.969889,0.971651,0.351043,0.230497,0.818455,0.827004,0.199609,0.085850,0.834544,0.812692,0.193846,0.071538,0.750000,0.131154,0.008846,0.876411,0.257565,0.135257,0.876348,0.257502,0.135194,0.765715,0.146869,0.024561
flows_24,corr_source_shot_noise_sev4,52,2600,True,False,False,0.401154,0.401154,0.745769,0.957080,0.958877,0.555926,0.213108,0.699982,0.773526,0.298828,0.027756,0.748341,0.712308,0.311154,0.033462,0.611538,0.210385,0.134231,0.813810,0.412656,0.068040,0.813747,0.412593,0.067978,0.617145,0.215992,0.128624
flows_24,corr_source_shot_noise_sev5,53,2600,True,False,False,0.281154,0.281154,0.783462,0.940505,0.940594,0.659351,0.157132,0.677890,0.750561,0.396736,0.032900,0.704783,0.673077,0.391923,0.110385,0.549231,0.268077,0.234231,0.788470,0.507316,0.005008,0.788407,0.507253,0.004946,0.519119,0.237965,0.264342
flows_24,corr_source_impulse_noise_sev1,54,2600,True,False,False,0.756538,0.756538,0.817308,0.981590,0.982030,0.225052,0.164722,0.895502,0.896482,0.138964,0.079175,0.886592,0.876154,0.119615,0.058846,0.826154,0.069615,0.008846,0.916537,0.159999,0.099229,0.916474,0.159936,0.099167,0.867405,0.110867,0.050098
flows_24,corr_source_impulse_noise_sev2,55,2600,True,False,False,0.699615,0.699615,0.765000,0.981191,0.981191,0.281576,0.216191,0.855587,0.867925,0.155971,0.102925,0.860867,0.850769,0.151154,0.085769,0.796154,0.096538,0.031154,0.898985,0.199370,0.133985,0.898922,0.199307,0.133922,0.829795,0.130179,0.064795
flows_24,corr_source_impulse_noise_sev3,56,2600,True,False,False,0.616538,0.616538,0.747308,0.967844,0.967844,0.351306,0.220537,0.808946,0.830076,0.192407,0.082768,0.831228,0.809231,0.192692,0.061923,0.740000,0.123462,0.007308,0.874410,0.257871,0.127102,0.874347,0.257809,0.127039,0.783849,0.167311,0.036541
flows_24,corr_source_impulse_noise_sev4,57,2600,True,False,False,0.438462,0.438462,0.721923,0.953301,0.953301,0.514840,0.231378,0.701219,0.783964,0.262758,0.062041,0.755519,0.722308,0.283846,0.000385,0.618462,0.180000,0.103462,0.820700,0.382239,0.098777,0.820638,0.382176,0.098714,0.650382,0.211920,0.071541
flows_24,corr_source_impulse_noise_sev5,58,2600,True,False,False,0.266154,0.266154,0.773077,0.929160,0.929781,0.663006,0.156704,0.654463,0.746426,0.388309,0.026651,0.669930,0.628077,0.361923,0.145000,0.485000,0.218846,0.288077,0.763493,0.497339,0.009584,0.763430,0.497276,0.009647,0.500924,0.234770,0.272153
flows_24,corr_source_contrast_sev1,59,2600,True,False,False,0.871154,0.871154,0.888077,0.994586,0.994594,0.123432,0.106517,0.956397,0.956397,0.085244,0.068320,0.930996,0.933462,0.062308,0.045385,0.901923,0.030769,0.013846,0.951260,0.080106,0.063183,0.951198,0.080044,0.063121,0.921433,0.050279,0.033356
flows_24,corr_source_contrast_sev2,60,2600,True,False,False,0.832692,0.832692,0.864231,0.986750,0.986750,0.154057,0.122519,0.936379,0.936379,0.103687,0.072148,0.910936,0.905385,0.072692,0.041154,0.873846,0.041154,0.009615,0.935899,0.103207,0.071668,0.935836,0.103144,0.071605,0.896263,0.063571,0.032032
flows_24,corr_source_contrast_sev3,61,2600,True,False,False,0.750000,0.750000,0.805000,0.983978,0.984002,0.233978,0.179002,0.886785,0.890013,0.136785,0.085013,0.867873,0.852308,0.102308,0.047308,0.800000,0.050000,0.005000,0.901694,0.151694,0.096694,0.901631,0.151631,0.096631,0.831066,0.081066,0.026066
flows_24,corr_source_contrast_sev4,62,2600,True,False,False,0.521154,0.521154,0.725385,0.967844,0.968711,0.446691,0.243327,0.772578,0.801392,0.251425,0.076007,0.768239,0.735769,0.214615,0.010385,0.652692,0.131538,0.072692,0.830701,0.309547,0.105316,0.830638,0.309484,0.105253,0.674284,0.153130,0.051100
flows_24,corr_source_contrast_sev5,63,2600,True,False,False,0.290385,0.290385,0.771154,0.944377,0.946031,0.653992,0.174878,0.605712,0.754815,0.315328,0.016339,0.618756,0.550769,0.260385,0.220385,0.409231,0.118846,0.361923,0.717731,0.427347,0.053423,0.717669,0.427284,0.053485,0.502703,0.212318,0.268451
flows_24,corr_source_elastic_transform_sev1,64,2600,True,False,False,0.866923,0.866923,0.888077,0.989899,0.989969,0.122976,0.101892,0.955902,0.956235,0.088979,0.068158,0.930334,0.925000,0.058077,0.036923,0.898846,0.031923,0.010769,0.948503,0.081580,0.060426,0.948440,0.081517,0.060363,0.921560,0.054637,0.033483
flows_24,corr_source_elastic_transform_sev2,65,2600,True,False,False,0.653077,0.653077,0.761154,0.961247,0.962744,0.308170,0.201590,0.834389,0.866493,0.181313,0.105339,0.829804,0.811154,0.158077,0.050000,0.740769,0.087692,0.020385,0.874342,0.221265,0.113188,0.874279,0.221202,0.113125,0.773430,0.120353,0.012276
flows_24,corr_source_elastic_transform_sev3,66,2600,True,False,False,0.754615,0.754615,0.803846,0.986750,0.986750,0.232134,0.182904,0.906559,0.907014,0.151943,0.103168,0.875910,0.870769,0.116154,0.066923,0.817308,0.062692,0.013462,0.910656,0.156040,0.106809,0.910593,0.155977,0.106747,0.827932,0.073316,0.024086
flows_24,corr_source_elastic_transform_sev4,67,2600,True,False,False,0.610769,0.610769,0.738462,0.972738,0.973164,0.361969,0.234703,0.837316,0.851970,0.226547,0.113508,0.808250,0.789231,0.178462,0.050769,0.710385,0.099615,0.028077,0.860400,0.249631,0.121938,0.860337,0.249568,0.121876,0.709126,0.098357,0.029335
flows_24,corr_source_elastic_transform_sev5,68,2600,True,False,False,0.351923,0.351923,0.743462,0.945233,0.945233,0.593310,0.201772,0.710822,0.784448,0.358899,0.040987,0.678401,0.627692,0.275769,0.115769,0.503077,0.151154,0.240385,0.765069,0.413146,0.021607,0.765006,0.413083,0.021545,0.486353,0.134430,0.257109
flows_24,corr_source_pixelate_sev1,69,2600,True,False,False,0.872308,0.872308,0.895769,0.988720,0.989154,0.116413,0.093385,0.955043,0.955043,0.082736,0.059274,0.929956,0.926923,0.054615,0.031154,0.896538,0.024231,0.000769,0.949838,0.077530,0.054069,0.949775,0.077467,0.054006,0.919226,0.046919,0.023457
flows_24,corr_source_pixelate_sev2,70,2600,True,False,False,0.855385,0.855385,0.884231,0.988327,0.988327,0.132942,0.104096,0.945245,0.945245,0.089861,0.061014,0.921128,0.912308,0.056923,0.028077,0.882692,0.027308,0.001538,0.942086,0.086701,0.057855,0.942023,0.086638,0.057792,0.907473,0.052089,0.023242
flows_24,corr_source_pixelate_sev3,71,2600,True,False,False,0.778846,0.778846,0.834615,0.979992,0.980022,0.201146,0.145407,0.902936,0.904620,0.124090,0.070004,0.880388,0.876923,0.098077,0.042308,0.820769,0.041923,0.013846,0.914177,0.135331,0.079562,0.914115,0.135269,0.079499,0.852324,0.073478,0.017709
flows_24,corr_source_pixelate_sev4,72,2600,True,False,False,0.653846,0.653846,0.785769,0.967024,0.967024,0.313178,0.181255,0.825542,0.837735,0.171696,0.051966,0.813559,0.782308,0.128462,0.003462,0.710000,0.056154,0.075769,0.861600,0.207754,0.075831,0.861537,0.207691,0.075768,0.759010,0.105164,0.026759
flows_24,corr_source_pixelate_sev5,73,2600,True,False,False,0.576923,0.576923,0.764231,0.952880,0.952950,0.375957,0.188719,0.749945,0.822106,0.173022,0.057875,0.761326,0.722692,0.145769,0.041538,0.628462,0.051538,0.135769,0.823057,0.246134,0.058826,0.822994,0.246071,0.058763,0.697650,0.120726,0.066581
flows_24,corr_source_jpeg_compression_sev1,74,2600,True,False,False,0.870769,0.870769,0.889231,0.989899,0.990299,0.119130,0.101068,0.957870,0.959699,0.087100,0.070468,0.934912,0.931538,0.060769,0.042308,0.909615,0.038846,0.020385,0.951404,0.080635,0.062174,0.951342,0.080572,0.062111,0.911015,0.040246,0.021784
flows_24,corr_source_jpeg_compression_sev2,75,2600,True,False,False,0.853846,0.853846,0.875385,0.988327,0.988729,0.134481,0.113345,0.948767,0.951570,0.094920,0.076186,0.926052,0.925769,0.071923,0.050385,0.898462,0.044615,0.023077,0.947526,0.093680,0.072142,0.947464,0.093618,0.072079,0.901318,0.047472,0.025934
flows_24,corr_source_jpeg_compression_sev3,76,2600,True,False,False,0.836538,0.836538,0.860385,0.988720,0.988737,0.152182,0.128353,0.943705,0.945059,0.107166,0.084675,0.919126,0.913077,0.076538,0.052692,0.886538,0.050000,0.026154,0.941555,0.105016,0.081170,0.941492,0.104954,0.081107,0.889507,0.052968,0.029122
flows_24,corr_source_jpeg_compression_sev4,77,2600,True,False,False,0.775769,0.775769,0.824615,0.983581,0.984084,0.207812,0.159468,0.907958,0.911115,0.132189,0.086500,0.889378,0.881154,0.105385,0.056538,0.833462,0.057692,0.008846,0.919672,0.143903,0.095057,0.919610,0.143840,0.094994,0.854172,0.078403,0.029557
flows_24,corr_source_jpeg_compression_sev5,78,2600,True,False,False,0.687308,0.687308,0.785769,0.978790,0.980157,0.291483,0.194387,0.850465,0.858602,0.163158,0.072833,0.832670,0.816538,0.129231,0.030769,0.742308,0.055000,0.043462,0.877306,0.189998,0.091537,0.877243,0.189936,0.091474,0.787689,0.100382,0.001920
flows_24,corr_source_speckle_noise_sev1,79,2600,True,False,False,0.849231,0.849231,0.871154,0.990291,0.990691,0.141060,0.119537,0.950165,0.950330,0.100934,0.079176,0.926904,0.928462,0.079231,0.057308,0.901154,0.051923,0.030000,0.946861,0.097630,0.075707,0.946798,0.097567,0.075644,0.911100,0.061870,0.039947
flows_24,corr_source_speckle_noise_sev2,80,2600,True,False,False,0.810385,0.810385,0.841154,0.990291,0.990291,0.179907,0.149137,0.928386,0.929194,0.118001,0.088040,0.907754,0.901154,0.090769,0.060000,0.866154,0.055769,0.025000,0.932695,0.122310,0.091541,0.932632,0.122247,0.091478,0.883352,0.072968,0.042198
flows_24,corr_source_speckle_noise_sev3,81,2600,True,False,False,0.668462,0.668462,0.760769,0.972332,0.972332,0.303870,0.211563,0.850143,0.859009,0.181682,0.098239,0.849087,0.835385,0.166923,0.074615,0.773077,0.104615,0.012308,0.889584,0.221122,0.128814,0.889521,0.221059,0.128752,0.781103,0.112641,0.020333
flows_24,corr_source_speckle_noise_sev4,82,2600,True,False,False,0.566538,0.566538,0.727308,0.964556,0.965047,0.398017,0.237740,0.790589,0.822341,0.224051,0.095034,0.807374,0.778846,0.212308,0.051538,0.703462,0.136923,0.023846,0.856815,0.290276,0.129507,0.856752,0.290214,0.129444,0.716163,0.149625,0.011144
flows_24,corr_source_speckle_noise_sev5,83,2600,True,False,False,0.448846,0.448846,0.731923,0.956242,0.957137,0.507396,0.225214,0.736468,0.788204,0.287622,0.056281,0.765142,0.735385,0.286538,0.003462,0.635769,0.186923,0.096154,0.828298,0.379452,0.096375,0.828236,0.379389,0.096312,0.643526,0.194680,0.088397
flows_24,corr_source_spatter_sev1,84,2600,True,False,False,0.905385,0.905385,0.915769,0.994197,0.994591,0.088813,0.078821,0.970588,0.972804,0.065203,0.057034,0.948762,0.940769,0.035385,0.025000,0.924231,0.018846,0.008462,0.961613,0.056229,0.045844,0.961551,0.056166,0.045781,0.942826,0.037441,0.027056
flows_24,corr_source_spatter_sev2,85,2600,True,False,False,0.853462,0.853462,0.883077,0.985959,0.985959,0.132498,0.102883,0.947595,0.948994,0.094133,0.065917,0.924292,0.914231,0.060769,0.031154,0.888462,0.035000,0.005385,0.943148,0.089686,0.060071,0.943085,0.089623,0.060008,0.910173,0.056712,0.027096
flows_24,corr_source_spatter_sev3,86,2600,True,False,False,0.802692,0.802692,0.840000,0.985564,0.985564,0.182871,0.145564,0.911837,0.915760,0.109145,0.075760,0.893619,0.886923,0.084231,0.046923,0.843462,0.040769,0.003462,0.922858,0.120165,0.082858,0.922795,0.120103,0.082795,0.875262,0.072569,0.035262
flows_24,corr_source_spatter_sev4,87,2600,True,False,False,0.720769,0.720769,0.792692,0.978389,0.978389,0.257620,0.185697,0.894139,0.897287,0.173369,0.104595,0.862787,0.846923,0.126154,0.054231,0.790000,0.069231,0.002692,0.898955,0.178186,0.106263,0.898893,0.178123,0.106200,0.824757,0.103988,0.032065
flows_24,corr_source_spatter_sev5,88,2600,True,False,False,0.621923,0.621923,0.726923,0.971112,0.971283,0.349189,0.244360,0.844720,0.858851,0.222797,0.131928,0.827837,0.809231,0.187308,0.082308,0.737308,0.115385,0.010385,0.873344,0.251421,0.146421,0.873282,0.251359,0.146359,0.735901,0.113978,0.008978
flows_24,corr_source_gaussian_blur_sev1,89,2600,True,False,False,0.874615,0.874615,0.891154,0.990683,0.990683,0.116068,0.099529,0.963771,0.963771,0.089155,0.072617,0.938865,0.940000,0.065385,0.048846,0.916923,0.042308,0.025769,0.957782,0.083167,0.066628,0.957720,0.083104,0.066566,0.930662,0.056047,0.039508
flows_24,corr_source_gaussian_blur_sev2,90,2600,True,False,False,0.810769,0.810769,0.850385,0.985168,0.985274,0.174399,0.134889,0.919458,0.930221,0.108689,0.079836,0.890870,0.880000,0.069231,0.029615,0.838077,0.027308,0.012308,0.920765,0.109996,0.070380,0.920702,0.109933,0.070318,0.887809,0.077040,0.037425
flows_24,corr_source_gaussian_blur_sev3,91,2600,True,False,False,0.706538,0.706538,0.785000,0.969072,0.969119,0.262534,0.184119,0.852016,0.862332,0.145478,0.077332,0.826069,0.804615,0.098077,0.019615,0.736923,0.030385,0.048077,0.872021,0.165483,0.087021,0.871959,0.165420,0.086959,0.823393,0.116855,0.038393
flows_24,corr_source_gaussian_blur_sev4,92,2600,True,False,False,0.601538,0.601538,0.757308,0.962904,0.962960,0.361365,0.205652,0.773507,0.834589,0.171968,0.077281,0.751720,0.712692,0.111154,0.044615,0.618846,0.017308,0.138462,0.815979,0.214440,0.058671,0.815916,0.214377,0.058608,0.752358,0.150820,0.004949
flows_24,corr_source_gaussian_blur_sev5,93,2600,True,False,False,0.378846,0.378846,0.733846,0.939208,0.939208,0.560362,0.205362,0.659153,0.795064,0.280306,0.061218,0.611554,0.552692,0.173846,0.181154,0.409231,0.030385,0.324615,0.717559,0.338713,0.016287,0.717497,0.338651,0.016349,0.571043,0.192197,0.162803
flows_24,corr_source_saturate_sev1,94,2600,True,False,False,0.885000,0.885000,0.894615,0.990291,0.990306,0.105291,0.095690,0.961563,0.962940,0.076563,0.068325,0.939494,0.944231,0.059231,0.049615,0.917692,0.032692,0.023077,0.957658,0.072658,0.063043,0.957595,0.072595,0.062980,0.926358,0.041358,0.031743
flows_24,corr_source_saturate_sev2,95,2600,True,False,False,0.862308,0.862308,0.873462,0.993808,0.994595,0.131500,0.121134,0.955372,0.956767,0.093064,0.083305,0.930823,0.927308,0.065000,0.053846,0.900000,0.037692,0.026538,0.950178,0.087870,0.076716,0.950115,0.087807,0.076654,0.921503,0.059195,0.048041
flows_24,corr_source_saturate_sev3,96,2600,True,False,False,0.901923,0.901923,0.914231,0.992639,0.993034,0.090715,0.078803,0.969729,0.971969,0.067806,0.057738,0.949589,0.949231,0.047308,0.035000,0.930000,0.028077,0.015769,0.964212,0.062289,0.049981,0.964149,0.062226,0.049919,0.945863,0.043940,0.031633
flows_24,corr_source_saturate_sev4,97,2600,True,False,False,0.856154,0.856154,0.883077,0.989114,0.989515,0.132960,0.106438,0.948688,0.949680,0.092534,0.066603,0.931330,0.928077,0.071923,0.045000,0.899231,0.043077,0.016154,0.950198,0.094044,0.067121,0.950135,0.093981,0.067058,0.925548,0.069394,0.042471
flows_24,corr_source_saturate_sev5,98,2600,True,False,False,0.802692,0.802692,0.833077,0.987539,0.987961,0.184847,0.154884,0.918114,0.921830,0.115422,0.088753,0.905036,0.898077,0.095385,0.065000,0.862308,0.059615,0.029231,0.931304,0.128611,0.098227,0.931241,0.128549,0.098164,0.890602,0.087910,0.057525
flows_24,corr_target_fog_sev1,99,2600,False,True,False,0.553846,0.553846,0.688462,0.968663,0.968663,0.414817,0.280202,0.824816,0.838744,0.270970,0.150283,0.808762,0.786923,0.233077,0.098462,0.711923,0.158077,0.023462,0.859742,0.305896,0.171280,0.859679,0.305833,0.171217,0.776622,0.222775,0.088160
flows_24,corr_target_fog_sev2,100,2600,False,True,False,0.533077,0.533077,0.685385,0.968254,0.968687,0.435177,0.283303,0.805424,0.834599,0.272347,0.149214,0.793714,0.763077,0.230000,0.077692,0.679615,0.146538,0.005769,0.846918,0.313841,0.161533,0.846855,0.313778,0.161470,0.754970,0.221893,0.069586
flows_24,corr_target_fog_sev3,101,2600,False,True,False,0.480769,0.480769,0.687692,0.959167,0.960121,0.478398,0.272429,0.789656,0.824335,0.308887,0.136642,0.772497,0.741154,0.260385,0.053462,0.643846,0.163077,0.043846,0.834494,0.353725,0.146802,0.834431,0.353662,0.146739,0.722227,0.241458,0.034535
flows_24,corr_target_fog_sev4,102,2600,False,True,False,0.413462,0.413462,0.702692,0.966203,0.966254,0.552741,0.263561,0.775785,0.820573,0.362323,0.117880,0.756729,0.723077,0.309615,0.020385,0.626538,0.213077,0.076154,0.822427,0.408965,0.119735,0.822364,0.408903,0.119672,0.660834,0.247372,0.041858
flows_24,corr_target_fog_sev5,103,2600,False,True,False,0.301154,0.301154,0.738462,0.971926,0.972010,0.670772,0.233548,0.730548,0.810840,0.429395,0.072378,0.724822,0.692692,0.391538,0.045769,0.584231,0.283077,0.154231,0.801604,0.500451,0.063143,0.801542,0.500388,0.063080,0.532932,0.231778,0.205529
flows_24,corr_target_frost_sev1,104,2600,False,True,False,0.535769,0.535769,0.681923,0.968254,0.968687,0.432485,0.286764,0.796838,0.822652,0.261069,0.140729,0.797427,0.766154,0.230385,0.084231,0.691923,0.156154,0.010000,0.852091,0.316322,0.170168,0.852028,0.316259,0.170105,0.771357,0.235588,0.089434
flows_24,corr_target_frost_sev2,105,2600,False,True,False,0.436923,0.436923,0.694615,0.959584,0.959584,0.522661,0.264968,0.742431,0.806021,0.305508,0.111406,0.752417,0.721538,0.284615,0.026923,0.623077,0.186154,0.071538,0.818494,0.381571,0.123879,0.818431,0.381508,0.123816,0.689819,0.252896,0.004797
flows_24,corr_target_frost_sev3,106,2600,False,True,False,0.371923,0.371923,0.710769,0.946942,0.947408,0.575019,0.236639,0.695993,0.782265,0.324070,0.071496,0.716070,0.670000,0.298077,0.040769,0.564231,0.192308,0.146538,0.793298,0.421375,0.082529,0.793236,0.421313,0.082466,0.625426,0.253502,0.085344
flows_24,corr_target_frost_sev4,107,2600,False,True,False,0.354231,0.354231,0.719615,0.956661,0.957177,0.602431,0.237561,0.701972,0.777477,0.347741,0.057861,0.712631,0.677308,0.323077,0.042308,0.558077,0.203846,0.161538,0.793507,0.439276,0.073891,0.793444,0.439213,0.073829,0.604271,0.250040,0.115344
flows_24,corr_target_frost_sev5,108,2600,False,True,False,0.310385,0.310385,0.741538,0.951613,0.953058,0.641228,0.211519,0.693609,0.781959,0.383224,0.040421,0.692529,0.662692,0.352308,0.078846,0.519231,0.208846,0.222308,0.779007,0.468622,0.037469,0.778944,0.468560,0.037406,0.558286,0.247902,0.183252
flows_24,corr_target_motion_blur_sev1,109,2600,False,True,False,0.550385,0.550385,0.690385,0.975168,0.975168,0.424783,0.284783,0.836942,0.847583,0.286558,0.157198,0.808407,0.785769,0.235385,0.095385,0.715769,0.165385,0.025385,0.862558,0.312173,0.172173,0.862495,0.312110,0.172110,0.801056,0.250672,0.110672
flows_24,corr_target_motion_blur_sev2,110,2600,False,True,False,0.495769,0.495769,0.678462,0.964968,0.964968,0.469199,0.286507,0.795757,0.819082,0.299988,0.140621,0.772078,0.734231,0.238462,0.055769,0.644615,0.148846,0.033846,0.831216,0.335447,0.152755,0.831154,0.335384,0.152692,0.761101,0.265332,0.082639
flows_24,corr_target_motion_blur_sev3,111,2600,False,True,False,0.393462,0.393462,0.707308,0.954143,0.954598,0.560682,0.247290,0.752958,0.810498,0.359497,0.103190,0.729193,0.698462,0.305000,0.008846,0.591154,0.197692,0.116154,0.803988,0.410526,0.096680,0.803925,0.410463,0.096617,0.696053,0.302591,0.011255
flows_24,corr_target_motion_blur_sev4,112,2600,False,True,False,0.300769,0.300769,0.730769,0.950343,0.950491,0.649574,0.219722,0.733005,0.798273,0.432236,0.067504,0.688307,0.656538,0.355769,0.074231,0.520769,0.220000,0.210000,0.777133,0.476364,0.046364,0.777070,0.476301,0.046301,0.581516,0.280747,0.149253
flows_24,corr_target_motion_blur_sev5,113,2600,False,True,False,0.243846,0.243846,0.768077,0.948220,0.950369,0.704374,0.182292,0.737495,0.805748,0.493649,0.037671,0.675283,0.640000,0.396154,0.128077,0.508462,0.264615,0.259615,0.768979,0.525132,0.000902,0.768916,0.525070,0.000839,0.511494,0.267648,0.256583
flows_24,corr_target_brightness_sev1,114,2600,False,True,False,0.605769,0.605769,0.703077,0.974359,0.974359,0.368590,0.271282,0.850492,0.873264,0.244722,0.170187,0.837343,0.828846,0.223077,0.125769,0.761154,0.155385,0.058077,0.882597,0.276828,0.179520,0.882534,0.276765,0.179457,0.821739,0.215970,0.118662
flows_24,corr_target_brightness_sev2,115,2600,False,True,False,0.602692,0.602692,0.699231,0.976378,0.976378,0.373686,0.277147,0.843155,0.865442,0.240463,0.166212,0.832384,0.815000,0.212308,0.115769,0.751923,0.149231,0.052692,0.878687,0.275995,0.179456,0.878624,0.275932,0.179393,0.824178,0.221486,0.124948
flows_24,corr_target_brightness_sev3,116,2600,False,True,False,0.588846,0.588846,0.692308,0.969072,0.969343,0.380226,0.277035,0.838172,0.859451,0.249326,0.167143,0.827970,0.815769,0.226923,0.123462,0.750000,0.161154,0.057692,0.876234,0.287388,0.183926,0.876171,0.287325,0.183863,0.824794,0.235948,0.132486
flows_24,corr_target_brightness_sev4,117,2600,False,True,False,0.573462,0.573462,0.685385,0.969481,0.970773,0.396019,0.285388,0.823542,0.862403,0.250080,0.177018,0.814866,0.803462,0.230000,0.118077,0.726538,0.153077,0.041154,0.865574,0.292112,0.180189,0.865511,0.292049,0.180126,0.816239,0.242778,0.130855
flows_24,corr_target_brightness_sev5,118,2600,False,True,False,0.551923,0.551923,0.670000,0.964968,0.965073,0.413045,0.295073,0.804359,0.846945,0.252436,0.176945,0.800268,0.781923,0.230000,0.111923,0.704231,0.152308,0.034231,0.855478,0.303555,0.185478,0.855416,0.303493,0.185416,0.801109,0.249186,0.131109
flows_24,corr_target_zoom_blur_sev1,119,2600,False,True,False,0.504615,0.504615,0.685385,0.955404,0.955404,0.450788,0.270019,0.781232,0.821559,0.276616,0.136174,0.773113,0.734615,0.230000,0.049231,0.645000,0.140385,0.040385,0.831771,0.327155,0.146386,0.831708,0.327092,0.146323,0.762712,0.258097,0.077328
flows_24,corr_target_zoom_blur_sev2,120,2600,False,True,False,0.460000,0.460000,0.701154,0.944377,0.944847,0.484377,0.243693,0.744280,0.792858,0.284280,0.091704,0.744307,0.688846,0.228846,0.012308,0.589615,0.129615,0.111538,0.806871,0.346871,0.105718,0.806809,0.346809,0.105655,0.733309,0.273309,0.032155
flows_24,corr_target_zoom_blur_sev3,121,2600,False,True,False,0.427692,0.427692,0.698846,0.935299,0.936415,0.507607,0.237569,0.722493,0.787137,0.294801,0.088291,0.722002,0.684615,0.256923,0.014231,0.567308,0.139615,0.131538,0.796487,0.368795,0.097641,0.796424,0.368732,0.097578,0.708528,0.280835,0.009681
flows_24,corr_target_zoom_blur_sev4,122,2600,False,True,False,0.389615,0.389615,0.714231,0.923841,0.924454,0.534226,0.210224,0.695653,0.776115,0.306037,0.061885,0.696473,0.646538,0.256923,0.067692,0.526538,0.136923,0.187692,0.777759,0.388144,0.063528,0.777696,0.388081,0.063466,0.681568,0.291952,0.032663
flows_24,corr_target_zoom_blur_sev5,123,2600,False,True,False,0.345769,0.345769,0.734231,0.913498,0.914015,0.567728,0.179784,0.675438,0.759379,0.329668,0.025149,0.669140,0.616538,0.270769,0.117692,0.484231,0.138462,0.250000,0.759695,0.413926,0.025464,0.759632,0.413863,0.025401,0.646554,0.300784,0.087677
flows_24,corr_target_snow_sev1,124,2600,False,True,False,0.485000,0.485000,0.683846,0.963731,0.964278,0.478731,0.280432,0.770908,0.814299,0.285908,0.130453,0.779995,0.756923,0.271923,0.073077,0.659615,0.174615,0.024231,0.840013,0.355013,0.156167,0.839951,0.354951,0.156105,0.742858,0.257858,0.059012
flows_24,corr_target_snow_sev2,125,2600,False,True,False,0.331923,0.331923,0.731538,0.954984,0.955571,0.623061,0.224032,0.720642,0.798287,0.388719,0.066748,0.722283,0.694615,0.362692,0.036923,0.565385,0.233462,0.166154,0.799937,0.468014,0.068398,0.799874,0.467951,0.068335,0.604316,0.272393,0.127222
flows_24,corr_target_snow_sev3,126,2600,False,True,False,0.362308,0.362308,0.711538,0.953722,0.956060,0.591415,0.244522,0.735780,0.785166,0.373473,0.073628,0.730746,0.691923,0.329615,0.019615,0.583846,0.221538,0.127692,0.805989,0.443681,0.094451,0.805926,0.443619,0.094388,0.649950,0.287642,0.061589
flows_24,corr_target_snow_sev4,127,2600,False,True,False,0.294615,0.294615,0.747692,0.945661,0.947221,0.651046,0.199529,0.698727,0.779050,0.404112,0.031358,0.695493,0.651538,0.356923,0.096154,0.528077,0.233462,0.219615,0.780041,0.485426,0.032349,0.779979,0.485363,0.032286,0.581181,0.286566,0.166511
flows_24,corr_target_snow_sev5,128,2600,False,True,False,0.260385,0.260385,0.765769,0.949919,0.950381,0.689535,0.184611,0.672008,0.771573,0.411623,0.005804,0.662742,0.613846,0.353462,0.151923,0.471923,0.211538,0.293846,0.756529,0.496144,0.009240,0.756466,0.496081,0.009303,0.533298,0.272914,0.232471
flows_24,corr_target_defocus_blur_sev1,129,2600,False,True,False,0.522308,0.522308,0.687692,0.962076,0.962076,0.439768,0.274384,0.819822,0.842865,0.297514,0.155172,0.790317,0.766154,0.243846,0.078462,0.680385,0.158077,0.007308,0.848888,0.326580,0.161195,0.848825,0.326517,0.161133,0.788572,0.266265,0.100880
flows_24,corr_target_defocus_blur_sev2,130,2600,False,True,False,0.481538,0.481538,0.685769,0.963731,0.965206,0.482192,0.279436,0.788879,0.830827,0.307340,0.145058,0.762123,0.737308,0.255769,0.051538,0.640769,0.159231,0.045000,0.829590,0.348052,0.143821,0.829528,0.347989,0.143759,0.771244,0.289705,0.085475
flows_24,corr_target_defocus_blur_sev3,131,2600,False,True,False,0.416154,0.416154,0.699231,0.957498,0.958135,0.541344,0.258905,0.728358,0.803371,0.312205,0.104140,0.695594,0.653846,0.237692,0.045385,0.530000,0.113846,0.169231,0.779146,0.362992,0.079915,0.779083,0.362929,0.079852,0.711250,0.295096,0.012019
flows_24,corr_target_defocus_blur_sev4,132,2600,False,True,False,0.337692,0.337692,0.728077,0.941368,0.941368,0.603676,0.213291,0.661263,0.790989,0.323571,0.062912,0.634468,0.586538,0.248846,0.141538,0.443077,0.105385,0.285000,0.735287,0.397595,0.007211,0.735225,0.397532,0.007148,0.633820,0.296128,0.094257
flows_24,corr_target_defocus_blur_sev5,133,2600,False,True,False,0.265769,0.265769,0.754231,0.936605,0.936605,0.670836,0.182375,0.630315,0.777058,0.364546,0.022827,0.589019,0.529231,0.263462,0.225000,0.371538,0.105769,0.382692,0.700097,0.434328,0.054133,0.700035,0.434265,0.054196,0.547628,0.281859,0.206603
flows_24,corr_target_glass_blur_sev1,134,2600,False,True,False,0.498462,0.498462,0.669231,0.963317,0.964691,0.464856,0.295460,0.788127,0.814892,0.289666,0.145661,0.774814,0.746923,0.248462,0.077692,0.652308,0.153846,0.016923,0.836523,0.338061,0.167292,0.836460,0.337998,0.167229,0.769901,0.271440,0.100670
flows_24,corr_target_glass_blur_sev2,135,2600,False,True,False,0.417692,0.417692,0.681154,0.962490,0.963373,0.544798,0.282220,0.736791,0.799424,0.319099,0.118270,0.721329,0.693846,0.276154,0.012692,0.572692,0.155000,0.108462,0.800833,0.383140,0.119679,0.800770,0.383077,0.119616,0.690147,0.272455,0.008994
flows_24,corr_target_glass_blur_sev3,136,2600,False,True,False,0.236154,0.236154,0.779231,0.940505,0.941330,0.704351,0.162099,0.677505,0.740162,0.441352,0.039069,0.588928,0.512692,0.276538,0.266538,0.360000,0.123846,0.419231,0.700600,0.464446,0.078631,0.700537,0.464383,0.078694,0.468777,0.232623,0.310454
flows_24,corr_target_glass_blur_sev4,137,2600,False,True,False,0.184615,0.184615,0.821923,0.946088,0.946949,0.761473,0.125026,0.693528,0.768172,0.508913,0.053751,0.582602,0.517308,0.332692,0.304615,0.355385,0.170769,0.466538,0.702184,0.517568,0.119739,0.702121,0.517506,0.119802,0.401762,0.217147,0.420161
flows_24,corr_target_glass_blur_sev5,138,2600,False,True,False,0.149231,0.149231,0.851538,0.939641,0.939820,0.790410,0.088282,0.689038,0.787608,0.539808,0.063930,0.572186,0.513462,0.364231,0.338077,0.348846,0.199615,0.502692,0.696965,0.547734,0.154573,0.696902,0.547672,0.154636,0.356444,0.207213,0.495094
flows_24,corr_target_gaussian_noise_sev1,139,2600,False,True,False,0.538077,0.538077,0.676154,0.971926,0.971926,0.433849,0.295772,0.812255,0.829225,0.274178,0.153071,0.820294,0.793462,0.255385,0.117308,0.720385,0.182308,0.044231,0.865538,0.327461,0.189384,0.865475,0.327398,0.189322,0.823645,0.285568,0.147491
flows_24,corr_target_gaussian_noise_sev2,140,2600,False,True,False,0.481154,0.481154,0.682308,0.964968,0.965946,0.483814,0.283639,0.780193,0.820290,0.299039,0.137983,0.802529,0.786923,0.305769,0.104615,0.700769,0.219615,0.018462,0.856772,0.375618,0.174464,0.856709,0.375555,0.174401,0.791153,0.309999,0.108845
flows_24,corr_target_gaussian_noise_sev3,141,2600,False,True,False,0.378462,0.378462,0.706923,0.960000,0.960119,0.581538,0.253196,0.712325,0.796019,0.333863,0.089096,0.763032,0.741538,0.363077,0.034615,0.646154,0.267692,0.060769,0.826039,0.447577,0.119115,0.825976,0.447514,0.119053,0.698218,0.319756,0.008705
flows_24,corr_target_gaussian_noise_sev4,142,2600,False,True,False,0.278846,0.278846,0.765769,0.950343,0.950804,0.671497,0.185035,0.651701,0.759984,0.372855,0.005785,0.708045,0.669231,0.390385,0.096538,0.549615,0.270769,0.216154,0.786985,0.508139,0.021216,0.786923,0.508076,0.021153,0.591911,0.313065,0.173858
flows_24,corr_target_gaussian_noise_sev5,143,2600,False,True,False,0.170385,0.170385,0.841538,0.927393,0.927393,0.757008,0.085854,0.627507,0.760304,0.457123,0.081234,0.640389,0.579615,0.409231,0.261923,0.442692,0.272308,0.398846,0.737637,0.567252,0.103902,0.737574,0.567189,0.103965,0.463798,0.293413,0.377741
flows_24,corr_target_shot_noise_sev1,144,2600,False,True,False,0.536923,0.536923,0.683462,0.964968,0.965406,0.428045,0.281945,0.804893,0.825883,0.267970,0.142421,0.810402,0.791923,0.255000,0.108462,0.714231,0.177308,0.030769,0.862070,0.325147,0.178609,0.862007,0.325084,0.178546,0.821724,0.284801,0.138262
flows_24,corr_target_shot_noise_sev2,145,2600,False,True,False,0.467308,0.467308,0.683462,0.962490,0.962490,0.495182,0.279028,0.769526,0.802296,0.302218,0.118835,0.787086,0.753846,0.286538,0.070385,0.669231,0.201923,0.014231,0.844481,0.377173,0.161020,0.844418,0.377111,0.160957,0.780063,0.312755,0.096601
flows_24,corr_target_shot_noise_sev3,146,2600,False,True,False,0.377692,0.377692,0.715769,0.957498,0.957498,0.579806,0.241729,0.709761,0.791577,0.332069,0.075807,0.749151,0.719615,0.341923,0.003846,0.613846,0.236154,0.101923,0.815854,0.438162,0.100085,0.815792,0.438099,0.100022,0.697082,0.319390,0.018687
flows_24,corr_target_shot_noise_sev4,147,2600,False,True,False,0.251923,0.251923,0.783462,0.937908,0.939346,0.685985,0.155885,0.643656,0.760512,0.391733,0.022949,0.693474,0.655385,0.403462,0.128077,0.529231,0.277308,0.254231,0.776635,0.524712,0.006827,0.776572,0.524649,0.006890,0.576242,0.324319,0.207220
flows_24,corr_target_shot_noise_sev5,148,2600,False,True,False,0.184231,0.184231,0.832308,0.923841,0.923841,0.739610,0.091533,0.649922,0.745503,0.465691,0.086804,0.666730,0.622308,0.438077,0.210000,0.480769,0.296538,0.351538,0.760863,0.576632,0.071445,0.760800,0.576570,0.071507,0.483007,0.298776,0.349301
flows_24,corr_target_impulse_noise_sev1,149,2600,False,True,False,0.475385,0.475385,0.681154,0.963731,0.964171,0.488346,0.283017,0.774657,0.817473,0.299273,0.136320,0.786154,0.760385,0.285000,0.079231,0.669615,0.194231,0.011538,0.843753,0.368368,0.162599,0.843690,0.368305,0.162536,0.766836,0.291452,0.085683
flows_24,corr_target_impulse_noise_sev2,150,2600,False,True,False,0.431154,0.431154,0.690769,0.957498,0.957625,0.526344,0.266856,0.738756,0.794364,0.307602,0.103594,0.769347,0.748077,0.316923,0.057308,0.643846,0.212692,0.046923,0.832065,0.400911,0.141295,0.832002,0.400848,0.141233,0.745478,0.314324,0.054709
flows_24,corr_target_impulse_noise_sev3,151,2600,False,True,False,0.385000,0.385000,0.711923,0.957498,0.957498,0.572498,0.245575,0.702383,0.781135,0.317383,0.069212,0.750399,0.711154,0.326154,0.000769,0.612692,0.227692,0.099231,0.816765,0.431765,0.104842,0.816703,0.431703,0.104779,0.709618,0.324618,0.002305
flows_24,corr_target_impulse_noise_sev4,152,2600,False,True,False,0.262308,0.262308,0.776923,0.929601,0.929705,0.667293,0.152782,0.614872,0.774148,0.352564,0.002775,0.689791,0.628077,0.365769,0.148846,0.514231,0.251923,0.262692,0.767640,0.505332,0.009283,0.767577,0.505269,0.009346,0.588885,0.326577,0.188038
flows_24,corr_target_impulse_noise_sev5,153,2600,False,True,False,0.177308,0.177308,0.833077,0.921162,0.922188,0.743854,0.089111,0.616344,0.735243,0.439037,0.097834,0.631623,0.569615,0.392308,0.263462,0.430385,0.253077,0.402692,0.730708,0.553400,0.102369,0.730645,0.553337,0.102432,0.474486,0.297178,0.358591
flows_24,corr_target_contrast_sev1,154,2600,False,True,False,0.571923,0.571923,0.685769,0.966614,0.966614,0.394691,0.280844,0.832691,0.854291,0.260768,0.168522,0.816758,0.791923,0.220000,0.106154,0.725385,0.153462,0.039615,0.865705,0.293782,0.179936,0.865642,0.293719,0.179873,0.809926,0.238003,0.124157
flows_24,corr_target_contrast_sev2,155,2600,False,True,False,0.538077,0.538077,0.691538,0.966203,0.966639,0.428126,0.275101,0.812401,0.841850,0.274324,0.150311,0.801133,0.773462,0.235385,0.081923,0.691538,0.153462,0.000000,0.853893,0.315816,0.162354,0.853830,0.315753,0.162291,0.787295,0.249219,0.095757
flows_24,corr_target_contrast_sev3,156,2600,False,True,False,0.481154,0.481154,0.677308,0.961661,0.961661,0.480507,0.284354,0.761587,0.819473,0.280434,0.142165,0.769734,0.739231,0.258077,0.061923,0.652308,0.171154,0.025000,0.830039,0.348885,0.152731,0.829976,0.348822,0.152668,0.735571,0.254417,0.058263
flows_24,corr_target_contrast_sev4,157,2600,False,True,False,0.335385,0.335385,0.726538,0.948645,0.948645,0.613261,0.222107,0.669763,0.788666,0.334378,0.062127,0.684377,0.635769,0.300385,0.090769,0.518462,0.183077,0.208077,0.767293,0.431909,0.040755,0.767231,0.431846,0.040692,0.603111,0.267727,0.123427
flows_24,corr_target_contrast_sev5,158,2600,False,True,False,0.190769,0.190769,0.819615,0.949495,0.949495,0.758726,0.129880,0.571907,0.736401,0.381138,0.083214,0.561415,0.495000,0.304231,0.324615,0.336154,0.145385,0.483462,0.681228,0.490459,0.138388,0.681165,0.490396,0.138450,0.459786,0.269017,0.359830
flows_24,corr_target_elastic_transform_sev1,159,2600,False,True,False,0.567692,0.567692,0.685769,0.972738,0.973164,0.405046,0.287395,0.830252,0.847306,0.262560,0.161537,0.817248,0.808462,0.240769,0.122692,0.726154,0.158462,0.040385,0.869003,0.301311,0.183234,0.868940,0.301248,0.183171,0.804055,0.236363,0.118286
flows_24,corr_target_elastic_transform_sev2,160,2600,False,True,False,0.406154,0.406154,0.684615,0.946088,0.947022,0.539935,0.262407,0.716149,0.813498,0.309996,0.128883,0.737107,0.708462,0.302308,0.023846,0.595769,0.189615,0.088846,0.810220,0.404066,0.125605,0.810158,0.404004,0.125542,0.694830,0.288676,0.010214
flows_24,corr_target_elastic_transform_sev3,161,2600,False,True,False,0.449231,0.449231,0.691154,0.954984,0.955118,0.505753,0.263964,0.764061,0.838202,0.314830,0.147048,0.758059,0.739231,0.290000,0.048077,0.637692,0.188462,0.053462,0.828011,0.378780,0.136857,0.827948,0.378717,0.136794,0.716672,0.267442,0.025518
flows_24,corr_target_elastic_transform_sev4,162,2600,False,True,False,0.351154,0.351154,0.711923,0.952035,0.952035,0.600882,0.240112,0.709740,0.793428,0.358586,0.081505,0.700251,0.660385,0.309231,0.051538,0.539231,0.188077,0.172692,0.781189,0.430035,0.069266,0.781126,0.429972,0.069203,0.603611,0.252457,0.108312
flows_24,corr_target_elastic_transform_sev5,163,2600,False,True,False,0.190000,0.190000,0.823846,0.934426,0.934426,0.744426,0.110580,0.676040,0.759793,0.486040,0.064054,0.632367,0.581923,0.391923,0.241923,0.430769,0.240769,0.393077,0.737275,0.547275,0.086571,0.737212,0.547212,0.086634,0.426974,0.236974,0.396872
flows_24,corr_target_pixelate_sev1,164,2600,False,True,False,0.573077,0.573077,0.679615,0.969481,0.969481,0.396404,0.289865,0.839142,0.845301,0.266065,0.165685,0.816009,0.798077,0.225000,0.118462,0.727692,0.154615,0.048077,0.867806,0.294729,0.188191,0.867743,0.294666,0.188128,0.805691,0.232614,0.126075
flows_24,corr_target_pixelate_sev2,165,2600,False,True,False,0.565000,0.565000,0.681154,0.969072,0.969072,0.404072,0.287918,0.831684,0.844521,0.266684,0.163368,0.809278,0.793846,0.228846,0.112692,0.717308,0.152308,0.036154,0.862865,0.297865,0.181711,0.862802,0.297802,0.181648,0.793543,0.228543,0.112389
flows_24,corr_target_pixelate_sev3,166,2600,False,True,False,0.500769,0.500769,0.675000,0.968254,0.968687,0.467485,0.293687,0.797688,0.830271,0.296919,0.155271,0.779394,0.766923,0.266154,0.091923,0.663077,0.162308,0.011923,0.842465,0.341696,0.167465,0.842403,0.341633,0.167403,0.755466,0.254697,0.080466
flows_24,corr_target_pixelate_sev4,167,2600,False,True,False,0.426538,0.426538,0.680769,0.944377,0.944377,0.517838,0.263608,0.729421,0.788248,0.302882,0.107479,0.724729,0.679231,0.252692,0.001538,0.573462,0.146923,0.107308,0.798252,0.371713,0.117482,0.798189,0.371650,0.117420,0.688072,0.261534,0.007303
flows_24,corr_target_pixelate_sev5,168,2600,False,True,False,0.360769,0.360769,0.710769,0.929601,0.929931,0.568831,0.219161,0.667548,0.775651,0.306779,0.064881,0.683196,0.638846,0.278077,0.071923,0.517692,0.156923,0.193077,0.767733,0.406964,0.056964,0.767670,0.406901,0.056901,0.638525,0.277756,0.072244
flows_24,corr_target_jpeg_compression_sev1,169,2600,False,True,False,0.571538,0.571538,0.695385,0.972332,0.972332,0.400794,0.276947,0.841773,0.853867,0.270235,0.158483,0.823538,0.810000,0.238462,0.114615,0.735769,0.164231,0.040385,0.872769,0.301230,0.177384,0.872706,0.301168,0.177321,0.779625,0.208086,0.084240
flows_24,corr_target_jpeg_compression_sev2,170,2600,False,True,False,0.552692,0.552692,0.681923,0.964968,0.965844,0.412276,0.283921,0.823807,0.845718,0.271114,0.163795,0.815807,0.798077,0.245385,0.116154,0.724615,0.171923,0.042692,0.865444,0.312752,0.183521,0.865381,0.312689,0.183458,0.766844,0.214152,0.084921
flows_24,corr_target_jpeg_compression_sev3,171,2600,False,True,False,0.545385,0.545385,0.670385,0.962490,0.962988,0.417105,0.292603,0.823819,0.846093,0.278434,0.175708,0.810748,0.791923,0.246538,0.121538,0.715385,0.170000,0.045000,0.863869,0.318484,0.193484,0.863806,0.318422,0.193422,0.759391,0.214006,0.089006
flows_24,corr_target_jpeg_compression_sev4,172,2600,False,True,False,0.490000,0.490000,0.675000,0.961661,0.961661,0.471661,0.286661,0.796641,0.821163,0.306641,0.146163,0.781604,0.750769,0.260769,0.075769,0.656538,0.166538,0.018462,0.841029,0.351029,0.166029,0.840966,0.350966,0.165966,0.724488,0.234488,0.049488
flows_24,corr_target_jpeg_compression_sev5,173,2600,False,True,False,0.419231,0.419231,0.687692,0.956661,0.957240,0.537431,0.269548,0.743383,0.797976,0.324152,0.110284,0.738768,0.708077,0.288846,0.020385,0.601923,0.182692,0.085769,0.811026,0.391795,0.123334,0.810963,0.391732,0.123271,0.682140,0.262909,0.005552
flows_24,corr_target_speckle_noise_sev1,174,2600,False,True,False,0.545769,0.545769,0.675769,0.972738,0.972738,0.426969,0.296969,0.821067,0.841435,0.275298,0.165665,0.815197,0.797308,0.251538,0.121538,0.722692,0.176923,0.046923,0.866203,0.320434,0.190434,0.866140,0.320371,0.190371,0.815951,0.270182,0.140182
flows_24,corr_target_speckle_noise_sev2,175,2600,False,True,False,0.508846,0.508846,0.671538,0.966614,0.966614,0.457768,0.295075,0.809785,0.836256,0.300939,0.164718,0.803156,0.789231,0.280385,0.117692,0.704231,0.195385,0.032692,0.858588,0.349742,0.187049,0.858525,0.349679,0.186987,0.796068,0.287222,0.124529
flows_24,corr_target_speckle_noise_sev3,176,2600,False,True,False,0.402692,0.402692,0.698462,0.960000,0.960000,0.557308,0.261538,0.738259,0.788649,0.335567,0.090187,0.755081,0.723077,0.320385,0.024615,0.620385,0.217692,0.078077,0.819059,0.416367,0.120598,0.818997,0.416304,0.120535,0.711670,0.308978,0.013209
flows_24,corr_target_speckle_noise_sev4,177,2600,False,True,False,0.335769,0.335769,0.730000,0.946515,0.947682,0.610746,0.217682,0.689270,0.782654,0.353501,0.052654,0.724737,0.674231,0.338462,0.055769,0.575000,0.239231,0.155000,0.794452,0.458683,0.064452,0.794389,0.458620,0.064389,0.656850,0.321080,0.073150
flows_24,corr_target_speckle_noise_sev5,178,2600,False,True,False,0.277308,0.277308,0.759231,0.937474,0.937752,0.660167,0.178521,0.661101,0.761457,0.383794,0.002227,0.698768,0.652308,0.375000,0.106923,0.531154,0.253846,0.228077,0.779091,0.501783,0.019860,0.779028,0.501720,0.019797,0.595103,0.317796,0.164127
flows_24,corr_target_spatter_sev1,179,2600,False,True,False,0.596538,0.596538,0.696923,0.972332,0.972759,0.375794,0.275836,0.843893,0.861108,0.247355,0.164185,0.832784,0.817692,0.221154,0.120769,0.748462,0.151923,0.051538,0.879669,0.283131,0.182746,0.879606,0.283068,0.182683,0.812008,0.215470,0.115085
flows_24,corr_target_spatter_sev2,180,2600,False,True,False,0.534231,0.534231,0.684231,0.969481,0.969481,0.435250,0.285250,0.810678,0.840571,0.276448,0.156340,0.804476,0.786538,0.252308,0.102308,0.710769,0.176538,0.026538,0.858758,0.324528,0.174528,0.858696,0.324465,0.174465,0.771279,0.237048,0.087048
flows_24,corr_target_spatter_sev3,181,2600,False,True,False,0.483077,0.483077,0.688462,0.948220,0.948684,0.465143,0.260222,0.758179,0.828825,0.275102,0.140364,0.769867,0.740385,0.257308,0.051923,0.648462,0.165385,0.040000,0.831518,0.348441,0.143057,0.831456,0.348379,0.142994,0.746230,0.263153,0.057768
flows_24,corr_target_spatter_sev4,182,2600,False,True,False,0.415385,0.415385,0.675000,0.958333,0.959677,0.542949,0.284677,0.770471,0.810637,0.355086,0.135637,0.761393,0.734615,0.319231,0.059615,0.637692,0.222308,0.037308,0.826545,0.411160,0.151545,0.826482,0.411097,0.151482,0.718264,0.302880,0.043264
flows_24,corr_target_spatter_sev5,183,2600,False,True,False,0.326154,0.326154,0.698846,0.959167,0.959167,0.633013,0.260321,0.742757,0.818804,0.416603,0.119958,0.745767,0.711538,0.385385,0.012692,0.605385,0.279231,0.093462,0.815108,0.488954,0.116261,0.815045,0.488891,0.116199,0.636169,0.310015,0.062678
flows_24,corr_target_gaussian_blur_sev1,184,2600,False,True,False,0.583077,0.583077,0.683462,0.964968,0.965021,0.381891,0.281559,0.843464,0.853817,0.260387,0.170356,0.821310,0.802692,0.219615,0.119231,0.731154,0.148077,0.047692,0.868851,0.285774,0.185389,0.868788,0.285711,0.185326,0.808935,0.225858,0.125474
flows_24,corr_target_gaussian_blur_sev2,185,2600,False,True,False,0.497308,0.497308,0.690769,0.960416,0.960416,0.463108,0.269647,0.800649,0.833654,0.303341,0.142885,0.773267,0.746923,0.249615,0.056154,0.653462,0.156154,0.037308,0.835245,0.337937,0.144476,0.835182,0.337875,0.144413,0.774702,0.277394,0.083933
flows_24,corr_target_gaussian_blur_sev3,186,2600,False,True,False,0.430000,0.430000,0.700769,0.948220,0.949224,0.518220,0.248454,0.741203,0.802705,0.311203,0.101936,0.716478,0.678846,0.248846,0.021923,0.561538,0.131538,0.139231,0.794194,0.364194,0.093425,0.794131,0.364131,0.093362,0.729279,0.299279,0.028509
flows_24,corr_target_gaussian_blur_sev4,187,2600,False,True,False,0.363077,0.363077,0.713846,0.938776,0.939911,0.575699,0.226065,0.679257,0.787763,0.316180,0.073916,0.652897,0.596154,0.233077,0.117692,0.469231,0.106154,0.244615,0.747456,0.384380,0.033610,0.747394,0.384317,0.033548,0.668813,0.305736,0.045033
flows_24,corr_target_gaussian_blur_sev5,188,2600,False,True,False,0.232308,0.232308,0.773846,0.924731,0.928099,0.692423,0.154253,0.594543,0.778265,0.362235,0.004419,0.549450,0.471923,0.239615,0.301923,0.323462,0.091154,0.450385,0.670337,0.438030,0.103509,0.670275,0.437967,0.103572,0.501158,0.268850,0.272688
flows_24,corr_target_saturate_sev1,189,2600,False,True,False,0.577308,0.577308,0.697692,0.968254,0.969049,0.390946,0.271356,0.846057,0.853172,0.268749,0.155480,0.828613,0.820000,0.242692,0.122308,0.748462,0.171154,0.050769,0.878832,0.301525,0.181140,0.878770,0.301462,0.181077,0.786787,0.209480,0.089095
flows_24,corr_target_saturate_sev2,190,2600,False,True,False,0.573462,0.573462,0.700000,0.968254,0.968302,0.394792,0.268302,0.845140,0.859311,0.271678,0.159311,0.823934,0.803846,0.230385,0.103846,0.733846,0.160385,0.033846,0.872618,0.299156,0.172618,0.872555,0.299093,0.172555,0.802883,0.229422,0.102883
flows_24,corr_target_saturate_sev3,191,2600,False,True,False,0.595769,0.595769,0.699231,0.973549,0.973780,0.377780,0.274549,0.841472,0.866643,0.245703,0.167412,0.832341,0.819231,0.223462,0.120000,0.747308,0.151538,0.048077,0.879054,0.283285,0.179824,0.878992,0.283222,0.179761,0.826875,0.231106,0.127644
flows_24,corr_target_saturate_sev4,192,2600,False,True,False,0.578846,0.578846,0.693077,0.966614,0.967049,0.387768,0.273972,0.819117,0.853482,0.240270,0.160405,0.819346,0.794615,0.215769,0.101538,0.723846,0.145000,0.030769,0.867878,0.289032,0.174801,0.867815,0.288969,0.174738,0.830797,0.251951,0.137720
flows_24,corr_target_saturate_sev5,193,2600,False,True,False,0.545000,0.545000,0.686923,0.961661,0.962162,0.416661,0.275239,0.782099,0.824450,0.237099,0.137527,0.797336,0.766923,0.221923,0.080000,0.679231,0.134231,0.007692,0.850268,0.305268,0.163345,0.850205,0.305205,0.163282,0.810483,0.265483,0.123560
enc_64,val_source,0,10000,True,False,True,0.964000,0.964000,0.964200,0.995984,0.995986,0.031984,0.031786,0.990449,0.990449,0.026449,0.026249,0.978317,0.981500,0.017500,0.017300,0.973900,0.009900,0.009700,0.985229,0.021229,0.021029,0.985166,0.021166,0.020966,0.970430,0.006430,0.006230
enc_64,val_target,1,66400,False,True,True,0.669819,0.669819,0.725105,0.961445,0.961465,0.291626,0.236359,0.868677,0.875664,0.198858,0.150559,0.861061,0.853223,0.183404,0.128117,0.796521,0.126702,0.071416,0.900328,0.230509,0.175223,0.900265,0.230446,0.175160,0.855351,0.185532,0.130245
enc_64,imagenet_val_source,2,2600,True,False,True,0.932692,0.932692,0.941154,0.993808,0.995380,0.061116,0.054226,0.982296,0.982296,0.049603,0.041142,0.966469,0.966154,0.033462,0.025000,0.955385,0.022692,0.014231,0.975875,0.043183,0.034721,0.975812,0.043120,0.034658,0.964704,0.032012,0.023551
enc_64,imagenet_val_target,3,2600,False,True,True,0.638846,0.638846,0.705769,0.952880,0.952880,0.314033,0.247110,0.859639,0.869811,0.220793,0.164042,0.852974,0.837692,0.198846,0.131923,0.786923,0.148077,0.081154,0.893775,0.254929,0.188005,0.893712,0.254866,0.187943,0.848366,0.209520,0.142597
enc_64,corr_source_fog_sev1,4,2600,True,False,False,0.844231,0.844231,0.867692,0.978790,0.978822,0.134559,0.111130,0.935057,0.935303,0.090826,0.067611,0.920570,0.914231,0.070000,0.046538,0.887308,0.043077,0.019615,0.942212,0.097981,0.074519,0.942149,0.097918,0.074457,0.901082,0.056851,0.033390
enc_64,corr_source_fog_sev2,5,2600,True,False,False,0.808846,0.808846,0.849231,0.976781,0.976781,0.167935,0.127550,0.909898,0.912807,0.101052,0.063577,0.901822,0.888462,0.079615,0.039231,0.858846,0.050000,0.009615,0.927070,0.118224,0.077839,0.927007,0.118161,0.077776,0.875056,0.066210,0.025825
enc_64,corr_source_fog_sev3,6,2600,True,False,False,0.750000,0.750000,0.811923,0.968254,0.968687,0.218254,0.156764,0.881481,0.882692,0.131481,0.070769,0.873851,0.867692,0.117692,0.055769,0.813077,0.063077,0.001154,0.909006,0.159006,0.097083,0.908943,0.158943,0.097020,0.831728,0.081728,0.019805
enc_64,corr_source_fog_sev4,7,2600,True,False,False,0.678077,0.678077,0.771538,0.965380,0.965869,0.287303,0.194331,0.850001,0.857469,0.171924,0.085930,0.850325,0.834231,0.156154,0.062692,0.772692,0.094615,0.001154,0.889975,0.211899,0.118437,0.889913,0.211836,0.118374,0.778598,0.100521,0.007059
enc_64,corr_source_fog_sev5,8,2600,True,False,False,0.521923,0.521923,0.713846,0.958751,0.958751,0.436827,0.244904,0.784786,0.822015,0.262863,0.108169,0.802955,0.782308,0.260385,0.068462,0.706538,0.184615,0.007308,0.856746,0.334823,0.142900,0.856684,0.334761,0.142837,0.635564,0.113641,0.078282
enc_64,corr_source_frost_sev1,9,2600,True,False,False,0.836923,0.836923,0.870385,0.972738,0.972738,0.135815,0.102353,0.924431,0.930003,0.087508,0.059618,0.912404,0.910769,0.073846,0.040385,0.875769,0.038846,0.005385,0.936291,0.099368,0.065906,0.936228,0.099305,0.065843,0.902048,0.065125,0.031663
enc_64,corr_source_frost_sev2,10,2600,True,False,False,0.718462,0.718462,0.790385,0.955823,0.955823,0.237362,0.165439,0.842194,0.860167,0.123733,0.069783,0.851600,0.829615,0.111154,0.039231,0.776923,0.058462,0.013462,0.889553,0.171092,0.099169,0.889490,0.171029,0.099106,0.815676,0.097214,0.025291
enc_64,corr_source_frost_sev3,11,2600,True,False,False,0.623462,0.623462,0.759231,0.931360,0.932514,0.307899,0.173284,0.783939,0.816255,0.160478,0.057024,0.806411,0.780000,0.156538,0.020769,0.709231,0.085769,0.050000,0.859159,0.235697,0.099928,0.859096,0.235635,0.099865,0.743414,0.119953,0.015816
enc_64,corr_source_frost_sev4,12,2600,True,False,False,0.606154,0.606154,0.749231,0.924731,0.926837,0.318577,0.177606,0.764071,0.801700,0.157917,0.052470,0.794482,0.763846,0.157692,0.014615,0.686538,0.080385,0.062692,0.847466,0.241312,0.098235,0.847403,0.241250,0.098173,0.722661,0.116507,0.026570
enc_64,corr_source_frost_sev5,13,2600,True,False,False,0.532692,0.532692,0.738462,0.929601,0.929601,0.396908,0.191139,0.730597,0.785619,0.197904,0.047157,0.765036,0.726538,0.193846,0.011923,0.637692,0.105000,0.100769,0.827173,0.294480,0.088711,0.827110,0.294418,0.088648,0.665168,0.132476,0.073293
enc_64,corr_source_motion_blur_sev1,14,2600,True,False,False,0.861923,0.861923,0.883462,0.977987,0.978502,0.116064,0.095040,0.941259,0.946493,0.079336,0.063031,0.924870,0.919615,0.057692,0.036154,0.891538,0.029615,0.008077,0.945929,0.084006,0.062468,0.945867,0.083944,0.062405,0.926532,0.064609,0.043070
enc_64,corr_source_motion_blur_sev2,15,2600,True,False,False,0.790769,0.790769,0.844231,0.974359,0.974359,0.183590,0.130128,0.899153,0.908134,0.108383,0.063903,0.884387,0.874615,0.083846,0.030385,0.829231,0.038462,0.015000,0.915939,0.125170,0.071708,0.915876,0.125107,0.071646,0.885841,0.095071,0.041610
enc_64,corr_source_motion_blur_sev3,16,2600,True,False,False,0.658077,0.658077,0.758077,0.959584,0.960090,0.301507,0.202013,0.815285,0.842949,0.157208,0.084872,0.812054,0.787308,0.129231,0.029231,0.706923,0.048846,0.051154,0.860656,0.202579,0.102579,0.860593,0.202516,0.102516,0.789618,0.131541,0.031541
enc_64,corr_source_motion_blur_sev4,17,2600,True,False,False,0.485000,0.485000,0.729615,0.938776,0.938867,0.453776,0.209251,0.756930,0.806696,0.271930,0.077081,0.745473,0.708846,0.223846,0.020769,0.610385,0.125385,0.119231,0.815914,0.330914,0.086299,0.815851,0.330851,0.086236,0.665717,0.180717,0.063899
enc_64,corr_source_motion_blur_sev5,18,2600,True,False,False,0.371923,0.371923,0.731538,0.919368,0.919368,0.547445,0.187830,0.733521,0.776038,0.361597,0.044500,0.709481,0.666538,0.294615,0.065000,0.548846,0.176923,0.182692,0.789298,0.417375,0.057759,0.789235,0.417312,0.057696,0.583779,0.211856,0.147759
enc_64,corr_source_brightness_sev1,19,2600,True,False,False,0.908846,0.908846,0.918846,0.984772,0.986129,0.075925,0.067283,0.969610,0.969610,0.060764,0.050764,0.951488,0.950769,0.041923,0.031923,0.930385,0.021538,0.011538,0.963901,0.055055,0.045055,0.963839,0.054992,0.044992,0.945225,0.036379,0.026379
enc_64,corr_source_brightness_sev2,20,2600,True,False,False,0.903462,0.903462,0.920000,0.986355,0.987203,0.082893,0.067203,0.966948,0.968428,0.063486,0.048428,0.947617,0.945000,0.041538,0.025000,0.925385,0.021923,0.005385,0.961772,0.058310,0.041772,0.961709,0.058247,0.041709,0.940880,0.037419,0.020880
enc_64,corr_source_brightness_sev3,21,2600,True,False,False,0.894615,0.894615,0.906154,0.985959,0.986365,0.091344,0.080212,0.960640,0.961303,0.066025,0.055150,0.941235,0.941923,0.047308,0.035769,0.916923,0.022308,0.010769,0.957777,0.063162,0.051623,0.957714,0.063099,0.051560,0.936482,0.041867,0.030329
enc_64,corr_source_brightness_sev4,22,2600,True,False,False,0.879615,0.879615,0.891154,0.981590,0.982003,0.101975,0.090849,0.951067,0.951357,0.071452,0.060203,0.931640,0.929615,0.050000,0.038462,0.900769,0.021154,0.009615,0.951294,0.071679,0.060140,0.951231,0.071616,0.060077,0.931866,0.052250,0.040712
enc_64,corr_source_brightness_sev5,23,2600,True,False,False,0.845385,0.845385,0.864231,0.970297,0.970297,0.124912,0.106066,0.928575,0.933670,0.083190,0.069439,0.914650,0.908846,0.063462,0.044615,0.873846,0.028462,0.009615,0.937699,0.092314,0.073468,0.937636,0.092252,0.073406,0.913804,0.068419,0.049573
enc_64,corr_source_zoom_blur_sev1,24,2600,True,False,False,0.810000,0.810000,0.860385,0.969889,0.971308,0.159889,0.110923,0.912446,0.914088,0.102446,0.053703,0.895369,0.889231,0.079231,0.028846,0.849615,0.039615,0.010769,0.923415,0.113415,0.063030,0.923352,0.113352,0.062968,0.894403,0.084403,0.034018
enc_64,corr_source_zoom_blur_sev2,25,2600,True,False,False,0.746538,0.746538,0.824231,0.960000,0.960446,0.213462,0.136215,0.874300,0.879291,0.127762,0.055060,0.859754,0.846154,0.099615,0.021923,0.799615,0.053077,0.024615,0.898446,0.151907,0.074215,0.898383,0.151845,0.074152,0.858939,0.112400,0.034708
enc_64,corr_source_zoom_blur_sev3,26,2600,True,False,False,0.699615,0.699615,0.785769,0.950767,0.950767,0.251151,0.164998,0.826934,0.839217,0.127318,0.053447,0.826528,0.801538,0.101923,0.015769,0.737692,0.038077,0.048077,0.872315,0.172700,0.086546,0.872253,0.172637,0.086483,0.827489,0.127874,0.041720
enc_64,corr_source_zoom_blur_sev4,27,2600,True,False,False,0.636538,0.636538,0.770385,0.925620,0.925620,0.289081,0.155235,0.775277,0.821494,0.138739,0.051110,0.793144,0.768846,0.132308,0.001538,0.676923,0.040385,0.093462,0.847602,0.211064,0.077218,0.847539,0.211001,0.077155,0.790153,0.153615,0.019769
enc_64,corr_source_zoom_blur_sev5,28,2600,True,False,False,0.569615,0.569615,0.738077,0.913952,0.916138,0.344336,0.178062,0.730355,0.790492,0.160739,0.052415,0.756317,0.725769,0.156154,0.012308,0.622692,0.053077,0.115385,0.821500,0.251885,0.083423,0.821437,0.251822,0.083360,0.742161,0.172545,0.004084
enc_64,corr_source_snow_sev1,29,2600,True,False,False,0.811923,0.811923,0.851538,0.961247,0.961247,0.149323,0.109708,0.912844,0.913022,0.100921,0.061484,0.900840,0.900000,0.088077,0.048462,0.854231,0.042308,0.002692,0.930057,0.118134,0.078519,0.929995,0.118072,0.078456,0.883865,0.071942,0.032326
enc_64,corr_source_snow_sev2,30,2600,True,False,False,0.611538,0.611538,0.769231,0.923841,0.924566,0.312303,0.155335,0.787994,0.816649,0.176456,0.047418,0.808098,0.785385,0.173846,0.016154,0.706538,0.095000,0.062692,0.859317,0.247778,0.090086,0.859254,0.247716,0.090023,0.728194,0.116655,0.041037
enc_64,corr_source_snow_sev3,31,2600,True,False,False,0.641538,0.641538,0.766154,0.934426,0.934426,0.292888,0.168272,0.808339,0.820563,0.166801,0.054409,0.819449,0.797692,0.156154,0.031538,0.719231,0.077692,0.046923,0.867556,0.226018,0.101403,0.867494,0.225955,0.101340,0.766029,0.124490,0.000125
enc_64,corr_source_snow_sev4,32,2600,True,False,False,0.543462,0.543462,0.738462,0.920714,0.920714,0.377252,0.182252,0.754613,0.795121,0.211152,0.056660,0.779551,0.755000,0.211538,0.016538,0.667692,0.124231,0.070769,0.838827,0.295365,0.100365,0.838764,0.295303,0.100303,0.702253,0.158791,0.036209
enc_64,corr_source_snow_sev5,33,2600,True,False,False,0.480769,0.480769,0.744615,0.910767,0.910898,0.429997,0.166282,0.702366,0.774307,0.221597,0.029692,0.741990,0.701923,0.221154,0.042692,0.593846,0.113077,0.150769,0.810452,0.329683,0.065837,0.810390,0.329620,0.065774,0.633680,0.152911,0.110936
enc_64,corr_source_defocus_blur_sev1,34,2600,True,False,False,0.836154,0.836154,0.871923,0.975571,0.975750,0.139417,0.103827,0.924743,0.930390,0.088589,0.058466,0.904981,0.886538,0.050385,0.014615,0.859231,0.023077,0.012692,0.927949,0.091795,0.056026,0.927886,0.091732,0.055963,0.898566,0.062412,0.026643
enc_64,corr_source_defocus_blur_sev2,35,2600,True,False,False,0.786923,0.786923,0.833077,0.974359,0.974359,0.187436,0.141282,0.896768,0.907603,0.109845,0.074526,0.874317,0.860769,0.073846,0.027692,0.810000,0.023077,0.023077,0.908435,0.121512,0.075358,0.908372,0.121449,0.075296,0.873275,0.086352,0.040198
enc_64,corr_source_defocus_blur_sev3,36,2600,True,False,False,0.675000,0.675000,0.779615,0.963317,0.963973,0.288317,0.184357,0.826042,0.851449,0.151042,0.071833,0.800168,0.776154,0.101154,0.003462,0.689615,0.014615,0.090000,0.854349,0.179349,0.074733,0.854286,0.179286,0.074671,0.808449,0.133449,0.028833
enc_64,corr_source_defocus_blur_sev4,37,2600,True,False,False,0.568077,0.568077,0.748462,0.949919,0.950841,0.381842,0.202380,0.763806,0.808373,0.195729,0.059911,0.729570,0.688846,0.120769,0.059615,0.586538,0.018462,0.161923,0.803540,0.235463,0.055078,0.803477,0.235400,0.055015,0.733585,0.165508,0.014876
enc_64,corr_source_defocus_blur_sev5,38,2600,True,False,False,0.454231,0.454231,0.725769,0.950767,0.950767,0.496536,0.224998,0.699482,0.785851,0.245251,0.060082,0.658969,0.606923,0.152692,0.118846,0.480000,0.025769,0.245769,0.752496,0.298265,0.026727,0.752433,0.298203,0.026664,0.641177,0.186946,0.084593
enc_64,corr_source_glass_blur_sev1,39,2600,True,False,False,0.795769,0.795769,0.843846,0.965380,0.965869,0.169611,0.122023,0.899092,0.900911,0.103323,0.057064,0.890658,0.873077,0.077308,0.029231,0.838462,0.042692,0.005385,0.918794,0.123025,0.074948,0.918731,0.122962,0.074885,0.869701,0.073931,0.025855
enc_64,corr_source_glass_blur_sev2,40,2600,True,False,False,0.684615,0.684615,0.775385,0.952035,0.952035,0.267420,0.176651,0.830090,0.854199,0.145475,0.078814,0.830841,0.810385,0.125769,0.035000,0.745000,0.060385,0.030385,0.876198,0.191583,0.100814,0.876136,0.191520,0.100751,0.785199,0.100583,0.009814
enc_64,corr_source_glass_blur_sev3,41,2600,True,False,False,0.401923,0.401923,0.733077,0.902491,0.903025,0.500567,0.169948,0.681991,0.792020,0.280068,0.058944,0.658301,0.609615,0.207692,0.123462,0.466923,0.065000,0.266154,0.752016,0.350093,0.018939,0.751953,0.350030,0.018876,0.524055,0.122132,0.209022
enc_64,corr_source_glass_blur_sev4,42,2600,True,False,False,0.310000,0.310000,0.765769,0.905263,0.905263,0.595263,0.139494,0.667201,0.779424,0.357201,0.013655,0.621594,0.552692,0.242692,0.213077,0.406923,0.096923,0.358846,0.723292,0.413292,0.042477,0.723229,0.413229,0.042540,0.441043,0.131043,0.324726
enc_64,corr_source_glass_blur_sev5,43,2600,True,False,False,0.236154,0.236154,0.799615,0.945661,0.946209,0.709507,0.146594,0.730442,0.809555,0.494288,0.009940,0.614313,0.568077,0.331923,0.231538,0.404231,0.168077,0.395385,0.729419,0.493265,0.070197,0.729356,0.493202,0.070259,0.379686,0.143532,0.419929
enc_64,corr_source_gaussian_noise_sev1,44,2600,True,False,False,0.838077,0.838077,0.860769,0.974359,0.974359,0.136282,0.113590,0.936094,0.936094,0.098017,0.075325,0.924706,0.920385,0.082308,0.059615,0.890769,0.052692,0.030000,0.944734,0.106658,0.083965,0.944672,0.106595,0.083902,0.916766,0.078689,0.055996
enc_64,corr_source_gaussian_noise_sev2,45,2600,True,False,False,0.753846,0.753846,0.802692,0.964143,0.964143,0.210297,0.161451,0.890138,0.890615,0.136292,0.087923,0.894314,0.885000,0.131154,0.082308,0.844615,0.090769,0.041923,0.922519,0.168673,0.119827,0.922457,0.168610,0.119764,0.861170,0.107324,0.058478
enc_64,corr_source_gaussian_noise_sev3,46,2600,True,False,False,0.618846,0.618846,0.745000,0.945661,0.945661,0.326815,0.200661,0.800896,0.815919,0.182050,0.070919,0.844815,0.821538,0.202692,0.076538,0.765000,0.146154,0.020000,0.884325,0.265479,0.139325,0.884262,0.265416,0.139262,0.771542,0.152696,0.026542
enc_64,corr_source_gaussian_noise_sev4,47,2600,True,False,False,0.444231,0.444231,0.720769,0.902491,0.904419,0.458260,0.183650,0.674020,0.760854,0.229790,0.040084,0.768734,0.732692,0.288462,0.011923,0.646538,0.202308,0.074231,0.828579,0.384348,0.107809,0.828516,0.384285,0.107747,0.650488,0.206257,0.070281
enc_64,corr_source_gaussian_noise_sev5,48,2600,True,False,False,0.243846,0.243846,0.796154,0.822464,0.822961,0.578618,0.026807,0.554274,0.734309,0.310428,0.061844,0.671602,0.617308,0.373462,0.178846,0.490769,0.246923,0.305385,0.760624,0.516778,0.035529,0.760562,0.516715,0.035592,0.483135,0.239289,0.313019
enc_64,corr_source_shot_noise_sev1,49,2600,True,False,False,0.833846,0.833846,0.865000,0.977987,0.977987,0.144141,0.112987,0.937702,0.937920,0.103856,0.072920,0.923385,0.916923,0.083077,0.051923,0.891538,0.057692,0.026538,0.945396,0.111549,0.080396,0.945333,0.111487,0.080333,0.913847,0.080001,0.048847
enc_64,corr_source_shot_noise_sev2,50,2600,True,False,False,0.748077,0.748077,0.803462,0.955823,0.955823,0.207746,0.152362,0.882214,0.882386,0.134138,0.078924,0.890705,0.889615,0.141538,0.086154,0.836923,0.088846,0.033462,0.920169,0.172092,0.116707,0.920106,0.172029,0.116645,0.859785,0.111708,0.056323
enc_64,corr_source_shot_noise_sev3,51,2600,True,False,False,0.618846,0.618846,0.741154,0.936170,0.936653,0.317324,0.195499,0.789654,0.811765,0.170808,0.070611,0.834544,0.812692,0.193846,0.071538,0.750000,0.131154,0.008846,0.876411,0.257565,0.135257,0.876348,0.257502,0.135194,0.765715,0.146869,0.024561
enc_64,corr_source_shot_noise_sev4,52,2600,True,False,False,0.401154,0.401154,0.745769,0.874946,0.881325,0.473792,0.135556,0.646126,0.761915,0.244972,0.016146,0.748341,0.712308,0.311154,0.033462,0.611538,0.210385,0.134231,0.813810,0.412656,0.068040,0.813747,0.412593,0.067978,0.617145,0.215992,0.128624
enc_64,corr_source_shot_noise_sev5,53,2600,True,False,False,0.281154,0.281154,0.783462,0.836168,0.842302,0.555014,0.058841,0.606342,0.728435,0.325188,0.055027,0.704783,0.673077,0.391923,0.110385,0.549231,0.268077,0.234231,0.788470,0.507316,0.005008,0.788407,0.507253,0.004946,0.519119,0.237965,0.264342
enc_64,corr_source_impulse_noise_sev1,54,2600,True,False,False,0.756538,0.756538,0.817308,0.951613,0.951613,0.195074,0.134305,0.880906,0.881828,0.124368,0.064520,0.886592,0.876154,0.119615,0.058846,0.826154,0.069615,0.008846,0.916537,0.159999,0.099229,0.916474,0.159936,0.099167,0.867405,0.110867,0.050098
enc_64,corr_source_impulse_noise_sev2,55,2600,True,False,False,0.699615,0.699615,0.765000,0.946515,0.946515,0.246900,0.181515,0.834399,0.849757,0.134783,0.084757,0.860867,0.850769,0.151154,0.085769,0.796154,0.096538,0.031154,0.898985,0.199370,0.133985,0.898922,0.199307,0.133922,0.829795,0.130179,0.064795
enc_64,corr_source_impulse_noise_sev3,56,2600,True,False,False,0.616538,0.616538,0.747308,0.938342,0.938434,0.321804,0.191126,0.780092,0.811448,0.163554,0.064141,0.831228,0.809231,0.192692,0.061923,0.740000,0.123462,0.007308,0.874410,0.257871,0.127102,0.874347,0.257809,0.127039,0.783849,0.167311,0.036541
enc_64,corr_source_impulse_noise_sev4,57,2600,True,False,False,0.438462,0.438462,0.721923,0.881239,0.883528,0.442778,0.161605,0.660632,0.773674,0.222171,0.051751,0.755519,0.722308,0.283846,0.000385,0.618462,0.180000,0.103462,0.820700,0.382239,0.098777,0.820638,0.382176,0.098714,0.650382,0.211920,0.071541
enc_64,corr_source_impulse_noise_sev5,58,2600,True,False,False,0.266154,0.266154,0.773077,0.830935,0.831173,0.564781,0.058096,0.576962,0.720530,0.310808,0.052547,0.669930,0.628077,0.361923,0.145000,0.485000,0.218846,0.288077,0.763493,0.497339,0.009584,0.763430,0.497276,0.009647,0.500924,0.234770,0.272153
enc_64,corr_source_contrast_sev1,59,2600,True,False,False,0.871154,0.871154,0.888077,0.981191,0.981191,0.110037,0.093114,0.950873,0.950873,0.079719,0.062796,0.930996,0.933462,0.062308,0.045385,0.901923,0.030769,0.013846,0.951260,0.080106,0.063183,0.951198,0.080044,0.063121,0.921433,0.050279,0.033356
enc_64,corr_source_contrast_sev2,60,2600,True,False,False,0.832692,0.832692,0.864231,0.973144,0.973184,0.140451,0.108953,0.927107,0.927107,0.094414,0.062876,0.910936,0.905385,0.072692,0.041154,0.873846,0.041154,0.009615,0.935899,0.103207,0.071668,0.935836,0.103144,0.071605,0.896263,0.063571,0.032032
enc_64,corr_source_contrast_sev3,61,2600,True,False,False,0.750000,0.750000,0.805000,0.957916,0.957916,0.207916,0.152916,0.867621,0.872696,0.117621,0.067696,0.867873,0.852308,0.102308,0.047308,0.800000,0.050000,0.005000,0.901694,0.151694,0.096694,0.901631,0.151631,0.096631,0.831066,0.081066,0.026066
enc_64,corr_source_contrast_sev4,62,2600,True,False,False,0.521154,0.521154,0.725385,0.926064,0.926064,0.404910,0.200679,0.734153,0.768750,0.212999,0.043365,0.768239,0.735769,0.214615,0.010385,0.652692,0.131538,0.072692,0.830701,0.309547,0.105316,0.830638,0.309484,0.105253,0.674284,0.153130,0.051100
enc_64,corr_source_contrast_sev5,63,2600,True,False,False,0.290385,0.290385,0.771154,0.902491,0.903025,0.612106,0.131871,0.584070,0.720723,0.293685,0.050430,0.618756,0.550769,0.260385,0.220385,0.409231,0.118846,0.361923,0.717731,0.427347,0.053423,0.717669,0.427284,0.053485,0.502703,0.212318,0.268451
enc_64,corr_source_elastic_transform_sev1,64,2600,True,False,False,0.866923,0.866923,0.888077,0.977586,0.977717,0.110662,0.089640,0.951573,0.951951,0.084650,0.063874,0.930334,0.925000,0.058077,0.036923,0.898846,0.031923,0.010769,0.948503,0.081580,0.060426,0.948440,0.081517,0.060363,0.921560,0.054637,0.033483
enc_64,corr_source_elastic_transform_sev2,65,2600,True,False,False,0.653077,0.653077,0.761154,0.933552,0.937864,0.280475,0.176710,0.818511,0.855238,0.165434,0.094084,0.829804,0.811154,0.158077,0.050000,0.740769,0.087692,0.020385,0.874342,0.221265,0.113188,0.874279,0.221202,0.113125,0.773430,0.120353,0.012276
enc_64,corr_source_elastic_transform_sev3,66,2600,True,False,False,0.754615,0.754615,0.803846,0.969481,0.970002,0.214865,0.166156,0.894423,0.895225,0.139808,0.091379,0.875910,0.870769,0.116154,0.066923,0.817308,0.062692,0.013462,0.910656,0.156040,0.106809,0.910593,0.155977,0.106747,0.827932,0.073316,0.024086
enc_64,corr_source_elastic_transform_sev4,67,2600,True,False,False,0.610769,0.610769,0.738462,0.943089,0.943561,0.332320,0.205100,0.809750,0.826456,0.198981,0.087994,0.808250,0.789231,0.178462,0.050769,0.710385,0.099615,0.028077,0.860400,0.249631,0.121938,0.860337,0.249568,0.121876,0.709126,0.098357,0.029335
enc_64,corr_source_elastic_transform_sev5,68,2600,True,False,False,0.351923,0.351923,0.743462,0.904802,0.905218,0.552879,0.161757,0.649686,0.741980,0.297763,0.001481,0.678401,0.627692,0.275769,0.115769,0.503077,0.151154,0.240385,0.765069,0.413146,0.021607,0.765006,0.413083,0.021545,0.486353,0.134430,0.257109
enc_64,corr_source_pixelate_sev1,69,2600,True,False,False,0.872308,0.872308,0.895769,0.975975,0.976467,0.103667,0.080698,0.949881,0.949881,0.077573,0.054112,0.929956,0.926923,0.054615,0.031154,0.896538,0.024231,0.000769,0.949838,0.077530,0.054069,0.949775,0.077467,0.054006,0.919226,0.046919,0.023457
enc_64,corr_source_pixelate_sev2,70,2600,True,False,False,0.855385,0.855385,0.884231,0.973954,0.974915,0.118570,0.090684,0.938453,0.938453,0.083069,0.054222,0.921128,0.912308,0.056923,0.028077,0.882692,0.027308,0.001538,0.942086,0.086701,0.057855,0.942023,0.086638,0.057792,0.907473,0.052089,0.023242
enc_64,corr_source_pixelate_sev3,71,2600,True,False,False,0.778846,0.778846,0.834615,0.954984,0.955051,0.176138,0.120436,0.884577,0.886376,0.105730,0.051761,0.880388,0.876923,0.098077,0.042308,0.820769,0.041923,0.013846,0.914177,0.135331,0.079562,0.914115,0.135269,0.079499,0.852324,0.073478,0.017709
enc_64,corr_source_pixelate_sev4,72,2600,True,False,False,0.653846,0.653846,0.785769,0.926507,0.927220,0.272661,0.141451,0.791220,0.821226,0.137374,0.035457,0.813559,0.782308,0.128462,0.003462,0.710000,0.056154,0.075769,0.861600,0.207754,0.075831,0.861537,0.207691,0.075768,0.759010,0.105164,0.026759
enc_64,corr_source_pixelate_sev5,73,2600,True,False,False,0.576923,0.576923,0.764231,0.909396,0.909396,0.332473,0.145165,0.703499,0.804769,0.126576,0.040538,0.761326,0.722692,0.145769,0.041538,0.628462,0.051538,0.135769,0.823057,0.246134,0.058826,0.822994,0.246071,0.058763,0.697650,0.120726,0.066581
enc_64,corr_source_jpeg_compression_sev1,74,2600,True,False,False,0.870769,0.870769,0.889231,0.978389,0.978807,0.107620,0.089576,0.952254,0.953893,0.081485,0.064663,0.934912,0.931538,0.060769,0.042308,0.909615,0.038846,0.020385,0.951404,0.080635,0.062174,0.951342,0.080572,0.062111,0.911015,0.040246,0.021784
enc_64,corr_source_jpeg_compression_sev2,75,2600,True,False,False,0.853846,0.853846,0.875385,0.977586,0.977586,0.123739,0.102201,0.942126,0.945206,0.088280,0.069821,0.926052,0.925769,0.071923,0.050385,0.898462,0.044615,0.023077,0.947526,0.093680,0.072142,0.947464,0.093618,0.072079,0.901318,0.047472,0.025934
enc_64,corr_source_jpeg_compression_sev3,76,2600,True,False,False,0.836538,0.836538,0.860385,0.971112,0.971112,0.134574,0.110727,0.933551,0.934978,0.097012,0.074593,0.919126,0.913077,0.076538,0.052692,0.886538,0.050000,0.026154,0.941555,0.105016,0.081170,0.941492,0.104954,0.081107,0.889507,0.052968,0.029122
enc_64,corr_source_jpeg_compression_sev4,77,2600,True,False,False,0.775769,0.775769,0.824615,0.965380,0.966020,0.189611,0.141405,0.893275,0.896148,0.117506,0.071532,0.889378,0.881154,0.105385,0.056538,0.833462,0.057692,0.008846,0.919672,0.143903,0.095057,0.919610,0.143840,0.094994,0.854172,0.078403,0.029557
enc_64,corr_source_jpeg_compression_sev5,78,2600,True,False,False,0.687308,0.687308,0.785769,0.937908,0.937908,0.250601,0.152139,0.820551,0.832410,0.133243,0.046641,0.832670,0.816538,0.129231,0.030769,0.742308,0.055000,0.043462,0.877306,0.189998,0.091537,0.877243,0.189936,0.091474,0.787689,0.100382,0.001920
enc_64,corr_source_speckle_noise_sev1,79,2600,True,False,False,0.849231,0.849231,0.871154,0.977586,0.977619,0.128355,0.106465,0.943926,0.944159,0.094696,0.073005,0.926904,0.928462,0.079231,0.057308,0.901154,0.051923,0.030000,0.946861,0.097630,0.075707,0.946798,0.097567,0.075644,0.911100,0.061870,0.039947
enc_64,corr_source_speckle_noise_sev2,80,2600,True,False,False,0.810385,0.810385,0.841154,0.972738,0.973361,0.162353,0.132207,0.916419,0.917326,0.106034,0.076172,0.907754,0.901154,0.090769,0.060000,0.866154,0.055769,0.025000,0.932695,0.122310,0.091541,0.932632,0.122247,0.091478,0.883352,0.072968,0.042198
enc_64,corr_source_speckle_noise_sev3,81,2600,True,False,False,0.668462,0.668462,0.760769,0.944377,0.945411,0.275915,0.184642,0.828909,0.839987,0.160447,0.079218,0.849087,0.835385,0.166923,0.074615,0.773077,0.104615,0.012308,0.889584,0.221122,0.128814,0.889521,0.221059,0.128752,0.781103,0.112641,0.020333
enc_64,corr_source_speckle_noise_sev4,82,2600,True,False,False,0.566538,0.566538,0.727308,0.914405,0.914781,0.347867,0.187473,0.758610,0.799666,0.192071,0.072359,0.807374,0.778846,0.212308,0.051538,0.703462,0.136923,0.023846,0.856815,0.290276,0.129507,0.856752,0.290214,0.129444,0.716163,0.149625,0.011144
enc_64,corr_source_speckle_noise_sev5,83,2600,True,False,False,0.448846,0.448846,0.731923,0.895497,0.896194,0.446651,0.164271,0.695552,0.770601,0.246706,0.038678,0.765142,0.735385,0.286538,0.003462,0.635769,0.186923,0.096154,0.828298,0.379452,0.096375,0.828236,0.379389,0.096312,0.643526,0.194680,0.088397
enc_64,corr_source_spatter_sev1,84,2600,True,False,False,0.905385,0.905385,0.915769,0.987145,0.987970,0.081760,0.072201,0.968246,0.970545,0.062861,0.054776,0.948762,0.940769,0.035385,0.025000,0.924231,0.018846,0.008462,0.961613,0.056229,0.045844,0.961551,0.056166,0.045781,0.942826,0.037441,0.027056
enc_64,corr_source_spatter_sev2,85,2600,True,False,False,0.853462,0.853462,0.883077,0.977586,0.977619,0.124124,0.094542,0.940383,0.941679,0.086921,0.058603,0.924292,0.914231,0.060769,0.031154,0.888462,0.035000,0.005385,0.943148,0.089686,0.060071,0.943085,0.089623,0.060008,0.910173,0.056712,0.027096
enc_64,corr_source_spatter_sev3,86,2600,True,False,False,0.802692,0.802692,0.840000,0.958333,0.958458,0.155641,0.118458,0.898366,0.903401,0.095674,0.063401,0.893619,0.886923,0.084231,0.046923,0.843462,0.040769,0.003462,0.922858,0.120165,0.082858,0.922795,0.120103,0.082795,0.875262,0.072569,0.035262
enc_64,corr_source_spatter_sev4,87,2600,True,False,False,0.720769,0.720769,0.792692,0.957080,0.957594,0.236311,0.164902,0.875590,0.878117,0.154820,0.085425,0.862787,0.846923,0.126154,0.054231,0.790000,0.069231,0.002692,0.898955,0.178186,0.106263,0.898893,0.178123,0.106200,0.824757,0.103988,0.032065
enc_64,corr_source_spatter_sev5,88,2600,True,False,False,0.621923,0.621923,0.726923,0.935735,0.936206,0.313812,0.209283,0.811425,0.825007,0.189502,0.098084,0.827837,0.809231,0.187308,0.082308,0.737308,0.115385,0.010385,0.873344,0.251421,0.146421,0.873282,0.251359,0.146359,0.735901,0.113978,0.008978
enc_64,corr_source_gaussian_blur_sev1,89,2600,True,False,False,0.874615,0.874615,0.891154,0.985959,0.985959,0.111344,0.094806,0.959744,0.959744,0.085129,0.068591,0.938865,0.940000,0.065385,0.048846,0.916923,0.042308,0.025769,0.957782,0.083167,0.066628,0.957720,0.083104,0.066566,0.930662,0.056047,0.039508
enc_64,corr_source_gaussian_blur_sev2,90,2600,True,False,False,0.810769,0.810769,0.850385,0.968254,0.968734,0.157485,0.118350,0.911987,0.924558,0.101217,0.074173,0.890870,0.880000,0.069231,0.029615,0.838077,0.027308,0.012308,0.920765,0.109996,0.070380,0.920702,0.109933,0.070318,0.887809,0.077040,0.037425
enc_64,corr_source_gaussian_blur_sev3,91,2600,True,False,False,0.706538,0.706538,0.785000,0.962076,0.962076,0.255537,0.177076,0.844728,0.857912,0.138189,0.072912,0.826069,0.804615,0.098077,0.019615,0.736923,0.030385,0.048077,0.872021,0.165483,0.087021,0.871959,0.165420,0.086959,0.823393,0.116855,0.038393
enc_64,corr_source_gaussian_blur_sev4,92,2600,True,False,False,0.601538,0.601538,0.757308,0.947368,0.947368,0.345830,0.190061,0.765220,0.828426,0.163682,0.071118,0.751720,0.712692,0.111154,0.044615,0.618846,0.017308,0.138462,0.815979,0.214440,0.058671,0.815916,0.214377,0.058608,0.752358,0.150820,0.004949
enc_64,corr_source_gaussian_blur_sev5,93,2600,True,False,False,0.378846,0.378846,0.733846,0.918919,0.920289,0.540073,0.186443,0.644242,0.767286,0.265395,0.033440,0.611554,0.552692,0.173846,0.181154,0.409231,0.030385,0.324615,0.717559,0.338713,0.016287,0.717497,0.338651,0.016349,0.571043,0.192197,0.162803
enc_64,corr_source_saturate_sev1,94,2600,True,False,False,0.885000,0.885000,0.894615,0.986750,0.987559,0.101750,0.092943,0.958303,0.959774,0.073303,0.065159,0.939494,0.944231,0.059231,0.049615,0.917692,0.032692,0.023077,0.957658,0.072658,0.063043,0.957595,0.072595,0.062980,0.926358,0.041358,0.031743
enc_64,corr_source_saturate_sev2,95,2600,True,False,False,0.862308,0.862308,0.873462,0.984772,0.985586,0.122464,0.112125,0.950850,0.952325,0.088542,0.078863,0.930823,0.927308,0.065000,0.053846,0.900000,0.037692,0.026538,0.950178,0.087870,0.076716,0.950115,0.087807,0.076654,0.921503,0.059195,0.048041
enc_64,corr_source_saturate_sev3,96,2600,True,False,False,0.901923,0.901923,0.914231,0.989506,0.990720,0.087583,0.076489,0.967036,0.969199,0.065113,0.054969,0.949589,0.949231,0.047308,0.035000,0.930000,0.028077,0.015769,0.964212,0.062289,0.049981,0.964149,0.062226,0.049919,0.945863,0.043940,0.031633
enc_64,corr_source_saturate_sev4,97,2600,True,False,False,0.856154,0.856154,0.883077,0.982786,0.983196,0.126632,0.100119,0.944447,0.945921,0.088294,0.062844,0.931330,0.928077,0.071923,0.045000,0.899231,0.043077,0.016154,0.950198,0.094044,0.067121,0.950135,0.093981,0.067058,0.925548,0.069394,0.042471
enc_64,corr_source_saturate_sev5,98,2600,True,False,False,0.802692,0.802692,0.833077,0.966614,0.966614,0.163921,0.133537,0.909107,0.913213,0.106415,0.080137,0.905036,0.898077,0.095385,0.065000,0.862308,0.059615,0.029231,0.931304,0.128611,0.098227,0.931241,0.128549,0.098164,0.890602,0.087910,0.057525
enc_64,corr_target_fog_sev1,99,2600,False,True,False,0.553846,0.553846,0.688462,0.942229,0.942229,0.388383,0.253768,0.804785,0.818121,0.250939,0.129659,0.808762,0.786923,0.233077,0.098462,0.711923,0.158077,0.023462,0.859742,0.305896,0.171280,0.859679,0.305833,0.171217,0.776622,0.222775,0.088160
enc_64,corr_target_fog_sev2,100,2600,False,True,False,0.533077,0.533077,0.685385,0.937908,0.938388,0.404832,0.253004,0.781274,0.810440,0.248197,0.125055,0.793714,0.763077,0.230000,0.077692,0.679615,0.146538,0.005769,0.846918,0.313841,0.161533,0.846855,0.313778,0.161470,0.754970,0.221893,0.069586
enc_64,corr_target_fog_sev3,101,2600,False,True,False,0.480769,0.480769,0.687692,0.925176,0.926500,0.444406,0.238808,0.762406,0.790276,0.281637,0.102584,0.772497,0.741154,0.260385,0.053462,0.643846,0.163077,0.043846,0.834494,0.353725,0.146802,0.834431,0.353662,0.146739,0.722227,0.241458,0.034535
enc_64,corr_target_fog_sev4,102,2600,False,True,False,0.413462,0.413462,0.702692,0.915763,0.915763,0.502302,0.213071,0.739105,0.774802,0.325643,0.072110,0.756729,0.723077,0.309615,0.020385,0.626538,0.213077,0.076154,0.822427,0.408965,0.119735,0.822364,0.408903,0.119672,0.660834,0.247372,0.041858
enc_64,corr_target_fog_sev5,103,2600,False,True,False,0.301154,0.301154,0.738462,0.938776,0.939254,0.637622,0.200792,0.697436,0.774337,0.396282,0.035875,0.724822,0.692692,0.391538,0.045769,0.584231,0.283077,0.154231,0.801604,0.500451,0.063143,0.801542,0.500388,0.063080,0.532932,0.231778,0.205529
enc_64,corr_target_frost_sev1,104,2600,False,True,False,0.535769,0.535769,0.681923,0.933114,0.933602,0.397345,0.251679,0.774417,0.804710,0.238648,0.122786,0.797427,0.766154,0.230385,0.084231,0.691923,0.156154,0.010000,0.852091,0.316322,0.170168,0.852028,0.316259,0.170105,0.771357,0.235588,0.089434
enc_64,corr_target_frost_sev2,105,2600,False,True,False,0.436923,0.436923,0.694615,0.910767,0.911934,0.473844,0.217319,0.706842,0.791205,0.269919,0.096590,0.752417,0.721538,0.284615,0.026923,0.623077,0.186154,0.071538,0.818494,0.381571,0.123879,0.818431,0.381508,0.123816,0.689819,0.252896,0.004797
enc_64,corr_target_frost_sev3,106,2600,False,True,False,0.371923,0.371923,0.710769,0.888414,0.888414,0.516491,0.177645,0.657971,0.759193,0.286048,0.048424,0.716070,0.670000,0.298077,0.040769,0.564231,0.192308,0.146538,0.793298,0.421375,0.082529,0.793236,0.421313,0.082466,0.625426,0.253502,0.085344
enc_64,corr_target_frost_sev4,107,2600,False,True,False,0.354231,0.354231,0.719615,0.890312,0.890865,0.536081,0.171249,0.656795,0.755367,0.302564,0.035752,0.712631,0.677308,0.323077,0.042308,0.558077,0.203846,0.161538,0.793507,0.439276,0.073891,0.793444,0.439213,0.073829,0.604271,0.250040,0.115344
enc_64,corr_target_frost_sev5,108,2600,False,True,False,0.310385,0.310385,0.741538,0.893146,0.893797,0.582761,0.152259,0.642791,0.760051,0.332407,0.018512,0.692529,0.662692,0.352308,0.078846,0.519231,0.208846,0.222308,0.779007,0.468622,0.037469,0.778944,0.468560,0.037406,0.558286,0.247902,0.183252
enc_64,corr_target_motion_blur_sev1,109,2600,False,True,False,0.550385,0.550385,0.690385,0.952880,0.953793,0.402495,0.263408,0.818888,0.827025,0.268503,0.136640,0.808407,0.785769,0.235385,0.095385,0.715769,0.165385,0.025385,0.862558,0.312173,0.172173,0.862495,0.312110,0.172110,0.801056,0.250672,0.110672
enc_64,corr_target_motion_blur_sev2,110,2600,False,True,False,0.495769,0.495769,0.678462,0.943948,0.943948,0.448179,0.265486,0.776531,0.806368,0.280762,0.127907,0.772078,0.734231,0.238462,0.055769,0.644615,0.148846,0.033846,0.831216,0.335447,0.152755,0.831154,0.335384,0.152692,0.761101,0.265332,0.082639
enc_64,corr_target_motion_blur_sev3,111,2600,False,True,False,0.393462,0.393462,0.707308,0.931360,0.931664,0.537899,0.224356,0.734813,0.795087,0.341352,0.087779,0.729193,0.698462,0.305000,0.008846,0.591154,0.197692,0.116154,0.803988,0.410526,0.096680,0.803925,0.410463,0.096617,0.696053,0.302591,0.011255
enc_64,corr_target_motion_blur_sev4,112,2600,False,True,False,0.300769,0.300769,0.730769,0.914858,0.916012,0.614089,0.185243,0.708105,0.776568,0.407336,0.045798,0.688307,0.656538,0.355769,0.074231,0.520769,0.220000,0.210000,0.777133,0.476364,0.046364,0.777070,0.476301,0.046301,0.581516,0.280747,0.149253
enc_64,corr_target_motion_blur_sev5,113,2600,False,True,False,0.243846,0.243846,0.768077,0.926064,0.927488,0.682217,0.159411,0.710826,0.784070,0.466980,0.015993,0.675283,0.640000,0.396154,0.128077,0.508462,0.264615,0.259615,0.768979,0.525132,0.000902,0.768916,0.525070,0.000839,0.511494,0.267648,0.256583
enc_64,corr_target_brightness_sev1,114,2600,False,True,False,0.605769,0.605769,0.703077,0.950767,0.950767,0.344998,0.247690,0.834433,0.857199,0.228664,0.154122,0.837343,0.828846,0.223077,0.125769,0.761154,0.155385,0.058077,0.882597,0.276828,0.179520,0.882534,0.276765,0.179457,0.821739,0.215970,0.118662
enc_64,corr_target_brightness_sev2,115,2600,False,True,False,0.602692,0.602692,0.699231,0.947368,0.947368,0.344676,0.248138,0.827381,0.849037,0.224689,0.149806,0.832384,0.815000,0.212308,0.115769,0.751923,0.149231,0.052692,0.878687,0.275995,0.179456,0.878624,0.275932,0.179393,0.824178,0.221486,0.124948
enc_64,corr_target_brightness_sev3,116,2600,False,True,False,0.588846,0.588846,0.692308,0.939641,0.939997,0.350795,0.247689,0.818214,0.839020,0.229367,0.146712,0.827970,0.815769,0.226923,0.123462,0.750000,0.161154,0.057692,0.876234,0.287388,0.183926,0.876171,0.287325,0.183863,0.824794,0.235948,0.132486
enc_64,corr_target_brightness_sev4,117,2600,False,True,False,0.573462,0.573462,0.685385,0.933552,0.934039,0.360091,0.248654,0.799309,0.839311,0.225848,0.153926,0.814866,0.803462,0.230000,0.118077,0.726538,0.153077,0.041154,0.865574,0.292112,0.180189,0.865511,0.292049,0.180126,0.816239,0.242778,0.130855
enc_64,corr_target_brightness_sev5,118,2600,False,True,False,0.551923,0.551923,0.670000,0.937040,0.937040,0.385117,0.267040,0.783408,0.824204,0.231485,0.154204,0.800268,0.781923,0.230000,0.111923,0.704231,0.152308,0.034231,0.855478,0.303555,0.185478,0.855416,0.303493,0.185416,0.801109,0.249186,0.131109
enc_64,corr_target_zoom_blur_sev1,119,2600,False,True,False,0.504615,0.504615,0.685385,0.921162,0.923294,0.416546,0.237910,0.760001,0.809627,0.255385,0.124242,0.773113,0.734615,0.230000,0.049231,0.645000,0.140385,0.040385,0.831771,0.327155,0.146386,0.831708,0.327092,0.146323,0.762712,0.258097,0.077328
enc_64,corr_target_zoom_blur_sev2,120,2600,False,True,False,0.460000,0.460000,0.701154,0.905263,0.906625,0.445263,0.205471,0.718899,0.777017,0.258899,0.075864,0.744307,0.688846,0.228846,0.012308,0.589615,0.129615,0.111538,0.806871,0.346871,0.105718,0.806809,0.346809,0.105655,0.733309,0.273309,0.032155
enc_64,corr_target_zoom_blur_sev3,121,2600,False,True,False,0.427692,0.427692,0.698846,0.900634,0.902983,0.472942,0.204137,0.692571,0.769835,0.264878,0.070988,0.722002,0.684615,0.256923,0.014231,0.567308,0.139615,0.131538,0.796487,0.368795,0.097641,0.796424,0.368732,0.097578,0.708528,0.280835,0.009681
enc_64,corr_target_zoom_blur_sev4,122,2600,False,True,False,0.389615,0.389615,0.714231,0.885555,0.885555,0.495940,0.171324,0.665295,0.752468,0.275679,0.038237,0.696473,0.646538,0.256923,0.067692,0.526538,0.136923,0.187692,0.777759,0.388144,0.063528,0.777696,0.388081,0.063466,0.681568,0.291952,0.032663
enc_64,corr_target_zoom_blur_sev5,123,2600,False,True,False,0.345769,0.345769,0.734231,0.865620,0.866196,0.519850,0.131965,0.634149,0.730069,0.288380,0.004162,0.669140,0.616538,0.270769,0.117692,0.484231,0.138462,0.250000,0.759695,0.413926,0.025464,0.759632,0.413863,0.025401,0.646554,0.300784,0.087677
enc_64,corr_target_snow_sev1,124,2600,False,True,False,0.485000,0.485000,0.683846,0.913952,0.916014,0.428952,0.232168,0.742323,0.798596,0.257323,0.114750,0.779995,0.756923,0.271923,0.073077,0.659615,0.174615,0.024231,0.840013,0.355013,0.156167,0.839951,0.354951,0.156105,0.742858,0.257858,0.059012
enc_64,corr_target_snow_sev2,125,2600,False,True,False,0.331923,0.331923,0.731538,0.897838,0.897838,0.565915,0.166300,0.677186,0.772005,0.345263,0.040466,0.722283,0.694615,0.362692,0.036923,0.565385,0.233462,0.166154,0.799937,0.468014,0.068398,0.799874,0.467951,0.068335,0.604316,0.272393,0.127222
enc_64,corr_target_snow_sev3,126,2600,False,True,False,0.362308,0.362308,0.711538,0.888889,0.890159,0.526581,0.178620,0.685488,0.745063,0.323180,0.033524,0.730746,0.691923,0.329615,0.019615,0.583846,0.221538,0.127692,0.805989,0.443681,0.094451,0.805926,0.443619,0.094388,0.649950,0.287642,0.061589
enc_64,corr_target_snow_sev4,127,2600,False,True,False,0.294615,0.294615,0.747692,0.886033,0.887641,0.591417,0.139949,0.648503,0.755592,0.353888,0.007900,0.695493,0.651538,0.356923,0.096154,0.528077,0.233462,0.219615,0.780041,0.485426,0.032349,0.779979,0.485363,0.032286,0.581181,0.286566,0.166511
enc_64,corr_target_snow_sev5,128,2600,False,True,False,0.260385,0.260385,0.765769,0.881720,0.882627,0.621336,0.116858,0.629893,0.748906,0.369508,0.016864,0.662742,0.613846,0.353462,0.151923,0.471923,0.211538,0.293846,0.756529,0.496144,0.009240,0.756466,0.496081,0.009303,0.533298,0.272914,0.232471
enc_64,corr_target_defocus_blur_sev1,129,2600,False,True,False,0.522308,0.522308,0.687692,0.938342,0.939093,0.416034,0.251401,0.802467,0.826694,0.280160,0.139001,0.790317,0.766154,0.243846,0.078462,0.680385,0.158077,0.007308,0.848888,0.326580,0.161195,0.848825,0.326517,0.161133,0.788572,0.266265,0.100880
enc_64,corr_target_defocus_blur_sev2,130,2600,False,True,False,0.481538,0.481538,0.685769,0.936605,0.936605,0.455067,0.250836,0.771403,0.811936,0.289864,0.126167,0.762123,0.737308,0.255769,0.051538,0.640769,0.159231,0.045000,0.829590,0.348052,0.143821,0.829528,0.347989,0.143759,0.771244,0.289705,0.085475
enc_64,corr_target_defocus_blur_sev3,131,2600,False,True,False,0.416154,0.416154,0.699231,0.937040,0.937798,0.520886,0.238568,0.711701,0.784178,0.295547,0.084948,0.695594,0.653846,0.237692,0.045385,0.530000,0.113846,0.169231,0.779146,0.362992,0.079915,0.779083,0.362929,0.079852,0.711250,0.295096,0.012019
enc_64,corr_target_defocus_blur_sev4,132,2600,False,True,False,0.337692,0.337692,0.728077,0.932677,0.933164,0.594984,0.205087,0.655000,0.767832,0.317308,0.039755,0.634468,0.586538,0.248846,0.141538,0.443077,0.105385,0.285000,0.735287,0.397595,0.007211,0.735225,0.397532,0.007148,0.633820,0.296128,0.094257
enc_64,corr_target_defocus_blur_sev5,133,2600,False,True,False,0.265769,0.265769,0.754231,0.915763,0.915763,0.649994,0.161532,0.618287,0.754008,0.352517,0.000223,0.589019,0.529231,0.263462,0.225000,0.371538,0.105769,0.382692,0.700097,0.434328,0.054133,0.700035,0.434265,0.054196,0.547628,0.281859,0.206603
enc_64,corr_target_glass_blur_sev1,134,2600,False,True,False,0.498462,0.498462,0.669231,0.922503,0.922617,0.424042,0.253387,0.756240,0.791844,0.257779,0.122613,0.774814,0.746923,0.248462,0.077692,0.652308,0.153846,0.016923,0.836523,0.338061,0.167292,0.836460,0.337998,0.167229,0.769901,0.271440,0.100670
enc_64,corr_target_glass_blur_sev2,135,2600,False,True,False,0.417692,0.417692,0.681154,0.913498,0.914393,0.495805,0.233239,0.701252,0.777927,0.283560,0.096773,0.721329,0.693846,0.276154,0.012692,0.572692,0.155000,0.108462,0.800833,0.383140,0.119679,0.800770,0.383077,0.119616,0.690147,0.272455,0.008994
enc_64,corr_target_glass_blur_sev3,136,2600,False,True,False,0.236154,0.236154,0.779231,0.879310,0.880450,0.643156,0.101219,0.620551,0.720105,0.384397,0.059126,0.588928,0.512692,0.276538,0.266538,0.360000,0.123846,0.419231,0.700600,0.464446,0.078631,0.700537,0.464383,0.078694,0.468777,0.232623,0.310454
enc_64,corr_target_glass_blur_sev4,137,2600,False,True,False,0.184615,0.184615,0.821923,0.910767,0.910767,0.726151,0.088844,0.645848,0.759326,0.461233,0.062597,0.582602,0.517308,0.332692,0.304615,0.355385,0.170769,0.466538,0.702184,0.517568,0.119739,0.702121,0.517506,0.119802,0.401762,0.217147,0.420161
enc_64,corr_target_glass_blur_sev5,138,2600,False,True,False,0.149231,0.149231,0.851538,0.916667,0.918237,0.767436,0.066699,0.667174,0.789032,0.517943,0.062507,0.572186,0.513462,0.364231,0.338077,0.348846,0.199615,0.502692,0.696965,0.547734,0.154573,0.696902,0.547672,0.154636,0.356444,0.207213,0.495094
enc_64,corr_target_gaussian_noise_sev1,139,2600,False,True,False,0.538077,0.538077,0.676154,0.926950,0.927447,0.388873,0.251293,0.784699,0.807193,0.246622,0.131039,0.820294,0.793462,0.255385,0.117308,0.720385,0.182308,0.044231,0.865538,0.327461,0.189384,0.865475,0.327398,0.189322,0.823645,0.285568,0.147491
enc_64,corr_target_gaussian_noise_sev2,140,2600,False,True,False,0.481154,0.481154,0.682308,0.920714,0.923404,0.439560,0.241096,0.744115,0.801788,0.262961,0.119480,0.802529,0.786923,0.305769,0.104615,0.700769,0.219615,0.018462,0.856772,0.375618,0.174464,0.856709,0.375555,0.174401,0.791153,0.309999,0.108845
enc_64,corr_target_gaussian_noise_sev3,141,2600,False,True,False,0.378462,0.378462,0.706923,0.889364,0.890870,0.510902,0.183947,0.660279,0.773225,0.281817,0.066302,0.763032,0.741538,0.363077,0.034615,0.646154,0.267692,0.060769,0.826039,0.447577,0.119115,0.825976,0.447514,0.119053,0.698218,0.319756,0.008705
enc_64,corr_target_gaussian_noise_sev4,142,2600,False,True,False,0.278846,0.278846,0.765769,0.853110,0.853528,0.574264,0.087758,0.581634,0.748057,0.302788,0.017712,0.708045,0.669231,0.390385,0.096538,0.549615,0.270769,0.216154,0.786985,0.508139,0.021216,0.786923,0.508076,0.021153,0.591911,0.313065,0.173858
enc_64,corr_target_gaussian_noise_sev5,143,2600,False,True,False,0.170385,0.170385,0.841538,0.767773,0.775159,0.597388,0.066379,0.510933,0.729487,0.340548,0.112052,0.640389,0.579615,0.409231,0.261923,0.442692,0.272308,0.398846,0.737637,0.567252,0.103902,0.737574,0.567189,0.103965,0.463798,0.293413,0.377741
enc_64,corr_target_shot_noise_sev1,144,2600,False,True,False,0.536923,0.536923,0.683462,0.934863,0.935347,0.397940,0.251886,0.779490,0.808578,0.242567,0.125116,0.810402,0.791923,0.255000,0.108462,0.714231,0.177308,0.030769,0.862070,0.325147,0.178609,0.862007,0.325084,0.178546,0.821724,0.284801,0.138262
enc_64,corr_target_shot_noise_sev2,145,2600,False,True,False,0.467308,0.467308,0.683462,0.903416,0.906604,0.436109,0.223142,0.725961,0.779039,0.258654,0.095578,0.787086,0.753846,0.286538,0.070385,0.669231,0.201923,0.014231,0.844481,0.377173,0.161020,0.844418,0.377111,0.160957,0.780063,0.312755,0.096601
enc_64,corr_target_shot_noise_sev3,146,2600,False,True,False,0.377692,0.377692,0.715769,0.878827,0.879128,0.501135,0.163359,0.655120,0.768348,0.277428,0.052579,0.749151,0.719615,0.341923,0.003846,0.613846,0.236154,0.101923,0.815854,0.438162,0.100085,0.815792,0.438099,0.100022,0.697082,0.319390,0.018687
enc_64,corr_target_shot_noise_sev4,147,2600,False,True,False,0.251923,0.251923,0.783462,0.836689,0.840382,0.584766,0.056920,0.571412,0.743923,0.319489,0.039538,0.693474,0.655385,0.403462,0.128077,0.529231,0.277308,0.254231,0.776635,0.524712,0.006827,0.776572,0.524649,0.006890,0.576242,0.324319,0.207220
enc_64,corr_target_shot_noise_sev5,148,2600,False,True,False,0.184231,0.184231,0.832308,0.778769,0.780855,0.594539,0.051453,0.554177,0.700194,0.369947,0.132113,0.666730,0.622308,0.438077,0.210000,0.480769,0.296538,0.351538,0.760863,0.576632,0.071445,0.760800,0.576570,0.071507,0.483007,0.298776,0.349301
enc_64,corr_target_impulse_noise_sev1,149,2600,False,True,False,0.475385,0.475385,0.681154,0.907563,0.909672,0.432178,0.228518,0.730913,0.785248,0.255528,0.104094,0.786154,0.760385,0.285000,0.079231,0.669615,0.194231,0.011538,0.843753,0.368368,0.162599,0.843690,0.368305,0.162536,0.766836,0.291452,0.085683
enc_64,corr_target_impulse_noise_sev2,150,2600,False,True,False,0.431154,0.431154,0.690769,0.905724,0.905896,0.474570,0.215127,0.693620,0.779064,0.262466,0.088295,0.769347,0.748077,0.316923,0.057308,0.643846,0.212692,0.046923,0.832065,0.400911,0.141295,0.832002,0.400848,0.141233,0.745478,0.314324,0.054709
enc_64,corr_target_impulse_noise_sev3,151,2600,False,True,False,0.385000,0.385000,0.711923,0.887938,0.888101,0.502938,0.176178,0.654721,0.757887,0.269721,0.045964,0.750399,0.711154,0.326154,0.000769,0.612692,0.227692,0.099231,0.816765,0.431765,0.104842,0.816703,0.431703,0.104779,0.709618,0.324618,0.002305
enc_64,corr_target_impulse_noise_sev4,152,2600,False,True,False,0.262308,0.262308,0.776923,0.847518,0.847518,0.585210,0.070595,0.551819,0.758876,0.289512,0.018047,0.689791,0.628077,0.365769,0.148846,0.514231,0.251923,0.262692,0.767640,0.505332,0.009283,0.767577,0.505269,0.009346,0.588885,0.326577,0.188038
enc_64,corr_target_impulse_noise_sev5,153,2600,False,True,False,0.177308,0.177308,0.833077,0.763671,0.772376,0.586363,0.060701,0.516771,0.726486,0.339464,0.106591,0.631623,0.569615,0.392308,0.263462,0.430385,0.253077,0.402692,0.730708,0.553400,0.102369,0.730645,0.553337,0.102432,0.474486,0.297178,0.358591
enc_64,corr_target_contrast_sev1,154,2600,False,True,False,0.571923,0.571923,0.685769,0.948645,0.950716,0.376722,0.264947,0.814893,0.837634,0.242970,0.151865,0.816758,0.791923,0.220000,0.106154,0.725385,0.153462,0.039615,0.865705,0.293782,0.179936,0.865642,0.293719,0.179873,0.809926,0.238003,0.124157
enc_64,corr_target_contrast_sev2,155,2600,False,True,False,0.538077,0.538077,0.691538,0.937908,0.937908,0.399832,0.246370,0.790803,0.823396,0.252726,0.131857,0.801133,0.773462,0.235385,0.081923,0.691538,0.153462,0.000000,0.853893,0.315816,0.162354,0.853830,0.315753,0.162291,0.787295,0.249219,0.095757
enc_64,corr_target_contrast_sev3,156,2600,False,True,False,0.481154,0.481154,0.677308,0.927393,0.927393,0.446239,0.250085,0.737486,0.787599,0.256332,0.110291,0.769734,0.739231,0.258077,0.061923,0.652308,0.171154,0.025000,0.830039,0.348885,0.152731,0.829976,0.348822,0.152668,0.735571,0.254417,0.058263
enc_64,corr_target_contrast_sev4,157,2600,False,True,False,0.335385,0.335385,0.726538,0.895966,0.895966,0.560581,0.169428,0.637568,0.740679,0.302183,0.014140,0.684377,0.635769,0.300385,0.090769,0.518462,0.183077,0.208077,0.767293,0.431909,0.040755,0.767231,0.431846,0.040692,0.603111,0.267727,0.123427
enc_64,corr_target_contrast_sev5,158,2600,False,True,False,0.190769,0.190769,0.819615,0.890785,0.890785,0.700016,0.071170,0.556439,0.699720,0.365670,0.119896,0.561415,0.495000,0.304231,0.324615,0.336154,0.145385,0.483462,0.681228,0.490459,0.138388,0.681165,0.490396,0.138450,0.459786,0.269017,0.359830
enc_64,corr_target_elastic_transform_sev1,159,2600,False,True,False,0.567692,0.567692,0.685769,0.944805,0.945743,0.377113,0.259974,0.812225,0.830545,0.244533,0.144775,0.817248,0.808462,0.240769,0.122692,0.726154,0.158462,0.040385,0.869003,0.301311,0.183234,0.868940,0.301248,0.183171,0.804055,0.236363,0.118286
enc_64,corr_target_elastic_transform_sev2,160,2600,False,True,False,0.406154,0.406154,0.684615,0.902027,0.902204,0.495873,0.217589,0.692385,0.788594,0.286231,0.103978,0.737107,0.708462,0.302308,0.023846,0.595769,0.189615,0.088846,0.810220,0.404066,0.125605,0.810158,0.404004,0.125542,0.694830,0.288676,0.010214
enc_64,corr_target_elastic_transform_sev3,161,2600,False,True,False,0.449231,0.449231,0.691154,0.924731,0.924731,0.475500,0.233577,0.727922,0.816308,0.278691,0.125154,0.758059,0.739231,0.290000,0.048077,0.637692,0.188462,0.053462,0.828011,0.378780,0.136857,0.827948,0.378717,0.136794,0.716672,0.267442,0.025518
enc_64,corr_target_elastic_transform_sev4,162,2600,False,True,False,0.351154,0.351154,0.711923,0.889364,0.889364,0.538210,0.177440,0.656278,0.766107,0.305124,0.054184,0.700251,0.660385,0.309231,0.051538,0.539231,0.188077,0.172692,0.781189,0.430035,0.069266,0.781126,0.429972,0.069203,0.603611,0.252457,0.108312
enc_64,corr_target_elastic_transform_sev5,163,2600,False,True,False,0.190000,0.190000,0.823846,0.883162,0.885414,0.693162,0.061568,0.595046,0.717462,0.405046,0.106384,0.632367,0.581923,0.391923,0.241923,0.430769,0.240769,0.393077,0.737275,0.547275,0.086571,0.737212,0.547212,0.086634,0.426974,0.236974,0.396872
enc_64,corr_target_pixelate_sev1,164,2600,False,True,False,0.573077,0.573077,0.679615,0.936605,0.938141,0.363528,0.258526,0.818148,0.825943,0.245071,0.146327,0.816009,0.798077,0.225000,0.118462,0.727692,0.154615,0.048077,0.867806,0.294729,0.188191,0.867743,0.294666,0.188128,0.805691,0.232614,0.126075
enc_64,corr_target_pixelate_sev2,165,2600,False,True,False,0.565000,0.565000,0.681154,0.930041,0.932024,0.365041,0.250870,0.803954,0.814800,0.238954,0.133646,0.809278,0.793846,0.228846,0.112692,0.717308,0.152308,0.036154,0.862865,0.297865,0.181711,0.862802,0.297802,0.181648,0.793543,0.228543,0.112389
enc_64,corr_target_pixelate_sev3,166,2600,False,True,False,0.500769,0.500769,0.675000,0.912589,0.912589,0.411820,0.237589,0.760800,0.800124,0.260030,0.125124,0.779394,0.766923,0.266154,0.091923,0.663077,0.162308,0.011923,0.842465,0.341696,0.167465,0.842403,0.341633,0.167403,0.755466,0.254697,0.080466
enc_64,corr_target_pixelate_sev4,167,2600,False,True,False,0.426538,0.426538,0.680769,0.884120,0.884953,0.457582,0.204184,0.671630,0.764774,0.245092,0.084005,0.724729,0.679231,0.252692,0.001538,0.573462,0.146923,0.107308,0.798252,0.371713,0.117482,0.798189,0.371650,0.117420,0.688072,0.261534,0.007303
enc_64,corr_target_pixelate_sev5,168,2600,False,True,False,0.360769,0.360769,0.710769,0.866609,0.867560,0.505839,0.156791,0.601926,0.763475,0.241157,0.052706,0.683196,0.638846,0.278077,0.071923,0.517692,0.156923,0.193077,0.767733,0.406964,0.056964,0.767670,0.406901,0.056901,0.638525,0.277756,0.072244
enc_64,corr_target_jpeg_compression_sev1,169,2600,False,True,False,0.571538,0.571538,0.695385,0.944377,0.945398,0.372838,0.250013,0.821864,0.835261,0.250326,0.139876,0.823538,0.810000,0.238462,0.114615,0.735769,0.164231,0.040385,0.872769,0.301230,0.177384,0.872706,0.301168,0.177321,0.779625,0.208086,0.084240
enc_64,corr_target_jpeg_compression_sev2,170,2600,False,True,False,0.552692,0.552692,0.681923,0.942229,0.943260,0.389537,0.261337,0.805440,0.832138,0.252748,0.150215,0.815807,0.798077,0.245385,0.116154,0.724615,0.171923,0.042692,0.865444,0.312752,0.183521,0.865381,0.312689,0.183458,0.766844,0.214152,0.084921
enc_64,corr_target_jpeg_compression_sev3,171,2600,False,True,False,0.545385,0.545385,0.670385,0.931800,0.931800,0.386415,0.261415,0.799020,0.823612,0.253635,0.153227,0.810748,0.791923,0.246538,0.121538,0.715385,0.170000,0.045000,0.863869,0.318484,0.193484,0.863806,0.318422,0.193422,0.759391,0.214006,0.089006
enc_64,corr_target_jpeg_compression_sev4,172,2600,False,True,False,0.490000,0.490000,0.675000,0.920266,0.920266,0.430266,0.245266,0.757892,0.793741,0.267892,0.118741,0.781604,0.750769,0.260769,0.075769,0.656538,0.166538,0.018462,0.841029,0.351029,0.166029,0.840966,0.350966,0.165966,0.724488,0.234488,0.049488
enc_64,corr_target_jpeg_compression_sev5,173,2600,False,True,False,0.419231,0.419231,0.687692,0.898772,0.899504,0.479541,0.211812,0.688853,0.757345,0.269623,0.069652,0.738768,0.708077,0.288846,0.020385,0.601923,0.182692,0.085769,0.811026,0.391795,0.123334,0.810963,0.391732,0.123271,0.682140,0.262909,0.005552
enc_64,corr_target_speckle_noise_sev1,174,2600,False,True,False,0.545769,0.545769,0.675769,0.937474,0.937474,0.391705,0.261705,0.799143,0.829299,0.253374,0.153529,0.815197,0.797308,0.251538,0.121538,0.722692,0.176923,0.046923,0.866203,0.320434,0.190434,0.866140,0.320371,0.190371,0.815951,0.270182,0.140182
enc_64,corr_target_speckle_noise_sev2,175,2600,False,True,False,0.508846,0.508846,0.671538,0.937908,0.937908,0.429062,0.266370,0.780088,0.813576,0.271242,0.142038,0.803156,0.789231,0.280385,0.117692,0.704231,0.195385,0.032692,0.858588,0.349742,0.187049,0.858525,0.349679,0.186987,0.796068,0.287222,0.124529
enc_64,corr_target_speckle_noise_sev3,176,2600,False,True,False,0.402692,0.402692,0.698462,0.903879,0.904299,0.501186,0.205837,0.700459,0.769389,0.297767,0.070927,0.755081,0.723077,0.320385,0.024615,0.620385,0.217692,0.078077,0.819059,0.416367,0.120598,0.818997,0.416304,0.120535,0.711670,0.308978,0.013209
enc_64,corr_target_speckle_noise_sev4,177,2600,False,True,False,0.335769,0.335769,0.730000,0.870056,0.872574,0.534287,0.142574,0.642384,0.769770,0.306614,0.039770,0.724737,0.674231,0.338462,0.055769,0.575000,0.239231,0.155000,0.794452,0.458683,0.064452,0.794389,0.458620,0.064389,0.656850,0.321080,0.073150
enc_64,corr_target_speckle_noise_sev5,178,2600,False,True,False,0.277308,0.277308,0.759231,0.854121,0.855555,0.576813,0.096325,0.593594,0.743420,0.316286,0.015811,0.698768,0.652308,0.375000,0.106923,0.531154,0.253846,0.228077,0.779091,0.501783,0.019860,0.779028,0.501720,0.019797,0.595103,0.317796,0.164127
enc_64,corr_target_spatter_sev1,179,2600,False,True,False,0.596538,0.596538,0.696923,0.943519,0.944074,0.346980,0.247151,0.825350,0.848137,0.228811,0.151214,0.832784,0.817692,0.221154,0.120769,0.748462,0.151923,0.051538,0.879669,0.283131,0.182746,0.879606,0.283068,0.182683,0.812008,0.215470,0.115085
enc_64,corr_target_spatter_sev2,180,2600,False,True,False,0.534231,0.534231,0.684231,0.929601,0.930197,0.395370,0.245966,0.779269,0.816190,0.245039,0.131959,0.804476,0.786538,0.252308,0.102308,0.710769,0.176538,0.026538,0.858758,0.324528,0.174528,0.858696,0.324465,0.174465,0.771279,0.237048,0.087048
enc_64,corr_target_spatter_sev3,181,2600,False,True,False,0.483077,0.483077,0.688462,0.896903,0.897446,0.413826,0.208984,0.717059,0.799282,0.233983,0.110821,0.769867,0.740385,0.257308,0.051923,0.648462,0.165385,0.040000,0.831518,0.348441,0.143057,0.831456,0.348379,0.142994,0.746230,0.263153,0.057768
enc_64,corr_target_spatter_sev4,182,2600,False,True,False,0.415385,0.415385,0.675000,0.918469,0.918469,0.503085,0.243469,0.729715,0.779721,0.314330,0.104721,0.761393,0.734615,0.319231,0.059615,0.637692,0.222308,0.037308,0.826545,0.411160,0.151545,0.826482,0.411097,0.151482,0.718264,0.302880,0.043264
enc_64,corr_target_spatter_sev5,183,2600,False,True,False,0.326154,0.326154,0.698846,0.911223,0.912131,0.585069,0.213285,0.700535,0.780115,0.374381,0.081269,0.745767,0.711538,0.385385,0.012692,0.605385,0.279231,0.093462,0.815108,0.488954,0.116261,0.815045,0.488891,0.116199,0.636169,0.310015,0.062678
enc_64,corr_target_gaussian_blur_sev1,184,2600,False,True,False,0.583077,0.583077,0.683462,0.951190,0.951263,0.368113,0.267801,0.829395,0.841922,0.246318,0.158460,0.821310,0.802692,0.219615,0.119231,0.731154,0.148077,0.047692,0.868851,0.285774,0.185389,0.868788,0.285711,0.185326,0.808935,0.225858,0.125474
enc_64,corr_target_gaussian_blur_sev2,185,2600,False,True,False,0.497308,0.497308,0.690769,0.945233,0.945233,0.447926,0.254464,0.782609,0.819511,0.285301,0.128742,0.773267,0.746923,0.249615,0.056154,0.653462,0.156154,0.037308,0.835245,0.337937,0.144476,0.835182,0.337875,0.144413,0.774702,0.277394,0.083933
enc_64,corr_target_gaussian_blur_sev3,186,2600,False,True,False,0.430000,0.430000,0.700769,0.915763,0.916977,0.485763,0.216208,0.725584,0.789740,0.295584,0.088970,0.716478,0.678846,0.248846,0.021923,0.561538,0.131538,0.139231,0.794194,0.364194,0.093425,0.794131,0.364131,0.093362,0.729279,0.299279,0.028509
enc_64,corr_target_gaussian_blur_sev4,187,2600,False,True,False,0.363077,0.363077,0.713846,0.913952,0.914204,0.550875,0.200358,0.660240,0.771280,0.297163,0.057434,0.652897,0.596154,0.233077,0.117692,0.469231,0.106154,0.244615,0.747456,0.384380,0.033610,0.747394,0.384317,0.033548,0.668813,0.305736,0.045033
enc_64,corr_target_gaussian_blur_sev5,188,2600,False,True,False,0.232308,0.232308,0.773846,0.880758,0.884173,0.648450,0.110327,0.567494,0.749845,0.335187,0.024002,0.549450,0.471923,0.239615,0.301923,0.323462,0.091154,0.450385,0.670337,0.438030,0.103509,0.670275,0.437967,0.103572,0.501158,0.268850,0.272688
enc_64,corr_target_saturate_sev1,189,2600,False,True,False,0.577308,0.577308,0.697692,0.950343,0.950804,0.373035,0.253112,0.834511,0.840434,0.257204,0.142742,0.828613,0.820000,0.242692,0.122308,0.748462,0.171154,0.050769,0.878832,0.301525,0.181140,0.878770,0.301462,0.181077,0.786787,0.209480,0.089095
enc_64,corr_target_saturate_sev2,190,2600,False,True,False,0.573462,0.573462,0.700000,0.948645,0.948645,0.375184,0.248645,0.832382,0.846122,0.258920,0.146122,0.823934,0.803846,0.230385,0.103846,0.733846,0.160385,0.033846,0.872618,0.299156,0.172618,0.872555,0.299093,0.172555,0.802883,0.229422,0.102883
enc_64,corr_target_saturate_sev3,191,2600,False,True,False,0.595769,0.595769,0.699231,0.944377,0.946958,0.348608,0.247727,0.825642,0.848557,0.229872,0.149326,0.832341,0.819231,0.223462,0.120000,0.747308,0.151538,0.048077,0.879054,0.283285,0.179824,0.878992,0.283222,0.179761,0.826875,0.231106,0.127644
enc_64,corr_target_saturate_sev4,192,2600,False,True,False,0.578846,0.578846,0.693077,0.932677,0.933652,0.353830,0.240575,0.799067,0.835481,0.220221,0.142404,0.819346,0.794615,0.215769,0.101538,0.723846,0.145000,0.030769,0.867878,0.289032,0.174801,0.867815,0.288969,0.174738,0.830797,0.251951,0.137720
enc_64,corr_target_saturate_sev5,193,2600,False,True,False,0.545000,0.545000,0.686923,0.926064,0.927167,0.381064,0.240244,0.758416,0.805794,0.213416,0.118871,0.797336,0.766923,0.221923,0.080000,0.679231,0.134231,0.007692,0.850268,0.305268,0.163345,0.850205,0.305205,0.163282,0.810483,0.265483,0.123560
enc_256,val_source,0,10000,True,False,True,0.964000,0.964000,0.964200,0.996790,0.996790,0.032790,0.032590,0.990596,0.990596,0.026596,0.026396,0.978317,0.981500,0.017500,0.017300,0.973900,0.009900,0.009700,0.985229,0.021229,0.021029,0.985166,0.021166,0.020966,0.970430,0.006430,0.006230
enc_256,val_target,1,66400,False,True,True,0.669819,0.669819,0.725105,0.964781,0.964783,0.294961,0.239677,0.872278,0.880300,0.202459,0.155195,0.861061,0.853223,0.183404,0.128117,0.796521,0.126702,0.071416,0.900328,0.230509,0.175223,0.900265,0.230446,0.175160,0.855351,0.185532,0.130245
enc_256,imagenet_val_source,2,2600,True,False,True,0.932692,0.932692,0.941154,0.993419,0.994215,0.060726,0.053062,0.983307,0.983307,0.050614,0.042153,0.966469,0.966154,0.033462,0.025000,0.955385,0.022692,0.014231,0.975875,0.043183,0.034721,0.975812,0.043120,0.034658,0.964704,0.032012,0.023551
enc_256,imagenet_val_target,3,2600,False,True,True,0.638846,0.638846,0.705769,0.961247,0.961247,0.322400,0.255477,0.864854,0.873633,0.226008,0.167864,0.852974,0.837692,0.198846,0.131923,0.786923,0.148077,0.081154,0.893775,0.254929,0.188005,0.893712,0.254866,0.187943,0.848366,0.209520,0.142597
enc_256,corr_source_fog_sev1,4,2600,True,False,False,0.844231,0.844231,0.867692,0.983183,0.983183,0.138953,0.115491,0.938207,0.938465,0.093976,0.070772,0.920570,0.914231,0.070000,0.046538,0.887308,0.043077,0.019615,0.942212,0.097981,0.074519,0.942149,0.097918,0.074457,0.901082,0.056851,0.033390
enc_256,corr_source_fog_sev2,5,2600,True,False,False,0.808846,0.808846,0.849231,0.980792,0.980792,0.171946,0.131561,0.914336,0.916758,0.105490,0.067528,0.901822,0.888462,0.079615,0.039231,0.858846,0.050000,0.009615,0.927070,0.118224,0.077839,0.927007,0.118161,0.077776,0.875056,0.066210,0.025825
enc_256,corr_source_fog_sev3,6,2600,True,False,False,0.750000,0.750000,0.811923,0.971926,0.972353,0.221926,0.160430,0.886267,0.887241,0.136267,0.075318,0.873851,0.867692,0.117692,0.055769,0.813077,0.063077,0.001154,0.909006,0.159006,0.097083,0.908943,0.158943,0.097020,0.831728,0.081728,0.019805
enc_256,corr_source_fog_sev4,7,2600,True,False,False,0.678077,0.678077,0.771538,0.968663,0.969142,0.290586,0.197604,0.856460,0.863575,0.178383,0.092036,0.850325,0.834231,0.156154,0.062692,0.772692,0.094615,0.001154,0.889975,0.211899,0.118437,0.889913,0.211836,0.118374,0.778598,0.100521,0.007059
enc_256,corr_source_fog_sev5,8,2600,True,False,False,0.521923,0.521923,0.713846,0.969889,0.969934,0.447966,0.256088,0.791843,0.830471,0.269920,0.116625,0.802955,0.782308,0.260385,0.068462,0.706538,0.184615,0.007308,0.856746,0.334823,0.142900,0.856684,0.334761,0.142837,0.635564,0.113641,0.078282
enc_256,corr_source_frost_sev1,9,2600,True,False,False,0.836923,0.836923,0.870385,0.977183,0.977603,0.140260,0.107218,0.926904,0.931475,0.089981,0.061090,0.912404,0.910769,0.073846,0.040385,0.875769,0.038846,0.005385,0.936291,0.099368,0.065906,0.936228,0.099305,0.065843,0.902048,0.065125,0.031663
enc_256,corr_source_frost_sev2,10,2600,True,False,False,0.718462,0.718462,0.790385,0.961247,0.961247,0.242785,0.170862,0.853419,0.869062,0.134958,0.078678,0.851600,0.829615,0.111154,0.039231,0.776923,0.058462,0.013462,0.889553,0.171092,0.099169,0.889490,0.171029,0.099106,0.815676,0.097214,0.025291
enc_256,corr_source_frost_sev3,11,2600,True,False,False,0.623462,0.623462,0.759231,0.950343,0.950877,0.326882,0.191647,0.798273,0.821979,0.174812,0.062749,0.806411,0.780000,0.156538,0.020769,0.709231,0.085769,0.050000,0.859159,0.235697,0.099928,0.859096,0.235635,0.099865,0.743414,0.119953,0.015816
enc_256,corr_source_frost_sev4,12,2600,True,False,False,0.606154,0.606154,0.749231,0.933989,0.934475,0.327835,0.185244,0.781937,0.810926,0.175783,0.061695,0.794482,0.763846,0.157692,0.014615,0.686538,0.080385,0.062692,0.847466,0.241312,0.098235,0.847403,0.241250,0.098173,0.722661,0.116507,0.026570
enc_256,corr_source_frost_sev5,13,2600,True,False,False,0.532692,0.532692,0.738462,0.945233,0.945233,0.412541,0.206772,0.752163,0.802051,0.219471,0.063590,0.765036,0.726538,0.193846,0.011923,0.637692,0.105000,0.100769,0.827173,0.294480,0.088711,0.827110,0.294418,0.088648,0.665168,0.132476,0.073293
enc_256,corr_source_motion_blur_sev1,14,2600,True,False,False,0.861923,0.861923,0.883462,0.983581,0.984061,0.121658,0.100600,0.943763,0.948422,0.081840,0.064960,0.924870,0.919615,0.057692,0.036154,0.891538,0.029615,0.008077,0.945929,0.084006,0.062468,0.945867,0.083944,0.062405,0.926532,0.064609,0.043070
enc_256,corr_source_motion_blur_sev2,15,2600,True,False,False,0.790769,0.790769,0.844231,0.978790,0.978790,0.188021,0.134559,0.901745,0.910693,0.110976,0.066462,0.884387,0.874615,0.083846,0.030385,0.829231,0.038462,0.015000,0.915939,0.125170,0.071708,0.915876,0.125107,0.071646,0.885841,0.095071,0.041610
enc_256,corr_source_motion_blur_sev3,16,2600,True,False,False,0.658077,0.658077,0.758077,0.962904,0.962960,0.304827,0.204883,0.819328,0.848932,0.161251,0.090855,0.812054,0.787308,0.129231,0.029231,0.706923,0.048846,0.051154,0.860656,0.202579,0.102579,0.860593,0.202516,0.102516,0.789618,0.131541,0.031541
enc_256,corr_source_motion_blur_sev4,17,2600,True,False,False,0.485000,0.485000,0.729615,0.948220,0.948684,0.463220,0.219069,0.763934,0.809249,0.278934,0.079633,0.745473,0.708846,0.223846,0.020769,0.610385,0.125385,0.119231,0.815914,0.330914,0.086299,0.815851,0.330851,0.086236,0.665717,0.180717,0.063899
enc_256,corr_source_motion_blur_sev5,18,2600,True,False,False,0.371923,0.371923,0.731538,0.934863,0.934863,0.562940,0.203324,0.745183,0.782899,0.373260,0.051361,0.709481,0.666538,0.294615,0.065000,0.548846,0.176923,0.182692,0.789298,0.417375,0.057759,0.789235,0.417312,0.057696,0.583779,0.211856,0.147759
enc_256,corr_source_brightness_sev1,19,2600,True,False,False,0.908846,0.908846,0.918846,0.987539,0.987576,0.078693,0.068730,0.970841,0.970841,0.061994,0.051994,0.951488,0.950769,0.041923,0.031923,0.930385,0.021538,0.011538,0.963901,0.055055,0.045055,0.963839,0.054992,0.044992,0.945225,0.036379,0.026379
enc_256,corr_source_brightness_sev2,20,2600,True,False,False,0.903462,0.903462,0.920000,0.989114,0.989515,0.085652,0.069515,0.968350,0.969642,0.064888,0.049642,0.947617,0.945000,0.041538,0.025000,0.925385,0.021923,0.005385,0.961772,0.058310,0.041772,0.961709,0.058247,0.041709,0.940880,0.037419,0.020880
enc_256,corr_source_brightness_sev3,21,2600,True,False,False,0.894615,0.894615,0.906154,0.985564,0.985564,0.090948,0.079410,0.961703,0.962309,0.067088,0.056156,0.941235,0.941923,0.047308,0.035769,0.916923,0.022308,0.010769,0.957777,0.063162,0.051623,0.957714,0.063099,0.051560,0.936482,0.041867,0.030329
enc_256,corr_source_brightness_sev4,22,2600,True,False,False,0.879615,0.879615,0.891154,0.982786,0.982786,0.103170,0.091632,0.953851,0.954212,0.074236,0.063059,0.931640,0.929615,0.050000,0.038462,0.900769,0.021154,0.009615,0.951294,0.071679,0.060140,0.951231,0.071616,0.060077,0.931866,0.052250,0.040712
enc_256,corr_source_brightness_sev5,23,2600,True,False,False,0.845385,0.845385,0.864231,0.974359,0.974359,0.128974,0.110128,0.932206,0.937045,0.086821,0.072814,0.914650,0.908846,0.063462,0.044615,0.873846,0.028462,0.009615,0.937699,0.092314,0.073468,0.937636,0.092252,0.073406,0.913804,0.068419,0.049573
enc_256,corr_source_zoom_blur_sev1,24,2600,True,False,False,0.810000,0.810000,0.860385,0.973144,0.973144,0.163144,0.112759,0.913595,0.914756,0.103595,0.054372,0.895369,0.889231,0.079231,0.028846,0.849615,0.039615,0.010769,0.923415,0.113415,0.063030,0.923352,0.113352,0.062968,0.894403,0.084403,0.034018
enc_256,corr_source_zoom_blur_sev2,25,2600,True,False,False,0.746538,0.746538,0.824231,0.968663,0.968663,0.222125,0.144432,0.876160,0.882199,0.129622,0.057968,0.859754,0.846154,0.099615,0.021923,0.799615,0.053077,0.024615,0.898446,0.151907,0.074215,0.898383,0.151845,0.074152,0.858939,0.112400,0.034708
enc_256,corr_source_zoom_blur_sev3,26,2600,True,False,False,0.699615,0.699615,0.785769,0.955823,0.955823,0.256208,0.170054,0.832868,0.846690,0.133253,0.060921,0.826528,0.801538,0.101923,0.015769,0.737692,0.038077,0.048077,0.872315,0.172700,0.086546,0.872253,0.172637,0.086483,0.827489,0.127874,0.041720
enc_256,corr_source_zoom_blur_sev4,27,2600,True,False,False,0.636538,0.636538,0.770385,0.939641,0.940785,0.303103,0.170400,0.779400,0.824295,0.142862,0.053910,0.793144,0.768846,0.132308,0.001538,0.676923,0.040385,0.093462,0.847602,0.211064,0.077218,0.847539,0.211001,0.077155,0.790153,0.153615,0.019769
enc_256,corr_source_zoom_blur_sev5,28,2600,True,False,False,0.569615,0.569615,0.738077,0.920266,0.921520,0.350650,0.183443,0.731888,0.789152,0.162272,0.051075,0.756317,0.725769,0.156154,0.012308,0.622692,0.053077,0.115385,0.821500,0.251885,0.083423,0.821437,0.251822,0.083360,0.742161,0.172545,0.004084
enc_256,corr_source_snow_sev1,29,2600,True,False,False,0.811923,0.811923,0.851538,0.974763,0.974763,0.162840,0.123225,0.918919,0.919159,0.106996,0.067620,0.900840,0.900000,0.088077,0.048462,0.854231,0.042308,0.002692,0.930057,0.118134,0.078519,0.929995,0.118072,0.078456,0.883865,0.071942,0.032326
enc_256,corr_source_snow_sev2,30,2600,True,False,False,0.611538,0.611538,0.769231,0.942660,0.942745,0.331121,0.173514,0.798643,0.821339,0.187105,0.052108,0.808098,0.785385,0.173846,0.016154,0.706538,0.095000,0.062692,0.859317,0.247778,0.090086,0.859254,0.247716,0.090023,0.728194,0.116655,0.041037
enc_256,corr_source_snow_sev3,31,2600,True,False,False,0.641538,0.641538,0.766154,0.953722,0.953860,0.312184,0.187706,0.820979,0.830283,0.179441,0.064130,0.819449,0.797692,0.156154,0.031538,0.719231,0.077692,0.046923,0.867556,0.226018,0.101403,0.867494,0.225955,0.101340,0.766029,0.124490,0.000125
enc_256,corr_source_snow_sev4,32,2600,True,False,False,0.543462,0.543462,0.738462,0.943089,0.944364,0.399628,0.205902,0.774128,0.810642,0.230666,0.072180,0.779551,0.755000,0.211538,0.016538,0.667692,0.124231,0.070769,0.838827,0.295365,0.100365,0.838764,0.295303,0.100303,0.702253,0.158791,0.036209
enc_256,corr_source_snow_sev5,33,2600,True,False,False,0.480769,0.480769,0.744615,0.926507,0.926616,0.445738,0.182000,0.719690,0.779078,0.238920,0.034463,0.741990,0.701923,0.221154,0.042692,0.593846,0.113077,0.150769,0.810452,0.329683,0.065837,0.810390,0.329620,0.065774,0.633680,0.152911,0.110936
enc_256,corr_source_defocus_blur_sev1,34,2600,True,False,False,0.836154,0.836154,0.871923,0.972738,0.972738,0.136584,0.100815,0.926967,0.932028,0.090813,0.060105,0.904981,0.886538,0.050385,0.014615,0.859231,0.023077,0.012692,0.927949,0.091795,0.056026,0.927886,0.091732,0.055963,0.898566,0.062412,0.026643
enc_256,corr_source_defocus_blur_sev2,35,2600,True,False,False,0.786923,0.786923,0.833077,0.970705,0.970705,0.183782,0.137628,0.898775,0.909303,0.111852,0.076226,0.874317,0.860769,0.073846,0.027692,0.810000,0.023077,0.023077,0.908435,0.121512,0.075358,0.908372,0.121449,0.075296,0.873275,0.086352,0.040198
enc_256,corr_source_defocus_blur_sev3,36,2600,True,False,False,0.675000,0.675000,0.779615,0.959167,0.959526,0.284167,0.179911,0.825400,0.857616,0.150400,0.078000,0.800168,0.776154,0.101154,0.003462,0.689615,0.014615,0.090000,0.854349,0.179349,0.074733,0.854286,0.179286,0.074671,0.808449,0.133449,0.028833
enc_256,corr_source_defocus_blur_sev4,37,2600,True,False,False,0.568077,0.568077,0.748462,0.946088,0.946556,0.378011,0.198094,0.755516,0.816523,0.187439,0.068061,0.729570,0.688846,0.120769,0.059615,0.586538,0.018462,0.161923,0.803540,0.235463,0.055078,0.803477,0.235400,0.055015,0.733585,0.165508,0.014876
enc_256,corr_source_defocus_blur_sev5,38,2600,True,False,False,0.454231,0.454231,0.725769,0.944377,0.945785,0.490146,0.220015,0.692516,0.802278,0.238285,0.076509,0.658969,0.606923,0.152692,0.118846,0.480000,0.025769,0.245769,0.752496,0.298265,0.026727,0.752433,0.298203,0.026664,0.641177,0.186946,0.084593
enc_256,corr_source_glass_blur_sev1,39,2600,True,False,False,0.795769,0.795769,0.843846,0.966614,0.966664,0.170844,0.122818,0.903816,0.905320,0.108047,0.061474,0.890658,0.873077,0.077308,0.029231,0.838462,0.042692,0.005385,0.918794,0.123025,0.074948,0.918731,0.122962,0.074885,0.869701,0.073931,0.025855
enc_256,corr_source_glass_blur_sev2,40,2600,True,False,False,0.684615,0.684615,0.775385,0.955404,0.955404,0.270788,0.180019,0.838637,0.862130,0.154022,0.086746,0.830841,0.810385,0.125769,0.035000,0.745000,0.060385,0.030385,0.876198,0.191583,0.100814,0.876136,0.191520,0.100751,0.785199,0.100583,0.009814
enc_256,corr_source_glass_blur_sev3,41,2600,True,False,False,0.401923,0.401923,0.733077,0.929601,0.930093,0.527678,0.197016,0.696632,0.796359,0.294709,0.063282,0.658301,0.609615,0.207692,0.123462,0.466923,0.065000,0.266154,0.752016,0.350093,0.018939,0.751953,0.350030,0.018876,0.524055,0.122132,0.209022
enc_256,corr_source_glass_blur_sev4,42,2600,True,False,False,0.310000,0.310000,0.765769,0.925176,0.925675,0.615176,0.159906,0.674099,0.787395,0.364099,0.021626,0.621594,0.552692,0.242692,0.213077,0.406923,0.096923,0.358846,0.723292,0.413292,0.042477,0.723229,0.413229,0.042540,0.441043,0.131043,0.324726
enc_256,corr_source_glass_blur_sev5,43,2600,True,False,False,0.236154,0.236154,0.799615,0.948645,0.948645,0.712492,0.149030,0.718952,0.798197,0.482798,0.001419,0.614313,0.568077,0.331923,0.231538,0.404231,0.168077,0.395385,0.729419,0.493265,0.070197,0.729356,0.493202,0.070259,0.379686,0.143532,0.419929
enc_256,corr_source_gaussian_noise_sev1,44,2600,True,False,False,0.838077,0.838077,0.860769,0.983581,0.983990,0.145504,0.123221,0.938899,0.938899,0.100822,0.078130,0.924706,0.920385,0.082308,0.059615,0.890769,0.052692,0.030000,0.944734,0.106658,0.083965,0.944672,0.106595,0.083902,0.916766,0.078689,0.055996
enc_256,corr_source_gaussian_noise_sev2,45,2600,True,False,False,0.753846,0.753846,0.802692,0.968663,0.969234,0.214817,0.166541,0.898605,0.898619,0.144759,0.095926,0.894314,0.885000,0.131154,0.082308,0.844615,0.090769,0.041923,0.922519,0.168673,0.119827,0.922457,0.168610,0.119764,0.861170,0.107324,0.058478
enc_256,corr_source_gaussian_noise_sev3,46,2600,True,False,False,0.618846,0.618846,0.745000,0.957916,0.958427,0.339070,0.213427,0.813583,0.829837,0.194737,0.084837,0.844815,0.821538,0.202692,0.076538,0.765000,0.146154,0.020000,0.884325,0.265479,0.139325,0.884262,0.265416,0.139262,0.771542,0.152696,0.026542
enc_256,corr_source_gaussian_noise_sev4,47,2600,True,False,False,0.444231,0.444231,0.720769,0.918019,0.921192,0.473788,0.200423,0.692325,0.785980,0.248094,0.065211,0.768734,0.732692,0.288462,0.011923,0.646538,0.202308,0.074231,0.828579,0.384348,0.107809,0.828516,0.384285,0.107747,0.650488,0.206257,0.070281
enc_256,corr_source_gaussian_noise_sev5,48,2600,True,False,False,0.243846,0.243846,0.796154,0.860149,0.862538,0.616303,0.066384,0.581961,0.752808,0.338114,0.043346,0.671602,0.617308,0.373462,0.178846,0.490769,0.246923,0.305385,0.760624,0.516778,0.035529,0.760562,0.516715,0.035592,0.483135,0.239289,0.313019
enc_256,corr_source_shot_noise_sev1,49,2600,True,False,False,0.833846,0.833846,0.865000,0.979592,0.979592,0.145746,0.114592,0.941335,0.941526,0.107489,0.076526,0.923385,0.916923,0.083077,0.051923,0.891538,0.057692,0.026538,0.945396,0.111549,0.080396,0.945333,0.111487,0.080333,0.913847,0.080001,0.048847
enc_256,corr_source_shot_noise_sev2,50,2600,True,False,False,0.748077,0.748077,0.803462,0.970297,0.970297,0.222220,0.166835,0.890478,0.890622,0.142401,0.087161,0.890705,0.889615,0.141538,0.086154,0.836923,0.088846,0.033462,0.920169,0.172092,0.116707,0.920106,0.172029,0.116645,0.859785,0.111708,0.056323
enc_256,corr_source_shot_noise_sev3,51,2600,True,False,False,0.618846,0.618846,0.741154,0.946088,0.946715,0.327242,0.205561,0.804007,0.823320,0.185161,0.082166,0.834544,0.812692,0.193846,0.071538,0.750000,0.131154,0.008846,0.876411,0.257565,0.135257,0.876348,0.257502,0.135194,0.765715,0.146869,0.024561
enc_256,corr_source_shot_noise_sev4,52,2600,True,False,False,0.401154,0.401154,0.745769,0.908480,0.909538,0.507326,0.163769,0.659707,0.781036,0.258554,0.035266,0.748341,0.712308,0.311154,0.033462,0.611538,0.210385,0.134231,0.813810,0.412656,0.068040,0.813747,0.412593,0.067978,0.617145,0.215992,0.128624
enc_256,corr_source_shot_noise_sev5,53,2600,True,False,False,0.281154,0.281154,0.783462,0.872995,0.875315,0.591841,0.091853,0.625562,0.750062,0.344408,0.033399,0.704783,0.673077,0.391923,0.110385,0.549231,0.268077,0.234231,0.788470,0.507316,0.005008,0.788407,0.507253,0.004946,0.519119,0.237965,0.264342
enc_256,corr_source_impulse_noise_sev1,54,2600,True,False,False,0.756538,0.756538,0.817308,0.963731,0.963785,0.207192,0.146477,0.889928,0.890781,0.133390,0.073474,0.886592,0.876154,0.119615,0.058846,0.826154,0.069615,0.008846,0.916537,0.159999,0.099229,0.916474,0.159936,0.099167,0.867405,0.110867,0.050098
enc_256,corr_source_impulse_noise_sev2,55,2600,True,False,False,0.699615,0.699615,0.765000,0.962904,0.963015,0.263288,0.198015,0.848901,0.862546,0.149285,0.097546,0.860867,0.850769,0.151154,0.085769,0.796154,0.096538,0.031154,0.898985,0.199370,0.133985,0.898922,0.199307,0.133922,0.829795,0.130179,0.064795
enc_256,corr_source_impulse_noise_sev3,56,2600,True,False,False,0.616538,0.616538,0.747308,0.952880,0.954248,0.336341,0.206940,0.796298,0.822802,0.179759,0.075494,0.831228,0.809231,0.192692,0.061923,0.740000,0.123462,0.007308,0.874410,0.257871,0.127102,0.874347,0.257809,0.127039,0.783849,0.167311,0.036541
enc_256,corr_source_impulse_noise_sev4,57,2600,True,False,False,0.438462,0.438462,0.721923,0.928277,0.928277,0.489815,0.206354,0.678303,0.790241,0.239841,0.068317,0.755519,0.722308,0.283846,0.000385,0.618462,0.180000,0.103462,0.820700,0.382239,0.098777,0.820638,0.382176,0.098714,0.650382,0.211920,0.071541
enc_256,corr_source_impulse_noise_sev5,58,2600,True,False,False,0.266154,0.266154,0.773077,0.883162,0.884457,0.617008,0.111380,0.597771,0.750361,0.331617,0.022716,0.669930,0.628077,0.361923,0.145000,0.485000,0.218846,0.288077,0.763493,0.497339,0.009584,0.763430,0.497276,0.009647,0.500924,0.234770,0.272153
enc_256,corr_source_contrast_sev1,59,2600,True,False,False,0.871154,0.871154,0.888077,0.987539,0.987539,0.116385,0.099462,0.953408,0.953408,0.082254,0.065331,0.930996,0.933462,0.062308,0.045385,0.901923,0.030769,0.013846,0.951260,0.080106,0.063183,0.951198,0.080044,0.063121,0.921433,0.050279,0.033356
enc_256,corr_source_contrast_sev2,60,2600,True,False,False,0.832692,0.832692,0.864231,0.980392,0.980451,0.147700,0.116220,0.932169,0.932169,0.099477,0.067938,0.910936,0.905385,0.072692,0.041154,0.873846,0.041154,0.009615,0.935899,0.103207,0.071668,0.935836,0.103144,0.071605,0.896263,0.063571,0.032032
enc_256,corr_source_contrast_sev3,61,2600,True,False,False,0.750000,0.750000,0.805000,0.966203,0.966639,0.216203,0.161639,0.877323,0.880970,0.127323,0.075970,0.867873,0.852308,0.102308,0.047308,0.800000,0.050000,0.005000,0.901694,0.151694,0.096694,0.901631,0.151631,0.096631,0.831066,0.081066,0.026066
enc_256,corr_source_contrast_sev4,62,2600,True,False,False,0.521154,0.521154,0.725385,0.946515,0.946515,0.425362,0.221131,0.749863,0.785603,0.228709,0.060219,0.768239,0.735769,0.214615,0.010385,0.652692,0.131538,0.072692,0.830701,0.309547,0.105316,0.830638,0.309484,0.105253,0.674284,0.153130,0.051100
enc_256,corr_source_contrast_sev5,63,2600,True,False,False,0.290385,0.290385,0.771154,0.908480,0.908480,0.618096,0.137326,0.583567,0.750017,0.293182,0.021137,0.618756,0.550769,0.260385,0.220385,0.409231,0.118846,0.361923,0.717731,0.427347,0.053423,0.717669,0.427284,0.053485,0.502703,0.212318,0.268451
enc_256,corr_source_elastic_transform_sev1,64,2600,True,False,False,0.866923,0.866923,0.888077,0.981191,0.982122,0.114268,0.094045,0.953306,0.953656,0.086382,0.065579,0.930334,0.925000,0.058077,0.036923,0.898846,0.031923,0.010769,0.948503,0.081580,0.060426,0.948440,0.081517,0.060363,0.921560,0.054637,0.033483
enc_256,corr_source_elastic_transform_sev2,65,2600,True,False,False,0.653077,0.653077,0.761154,0.939208,0.940904,0.286132,0.179750,0.823129,0.859822,0.170052,0.098668,0.829804,0.811154,0.158077,0.050000,0.740769,0.087692,0.020385,0.874342,0.221265,0.113188,0.874279,0.221202,0.113125,0.773430,0.120353,0.012276
enc_256,corr_source_elastic_transform_sev3,66,2600,True,False,False,0.754615,0.754615,0.803846,0.972738,0.973245,0.218123,0.169399,0.898208,0.898509,0.143593,0.094663,0.875910,0.870769,0.116154,0.066923,0.817308,0.062692,0.013462,0.910656,0.156040,0.106809,0.910593,0.155977,0.106747,0.827932,0.073316,0.024086
enc_256,corr_source_elastic_transform_sev4,67,2600,True,False,False,0.610769,0.610769,0.738462,0.950343,0.950877,0.339574,0.212416,0.816550,0.831606,0.205781,0.093145,0.808250,0.789231,0.178462,0.050769,0.710385,0.099615,0.028077,0.860400,0.249631,0.121938,0.860337,0.249568,0.121876,0.709126,0.098357,0.029335
enc_256,corr_source_elastic_transform_sev5,68,2600,True,False,False,0.351923,0.351923,0.743462,0.908480,0.909272,0.556557,0.165810,0.644370,0.750103,0.292447,0.006641,0.678401,0.627692,0.275769,0.115769,0.503077,0.151154,0.240385,0.765069,0.413146,0.021607,0.765006,0.413083,0.021545,0.486353,0.134430,0.257109
enc_256,corr_source_pixelate_sev1,69,2600,True,False,False,0.872308,0.872308,0.895769,0.976781,0.977201,0.104473,0.081432,0.951975,0.951975,0.079668,0.056206,0.929956,0.926923,0.054615,0.031154,0.896538,0.024231,0.000769,0.949838,0.077530,0.054069,0.949775,0.077467,0.054006,0.919226,0.046919,0.023457
enc_256,corr_source_pixelate_sev2,70,2600,True,False,False,0.855385,0.855385,0.884231,0.973549,0.973549,0.118165,0.089318,0.941774,0.941774,0.086390,0.057543,0.921128,0.912308,0.056923,0.028077,0.882692,0.027308,0.001538,0.942086,0.086701,0.057855,0.942023,0.086638,0.057792,0.907473,0.052089,0.023242
enc_256,corr_source_pixelate_sev3,71,2600,True,False,False,0.778846,0.778846,0.834615,0.965792,0.965894,0.186945,0.131278,0.894913,0.896474,0.116067,0.061858,0.880388,0.876923,0.098077,0.042308,0.820769,0.041923,0.013846,0.914177,0.135331,0.079562,0.914115,0.135269,0.079499,0.852324,0.073478,0.017709
enc_256,corr_source_pixelate_sev4,72,2600,True,False,False,0.653846,0.653846,0.785769,0.938342,0.938821,0.284496,0.153052,0.806560,0.830579,0.152714,0.044809,0.813559,0.782308,0.128462,0.003462,0.710000,0.056154,0.075769,0.861600,0.207754,0.075831,0.861537,0.207691,0.075768,0.759010,0.105164,0.026759
enc_256,corr_source_pixelate_sev5,73,2600,True,False,False,0.576923,0.576923,0.764231,0.933552,0.933651,0.356629,0.169420,0.720634,0.819698,0.143711,0.055467,0.761326,0.722692,0.145769,0.041538,0.628462,0.051538,0.135769,0.823057,0.246134,0.058826,0.822994,0.246071,0.058763,0.697650,0.120726,0.066581
enc_256,corr_source_jpeg_compression_sev1,74,2600,True,False,False,0.870769,0.870769,0.889231,0.979992,0.980407,0.109223,0.091176,0.954852,0.956782,0.084083,0.067551,0.934912,0.931538,0.060769,0.042308,0.909615,0.038846,0.020385,0.951404,0.080635,0.062174,0.951342,0.080572,0.062111,0.911015,0.040246,0.021784
enc_256,corr_source_jpeg_compression_sev2,75,2600,True,False,False,0.853846,0.853846,0.875385,0.978389,0.978807,0.124543,0.103422,0.944924,0.947609,0.091078,0.072224,0.926052,0.925769,0.071923,0.050385,0.898462,0.044615,0.023077,0.947526,0.093680,0.072142,0.947464,0.093618,0.072079,0.901318,0.047472,0.025934
enc_256,corr_source_jpeg_compression_sev3,76,2600,True,False,False,0.836538,0.836538,0.860385,0.972738,0.972738,0.136200,0.112353,0.938904,0.940247,0.102365,0.079862,0.919126,0.913077,0.076538,0.052692,0.886538,0.050000,0.026154,0.941555,0.105016,0.081170,0.941492,0.104954,0.081107,0.889507,0.052968,0.029122
enc_256,corr_source_jpeg_compression_sev4,77,2600,True,False,False,0.775769,0.775769,0.824615,0.971519,0.971519,0.195750,0.146904,0.900171,0.902906,0.124402,0.078291,0.889378,0.881154,0.105385,0.056538,0.833462,0.057692,0.008846,0.919672,0.143903,0.095057,0.919610,0.143840,0.094994,0.854172,0.078403,0.029557
enc_256,corr_source_jpeg_compression_sev5,78,2600,True,False,False,0.687308,0.687308,0.785769,0.951613,0.952987,0.264305,0.167218,0.835730,0.846606,0.148422,0.060837,0.832670,0.816538,0.129231,0.030769,0.742308,0.055000,0.043462,0.877306,0.189998,0.091537,0.877243,0.189936,0.091474,0.787689,0.100382,0.001920
enc_256,corr_source_speckle_noise_sev1,79,2600,True,False,False,0.849231,0.849231,0.871154,0.977987,0.978406,0.128757,0.107252,0.947325,0.947433,0.098095,0.076279,0.926904,0.928462,0.079231,0.057308,0.901154,0.051923,0.030000,0.946861,0.097630,0.075707,0.946798,0.097567,0.075644,0.911100,0.061870,0.039947
enc_256,corr_source_speckle_noise_sev2,80,2600,True,False,False,0.810385,0.810385,0.841154,0.979992,0.981264,0.169608,0.140110,0.923563,0.924396,0.113179,0.083242,0.907754,0.901154,0.090769,0.060000,0.866154,0.055769,0.025000,0.932695,0.122310,0.091541,0.932632,0.122247,0.091478,0.883352,0.072968,0.042198
enc_256,corr_source_speckle_noise_sev3,81,2600,True,False,False,0.668462,0.668462,0.760769,0.954143,0.954143,0.285682,0.193374,0.835993,0.846207,0.167532,0.085438,0.849087,0.835385,0.166923,0.074615,0.773077,0.104615,0.012308,0.889584,0.221122,0.128814,0.889521,0.221059,0.128752,0.781103,0.112641,0.020333
enc_256,corr_source_speckle_noise_sev4,82,2600,True,False,False,0.566538,0.566538,0.727308,0.934863,0.934863,0.368324,0.207555,0.772919,0.816277,0.206380,0.088969,0.807374,0.778846,0.212308,0.051538,0.703462,0.136923,0.023846,0.856815,0.290276,0.129507,0.856752,0.290214,0.129444,0.716163,0.149625,0.011144
enc_256,corr_source_speckle_noise_sev5,83,2600,True,False,False,0.448846,0.448846,0.731923,0.915763,0.916552,0.466917,0.184629,0.703765,0.790261,0.254919,0.058338,0.765142,0.735385,0.286538,0.003462,0.635769,0.186923,0.096154,0.828298,0.379452,0.096375,0.828236,0.379389,0.096312,0.643526,0.194680,0.088397
enc_256,corr_source_spatter_sev1,84,2600,True,False,False,0.905385,0.905385,0.915769,0.989114,0.989930,0.083729,0.074161,0.969409,0.971716,0.064025,0.055946,0.948762,0.940769,0.035385,0.025000,0.924231,0.018846,0.008462,0.961613,0.056229,0.045844,0.961551,0.056166,0.045781,0.942826,0.037441,0.027056
enc_256,corr_source_spatter_sev2,85,2600,True,False,False,0.853462,0.853462,0.883077,0.981191,0.981191,0.127730,0.098114,0.944181,0.945457,0.090719,0.062380,0.924292,0.914231,0.060769,0.031154,0.888462,0.035000,0.005385,0.943148,0.089686,0.060071,0.943085,0.089623,0.060008,0.910173,0.056712,0.027096
enc_256,corr_source_spatter_sev3,86,2600,True,False,False,0.802692,0.802692,0.840000,0.968663,0.969142,0.165971,0.129142,0.904773,0.908673,0.102081,0.068673,0.893619,0.886923,0.084231,0.046923,0.843462,0.040769,0.003462,0.922858,0.120165,0.082858,0.922795,0.120103,0.082795,0.875262,0.072569,0.035262
enc_256,corr_source_spatter_sev4,87,2600,True,False,False,0.720769,0.720769,0.792692,0.968663,0.969096,0.247894,0.176403,0.886577,0.889632,0.165808,0.096940,0.862787,0.846923,0.126154,0.054231,0.790000,0.069231,0.002692,0.898955,0.178186,0.106263,0.898893,0.178123,0.106200,0.824757,0.103988,0.032065
enc_256,corr_source_spatter_sev5,88,2600,True,False,False,0.621923,0.621923,0.726923,0.952880,0.953862,0.330957,0.226939,0.829598,0.842665,0.207675,0.115742,0.827837,0.809231,0.187308,0.082308,0.737308,0.115385,0.010385,0.873344,0.251421,0.146421,0.873282,0.251359,0.146359,0.735901,0.113978,0.008978
enc_256,corr_source_gaussian_blur_sev1,89,2600,True,False,False,0.874615,0.874615,0.891154,0.983581,0.983581,0.108966,0.092427,0.961352,0.961352,0.086736,0.070198,0.938865,0.940000,0.065385,0.048846,0.916923,0.042308,0.025769,0.957782,0.083167,0.066628,0.957720,0.083104,0.066566,0.930662,0.056047,0.039508
enc_256,corr_source_gaussian_blur_sev2,90,2600,True,False,False,0.810769,0.810769,0.850385,0.976781,0.976781,0.166012,0.126396,0.914135,0.925389,0.103366,0.075005,0.890870,0.880000,0.069231,0.029615,0.838077,0.027308,0.012308,0.920765,0.109996,0.070380,0.920702,0.109933,0.070318,0.887809,0.077040,0.037425
enc_256,corr_source_gaussian_blur_sev3,91,2600,True,False,False,0.706538,0.706538,0.785000,0.957916,0.957979,0.251377,0.172979,0.845377,0.859073,0.138839,0.074073,0.826069,0.804615,0.098077,0.019615,0.736923,0.030385,0.048077,0.872021,0.165483,0.087021,0.871959,0.165420,0.086959,0.823393,0.116855,0.038393
enc_256,corr_source_gaussian_blur_sev4,92,2600,True,False,False,0.601538,0.601538,0.757308,0.943089,0.943812,0.341551,0.186505,0.761562,0.824591,0.160023,0.067284,0.751720,0.712692,0.111154,0.044615,0.618846,0.017308,0.138462,0.815979,0.214440,0.058671,0.815916,0.214377,0.058608,0.752358,0.150820,0.004949
enc_256,corr_source_gaussian_blur_sev5,93,2600,True,False,False,0.378846,0.378846,0.733846,0.929601,0.930197,0.550755,0.196351,0.630129,0.784791,0.251283,0.050944,0.611554,0.552692,0.173846,0.181154,0.409231,0.030385,0.324615,0.717559,0.338713,0.016287,0.717497,0.338651,0.016349,0.571043,0.192197,0.162803
enc_256,corr_source_saturate_sev1,94,2600,True,False,False,0.885000,0.885000,0.894615,0.987933,0.988738,0.102933,0.094123,0.959750,0.961102,0.074750,0.066487,0.939494,0.944231,0.059231,0.049615,0.917692,0.032692,0.023077,0.957658,0.072658,0.063043,0.957595,0.072595,0.062980,0.926358,0.041358,0.031743
enc_256,corr_source_saturate_sev2,95,2600,True,False,False,0.862308,0.862308,0.873462,0.987145,0.987164,0.124837,0.113702,0.953613,0.954958,0.091305,0.081497,0.930823,0.927308,0.065000,0.053846,0.900000,0.037692,0.026538,0.950178,0.087870,0.076716,0.950115,0.087807,0.076654,0.921503,0.059195,0.048041
enc_256,corr_source_saturate_sev3,96,2600,True,False,False,0.901923,0.901923,0.914231,0.987933,0.987969,0.086010,0.073738,0.968183,0.970418,0.066260,0.056187,0.949589,0.949231,0.047308,0.035000,0.930000,0.028077,0.015769,0.964212,0.062289,0.049981,0.964149,0.062226,0.049919,0.945863,0.043940,0.031633
enc_256,corr_source_saturate_sev4,97,2600,True,False,False,0.856154,0.856154,0.883077,0.986355,0.986355,0.130201,0.103278,0.947495,0.948671,0.091341,0.065594,0.931330,0.928077,0.071923,0.045000,0.899231,0.043077,0.016154,0.950198,0.094044,0.067121,0.950135,0.093981,0.067058,0.925548,0.069394,0.042471
enc_256,corr_source_saturate_sev5,98,2600,True,False,False,0.802692,0.802692,0.833077,0.978790,0.979624,0.176098,0.146547,0.915467,0.919041,0.112775,0.085964,0.905036,0.898077,0.095385,0.065000,0.862308,0.059615,0.029231,0.931304,0.128611,0.098227,0.931241,0.128549,0.098164,0.890602,0.087910,0.057525
enc_256,corr_target_fog_sev1,99,2600,False,True,False,0.553846,0.553846,0.688462,0.942229,0.942957,0.388383,0.254496,0.807100,0.823404,0.253254,0.134943,0.808762,0.786923,0.233077,0.098462,0.711923,0.158077,0.023462,0.859742,0.305896,0.171280,0.859679,0.305833,0.171217,0.776622,0.222775,0.088160
enc_256,corr_target_fog_sev2,100,2600,False,True,False,0.533077,0.533077,0.685385,0.944805,0.945274,0.411728,0.259890,0.787968,0.816310,0.254891,0.130925,0.793714,0.763077,0.230000,0.077692,0.679615,0.146538,0.005769,0.846918,0.313841,0.161533,0.846855,0.313778,0.161470,0.754970,0.221893,0.069586
enc_256,corr_target_fog_sev3,101,2600,False,True,False,0.480769,0.480769,0.687692,0.935299,0.937805,0.454530,0.250113,0.764505,0.800027,0.283736,0.112335,0.772497,0.741154,0.260385,0.053462,0.643846,0.163077,0.043846,0.834494,0.353725,0.146802,0.834431,0.353662,0.146739,0.722227,0.241458,0.034535
enc_256,corr_target_fog_sev4,102,2600,False,True,False,0.413462,0.413462,0.702692,0.943519,0.943603,0.530057,0.240911,0.746655,0.791591,0.333194,0.088899,0.756729,0.723077,0.309615,0.020385,0.626538,0.213077,0.076154,0.822427,0.408965,0.119735,0.822364,0.408903,0.119672,0.660834,0.247372,0.041858
enc_256,corr_target_fog_sev5,103,2600,False,True,False,0.301154,0.301154,0.738462,0.946942,0.947408,0.645788,0.208946,0.696787,0.785487,0.395633,0.047026,0.724822,0.692692,0.391538,0.045769,0.584231,0.283077,0.154231,0.801604,0.500451,0.063143,0.801542,0.500388,0.063080,0.532932,0.231778,0.205529
enc_256,corr_target_frost_sev1,104,2600,False,True,False,0.535769,0.535769,0.681923,0.936170,0.936653,0.400401,0.254730,0.781653,0.812290,0.245884,0.130367,0.797427,0.766154,0.230385,0.084231,0.691923,0.156154,0.010000,0.852091,0.316322,0.170168,0.852028,0.316259,0.170105,0.771357,0.235588,0.089434
enc_256,corr_target_frost_sev2,105,2600,False,True,False,0.436923,0.436923,0.694615,0.935299,0.938468,0.498376,0.243853,0.720922,0.801878,0.283999,0.107263,0.752417,0.721538,0.284615,0.026923,0.623077,0.186154,0.071538,0.818494,0.381571,0.123879,0.818431,0.381508,0.123816,0.689819,0.252896,0.004797
enc_256,corr_target_frost_sev3,106,2600,False,True,False,0.371923,0.371923,0.710769,0.908938,0.909463,0.537015,0.198693,0.667527,0.771022,0.295604,0.060253,0.716070,0.670000,0.298077,0.040769,0.564231,0.192308,0.146538,0.793298,0.421375,0.082529,0.793236,0.421313,0.082466,0.625426,0.253502,0.085344
enc_256,corr_target_frost_sev4,107,2600,False,True,False,0.354231,0.354231,0.719615,0.915311,0.915825,0.561080,0.196210,0.673104,0.768763,0.318873,0.049147,0.712631,0.677308,0.323077,0.042308,0.558077,0.203846,0.161538,0.793507,0.439276,0.073891,0.793444,0.439213,0.073829,0.604271,0.250040,0.115344
enc_256,corr_target_frost_sev5,108,2600,False,True,False,0.310385,0.310385,0.741538,0.917118,0.918141,0.606733,0.176602,0.659207,0.769777,0.348823,0.028239,0.692529,0.662692,0.352308,0.078846,0.519231,0.208846,0.222308,0.779007,0.468622,0.037469,0.778944,0.468560,0.037406,0.558286,0.247902,0.183252
enc_256,corr_target_motion_blur_sev1,109,2600,False,True,False,0.550385,0.550385,0.690385,0.955823,0.955823,0.405439,0.265439,0.821892,0.831797,0.271508,0.141412,0.808407,0.785769,0.235385,0.095385,0.715769,0.165385,0.025385,0.862558,0.312173,0.172173,0.862495,0.312110,0.172110,0.801056,0.250672,0.110672
enc_256,corr_target_motion_blur_sev2,110,2600,False,True,False,0.495769,0.495769,0.678462,0.944805,0.945274,0.449036,0.266813,0.778837,0.811258,0.283068,0.132797,0.772078,0.734231,0.238462,0.055769,0.644615,0.148846,0.033846,0.831216,0.335447,0.152755,0.831154,0.335384,0.152692,0.761101,0.265332,0.082639
enc_256,corr_target_motion_blur_sev3,111,2600,False,True,False,0.393462,0.393462,0.707308,0.929601,0.929830,0.536139,0.222522,0.736517,0.807265,0.343055,0.099957,0.729193,0.698462,0.305000,0.008846,0.591154,0.197692,0.116154,0.803988,0.410526,0.096680,0.803925,0.410463,0.096617,0.696053,0.302591,0.011255
enc_256,corr_target_motion_blur_sev4,112,2600,False,True,False,0.300769,0.300769,0.730769,0.929601,0.929601,0.628831,0.198831,0.715126,0.786791,0.414357,0.056022,0.688307,0.656538,0.355769,0.074231,0.520769,0.220000,0.210000,0.777133,0.476364,0.046364,0.777070,0.476301,0.046301,0.581516,0.280747,0.149253
enc_256,corr_target_motion_blur_sev5,113,2600,False,True,False,0.243846,0.243846,0.768077,0.924731,0.925282,0.680885,0.157205,0.717854,0.791446,0.474008,0.023369,0.675283,0.640000,0.396154,0.128077,0.508462,0.264615,0.259615,0.768979,0.525132,0.000902,0.768916,0.525070,0.000839,0.511494,0.267648,0.256583
enc_256,corr_target_brightness_sev1,114,2600,False,True,False,0.605769,0.605769,0.703077,0.957080,0.957080,0.351311,0.254003,0.839354,0.862479,0.233585,0.159402,0.837343,0.828846,0.223077,0.125769,0.761154,0.155385,0.058077,0.882597,0.276828,0.179520,0.882534,0.276765,0.179457,0.821739,0.215970,0.118662
enc_256,corr_target_brightness_sev2,115,2600,False,True,False,0.602692,0.602692,0.699231,0.955823,0.956020,0.353131,0.256789,0.833088,0.854620,0.230395,0.155390,0.832384,0.815000,0.212308,0.115769,0.751923,0.149231,0.052692,0.878687,0.275995,0.179456,0.878624,0.275932,0.179393,0.824178,0.221486,0.124948
enc_256,corr_target_brightness_sev3,116,2600,False,True,False,0.588846,0.588846,0.692308,0.945233,0.945233,0.356387,0.252926,0.825219,0.847928,0.236373,0.155621,0.827970,0.815769,0.226923,0.123462,0.750000,0.161154,0.057692,0.876234,0.287388,0.183926,0.876171,0.287325,0.183863,0.824794,0.235948,0.132486
enc_256,corr_target_brightness_sev4,117,2600,False,True,False,0.573462,0.573462,0.685385,0.949495,0.950493,0.376033,0.265108,0.810484,0.849945,0.237022,0.164561,0.814866,0.803462,0.230000,0.118077,0.726538,0.153077,0.041154,0.865574,0.292112,0.180189,0.865511,0.292049,0.180126,0.816239,0.242778,0.130855
enc_256,corr_target_brightness_sev5,118,2600,False,True,False,0.551923,0.551923,0.670000,0.949070,0.949070,0.397147,0.279070,0.790297,0.836823,0.238374,0.166823,0.800268,0.781923,0.230000,0.111923,0.704231,0.152308,0.034231,0.855478,0.303555,0.185478,0.855416,0.303493,0.185416,0.801109,0.249186,0.131109
enc_256,corr_target_zoom_blur_sev1,119,2600,False,True,False,0.504615,0.504615,0.685385,0.932677,0.932776,0.428061,0.247392,0.763596,0.812749,0.258981,0.127364,0.773113,0.734615,0.230000,0.049231,0.645000,0.140385,0.040385,0.831771,0.327155,0.146386,0.831708,0.327092,0.146323,0.762712,0.258097,0.077328
enc_256,corr_target_zoom_blur_sev2,120,2600,False,True,False,0.460000,0.460000,0.701154,0.921609,0.923851,0.461609,0.222697,0.720638,0.787381,0.260638,0.086227,0.744307,0.688846,0.228846,0.012308,0.589615,0.129615,0.111538,0.806871,0.346871,0.105718,0.806809,0.346809,0.105655,0.733309,0.273309,0.032155
enc_256,corr_target_zoom_blur_sev3,121,2600,False,True,False,0.427692,0.427692,0.698846,0.917118,0.917118,0.489426,0.218272,0.700340,0.780531,0.272648,0.081685,0.722002,0.684615,0.256923,0.014231,0.567308,0.139615,0.131538,0.796487,0.368795,0.097641,0.796424,0.368732,0.097578,0.708528,0.280835,0.009681
enc_256,corr_target_zoom_blur_sev4,122,2600,False,True,False,0.389615,0.389615,0.714231,0.898772,0.899312,0.509156,0.185081,0.669393,0.767046,0.279777,0.052816,0.696473,0.646538,0.256923,0.067692,0.526538,0.136923,0.187692,0.777759,0.388144,0.063528,0.777696,0.388081,0.063466,0.681568,0.291952,0.032663
enc_256,corr_target_zoom_blur_sev5,123,2600,False,True,False,0.345769,0.345769,0.734231,0.889364,0.890472,0.543594,0.156241,0.645656,0.756427,0.299887,0.022196,0.669140,0.616538,0.270769,0.117692,0.484231,0.138462,0.250000,0.759695,0.413926,0.025464,0.759632,0.413863,0.025401,0.646554,0.300784,0.087677
enc_256,corr_target_snow_sev1,124,2600,False,True,False,0.485000,0.485000,0.683846,0.936170,0.936934,0.451170,0.253088,0.752127,0.799586,0.267127,0.115740,0.779995,0.756923,0.271923,0.073077,0.659615,0.174615,0.024231,0.840013,0.355013,0.156167,0.839951,0.354951,0.156105,0.742858,0.257858,0.059012
enc_256,corr_target_snow_sev2,125,2600,False,True,False,0.331923,0.331923,0.731538,0.908938,0.909463,0.577015,0.177924,0.675404,0.775249,0.343481,0.043710,0.722283,0.694615,0.362692,0.036923,0.565385,0.233462,0.166154,0.799937,0.468014,0.068398,0.799874,0.467951,0.068335,0.604316,0.272393,0.127222
enc_256,corr_target_snow_sev3,126,2600,False,True,False,0.362308,0.362308,0.711538,0.920714,0.921220,0.558406,0.209682,0.701369,0.761706,0.339062,0.050168,0.730746,0.691923,0.329615,0.019615,0.583846,0.221538,0.127692,0.805989,0.443681,0.094451,0.805926,0.443619,0.094388,0.649950,0.287642,0.061589
enc_256,corr_target_snow_sev4,127,2600,False,True,False,0.294615,0.294615,0.747692,0.899704,0.899850,0.605088,0.152158,0.660303,0.761953,0.365688,0.014261,0.695493,0.651538,0.356923,0.096154,0.528077,0.233462,0.219615,0.780041,0.485426,0.032349,0.779979,0.485363,0.032286,0.581181,0.286566,0.166511
enc_256,corr_target_snow_sev5,128,2600,False,True,False,0.260385,0.260385,0.765769,0.895497,0.896042,0.635112,0.130273,0.628713,0.750757,0.368329,0.015012,0.662742,0.613846,0.353462,0.151923,0.471923,0.211538,0.293846,0.756529,0.496144,0.009240,0.756466,0.496081,0.009303,0.533298,0.272914,0.232471
enc_256,corr_target_defocus_blur_sev1,129,2600,False,True,False,0.522308,0.522308,0.687692,0.941799,0.942444,0.419491,0.254752,0.806447,0.833289,0.284140,0.145597,0.790317,0.766154,0.243846,0.078462,0.680385,0.158077,0.007308,0.848888,0.326580,0.161195,0.848825,0.326517,0.161133,0.788572,0.266265,0.100880
enc_256,corr_target_defocus_blur_sev2,130,2600,False,True,False,0.481538,0.481538,0.685769,0.941368,0.942658,0.459830,0.256888,0.769866,0.815207,0.288328,0.129438,0.762123,0.737308,0.255769,0.051538,0.640769,0.159231,0.045000,0.829590,0.348052,0.143821,0.829528,0.347989,0.143759,0.771244,0.289705,0.085475
enc_256,corr_target_defocus_blur_sev3,131,2600,False,True,False,0.416154,0.416154,0.699231,0.943519,0.944626,0.527365,0.245395,0.713665,0.797081,0.297511,0.097850,0.695594,0.653846,0.237692,0.045385,0.530000,0.113846,0.169231,0.779146,0.362992,0.079915,0.779083,0.362929,0.079852,0.711250,0.295096,0.012019
enc_256,corr_target_defocus_blur_sev4,132,2600,False,True,False,0.337692,0.337692,0.728077,0.929160,0.930860,0.591467,0.202783,0.644470,0.784558,0.306777,0.056481,0.634468,0.586538,0.248846,0.141538,0.443077,0.105385,0.285000,0.735287,0.397595,0.007211,0.735225,0.397532,0.007148,0.633820,0.296128,0.094257
enc_256,corr_target_defocus_blur_sev5,133,2600,False,True,False,0.265769,0.265769,0.754231,0.919817,0.920325,0.654048,0.166094,0.608941,0.766489,0.343172,0.012258,0.589019,0.529231,0.263462,0.225000,0.371538,0.105769,0.382692,0.700097,0.434328,0.054133,0.700035,0.434265,0.054196,0.547628,0.281859,0.206603
enc_256,corr_target_glass_blur_sev1,134,2600,False,True,False,0.498462,0.498462,0.669231,0.941368,0.941843,0.442907,0.272612,0.768596,0.807964,0.270135,0.138733,0.774814,0.746923,0.248462,0.077692,0.652308,0.153846,0.016923,0.836523,0.338061,0.167292,0.836460,0.337998,0.167229,0.769901,0.271440,0.100670
enc_256,corr_target_glass_blur_sev2,135,2600,False,True,False,0.417692,0.417692,0.681154,0.927393,0.927924,0.509700,0.246770,0.706300,0.796047,0.288607,0.114894,0.721329,0.693846,0.276154,0.012692,0.572692,0.155000,0.108462,0.800833,0.383140,0.119679,0.800770,0.383077,0.119616,0.690147,0.272455,0.008994
enc_256,corr_target_glass_blur_sev3,136,2600,False,True,False,0.236154,0.236154,0.779231,0.900169,0.900707,0.664015,0.121476,0.628487,0.730003,0.392333,0.049227,0.588928,0.512692,0.276538,0.266538,0.360000,0.123846,0.419231,0.700600,0.464446,0.078631,0.700537,0.464383,0.078694,0.468777,0.232623,0.310454
enc_256,corr_target_glass_blur_sev4,137,2600,False,True,False,0.184615,0.184615,0.821923,0.913043,0.913043,0.728428,0.091120,0.641677,0.750990,0.457062,0.070933,0.582602,0.517308,0.332692,0.304615,0.355385,0.170769,0.466538,0.702184,0.517568,0.119739,0.702121,0.517506,0.119802,0.401762,0.217147,0.420161
enc_256,corr_target_glass_blur_sev5,138,2600,False,True,False,0.149231,0.149231,0.851538,0.927393,0.928102,0.778162,0.076563,0.653998,0.775601,0.504767,0.075938,0.572186,0.513462,0.364231,0.338077,0.348846,0.199615,0.502692,0.696965,0.547734,0.154573,0.696902,0.547672,0.154636,0.356444,0.207213,0.495094
enc_256,corr_target_gaussian_noise_sev1,139,2600,False,True,False,0.538077,0.538077,0.676154,0.946088,0.946556,0.408011,0.270402,0.796941,0.824033,0.258864,0.147880,0.820294,0.793462,0.255385,0.117308,0.720385,0.182308,0.044231,0.865538,0.327461,0.189384,0.865475,0.327398,0.189322,0.823645,0.285568,0.147491
enc_256,corr_target_gaussian_noise_sev2,140,2600,False,True,False,0.481154,0.481154,0.682308,0.942229,0.945239,0.461076,0.262931,0.763386,0.819362,0.282232,0.137054,0.802529,0.786923,0.305769,0.104615,0.700769,0.219615,0.018462,0.856772,0.375618,0.174464,0.856709,0.375555,0.174401,0.791153,0.309999,0.108845
enc_256,corr_target_gaussian_noise_sev3,141,2600,False,True,False,0.378462,0.378462,0.706923,0.929601,0.929830,0.551139,0.222906,0.685659,0.789913,0.307198,0.082990,0.763032,0.741538,0.363077,0.034615,0.646154,0.267692,0.060769,0.826039,0.447577,0.119115,0.825976,0.447514,0.119053,0.698218,0.319756,0.008705
enc_256,corr_target_gaussian_noise_sev4,142,2600,False,True,False,0.278846,0.278846,0.765769,0.911223,0.911744,0.632377,0.145974,0.605305,0.778928,0.326459,0.013159,0.708045,0.669231,0.390385,0.096538,0.549615,0.270769,0.216154,0.786985,0.508139,0.021216,0.786923,0.508076,0.021153,0.591911,0.313065,0.173858
enc_256,corr_target_gaussian_noise_sev5,143,2600,False,True,False,0.170385,0.170385,0.841538,0.835125,0.835647,0.664741,0.005891,0.552038,0.739510,0.381653,0.102028,0.640389,0.579615,0.409231,0.261923,0.442692,0.272308,0.398846,0.737637,0.567252,0.103902,0.737574,0.567189,0.103965,0.463798,0.293413,0.377741
enc_256,corr_target_shot_noise_sev1,144,2600,False,True,False,0.536923,0.536923,0.683462,0.940505,0.940505,0.403582,0.257044,0.786527,0.814928,0.249603,0.131467,0.810402,0.791923,0.255000,0.108462,0.714231,0.177308,0.030769,0.862070,0.325147,0.178609,0.862007,0.325084,0.178546,0.821724,0.284801,0.138262
enc_256,corr_target_shot_noise_sev2,145,2600,False,True,False,0.467308,0.467308,0.683462,0.937474,0.937474,0.470167,0.254013,0.749186,0.798931,0.281879,0.115470,0.787086,0.753846,0.286538,0.070385,0.669231,0.201923,0.014231,0.844481,0.377173,0.161020,0.844418,0.377111,0.160957,0.780063,0.312755,0.096601
enc_256,corr_target_shot_noise_sev3,146,2600,False,True,False,0.377692,0.377692,0.715769,0.915311,0.915311,0.537618,0.199542,0.676933,0.786880,0.299241,0.071111,0.749151,0.719615,0.341923,0.003846,0.613846,0.236154,0.101923,0.815854,0.438162,0.100085,0.815792,0.438099,0.100022,0.697082,0.319390,0.018687
enc_256,corr_target_shot_noise_sev4,147,2600,False,True,False,0.251923,0.251923,0.783462,0.881239,0.883595,0.629316,0.100133,0.590872,0.764765,0.338949,0.018696,0.693474,0.655385,0.403462,0.128077,0.529231,0.277308,0.254231,0.776635,0.524712,0.006827,0.776572,0.524649,0.006890,0.576242,0.324319,0.207220
enc_256,corr_target_shot_noise_sev5,148,2600,False,True,False,0.184231,0.184231,0.832308,0.849048,0.850919,0.664817,0.018611,0.589789,0.735377,0.405558,0.096931,0.666730,0.622308,0.438077,0.210000,0.480769,0.296538,0.351538,0.760863,0.576632,0.071445,0.760800,0.576570,0.071507,0.483007,0.298776,0.349301
enc_256,corr_target_impulse_noise_sev1,149,2600,False,True,False,0.475385,0.475385,0.681154,0.936605,0.939160,0.461221,0.258006,0.753938,0.801084,0.278553,0.119930,0.786154,0.760385,0.285000,0.079231,0.669615,0.194231,0.011538,0.843753,0.368368,0.162599,0.843690,0.368305,0.162536,0.766836,0.291452,0.085683
enc_256,corr_target_impulse_noise_sev2,150,2600,False,True,False,0.431154,0.431154,0.690769,0.930041,0.930533,0.498887,0.239764,0.717341,0.786678,0.286188,0.095909,0.769347,0.748077,0.316923,0.057308,0.643846,0.212692,0.046923,0.832065,0.400911,0.141295,0.832002,0.400848,0.141233,0.745478,0.314324,0.054709
enc_256,corr_target_impulse_noise_sev3,151,2600,False,True,False,0.385000,0.385000,0.711923,0.915311,0.915435,0.530311,0.203512,0.678860,0.771466,0.293860,0.059543,0.750399,0.711154,0.326154,0.000769,0.612692,0.227692,0.099231,0.816765,0.431765,0.104842,0.816703,0.431703,0.104779,0.709618,0.324618,0.002305
enc_256,corr_target_impulse_noise_sev4,152,2600,False,True,False,0.262308,0.262308,0.776923,0.885555,0.886788,0.623247,0.109865,0.579425,0.780288,0.317118,0.003365,0.689791,0.628077,0.365769,0.148846,0.514231,0.251923,0.262692,0.767640,0.505332,0.009283,0.767577,0.505269,0.009346,0.588885,0.326577,0.188038
enc_256,corr_target_impulse_noise_sev5,153,2600,False,True,False,0.177308,0.177308,0.833077,0.840321,0.846099,0.663013,0.013022,0.550701,0.744986,0.373394,0.088091,0.631623,0.569615,0.392308,0.263462,0.430385,0.253077,0.402692,0.730708,0.553400,0.102369,0.730645,0.553337,0.102432,0.474486,0.297178,0.358591
enc_256,corr_target_contrast_sev1,154,2600,False,True,False,0.571923,0.571923,0.685769,0.951190,0.951335,0.379267,0.265566,0.819336,0.843364,0.247412,0.157595,0.816758,0.791923,0.220000,0.106154,0.725385,0.153462,0.039615,0.865705,0.293782,0.179936,0.865642,0.293719,0.179873,0.809926,0.238003,0.124157
enc_256,corr_target_contrast_sev2,155,2600,False,True,False,0.538077,0.538077,0.691538,0.943089,0.943089,0.405013,0.251551,0.795977,0.828555,0.257900,0.137016,0.801133,0.773462,0.235385,0.081923,0.691538,0.153462,0.000000,0.853893,0.315816,0.162354,0.853830,0.315753,0.162291,0.787295,0.249219,0.095757
enc_256,corr_target_contrast_sev3,156,2600,False,True,False,0.481154,0.481154,0.677308,0.924731,0.926595,0.443577,0.249288,0.742410,0.803122,0.261256,0.125815,0.769734,0.739231,0.258077,0.061923,0.652308,0.171154,0.025000,0.830039,0.348885,0.152731,0.829976,0.348822,0.152668,0.735571,0.254417,0.058263
enc_256,corr_target_contrast_sev4,157,2600,False,True,False,0.335385,0.335385,0.726538,0.912134,0.913025,0.576749,0.186487,0.642651,0.774377,0.307267,0.047838,0.684377,0.635769,0.300385,0.090769,0.518462,0.183077,0.208077,0.767293,0.431909,0.040755,0.767231,0.431846,0.040692,0.603111,0.267727,0.123427
enc_256,corr_target_contrast_sev5,158,2600,False,True,False,0.190769,0.190769,0.819615,0.897371,0.897371,0.706601,0.077755,0.539643,0.732118,0.348873,0.087498,0.561415,0.495000,0.304231,0.324615,0.336154,0.145385,0.483462,0.681228,0.490459,0.138388,0.681165,0.490396,0.138450,0.459786,0.269017,0.359830
enc_256,corr_target_elastic_transform_sev1,159,2600,False,True,False,0.567692,0.567692,0.685769,0.946515,0.948455,0.378823,0.262686,0.816631,0.836151,0.248938,0.150382,0.817248,0.808462,0.240769,0.122692,0.726154,0.158462,0.040385,0.869003,0.301311,0.183234,0.868940,0.301248,0.183171,0.804055,0.236363,0.118286
enc_256,corr_target_elastic_transform_sev2,160,2600,False,True,False,0.406154,0.406154,0.684615,0.914405,0.914405,0.508251,0.229790,0.695004,0.801936,0.288850,0.117321,0.737107,0.708462,0.302308,0.023846,0.595769,0.189615,0.088846,0.810220,0.404066,0.125605,0.810158,0.404004,0.125542,0.694830,0.288676,0.010214
enc_256,corr_target_elastic_transform_sev3,161,2600,False,True,False,0.449231,0.449231,0.691154,0.932238,0.932339,0.483007,0.241185,0.731120,0.827634,0.281890,0.136480,0.758059,0.739231,0.290000,0.048077,0.637692,0.188462,0.053462,0.828011,0.378780,0.136857,0.827948,0.378717,0.136794,0.716672,0.267442,0.025518
enc_256,corr_target_elastic_transform_sev4,162,2600,False,True,False,0.351154,0.351154,0.711923,0.908022,0.908022,0.556868,0.196099,0.661130,0.786330,0.309976,0.074406,0.700251,0.660385,0.309231,0.051538,0.539231,0.188077,0.172692,0.781189,0.430035,0.069266,0.781126,0.429972,0.069203,0.603611,0.252457,0.108312
enc_256,corr_target_elastic_transform_sev5,163,2600,False,True,False,0.190000,0.190000,0.823846,0.881239,0.881239,0.691239,0.057393,0.588485,0.732270,0.398485,0.091577,0.632367,0.581923,0.391923,0.241923,0.430769,0.240769,0.393077,0.737275,0.547275,0.086571,0.737212,0.547212,0.086634,0.426974,0.236974,0.396872
enc_256,corr_target_pixelate_sev1,164,2600,False,True,False,0.573077,0.573077,0.679615,0.942229,0.942486,0.369153,0.262870,0.824888,0.835797,0.251811,0.156182,0.816009,0.798077,0.225000,0.118462,0.727692,0.154615,0.048077,0.867806,0.294729,0.188191,0.867743,0.294666,0.188128,0.805691,0.232614,0.126075
enc_256,corr_target_pixelate_sev2,165,2600,False,True,False,0.565000,0.565000,0.681154,0.946088,0.947026,0.381088,0.265872,0.813655,0.826807,0.248655,0.145654,0.809278,0.793846,0.228846,0.112692,0.717308,0.152308,0.036154,0.862865,0.297865,0.181711,0.862802,0.297802,0.181648,0.793543,0.228543,0.112389
enc_256,corr_target_pixelate_sev3,166,2600,False,True,False,0.500769,0.500769,0.675000,0.941799,0.941799,0.441030,0.266799,0.776282,0.819020,0.275513,0.144020,0.779394,0.766923,0.266154,0.091923,0.663077,0.162308,0.011923,0.842465,0.341696,0.167465,0.842403,0.341633,0.167403,0.755466,0.254697,0.080466
enc_256,corr_target_pixelate_sev4,167,2600,False,True,False,0.426538,0.426538,0.680769,0.909853,0.909853,0.483315,0.229084,0.693694,0.776730,0.267155,0.095961,0.724729,0.679231,0.252692,0.001538,0.573462,0.146923,0.107308,0.798252,0.371713,0.117482,0.798189,0.371650,0.117420,0.688072,0.261534,0.007303
enc_256,corr_target_pixelate_sev5,168,2600,False,True,False,0.360769,0.360769,0.710769,0.903416,0.903416,0.542647,0.192647,0.628672,0.774690,0.267903,0.063920,0.683196,0.638846,0.278077,0.071923,0.517692,0.156923,0.193077,0.767733,0.406964,0.056964,0.767670,0.406901,0.056901,0.638525,0.277756,0.072244
enc_256,corr_target_jpeg_compression_sev1,169,2600,False,True,False,0.571538,0.571538,0.695385,0.955404,0.956309,0.383865,0.260924,0.826933,0.840187,0.255395,0.144803,0.823538,0.810000,0.238462,0.114615,0.735769,0.164231,0.040385,0.872769,0.301230,0.177384,0.872706,0.301168,0.177321,0.779625,0.208086,0.084240
enc_256,corr_target_jpeg_compression_sev2,170,2600,False,True,False,0.552692,0.552692,0.681923,0.937908,0.937908,0.385216,0.255985,0.810576,0.833065,0.257884,0.151142,0.815807,0.798077,0.245385,0.116154,0.724615,0.171923,0.042692,0.865444,0.312752,0.183521,0.865381,0.312689,0.183458,0.766844,0.214152,0.084921
enc_256,corr_target_jpeg_compression_sev3,171,2600,False,True,False,0.545385,0.545385,0.670385,0.937908,0.939036,0.392524,0.268652,0.807637,0.833266,0.262252,0.162881,0.810748,0.791923,0.246538,0.121538,0.715385,0.170000,0.045000,0.863869,0.318484,0.193484,0.863806,0.318422,0.193422,0.759391,0.214006,0.089006
enc_256,corr_target_jpeg_compression_sev4,172,2600,False,True,False,0.490000,0.490000,0.675000,0.938342,0.938342,0.448342,0.263342,0.774233,0.807241,0.284233,0.132241,0.781604,0.750769,0.260769,0.075769,0.656538,0.166538,0.018462,0.841029,0.351029,0.166029,0.840966,0.350966,0.165966,0.724488,0.234488,0.049488
enc_256,corr_target_jpeg_compression_sev5,173,2600,False,True,False,0.419231,0.419231,0.687692,0.935299,0.936266,0.516068,0.248574,0.714761,0.784020,0.295531,0.096327,0.738768,0.708077,0.288846,0.020385,0.601923,0.182692,0.085769,0.811026,0.391795,0.123334,0.810963,0.391732,0.123271,0.682140,0.262909,0.005552
enc_256,corr_target_speckle_noise_sev1,174,2600,False,True,False,0.545769,0.545769,0.675769,0.949919,0.950381,0.404150,0.274611,0.805501,0.829705,0.259732,0.153936,0.815197,0.797308,0.251538,0.121538,0.722692,0.176923,0.046923,0.866203,0.320434,0.190434,0.866140,0.320371,0.190371,0.815951,0.270182,0.140182
enc_256,corr_target_speckle_noise_sev2,175,2600,False,True,False,0.508846,0.508846,0.671538,0.941368,0.941883,0.432522,0.270345,0.788418,0.818012,0.279572,0.146473,0.803156,0.789231,0.280385,0.117692,0.704231,0.195385,0.032692,0.858588,0.349742,0.187049,0.858525,0.349679,0.186987,0.796068,0.287222,0.124529
enc_256,corr_target_speckle_noise_sev3,176,2600,False,True,False,0.402692,0.402692,0.698462,0.924286,0.924286,0.521594,0.225825,0.707426,0.775203,0.304734,0.076741,0.755081,0.723077,0.320385,0.024615,0.620385,0.217692,0.078077,0.819059,0.416367,0.120598,0.818997,0.416304,0.120535,0.711670,0.308978,0.013209
enc_256,corr_target_speckle_noise_sev4,177,2600,False,True,False,0.335769,0.335769,0.730000,0.885555,0.887422,0.549786,0.157422,0.650079,0.776971,0.314309,0.046971,0.724737,0.674231,0.338462,0.055769,0.575000,0.239231,0.155000,0.794452,0.458683,0.064452,0.794389,0.458620,0.064389,0.656850,0.321080,0.073150
enc_256,corr_target_speckle_noise_sev5,178,2600,False,True,False,0.277308,0.277308,0.759231,0.874946,0.876724,0.597638,0.117493,0.602576,0.755805,0.325269,0.003426,0.698768,0.652308,0.375000,0.106923,0.531154,0.253846,0.228077,0.779091,0.501783,0.019860,0.779028,0.501720,0.019797,0.595103,0.317796,0.164127
enc_256,corr_target_spatter_sev1,179,2600,False,True,False,0.596538,0.596538,0.696923,0.953722,0.954247,0.357184,0.257323,0.830925,0.854166,0.234387,0.157243,0.832784,0.817692,0.221154,0.120769,0.748462,0.151923,0.051538,0.879669,0.283131,0.182746,0.879606,0.283068,0.182683,0.812008,0.215470,0.115085
enc_256,corr_target_spatter_sev2,180,2600,False,True,False,0.534231,0.534231,0.684231,0.937908,0.938841,0.403678,0.254610,0.794221,0.832375,0.259991,0.148144,0.804476,0.786538,0.252308,0.102308,0.710769,0.176538,0.026538,0.858758,0.324528,0.174528,0.858696,0.324465,0.174465,0.771279,0.237048,0.087048
enc_256,corr_target_spatter_sev3,181,2600,False,True,False,0.483077,0.483077,0.688462,0.920266,0.920266,0.437189,0.231804,0.730191,0.813022,0.247115,0.124561,0.769867,0.740385,0.257308,0.051923,0.648462,0.165385,0.040000,0.831518,0.348441,0.143057,0.831456,0.348379,0.142994,0.746230,0.263153,0.057768
enc_256,corr_target_spatter_sev4,182,2600,False,True,False,0.415385,0.415385,0.675000,0.948220,0.948684,0.532835,0.273684,0.752162,0.803657,0.336777,0.128657,0.761393,0.734615,0.319231,0.059615,0.637692,0.222308,0.037308,0.826545,0.411160,0.151545,0.826482,0.411097,0.151482,0.718264,0.302880,0.043264
enc_256,corr_target_spatter_sev5,183,2600,False,True,False,0.326154,0.326154,0.698846,0.930921,0.930921,0.604767,0.232075,0.712960,0.809208,0.386807,0.110362,0.745767,0.711538,0.385385,0.012692,0.605385,0.279231,0.093462,0.815108,0.488954,0.116261,0.815045,0.488891,0.116199,0.636169,0.310015,0.062678
enc_256,corr_target_gaussian_blur_sev1,184,2600,False,True,False,0.583077,0.583077,0.683462,0.958333,0.958844,0.375256,0.275382,0.831084,0.845513,0.248007,0.162052,0.821310,0.802692,0.219615,0.119231,0.731154,0.148077,0.047692,0.868851,0.285774,0.185389,0.868788,0.285711,0.185326,0.808935,0.225858,0.125474
enc_256,corr_target_gaussian_blur_sev2,185,2600,False,True,False,0.497308,0.497308,0.690769,0.941799,0.941799,0.444491,0.251030,0.784320,0.822685,0.287012,0.131916,0.773267,0.746923,0.249615,0.056154,0.653462,0.156154,0.037308,0.835245,0.337937,0.144476,0.835182,0.337875,0.144413,0.774702,0.277394,0.083933
enc_256,corr_target_gaussian_blur_sev3,186,2600,False,True,False,0.430000,0.430000,0.700769,0.926507,0.927501,0.496507,0.226732,0.723957,0.797266,0.293957,0.096496,0.716478,0.678846,0.248846,0.021923,0.561538,0.131538,0.139231,0.794194,0.364194,0.093425,0.794131,0.364131,0.093362,0.729279,0.299279,0.028509
enc_256,corr_target_gaussian_blur_sev4,187,2600,False,True,False,0.363077,0.363077,0.713846,0.922949,0.923790,0.559873,0.209944,0.660595,0.780114,0.297518,0.066268,0.652897,0.596154,0.233077,0.117692,0.469231,0.106154,0.244615,0.747456,0.384380,0.033610,0.747394,0.384317,0.033548,0.668813,0.305736,0.045033
enc_256,corr_target_gaussian_blur_sev5,188,2600,False,True,False,0.232308,0.232308,0.773846,0.911223,0.912264,0.678915,0.138418,0.562516,0.773178,0.330209,0.000668,0.549450,0.471923,0.239615,0.301923,0.323462,0.091154,0.450385,0.670337,0.438030,0.103509,0.670275,0.437967,0.103572,0.501158,0.268850,0.272688
enc_256,corr_target_saturate_sev1,189,2600,False,True,False,0.577308,0.577308,0.697692,0.955823,0.955955,0.378516,0.258263,0.835914,0.844930,0.258606,0.147238,0.828613,0.820000,0.242692,0.122308,0.748462,0.171154,0.050769,0.878832,0.301525,0.181140,0.878770,0.301462,0.181077,0.786787,0.209480,0.089095
enc_256,corr_target_saturate_sev2,190,2600,False,True,False,0.573462,0.573462,0.700000,0.952035,0.952035,0.378574,0.252035,0.834751,0.849201,0.261290,0.149201,0.823934,0.803846,0.230385,0.103846,0.733846,0.160385,0.033846,0.872618,0.299156,0.172618,0.872555,0.299093,0.172555,0.802883,0.229422,0.102883
enc_256,corr_target_saturate_sev3,191,2600,False,True,False,0.595769,0.595769,0.699231,0.957080,0.959567,0.361311,0.260337,0.832080,0.854952,0.236311,0.155722,0.832341,0.819231,0.223462,0.120000,0.747308,0.151538,0.048077,0.879054,0.283285,0.179824,0.878992,0.283222,0.179761,0.826875,0.231106,0.127644
enc_256,corr_target_saturate_sev4,192,2600,False,True,False,0.578846,0.578846,0.693077,0.949070,0.949070,0.370224,0.255993,0.808446,0.846153,0.229600,0.153077,0.819346,0.794615,0.215769,0.101538,0.723846,0.145000,0.030769,0.867878,0.289032,0.174801,0.867815,0.288969,0.174738,0.830797,0.251951,0.137720
enc_256,corr_target_saturate_sev5,193,2600,False,True,False,0.545000,0.545000,0.686923,0.934863,0.935056,0.389863,0.248132,0.769394,0.815424,0.224394,0.128501,0.797336,0.766923,0.221923,0.080000,0.679231,0.134231,0.007692,0.850268,0.305268,0.163345,0.850205,0.305205,0.163282,0.810483,0.265483,0.123560
zscore_norm,val_source,0,10000,True,False,True,0.964000,0.964000,0.964200,0.994368,0.994368,0.030368,0.030168,0.991100,0.991100,0.027100,0.026900,0.978317,0.981500,0.017500,0.017300,0.973900,0.009900,0.009700,0.985229,0.021229,0.021029,0.985166,0.021166,0.020966,0.970430,0.006430,0.006230
zscore_norm,val_target,1,66400,False,True,True,0.669819,0.669819,0.725105,0.954150,0.954228,0.284330,0.229123,0.871791,0.882183,0.201972,0.157078,0.861061,0.853223,0.183404,0.128117,0.796521,0.126702,0.071416,0.900328,0.230509,0.175223,0.900265,0.230446,0.175160,0.855351,0.185532,0.130245
zscore_norm,imagenet_val_source,2,2600,True,False,True,0.932692,0.932692,0.941154,0.992639,0.992650,0.059946,0.051496,0.983681,0.983681,0.050989,0.042527,0.966469,0.966154,0.033462,0.025000,0.955385,0.022692,0.014231,0.975875,0.043183,0.034721,0.975812,0.043120,0.034658,0.964704,0.032012,0.023551
zscore_norm,imagenet_val_target,3,2600,False,True,True,0.638846,0.638846,0.705769,0.955404,0.955404,0.316558,0.249635,0.863174,0.876904,0.224328,0.171135,0.852974,0.837692,0.198846,0.131923,0.786923,0.148077,0.081154,0.893775,0.254929,0.188005,0.893712,0.254866,0.187943,0.848366,0.209520,0.142597
zscore_norm,corr_source_fog_sev1,4,2600,True,False,False,0.844231,0.844231,0.867692,0.980792,0.980792,0.136561,0.113100,0.939779,0.940034,0.095548,0.072341,0.920570,0.914231,0.070000,0.046538,0.887308,0.043077,0.019615,0.942212,0.097981,0.074519,0.942149,0.097918,0.074457,0.901082,0.056851,0.033390
zscore_norm,corr_source_fog_sev2,5,2600,True,False,False,0.808846,0.808846,0.849231,0.976378,0.976378,0.167532,0.127147,0.915265,0.917710,0.106419,0.068479,0.901822,0.888462,0.079615,0.039231,0.858846,0.050000,0.009615,0.927070,0.118224,0.077839,0.927007,0.118161,0.077776,0.875056,0.066210,0.025825
zscore_norm,corr_source_fog_sev3,6,2600,True,False,False,0.750000,0.750000,0.811923,0.967434,0.967917,0.217434,0.155994,0.888545,0.889364,0.138545,0.077441,0.873851,0.867692,0.117692,0.055769,0.813077,0.063077,0.001154,0.909006,0.159006,0.097083,0.908943,0.158943,0.097020,0.831728,0.081728,0.019805
zscore_norm,corr_source_fog_sev4,7,2600,True,False,False,0.678077,0.678077,0.771538,0.962076,0.963180,0.283999,0.191642,0.861421,0.869489,0.183344,0.097951,0.850325,0.834231,0.156154,0.062692,0.772692,0.094615,0.001154,0.889975,0.211899,0.118437,0.889913,0.211836,0.118374,0.778598,0.100521,0.007059
zscore_norm,corr_source_fog_sev5,8,2600,True,False,False,0.521923,0.521923,0.713846,0.960000,0.960000,0.438077,0.246154,0.803025,0.848212,0.281102,0.134366,0.802955,0.782308,0.260385,0.068462,0.706538,0.184615,0.007308,0.856746,0.334823,0.142900,0.856684,0.334761,0.142837,0.635564,0.113641,0.078282
zscore_norm,corr_source_frost_sev1,9,2600,True,False,False,0.836923,0.836923,0.870385,0.969072,0.969072,0.132149,0.098688,0.927334,0.933530,0.090411,0.063146,0.912404,0.910769,0.073846,0.040385,0.875769,0.038846,0.005385,0.936291,0.099368,0.065906,0.936228,0.099305,0.065843,0.902048,0.065125,0.031663
zscore_norm,corr_source_frost_sev2,10,2600,True,False,False,0.718462,0.718462,0.790385,0.942229,0.942703,0.223768,0.152318,0.849752,0.871131,0.131291,0.080747,0.851600,0.829615,0.111154,0.039231,0.776923,0.058462,0.013462,0.889553,0.171092,0.099169,0.889490,0.171029,0.099106,0.815676,0.097214,0.025291
zscore_norm,corr_source_frost_sev3,11,2600,True,False,False,0.623462,0.623462,0.759231,0.917118,0.920672,0.293656,0.161441,0.790653,0.828844,0.167191,0.069613,0.806411,0.780000,0.156538,0.020769,0.709231,0.085769,0.050000,0.859159,0.235697,0.099928,0.859096,0.235635,0.099865,0.743414,0.119953,0.015816
zscore_norm,corr_source_frost_sev4,12,2600,True,False,False,0.606154,0.606154,0.749231,0.905263,0.907907,0.299109,0.158676,0.774387,0.813541,0.168233,0.064310,0.794482,0.763846,0.157692,0.014615,0.686538,0.080385,0.062692,0.847466,0.241312,0.098235,0.847403,0.241250,0.098173,0.722661,0.116507,0.026570
zscore_norm,corr_source_frost_sev5,13,2600,True,False,False,0.532692,0.532692,0.738462,0.912134,0.912134,0.379442,0.173672,0.734133,0.801915,0.201441,0.063453,0.765036,0.726538,0.193846,0.011923,0.637692,0.105000,0.100769,0.827173,0.294480,0.088711,0.827110,0.294418,0.088648,0.665168,0.132476,0.073293
zscore_norm,corr_source_motion_blur_sev1,14,2600,True,False,False,0.861923,0.861923,0.883462,0.980792,0.981289,0.118869,0.097828,0.943363,0.948720,0.081440,0.065259,0.924870,0.919615,0.057692,0.036154,0.891538,0.029615,0.008077,0.945929,0.084006,0.062468,0.945867,0.083944,0.062405,0.926532,0.064609,0.043070
zscore_norm,corr_source_motion_blur_sev2,15,2600,True,False,False,0.790769,0.790769,0.844231,0.969889,0.971279,0.179120,0.127048,0.903530,0.913010,0.112761,0.068780,0.884387,0.874615,0.083846,0.030385,0.829231,0.038462,0.015000,0.915939,0.125170,0.071708,0.915876,0.125107,0.071646,0.885841,0.095071,0.041610
zscore_norm,corr_source_motion_blur_sev3,16,2600,True,False,False,0.658077,0.658077,0.758077,0.946088,0.949590,0.288011,0.191513,0.818886,0.854189,0.160809,0.096112,0.812054,0.787308,0.129231,0.029231,0.706923,0.048846,0.051154,0.860656,0.202579,0.102579,0.860593,0.202516,0.102516,0.789618,0.131541,0.031541
zscore_norm,corr_source_motion_blur_sev4,17,2600,True,False,False,0.485000,0.485000,0.729615,0.917569,0.919557,0.432569,0.189942,0.762694,0.811839,0.277694,0.082224,0.745473,0.708846,0.223846,0.020769,0.610385,0.125385,0.119231,0.815914,0.330914,0.086299,0.815851,0.330851,0.086236,0.665717,0.180717,0.063899
zscore_norm,corr_source_motion_blur_sev5,18,2600,True,False,False,0.371923,0.371923,0.731538,0.909853,0.911941,0.537930,0.180403,0.742845,0.788075,0.370922,0.056536,0.709481,0.666538,0.294615,0.065000,0.548846,0.176923,0.182692,0.789298,0.417375,0.057759,0.789235,0.417312,0.057696,0.583779,0.211856,0.147759
zscore_norm,corr_source_brightness_sev1,19,2600,True,False,False,0.908846,0.908846,0.918846,0.983183,0.983349,0.074337,0.064503,0.971340,0.971340,0.062494,0.052494,0.951488,0.950769,0.041923,0.031923,0.930385,0.021538,0.011538,0.963901,0.055055,0.045055,0.963839,0.054992,0.044992,0.945225,0.036379,0.026379
zscore_norm,corr_source_brightness_sev2,20,2600,True,False,False,0.903462,0.903462,0.920000,0.983183,0.984096,0.079722,0.064096,0.968867,0.970143,0.065406,0.050143,0.947617,0.945000,0.041538,0.025000,0.925385,0.021923,0.005385,0.961772,0.058310,0.041772,0.961709,0.058247,0.041709,0.940880,0.037419,0.020880
zscore_norm,corr_source_brightness_sev3,21,2600,True,False,False,0.894615,0.894615,0.906154,0.981989,0.981989,0.087374,0.075835,0.962111,0.962773,0.067496,0.056620,0.941235,0.941923,0.047308,0.035769,0.916923,0.022308,0.010769,0.957777,0.063162,0.051623,0.957714,0.063099,0.051560,0.936482,0.041867,0.030329
zscore_norm,corr_source_brightness_sev4,22,2600,True,False,False,0.879615,0.879615,0.891154,0.975975,0.975975,0.096359,0.084821,0.953357,0.954013,0.073741,0.062859,0.931640,0.929615,0.050000,0.038462,0.900769,0.021154,0.009615,0.951294,0.071679,0.060140,0.951231,0.071616,0.060077,0.931866,0.052250,0.040712
zscore_norm,corr_source_brightness_sev5,23,2600,True,False,False,0.845385,0.845385,0.864231,0.963317,0.963813,0.117933,0.099582,0.931682,0.937304,0.086297,0.073073,0.914650,0.908846,0.063462,0.044615,0.873846,0.028462,0.009615,0.937699,0.092314,0.073468,0.937636,0.092252,0.073406,0.913804,0.068419,0.049573
zscore_norm,corr_source_zoom_blur_sev1,24,2600,True,False,False,0.810000,0.810000,0.860385,0.960831,0.963812,0.150831,0.103428,0.911109,0.915102,0.101109,0.054718,0.895369,0.889231,0.079231,0.028846,0.849615,0.039615,0.010769,0.923415,0.113415,0.063030,0.923352,0.113352,0.062968,0.894403,0.084403,0.034018
zscore_norm,corr_source_zoom_blur_sev2,25,2600,True,False,False,0.746538,0.746538,0.824231,0.936605,0.940788,0.190067,0.116557,0.865947,0.876431,0.119409,0.052200,0.859754,0.846154,0.099615,0.021923,0.799615,0.053077,0.024615,0.898446,0.151907,0.074215,0.898383,0.151845,0.074152,0.858939,0.112400,0.034708
zscore_norm,corr_source_zoom_blur_sev3,26,2600,True,False,False,0.699615,0.699615,0.785769,0.922503,0.923847,0.222888,0.138078,0.818143,0.839569,0.118527,0.053800,0.826528,0.801538,0.101923,0.015769,0.737692,0.038077,0.048077,0.872315,0.172700,0.086546,0.872253,0.172637,0.086483,0.827489,0.127874,0.041720
zscore_norm,corr_source_zoom_blur_sev4,27,2600,True,False,False,0.636538,0.636538,0.770385,0.895497,0.896794,0.258959,0.126410,0.763388,0.830812,0.126850,0.060428,0.793144,0.768846,0.132308,0.001538,0.676923,0.040385,0.093462,0.847602,0.211064,0.077218,0.847539,0.211001,0.077155,0.790153,0.153615,0.019769
zscore_norm,corr_source_zoom_blur_sev5,28,2600,True,False,False,0.569615,0.569615,0.738077,0.875919,0.888023,0.306303,0.149946,0.709359,0.791707,0.139744,0.053630,0.756317,0.725769,0.156154,0.012308,0.622692,0.053077,0.115385,0.821500,0.251885,0.083423,0.821437,0.251822,0.083360,0.742161,0.172545,0.004084
zscore_norm,corr_source_snow_sev1,29,2600,True,False,False,0.811923,0.811923,0.851538,0.945661,0.947057,0.133738,0.095519,0.913659,0.914042,0.101736,0.062504,0.900840,0.900000,0.088077,0.048462,0.854231,0.042308,0.002692,0.930057,0.118134,0.078519,0.929995,0.118072,0.078456,0.883865,0.071942,0.032326
zscore_norm,corr_source_snow_sev2,30,2600,True,False,False,0.611538,0.611538,0.769231,0.928277,0.931066,0.316739,0.161836,0.807222,0.834154,0.195683,0.064923,0.808098,0.785385,0.173846,0.016154,0.706538,0.095000,0.062692,0.859317,0.247778,0.090086,0.859254,0.247716,0.090023,0.728194,0.116655,0.041037
zscore_norm,corr_source_snow_sev3,31,2600,True,False,False,0.641538,0.641538,0.766154,0.928277,0.929313,0.286739,0.163160,0.820589,0.835019,0.179050,0.068865,0.819449,0.797692,0.156154,0.031538,0.719231,0.077692,0.046923,0.867556,0.226018,0.101403,0.867494,0.225955,0.101340,0.766029,0.124490,0.000125
zscore_norm,corr_source_snow_sev4,32,2600,True,False,False,0.543462,0.543462,0.738462,0.916215,0.918744,0.372754,0.180283,0.780283,0.822885,0.236822,0.084423,0.779551,0.755000,0.211538,0.016538,0.667692,0.124231,0.070769,0.838827,0.295365,0.100365,0.838764,0.295303,0.100303,0.702253,0.158791,0.036209
zscore_norm,corr_source_snow_sev5,33,2600,True,False,False,0.480769,0.480769,0.744615,0.915311,0.915949,0.434542,0.171334,0.729141,0.785092,0.248372,0.040477,0.741990,0.701923,0.221154,0.042692,0.593846,0.113077,0.150769,0.810452,0.329683,0.065837,0.810390,0.329620,0.065774,0.633680,0.152911,0.110936
zscore_norm,corr_source_defocus_blur_sev1,34,2600,True,False,False,0.836154,0.836154,0.871923,0.965380,0.965818,0.129226,0.093895,0.924607,0.931297,0.088453,0.059374,0.904981,0.886538,0.050385,0.014615,0.859231,0.023077,0.012692,0.927949,0.091795,0.056026,0.927886,0.091732,0.055963,0.898566,0.062412,0.026643
zscore_norm,corr_source_defocus_blur_sev2,35,2600,True,False,False,0.786923,0.786923,0.833077,0.956661,0.956661,0.169738,0.123584,0.894354,0.905661,0.107431,0.072584,0.874317,0.860769,0.073846,0.027692,0.810000,0.023077,0.023077,0.908435,0.121512,0.075358,0.908372,0.121449,0.075296,0.873275,0.086352,0.040198
zscore_norm,corr_source_defocus_blur_sev3,36,2600,True,False,False,0.675000,0.675000,0.779615,0.943519,0.944483,0.268519,0.164868,0.823873,0.860369,0.148873,0.080754,0.800168,0.776154,0.101154,0.003462,0.689615,0.014615,0.090000,0.854349,0.179349,0.074733,0.854286,0.179286,0.074671,0.808449,0.133449,0.028833
zscore_norm,corr_source_defocus_blur_sev4,37,2600,True,False,False,0.568077,0.568077,0.748462,0.935735,0.936218,0.367658,0.187756,0.765142,0.815199,0.197065,0.066738,0.729570,0.688846,0.120769,0.059615,0.586538,0.018462,0.161923,0.803540,0.235463,0.055078,0.803477,0.235400,0.055015,0.733585,0.165508,0.014876
zscore_norm,corr_source_defocus_blur_sev5,38,2600,True,False,False,0.454231,0.454231,0.725769,0.925176,0.925894,0.470945,0.200125,0.707056,0.804124,0.252825,0.078355,0.658969,0.606923,0.152692,0.118846,0.480000,0.025769,0.245769,0.752496,0.298265,0.026727,0.752433,0.298203,0.026664,0.641177,0.186946,0.084593
zscore_norm,corr_source_glass_blur_sev1,39,2600,True,False,False,0.795769,0.795769,0.843846,0.955404,0.955537,0.159635,0.111691,0.900433,0.902971,0.104664,0.059125,0.890658,0.873077,0.077308,0.029231,0.838462,0.042692,0.005385,0.918794,0.123025,0.074948,0.918731,0.122962,0.074885,0.869701,0.073931,0.025855
zscore_norm,corr_source_glass_blur_sev2,40,2600,True,False,False,0.684615,0.684615,0.775385,0.930481,0.930703,0.245866,0.155318,0.827015,0.860346,0.142399,0.084961,0.830841,0.810385,0.125769,0.035000,0.745000,0.060385,0.030385,0.876198,0.191583,0.100814,0.876136,0.191520,0.100751,0.785199,0.100583,0.009814
zscore_norm,corr_source_glass_blur_sev3,41,2600,True,False,False,0.401923,0.401923,0.733077,0.898772,0.901114,0.496849,0.168037,0.701603,0.791639,0.299680,0.058562,0.658301,0.609615,0.207692,0.123462,0.466923,0.065000,0.266154,0.752016,0.350093,0.018939,0.751953,0.350030,0.018876,0.524055,0.122132,0.209022
zscore_norm,corr_source_glass_blur_sev4,42,2600,True,False,False,0.310000,0.310000,0.765769,0.913043,0.913941,0.603043,0.148172,0.712296,0.795163,0.402296,0.029394,0.621594,0.552692,0.242692,0.213077,0.406923,0.096923,0.358846,0.723292,0.413292,0.042477,0.723229,0.413229,0.042540,0.441043,0.131043,0.324726
zscore_norm,corr_source_glass_blur_sev5,43,2600,True,False,False,0.236154,0.236154,0.799615,0.946088,0.946088,0.709935,0.146473,0.771973,0.820309,0.535819,0.020693,0.614313,0.568077,0.331923,0.231538,0.404231,0.168077,0.395385,0.729419,0.493265,0.070197,0.729356,0.493202,0.070259,0.379686,0.143532,0.419929
zscore_norm,corr_source_gaussian_noise_sev1,44,2600,True,False,False,0.838077,0.838077,0.860769,0.967024,0.967024,0.128947,0.106255,0.938812,0.938812,0.100735,0.078043,0.924706,0.920385,0.082308,0.059615,0.890769,0.052692,0.030000,0.944734,0.106658,0.083965,0.944672,0.106595,0.083902,0.916766,0.078689,0.055996
zscore_norm,corr_source_gaussian_noise_sev2,45,2600,True,False,False,0.753846,0.753846,0.802692,0.954143,0.954347,0.200297,0.151655,0.898467,0.898607,0.144621,0.095914,0.894314,0.885000,0.131154,0.082308,0.844615,0.090769,0.041923,0.922519,0.168673,0.119827,0.922457,0.168610,0.119764,0.861170,0.107324,0.058478
zscore_norm,corr_source_gaussian_noise_sev3,46,2600,True,False,False,0.618846,0.618846,0.745000,0.931360,0.931959,0.312514,0.186959,0.809109,0.830207,0.190262,0.085207,0.844815,0.821538,0.202692,0.076538,0.765000,0.146154,0.020000,0.884325,0.265479,0.139325,0.884262,0.265416,0.139262,0.771542,0.152696,0.026542
zscore_norm,corr_source_gaussian_noise_sev4,47,2600,True,False,False,0.444231,0.444231,0.720769,0.901099,0.902882,0.456868,0.182113,0.695141,0.786308,0.250910,0.065539,0.768734,0.732692,0.288462,0.011923,0.646538,0.202308,0.074231,0.828579,0.384348,0.107809,0.828516,0.384285,0.107747,0.650488,0.206257,0.070281
zscore_norm,corr_source_gaussian_noise_sev5,48,2600,True,False,False,0.243846,0.243846,0.796154,0.853110,0.856397,0.609264,0.060244,0.609225,0.740233,0.365379,0.055921,0.671602,0.617308,0.373462,0.178846,0.490769,0.246923,0.305385,0.760624,0.516778,0.035529,0.760562,0.516715,0.035592,0.483135,0.239289,0.313019
zscore_norm,corr_source_shot_noise_sev1,49,2600,True,False,False,0.833846,0.833846,0.865000,0.967844,0.967844,0.133998,0.102844,0.940977,0.941256,0.107130,0.076256,0.923385,0.916923,0.083077,0.051923,0.891538,0.057692,0.026538,0.945396,0.111549,0.080396,0.945333,0.111487,0.080333,0.913847,0.080001,0.048847
zscore_norm,corr_source_shot_noise_sev2,50,2600,True,False,False,0.748077,0.748077,0.803462,0.953722,0.953860,0.205645,0.150399,0.890523,0.890686,0.142446,0.087224,0.890705,0.889615,0.141538,0.086154,0.836923,0.088846,0.033462,0.920169,0.172092,0.116707,0.920106,0.172029,0.116645,0.859785,0.111708,0.056323
zscore_norm,corr_source_shot_noise_sev3,51,2600,True,False,False,0.618846,0.618846,0.741154,0.935299,0.935783,0.316453,0.194629,0.806434,0.828186,0.187588,0.087032,0.834544,0.812692,0.193846,0.071538,0.750000,0.131154,0.008846,0.876411,0.257565,0.135257,0.876348,0.257502,0.135194,0.765715,0.146869,0.024561
zscore_norm,corr_source_shot_noise_sev4,52,2600,True,False,False,0.401154,0.401154,0.745769,0.892675,0.893930,0.491521,0.148161,0.678147,0.787684,0.276993,0.041914,0.748341,0.712308,0.311154,0.033462,0.611538,0.210385,0.134231,0.813810,0.412656,0.068040,0.813747,0.412593,0.067978,0.617145,0.215992,0.128624
zscore_norm,corr_source_shot_noise_sev5,53,2600,True,False,False,0.281154,0.281154,0.783462,0.883162,0.883162,0.602008,0.099700,0.671689,0.743315,0.390536,0.040147,0.704783,0.673077,0.391923,0.110385,0.549231,0.268077,0.234231,0.788470,0.507316,0.005008,0.788407,0.507253,0.004946,0.519119,0.237965,0.264342
zscore_norm,corr_source_impulse_noise_sev1,54,2600,True,False,False,0.756538,0.756538,0.817308,0.946515,0.947061,0.189977,0.129754,0.884262,0.887543,0.127723,0.070235,0.886592,0.876154,0.119615,0.058846,0.826154,0.069615,0.008846,0.916537,0.159999,0.099229,0.916474,0.159936,0.099167,0.867405,0.110867,0.050098
zscore_norm,corr_source_impulse_noise_sev2,55,2600,True,False,False,0.699615,0.699615,0.765000,0.933552,0.936839,0.233937,0.171839,0.842280,0.861579,0.142664,0.096579,0.860867,0.850769,0.151154,0.085769,0.796154,0.096538,0.031154,0.898985,0.199370,0.133985,0.898922,0.199307,0.133922,0.829795,0.130179,0.064795
zscore_norm,corr_source_impulse_noise_sev3,56,2600,True,False,False,0.616538,0.616538,0.747308,0.925620,0.925730,0.309081,0.178422,0.792026,0.822385,0.175488,0.075078,0.831228,0.809231,0.192692,0.061923,0.740000,0.123462,0.007308,0.874410,0.257871,0.127102,0.874347,0.257809,0.127039,0.783849,0.167311,0.036541
zscore_norm,corr_source_impulse_noise_sev4,57,2600,True,False,False,0.438462,0.438462,0.721923,0.877375,0.881214,0.438913,0.159291,0.672954,0.803618,0.234493,0.081695,0.755519,0.722308,0.283846,0.000385,0.618462,0.180000,0.103462,0.820700,0.382239,0.098777,0.820638,0.382176,0.098714,0.650382,0.211920,0.071541
zscore_norm,corr_source_impulse_noise_sev5,58,2600,True,False,False,0.266154,0.266154,0.773077,0.854626,0.856275,0.588472,0.083198,0.614219,0.742353,0.348065,0.030724,0.669930,0.628077,0.361923,0.145000,0.485000,0.218846,0.288077,0.763493,0.497339,0.009584,0.763430,0.497276,0.009647,0.500924,0.234770,0.272153
zscore_norm,corr_source_contrast_sev1,59,2600,True,False,False,0.871154,0.871154,0.888077,0.981590,0.981590,0.110436,0.093513,0.955137,0.955137,0.083983,0.067060,0.930996,0.933462,0.062308,0.045385,0.901923,0.030769,0.013846,0.951260,0.080106,0.063183,0.951198,0.080044,0.063121,0.921433,0.050279,0.033356
zscore_norm,corr_source_contrast_sev2,60,2600,True,False,False,0.832692,0.832692,0.864231,0.972332,0.972332,0.139640,0.108101,0.934707,0.934707,0.102015,0.070476,0.910936,0.905385,0.072692,0.041154,0.873846,0.041154,0.009615,0.935899,0.103207,0.071668,0.935836,0.103144,0.071605,0.896263,0.063571,0.032032
zscore_norm,corr_source_contrast_sev3,61,2600,True,False,False,0.750000,0.750000,0.805000,0.959584,0.960030,0.209584,0.155030,0.882783,0.887179,0.132783,0.082179,0.867873,0.852308,0.102308,0.047308,0.800000,0.050000,0.005000,0.901694,0.151694,0.096694,0.901631,0.151631,0.096631,0.831066,0.081066,0.026066
zscore_norm,corr_source_contrast_sev4,62,2600,True,False,False,0.521154,0.521154,0.725385,0.928277,0.928877,0.407123,0.203493,0.772066,0.798721,0.250912,0.073336,0.768239,0.735769,0.214615,0.010385,0.652692,0.131538,0.072692,0.830701,0.309547,0.105316,0.830638,0.309484,0.105253,0.674284,0.153130,0.051100
zscore_norm,corr_source_contrast_sev5,63,2600,True,False,False,0.290385,0.290385,0.771154,0.894558,0.898326,0.604173,0.127172,0.608888,0.754185,0.318503,0.016969,0.618756,0.550769,0.260385,0.220385,0.409231,0.118846,0.361923,0.717731,0.427347,0.053423,0.717669,0.427284,0.053485,0.502703,0.212318,0.268451
zscore_norm,corr_source_elastic_transform_sev1,64,2600,True,False,False,0.866923,0.866923,0.888077,0.977586,0.978004,0.110662,0.089927,0.953013,0.953330,0.086090,0.065253,0.930334,0.925000,0.058077,0.036923,0.898846,0.031923,0.010769,0.948503,0.081580,0.060426,0.948440,0.081517,0.060363,0.921560,0.054637,0.033483
zscore_norm,corr_source_elastic_transform_sev2,65,2600,True,False,False,0.653077,0.653077,0.761154,0.914405,0.919106,0.261328,0.157953,0.813705,0.859404,0.160628,0.098250,0.829804,0.811154,0.158077,0.050000,0.740769,0.087692,0.020385,0.874342,0.221265,0.113188,0.874279,0.221202,0.113125,0.773430,0.120353,0.012276
zscore_norm,corr_source_elastic_transform_sev3,66,2600,True,False,False,0.754615,0.754615,0.803846,0.959167,0.959795,0.204552,0.155949,0.895113,0.896024,0.140498,0.092178,0.875910,0.870769,0.116154,0.066923,0.817308,0.062692,0.013462,0.910656,0.156040,0.106809,0.910593,0.155977,0.106747,0.827932,0.073316,0.024086
zscore_norm,corr_source_elastic_transform_sev4,67,2600,True,False,False,0.610769,0.610769,0.738462,0.922949,0.924179,0.312180,0.185717,0.803902,0.833881,0.193133,0.095419,0.808250,0.789231,0.178462,0.050769,0.710385,0.099615,0.028077,0.860400,0.249631,0.121938,0.860337,0.249568,0.121876,0.709126,0.098357,0.029335
zscore_norm,corr_source_elastic_transform_sev5,68,2600,True,False,False,0.351923,0.351923,0.743462,0.853110,0.853720,0.501187,0.110259,0.616250,0.753082,0.264327,0.009621,0.678401,0.627692,0.275769,0.115769,0.503077,0.151154,0.240385,0.765069,0.413146,0.021607,0.765006,0.413083,0.021545,0.486353,0.134430,0.257109
zscore_norm,corr_source_pixelate_sev1,69,2600,True,False,False,0.872308,0.872308,0.895769,0.970297,0.971243,0.097989,0.075474,0.950081,0.950081,0.077773,0.054311,0.929956,0.926923,0.054615,0.031154,0.896538,0.024231,0.000769,0.949838,0.077530,0.054069,0.949775,0.077467,0.054006,0.919226,0.046919,0.023457
zscore_norm,corr_source_pixelate_sev2,70,2600,True,False,False,0.855385,0.855385,0.884231,0.965380,0.966356,0.109995,0.082125,0.937850,0.937850,0.082465,0.053619,0.921128,0.912308,0.056923,0.028077,0.882692,0.027308,0.001538,0.942086,0.086701,0.057855,0.942023,0.086638,0.057792,0.907473,0.052089,0.023242
zscore_norm,corr_source_pixelate_sev3,71,2600,True,False,False,0.778846,0.778846,0.834615,0.943089,0.945137,0.164243,0.110522,0.883412,0.885843,0.104566,0.051228,0.880388,0.876923,0.098077,0.042308,0.820769,0.041923,0.013846,0.914177,0.135331,0.079562,0.914115,0.135269,0.079499,0.852324,0.073478,0.017709
zscore_norm,corr_source_pixelate_sev4,72,2600,True,False,False,0.653846,0.653846,0.785769,0.904802,0.905471,0.250956,0.119702,0.785472,0.825997,0.131625,0.040228,0.813559,0.782308,0.128462,0.003462,0.710000,0.056154,0.075769,0.861600,0.207754,0.075831,0.861537,0.207691,0.075768,0.759010,0.105164,0.026759
zscore_norm,corr_source_pixelate_sev5,73,2600,True,False,False,0.576923,0.576923,0.764231,0.863139,0.865291,0.286216,0.101061,0.676400,0.815596,0.099477,0.051366,0.761326,0.722692,0.145769,0.041538,0.628462,0.051538,0.135769,0.823057,0.246134,0.058826,0.822994,0.246071,0.058763,0.697650,0.120726,0.066581
zscore_norm,corr_source_jpeg_compression_sev1,74,2600,True,False,False,0.870769,0.870769,0.889231,0.972738,0.972738,0.101969,0.083507,0.953222,0.954630,0.082453,0.065399,0.934912,0.931538,0.060769,0.042308,0.909615,0.038846,0.020385,0.951404,0.080635,0.062174,0.951342,0.080572,0.062111,0.911015,0.040246,0.021784
zscore_norm,corr_source_jpeg_compression_sev2,75,2600,True,False,False,0.853846,0.853846,0.875385,0.970297,0.970386,0.116451,0.095001,0.942555,0.945778,0.088708,0.070394,0.926052,0.925769,0.071923,0.050385,0.898462,0.044615,0.023077,0.947526,0.093680,0.072142,0.947464,0.093618,0.072079,0.901318,0.047472,0.025934
zscore_norm,corr_source_jpeg_compression_sev3,76,2600,True,False,False,0.836538,0.836538,0.860385,0.966203,0.966639,0.129664,0.106254,0.935720,0.936861,0.099182,0.076477,0.919126,0.913077,0.076538,0.052692,0.886538,0.050000,0.026154,0.941555,0.105016,0.081170,0.941492,0.104954,0.081107,0.889507,0.052968,0.029122
zscore_norm,corr_source_jpeg_compression_sev4,77,2600,True,False,False,0.775769,0.775769,0.824615,0.952458,0.954035,0.176688,0.129419,0.894379,0.898430,0.118609,0.073815,0.889378,0.881154,0.105385,0.056538,0.833462,0.057692,0.008846,0.919672,0.143903,0.095057,0.919610,0.143840,0.094994,0.854172,0.078403,0.029557
zscore_norm,corr_source_jpeg_compression_sev5,78,2600,True,False,False,0.687308,0.687308,0.785769,0.914858,0.916892,0.227550,0.131123,0.817595,0.836111,0.130287,0.050342,0.832670,0.816538,0.129231,0.030769,0.742308,0.055000,0.043462,0.877306,0.189998,0.091537,0.877243,0.189936,0.091474,0.787689,0.100382,0.001920
zscore_norm,corr_source_speckle_noise_sev1,79,2600,True,False,False,0.849231,0.849231,0.871154,0.969072,0.969072,0.119841,0.097918,0.946429,0.946585,0.097199,0.075431,0.926904,0.928462,0.079231,0.057308,0.901154,0.051923,0.030000,0.946861,0.097630,0.075707,0.946798,0.097567,0.075644,0.911100,0.061870,0.039947
zscore_norm,corr_source_speckle_noise_sev2,80,2600,True,False,False,0.810385,0.810385,0.841154,0.967844,0.968326,0.157460,0.127172,0.921597,0.922540,0.111212,0.081386,0.907754,0.901154,0.090769,0.060000,0.866154,0.055769,0.025000,0.932695,0.122310,0.091541,0.932632,0.122247,0.091478,0.883352,0.072968,0.042198
zscore_norm,corr_source_speckle_noise_sev3,81,2600,True,False,False,0.668462,0.668462,0.760769,0.942229,0.942315,0.273768,0.181546,0.838694,0.849077,0.170233,0.088307,0.849087,0.835385,0.166923,0.074615,0.773077,0.104615,0.012308,0.889584,0.221122,0.128814,0.889521,0.221059,0.128752,0.781103,0.112641,0.020333
zscore_norm,corr_source_speckle_noise_sev4,82,2600,True,False,False,0.566538,0.566538,0.727308,0.924731,0.925452,0.358193,0.198144,0.780202,0.820374,0.213664,0.093066,0.807374,0.778846,0.212308,0.051538,0.703462,0.136923,0.023846,0.856815,0.290276,0.129507,0.856752,0.290214,0.129444,0.716163,0.149625,0.011144
zscore_norm,corr_source_speckle_noise_sev5,83,2600,True,False,False,0.448846,0.448846,0.731923,0.897371,0.898603,0.448524,0.166680,0.716835,0.788826,0.267989,0.056903,0.765142,0.735385,0.286538,0.003462,0.635769,0.186923,0.096154,0.828298,0.379452,0.096375,0.828236,0.379389,0.096312,0.643526,0.194680,0.088397
zscore_norm,corr_source_spatter_sev1,84,2600,True,False,False,0.905385,0.905385,0.915769,0.984772,0.985608,0.079387,0.069839,0.969055,0.971498,0.063670,0.055728,0.948762,0.940769,0.035385,0.025000,0.924231,0.018846,0.008462,0.961613,0.056229,0.045844,0.961551,0.056166,0.045781,0.942826,0.037441,0.027056
zscore_norm,corr_source_spatter_sev2,85,2600,True,False,False,0.853462,0.853462,0.883077,0.965380,0.966405,0.111918,0.083329,0.941518,0.942979,0.088057,0.059902,0.924292,0.914231,0.060769,0.031154,0.888462,0.035000,0.005385,0.943148,0.089686,0.060071,0.943085,0.089623,0.060008,0.910173,0.056712,0.027096
zscore_norm,corr_source_spatter_sev3,86,2600,True,False,False,0.802692,0.802692,0.840000,0.948220,0.949522,0.145528,0.109522,0.897543,0.904723,0.094851,0.064723,0.893619,0.886923,0.084231,0.046923,0.843462,0.040769,0.003462,0.922858,0.120165,0.082858,0.922795,0.120103,0.082795,0.875262,0.072569,0.035262
zscore_norm,corr_source_spatter_sev4,87,2600,True,False,False,0.720769,0.720769,0.792692,0.940073,0.940638,0.219304,0.147946,0.880146,0.884277,0.159377,0.091584,0.862787,0.846923,0.126154,0.054231,0.790000,0.069231,0.002692,0.898955,0.178186,0.106263,0.898893,0.178123,0.106200,0.824757,0.103988,0.032065
zscore_norm,corr_source_spatter_sev5,88,2600,True,False,False,0.621923,0.621923,0.726923,0.930921,0.933374,0.308998,0.206451,0.831412,0.846287,0.209489,0.119364,0.827837,0.809231,0.187308,0.082308,0.737308,0.115385,0.010385,0.873344,0.251421,0.146421,0.873282,0.251359,0.146359,0.735901,0.113978,0.008978
zscore_norm,corr_source_gaussian_blur_sev1,89,2600,True,False,False,0.874615,0.874615,0.891154,0.978389,0.978389,0.103774,0.087235,0.961495,0.961495,0.086880,0.070341,0.938865,0.940000,0.065385,0.048846,0.916923,0.042308,0.025769,0.957782,0.083167,0.066628,0.957720,0.083104,0.066566,0.930662,0.056047,0.039508
zscore_norm,corr_source_gaussian_blur_sev2,90,2600,True,False,False,0.810769,0.810769,0.850385,0.967844,0.967844,0.157075,0.117460,0.911992,0.925958,0.101223,0.075574,0.890870,0.880000,0.069231,0.029615,0.838077,0.027308,0.012308,0.920765,0.109996,0.070380,0.920702,0.109933,0.070318,0.887809,0.077040,0.037425
zscore_norm,corr_source_gaussian_blur_sev3,91,2600,True,False,False,0.706538,0.706538,0.785000,0.933114,0.933700,0.226576,0.148700,0.838040,0.861080,0.131502,0.076080,0.826069,0.804615,0.098077,0.019615,0.736923,0.030385,0.048077,0.872021,0.165483,0.087021,0.871959,0.165420,0.086959,0.823393,0.116855,0.038393
zscore_norm,corr_source_gaussian_blur_sev4,92,2600,True,False,False,0.601538,0.601538,0.757308,0.927393,0.927889,0.325854,0.170581,0.754565,0.830967,0.153027,0.073659,0.751720,0.712692,0.111154,0.044615,0.618846,0.017308,0.138462,0.815979,0.214440,0.058671,0.815916,0.214377,0.058608,0.752358,0.150820,0.004949
zscore_norm,corr_source_gaussian_blur_sev5,93,2600,True,False,False,0.378846,0.378846,0.733846,0.899704,0.900533,0.520858,0.166687,0.659051,0.779031,0.280205,0.045185,0.611554,0.552692,0.173846,0.181154,0.409231,0.030385,0.324615,0.717559,0.338713,0.016287,0.717497,0.338651,0.016349,0.571043,0.192197,0.162803
zscore_norm,corr_source_saturate_sev1,94,2600,True,False,False,0.885000,0.885000,0.894615,0.981191,0.982071,0.096191,0.087456,0.960950,0.962333,0.075950,0.067717,0.939494,0.944231,0.059231,0.049615,0.917692,0.032692,0.023077,0.957658,0.072658,0.063043,0.957595,0.072595,0.062980,0.926358,0.041358,0.031743
zscore_norm,corr_source_saturate_sev2,95,2600,True,False,False,0.862308,0.862308,0.873462,0.979191,0.980023,0.116884,0.106562,0.952382,0.953769,0.090074,0.080308,0.930823,0.927308,0.065000,0.053846,0.900000,0.037692,0.026538,0.950178,0.087870,0.076716,0.950115,0.087807,0.076654,0.921503,0.059195,0.048041
zscore_norm,corr_source_saturate_sev3,96,2600,True,False,False,0.901923,0.901923,0.914231,0.985168,0.986408,0.083245,0.072177,0.968129,0.970292,0.066206,0.056062,0.949589,0.949231,0.047308,0.035000,0.930000,0.028077,0.015769,0.964212,0.062289,0.049981,0.964149,0.062226,0.049919,0.945863,0.043940,0.031633
zscore_norm,corr_source_saturate_sev4,97,2600,True,False,False,0.856154,0.856154,0.883077,0.980792,0.980792,0.124638,0.097715,0.946250,0.948164,0.090096,0.065087,0.931330,0.928077,0.071923,0.045000,0.899231,0.043077,0.016154,0.950198,0.094044,0.067121,0.950135,0.093981,0.067058,0.925548,0.069394,0.042471
zscore_norm,corr_source_saturate_sev5,98,2600,True,False,False,0.802692,0.802692,0.833077,0.959167,0.960799,0.156475,0.127722,0.911598,0.916209,0.108905,0.083132,0.905036,0.898077,0.095385,0.065000,0.862308,0.059615,0.029231,0.931304,0.128611,0.098227,0.931241,0.128549,0.098164,0.890602,0.087910,0.057525
zscore_norm,corr_target_fog_sev1,99,2600,False,True,False,0.553846,0.553846,0.688462,0.936170,0.936747,0.382324,0.248285,0.809867,0.827586,0.256020,0.139125,0.808762,0.786923,0.233077,0.098462,0.711923,0.158077,0.023462,0.859742,0.305896,0.171280,0.859679,0.305833,0.171217,0.776622,0.222775,0.088160
zscore_norm,corr_target_fog_sev2,100,2600,False,True,False,0.533077,0.533077,0.685385,0.918919,0.919547,0.385842,0.234162,0.786821,0.826732,0.253744,0.141347,0.793714,0.763077,0.230000,0.077692,0.679615,0.146538,0.005769,0.846918,0.313841,0.161533,0.846855,0.313778,0.161470,0.754970,0.221893,0.069586
zscore_norm,corr_target_fog_sev3,101,2600,False,True,False,0.480769,0.480769,0.687692,0.917569,0.918710,0.436799,0.231018,0.765673,0.803902,0.284904,0.116209,0.772497,0.741154,0.260385,0.053462,0.643846,0.163077,0.043846,0.834494,0.353725,0.146802,0.834431,0.353662,0.146739,0.722227,0.241458,0.034535
zscore_norm,corr_target_fog_sev4,102,2600,False,True,False,0.413462,0.413462,0.702692,0.908938,0.908938,0.495477,0.206246,0.749810,0.801651,0.336349,0.098958,0.756729,0.723077,0.309615,0.020385,0.626538,0.213077,0.076154,0.822427,0.408965,0.119735,0.822364,0.408903,0.119672,0.660834,0.247372,0.041858
zscore_norm,corr_target_fog_sev5,103,2600,False,True,False,0.301154,0.301154,0.738462,0.934863,0.934863,0.633709,0.196401,0.713858,0.805385,0.412704,0.066924,0.724822,0.692692,0.391538,0.045769,0.584231,0.283077,0.154231,0.801604,0.500451,0.063143,0.801542,0.500388,0.063080,0.532932,0.231778,0.205529
zscore_norm,corr_target_frost_sev1,104,2600,False,True,False,0.535769,0.535769,0.681923,0.918919,0.919428,0.383150,0.237505,0.776041,0.812368,0.240272,0.130445,0.797427,0.766154,0.230385,0.084231,0.691923,0.156154,0.010000,0.852091,0.316322,0.170168,0.852028,0.316259,0.170105,0.771357,0.235588,0.089434
zscore_norm,corr_target_frost_sev2,105,2600,False,True,False,0.436923,0.436923,0.694615,0.898772,0.899974,0.461849,0.205359,0.710382,0.802407,0.273459,0.107791,0.752417,0.721538,0.284615,0.026923,0.623077,0.186154,0.071538,0.818494,0.381571,0.123879,0.818431,0.381508,0.123816,0.689819,0.252896,0.004797
zscore_norm,corr_target_frost_sev3,106,2600,False,True,False,0.371923,0.371923,0.710769,0.876404,0.880290,0.504481,0.169521,0.661516,0.781054,0.289593,0.070284,0.716070,0.670000,0.298077,0.040769,0.564231,0.192308,0.146538,0.793298,0.421375,0.082529,0.793236,0.421313,0.082466,0.625426,0.253502,0.085344
zscore_norm,corr_target_frost_sev4,107,2600,False,True,False,0.354231,0.354231,0.719615,0.889838,0.893534,0.535607,0.173919,0.660514,0.777624,0.306283,0.058008,0.712631,0.677308,0.323077,0.042308,0.558077,0.203846,0.161538,0.793507,0.439276,0.073891,0.793444,0.439213,0.073829,0.604271,0.250040,0.115344
zscore_norm,corr_target_frost_sev5,108,2600,False,True,False,0.310385,0.310385,0.741538,0.872017,0.876069,0.561633,0.134531,0.641444,0.773255,0.331059,0.031717,0.692529,0.662692,0.352308,0.078846,0.519231,0.208846,0.222308,0.779007,0.468622,0.037469,0.778944,0.468560,0.037406,0.558286,0.247902,0.183252
zscore_norm,corr_target_motion_blur_sev1,109,2600,False,True,False,0.550385,0.550385,0.690385,0.940937,0.940937,0.390552,0.250552,0.819607,0.832608,0.269223,0.142223,0.808407,0.785769,0.235385,0.095385,0.715769,0.165385,0.025385,0.862558,0.312173,0.172173,0.862495,0.312110,0.172110,0.801056,0.250672,0.110672
zscore_norm,corr_target_motion_blur_sev2,110,2600,False,True,False,0.495769,0.495769,0.678462,0.927393,0.927889,0.431624,0.249427,0.779246,0.814287,0.283477,0.135825,0.772078,0.734231,0.238462,0.055769,0.644615,0.148846,0.033846,0.831216,0.335447,0.152755,0.831154,0.335384,0.152692,0.761101,0.265332,0.082639
zscore_norm,corr_target_motion_blur_sev3,111,2600,False,True,False,0.393462,0.393462,0.707308,0.921609,0.921609,0.528148,0.214302,0.737016,0.800124,0.343555,0.092816,0.729193,0.698462,0.305000,0.008846,0.591154,0.197692,0.116154,0.803988,0.410526,0.096680,0.803925,0.410463,0.096617,0.696053,0.302591,0.011255
zscore_norm,corr_target_motion_blur_sev4,112,2600,False,True,False,0.300769,0.300769,0.730769,0.904802,0.912741,0.604033,0.181972,0.715128,0.791106,0.414358,0.060337,0.688307,0.656538,0.355769,0.074231,0.520769,0.220000,0.210000,0.777133,0.476364,0.046364,0.777070,0.476301,0.046301,0.581516,0.280747,0.149253
zscore_norm,corr_target_motion_blur_sev5,113,2600,False,True,False,0.243846,0.243846,0.768077,0.898772,0.901150,0.654926,0.133073,0.714214,0.798357,0.470368,0.030280,0.675283,0.640000,0.396154,0.128077,0.508462,0.264615,0.259615,0.768979,0.525132,0.000902,0.768916,0.525070,0.000839,0.511494,0.267648,0.256583
zscore_norm,corr_target_brightness_sev1,114,2600,False,True,False,0.605769,0.605769,0.703077,0.939208,0.940164,0.333439,0.237087,0.835432,0.859258,0.229662,0.156181,0.837343,0.828846,0.223077,0.125769,0.761154,0.155385,0.058077,0.882597,0.276828,0.179520,0.882534,0.276765,0.179457,0.821739,0.215970,0.118662
zscore_norm,corr_target_brightness_sev2,115,2600,False,True,False,0.602692,0.602692,0.699231,0.941799,0.942359,0.339107,0.243128,0.830738,0.855370,0.228045,0.156139,0.832384,0.815000,0.212308,0.115769,0.751923,0.149231,0.052692,0.878687,0.275995,0.179456,0.878624,0.275932,0.179393,0.824178,0.221486,0.124948
zscore_norm,corr_target_brightness_sev3,116,2600,False,True,False,0.588846,0.588846,0.692308,0.932677,0.932776,0.343830,0.240469,0.823899,0.849490,0.235053,0.157183,0.827970,0.815769,0.226923,0.123462,0.750000,0.161154,0.057692,0.876234,0.287388,0.183926,0.876171,0.287325,0.183863,0.824794,0.235948,0.132486
zscore_norm,corr_target_brightness_sev4,117,2600,False,True,False,0.573462,0.573462,0.685385,0.920714,0.923963,0.347252,0.238578,0.805133,0.849808,0.231671,0.164423,0.814866,0.803462,0.230000,0.118077,0.726538,0.153077,0.041154,0.865574,0.292112,0.180189,0.865511,0.292049,0.180126,0.816239,0.242778,0.130855
zscore_norm,corr_target_brightness_sev5,118,2600,False,True,False,0.551923,0.551923,0.670000,0.925620,0.926228,0.373697,0.256228,0.786527,0.839033,0.234604,0.169033,0.800268,0.781923,0.230000,0.111923,0.704231,0.152308,0.034231,0.855478,0.303555,0.185478,0.855416,0.303493,0.185416,0.801109,0.249186,0.131109
zscore_norm,corr_target_zoom_blur_sev1,119,2600,False,True,False,0.504615,0.504615,0.685385,0.896435,0.896585,0.391819,0.211201,0.750543,0.809884,0.245928,0.124499,0.773113,0.734615,0.230000,0.049231,0.645000,0.140385,0.040385,0.831771,0.327155,0.146386,0.831708,0.327092,0.146323,0.762712,0.258097,0.077328
zscore_norm,corr_target_zoom_blur_sev2,120,2600,False,True,False,0.460000,0.460000,0.701154,0.880758,0.883942,0.420758,0.182788,0.705041,0.784575,0.245041,0.083421,0.744307,0.688846,0.228846,0.012308,0.589615,0.129615,0.111538,0.806871,0.346871,0.105718,0.806809,0.346809,0.105655,0.733309,0.273309,0.032155
zscore_norm,corr_target_zoom_blur_sev3,121,2600,False,True,False,0.427692,0.427692,0.698846,0.857143,0.858760,0.429451,0.159913,0.668815,0.782666,0.241123,0.083820,0.722002,0.684615,0.256923,0.014231,0.567308,0.139615,0.131538,0.796487,0.368795,0.097641,0.796424,0.368732,0.097578,0.708528,0.280835,0.009681
zscore_norm,corr_target_zoom_blur_sev4,122,2600,False,True,False,0.389615,0.389615,0.714231,0.851590,0.856266,0.461975,0.142035,0.639634,0.768447,0.250018,0.054216,0.696473,0.646538,0.256923,0.067692,0.526538,0.136923,0.187692,0.777759,0.388144,0.063528,0.777696,0.388081,0.063466,0.681568,0.291952,0.032663
zscore_norm,corr_target_zoom_blur_sev5,123,2600,False,True,False,0.345769,0.345769,0.734231,0.821396,0.824587,0.475627,0.090356,0.604373,0.759900,0.258603,0.025669,0.669140,0.616538,0.270769,0.117692,0.484231,0.138462,0.250000,0.759695,0.413926,0.025464,0.759632,0.413863,0.025401,0.646554,0.300784,0.087677
zscore_norm,corr_target_snow_sev1,124,2600,False,True,False,0.485000,0.485000,0.683846,0.898305,0.899157,0.413305,0.215311,0.740178,0.806767,0.255178,0.122921,0.779995,0.756923,0.271923,0.073077,0.659615,0.174615,0.024231,0.840013,0.355013,0.156167,0.839951,0.354951,0.156105,0.742858,0.257858,0.059012
zscore_norm,corr_target_snow_sev2,125,2600,False,True,False,0.331923,0.331923,0.731538,0.898305,0.899971,0.566382,0.168433,0.694085,0.801617,0.362162,0.070078,0.722283,0.694615,0.362692,0.036923,0.565385,0.233462,0.166154,0.799937,0.468014,0.068398,0.799874,0.467951,0.068335,0.604316,0.272393,0.127222
zscore_norm,corr_target_snow_sev3,126,2600,False,True,False,0.362308,0.362308,0.711538,0.886033,0.886690,0.523725,0.175151,0.703556,0.766175,0.341248,0.054636,0.730746,0.691923,0.329615,0.019615,0.583846,0.221538,0.127692,0.805989,0.443681,0.094451,0.805926,0.443619,0.094388,0.649950,0.287642,0.061589
zscore_norm,corr_target_snow_sev4,127,2600,False,True,False,0.294615,0.294615,0.747692,0.872995,0.874120,0.578380,0.126428,0.674433,0.783717,0.379817,0.036024,0.695493,0.651538,0.356923,0.096154,0.528077,0.233462,0.219615,0.780041,0.485426,0.032349,0.779979,0.485363,0.032286,0.581181,0.286566,0.166511
zscore_norm,corr_target_snow_sev5,128,2600,False,True,False,0.260385,0.260385,0.765769,0.892675,0.895238,0.632290,0.129469,0.654280,0.769935,0.393895,0.004165,0.662742,0.613846,0.353462,0.151923,0.471923,0.211538,0.293846,0.756529,0.496144,0.009240,0.756466,0.496081,0.009303,0.533298,0.272914,0.232471
zscore_norm,corr_target_defocus_blur_sev1,129,2600,False,True,False,0.522308,0.522308,0.687692,0.916667,0.922404,0.394359,0.234712,0.800152,0.829676,0.277844,0.141984,0.790317,0.766154,0.243846,0.078462,0.680385,0.158077,0.007308,0.848888,0.326580,0.161195,0.848825,0.326517,0.161133,0.788572,0.266265,0.100880
zscore_norm,corr_target_defocus_blur_sev2,130,2600,False,True,False,0.481538,0.481538,0.685769,0.913952,0.919179,0.432413,0.233409,0.766927,0.819900,0.285388,0.134131,0.762123,0.737308,0.255769,0.051538,0.640769,0.159231,0.045000,0.829590,0.348052,0.143821,0.829528,0.347989,0.143759,0.771244,0.289705,0.085475
zscore_norm,corr_target_defocus_blur_sev3,131,2600,False,True,False,0.416154,0.416154,0.699231,0.924731,0.926230,0.508577,0.226999,0.715678,0.801734,0.299524,0.102503,0.695594,0.653846,0.237692,0.045385,0.530000,0.113846,0.169231,0.779146,0.362992,0.079915,0.779083,0.362929,0.079852,0.711250,0.295096,0.012019
zscore_norm,corr_target_defocus_blur_sev4,132,2600,False,True,False,0.337692,0.337692,0.728077,0.888414,0.888430,0.550722,0.160353,0.655328,0.781506,0.317635,0.053430,0.634468,0.586538,0.248846,0.141538,0.443077,0.105385,0.285000,0.735287,0.397595,0.007211,0.735225,0.397532,0.007148,0.633820,0.296128,0.094257
zscore_norm,corr_target_defocus_blur_sev5,133,2600,False,True,False,0.265769,0.265769,0.754231,0.895966,0.895966,0.630197,0.141735,0.633945,0.762609,0.368176,0.008378,0.589019,0.529231,0.263462,0.225000,0.371538,0.105769,0.382692,0.700097,0.434328,0.054133,0.700035,0.434265,0.054196,0.547628,0.281859,0.206603
zscore_norm,corr_target_glass_blur_sev1,134,2600,False,True,False,0.498462,0.498462,0.669231,0.909853,0.912067,0.411392,0.242836,0.758211,0.800223,0.259749,0.130992,0.774814,0.746923,0.248462,0.077692,0.652308,0.153846,0.016923,0.836523,0.338061,0.167292,0.836460,0.337998,0.167229,0.769901,0.271440,0.100670
zscore_norm,corr_target_glass_blur_sev2,135,2600,False,True,False,0.417692,0.417692,0.681154,0.891258,0.893973,0.473566,0.212819,0.693771,0.783456,0.276078,0.102303,0.721329,0.693846,0.276154,0.012692,0.572692,0.155000,0.108462,0.800833,0.383140,0.119679,0.800770,0.383077,0.119616,0.690147,0.272455,0.008994
zscore_norm,corr_target_glass_blur_sev3,136,2600,False,True,False,0.236154,0.236154,0.779231,0.862642,0.866206,0.626488,0.086975,0.645459,0.733560,0.409305,0.045671,0.588928,0.512692,0.276538,0.266538,0.360000,0.123846,0.419231,0.700600,0.464446,0.078631,0.700537,0.464383,0.078694,0.468777,0.232623,0.310454
zscore_norm,corr_target_glass_blur_sev4,137,2600,False,True,False,0.184615,0.184615,0.821923,0.903416,0.903416,0.718801,0.081493,0.683060,0.780499,0.498445,0.041424,0.582602,0.517308,0.332692,0.304615,0.355385,0.170769,0.466538,0.702184,0.517568,0.119739,0.702121,0.517506,0.119802,0.401762,0.217147,0.420161
zscore_norm,corr_target_glass_blur_sev5,138,2600,False,True,False,0.149231,0.149231,0.851538,0.918919,0.920317,0.769688,0.068779,0.711843,0.805893,0.562612,0.045646,0.572186,0.513462,0.364231,0.338077,0.348846,0.199615,0.502692,0.696965,0.547734,0.154573,0.696902,0.547672,0.154636,0.356444,0.207213,0.495094
zscore_norm,corr_target_gaussian_noise_sev1,139,2600,False,True,False,0.538077,0.538077,0.676154,0.930041,0.930145,0.391964,0.253991,0.792378,0.819455,0.254301,0.143301,0.820294,0.793462,0.255385,0.117308,0.720385,0.182308,0.044231,0.865538,0.327461,0.189384,0.865475,0.327398,0.189322,0.823645,0.285568,0.147491
zscore_norm,corr_target_gaussian_noise_sev2,140,2600,False,True,False,0.481154,0.481154,0.682308,0.912589,0.914577,0.431435,0.232270,0.756092,0.820785,0.274938,0.138478,0.802529,0.786923,0.305769,0.104615,0.700769,0.219615,0.018462,0.856772,0.375618,0.174464,0.856709,0.375555,0.174401,0.791153,0.309999,0.108845
zscore_norm,corr_target_gaussian_noise_sev3,141,2600,False,True,False,0.378462,0.378462,0.706923,0.888414,0.889694,0.509952,0.182771,0.674533,0.791335,0.296072,0.084412,0.763032,0.741538,0.363077,0.034615,0.646154,0.267692,0.060769,0.826039,0.447577,0.119115,0.825976,0.447514,0.119053,0.698218,0.319756,0.008705
zscore_norm,corr_target_gaussian_noise_sev4,142,2600,False,True,False,0.278846,0.278846,0.765769,0.864629,0.866755,0.585783,0.100986,0.604397,0.772958,0.325551,0.007189,0.708045,0.669231,0.390385,0.096538,0.549615,0.270769,0.216154,0.786985,0.508139,0.021216,0.786923,0.508076,0.021153,0.591911,0.313065,0.173858
zscore_norm,corr_target_gaussian_noise_sev5,143,2600,False,True,False,0.170385,0.170385,0.841538,0.841355,0.843203,0.670970,0.001664,0.593917,0.739601,0.423532,0.101938,0.640389,0.579615,0.409231,0.261923,0.442692,0.272308,0.398846,0.737637,0.567252,0.103902,0.737574,0.567189,0.103965,0.463798,0.293413,0.377741
zscore_norm,corr_target_shot_noise_sev1,144,2600,False,True,False,0.536923,0.536923,0.683462,0.925176,0.925176,0.388253,0.241714,0.784776,0.815634,0.247853,0.132173,0.810402,0.791923,0.255000,0.108462,0.714231,0.177308,0.030769,0.862070,0.325147,0.178609,0.862007,0.325084,0.178546,0.821724,0.284801,0.138262
zscore_norm,corr_target_shot_noise_sev2,145,2600,False,True,False,0.467308,0.467308,0.683462,0.904802,0.907465,0.437494,0.224004,0.744398,0.809076,0.277090,0.125615,0.787086,0.753846,0.286538,0.070385,0.669231,0.201923,0.014231,0.844481,0.377173,0.161020,0.844418,0.377111,0.160957,0.780063,0.312755,0.096601
zscore_norm,corr_target_shot_noise_sev3,146,2600,False,True,False,0.377692,0.377692,0.715769,0.885555,0.889244,0.507863,0.173475,0.672103,0.794058,0.294410,0.078289,0.749151,0.719615,0.341923,0.003846,0.613846,0.236154,0.101923,0.815854,0.438162,0.100085,0.815792,0.438099,0.100022,0.697082,0.319390,0.018687
zscore_norm,corr_target_shot_noise_sev4,147,2600,False,True,False,0.251923,0.251923,0.783462,0.866609,0.868522,0.614685,0.085061,0.611090,0.765499,0.359167,0.017963,0.693474,0.655385,0.403462,0.128077,0.529231,0.277308,0.254231,0.776635,0.524712,0.006827,0.776572,0.524649,0.006890,0.576242,0.324319,0.207220
zscore_norm,corr_target_shot_noise_sev5,148,2600,False,True,False,0.184231,0.184231,0.832308,0.842902,0.847281,0.658671,0.014973,0.631581,0.731329,0.447350,0.100978,0.666730,0.622308,0.438077,0.210000,0.480769,0.296538,0.351538,0.760863,0.576632,0.071445,0.760800,0.576570,0.071507,0.483007,0.298776,0.349301
zscore_norm,corr_target_impulse_noise_sev1,149,2600,False,True,False,0.475385,0.475385,0.681154,0.900634,0.901171,0.425250,0.220018,0.735066,0.795710,0.259681,0.114557,0.786154,0.760385,0.285000,0.079231,0.669615,0.194231,0.011538,0.843753,0.368368,0.162599,0.843690,0.368305,0.162536,0.766836,0.291452,0.085683
zscore_norm,corr_target_impulse_noise_sev2,150,2600,False,True,False,0.431154,0.431154,0.690769,0.888414,0.889131,0.457260,0.198362,0.696125,0.787515,0.264971,0.096745,0.769347,0.748077,0.316923,0.057308,0.643846,0.212692,0.046923,0.832065,0.400911,0.141295,0.832002,0.400848,0.141233,0.745478,0.314324,0.054709
zscore_norm,corr_target_impulse_noise_sev3,151,2600,False,True,False,0.385000,0.385000,0.711923,0.873484,0.874028,0.488484,0.162105,0.660191,0.778338,0.275191,0.066415,0.750399,0.711154,0.326154,0.000769,0.612692,0.227692,0.099231,0.816765,0.431765,0.104842,0.816703,0.431703,0.104779,0.709618,0.324618,0.002305
zscore_norm,corr_target_impulse_noise_sev4,152,2600,False,True,False,0.262308,0.262308,0.776923,0.830409,0.838363,0.568102,0.061440,0.565841,0.780125,0.303533,0.003202,0.689791,0.628077,0.365769,0.148846,0.514231,0.251923,0.262692,0.767640,0.505332,0.009283,0.767577,0.505269,0.009346,0.588885,0.326577,0.188038
zscore_norm,corr_target_impulse_noise_sev5,153,2600,False,True,False,0.177308,0.177308,0.833077,0.815490,0.819825,0.638182,0.013252,0.577517,0.738741,0.400209,0.094336,0.631623,0.569615,0.392308,0.263462,0.430385,0.253077,0.402692,0.730708,0.553400,0.102369,0.730645,0.553337,0.102432,0.474486,0.297178,0.358591
zscore_norm,corr_target_contrast_sev1,154,2600,False,True,False,0.571923,0.571923,0.685769,0.941799,0.943814,0.369876,0.258044,0.823371,0.844776,0.251448,0.159007,0.816758,0.791923,0.220000,0.106154,0.725385,0.153462,0.039615,0.865705,0.293782,0.179936,0.865642,0.293719,0.179873,0.809926,0.238003,0.124157
zscore_norm,corr_target_contrast_sev2,155,2600,False,True,False,0.538077,0.538077,0.691538,0.931800,0.931901,0.393723,0.240362,0.802083,0.831545,0.264007,0.140007,0.801133,0.773462,0.235385,0.081923,0.691538,0.153462,0.000000,0.853893,0.315816,0.162354,0.853830,0.315753,0.162291,0.787295,0.249219,0.095757
zscore_norm,corr_target_contrast_sev3,156,2600,False,True,False,0.481154,0.481154,0.677308,0.921609,0.921609,0.440455,0.244302,0.754024,0.810660,0.272871,0.133352,0.769734,0.739231,0.258077,0.061923,0.652308,0.171154,0.025000,0.830039,0.348885,0.152731,0.829976,0.348822,0.152668,0.735571,0.254417,0.058263
zscore_norm,corr_target_contrast_sev4,157,2600,False,True,False,0.335385,0.335385,0.726538,0.904802,0.906939,0.569417,0.180401,0.667114,0.777816,0.331729,0.051277,0.684377,0.635769,0.300385,0.090769,0.518462,0.183077,0.208077,0.767293,0.431909,0.040755,0.767231,0.431846,0.040692,0.603111,0.267727,0.123427
zscore_norm,corr_target_contrast_sev5,158,2600,False,True,False,0.190769,0.190769,0.819615,0.878827,0.878827,0.688058,0.059212,0.569290,0.739542,0.378520,0.080073,0.561415,0.495000,0.304231,0.324615,0.336154,0.145385,0.483462,0.681228,0.490459,0.138388,0.681165,0.490396,0.138450,0.459786,0.269017,0.359830
zscore_norm,corr_target_elastic_transform_sev1,159,2600,False,True,False,0.567692,0.567692,0.685769,0.937474,0.940315,0.369782,0.254546,0.811303,0.830875,0.243610,0.145106,0.817248,0.808462,0.240769,0.122692,0.726154,0.158462,0.040385,0.869003,0.301311,0.183234,0.868940,0.301248,0.183171,0.804055,0.236363,0.118286
zscore_norm,corr_target_elastic_transform_sev2,160,2600,False,True,False,0.406154,0.406154,0.684615,0.875433,0.877107,0.469279,0.192492,0.676214,0.806560,0.270061,0.121945,0.737107,0.708462,0.302308,0.023846,0.595769,0.189615,0.088846,0.810220,0.404066,0.125605,0.810158,0.404004,0.125542,0.694830,0.288676,0.010214
zscore_norm,corr_target_elastic_transform_sev3,161,2600,False,True,False,0.449231,0.449231,0.691154,0.905724,0.906391,0.456493,0.215237,0.724420,0.826358,0.275190,0.135204,0.758059,0.739231,0.290000,0.048077,0.637692,0.188462,0.053462,0.828011,0.378780,0.136857,0.827948,0.378717,0.136794,0.716672,0.267442,0.025518
zscore_norm,corr_target_elastic_transform_sev4,162,2600,False,True,False,0.351154,0.351154,0.711923,0.861646,0.861646,0.510492,0.149723,0.637162,0.771467,0.286008,0.059544,0.700251,0.660385,0.309231,0.051538,0.539231,0.188077,0.172692,0.781189,0.430035,0.069266,0.781126,0.429972,0.069203,0.603611,0.252457,0.108312
zscore_norm,corr_target_elastic_transform_sev5,163,2600,False,True,False,0.190000,0.190000,0.823846,0.800738,0.809845,0.610738,0.014001,0.553355,0.722902,0.363355,0.100944,0.632367,0.581923,0.391923,0.241923,0.430769,0.240769,0.393077,0.737275,0.547275,0.086571,0.737212,0.547212,0.086634,0.426974,0.236974,0.396872
zscore_norm,corr_target_pixelate_sev1,164,2600,False,True,False,0.573077,0.573077,0.679615,0.926507,0.927151,0.353430,0.247535,0.814627,0.828810,0.241550,0.149195,0.816009,0.798077,0.225000,0.118462,0.727692,0.154615,0.048077,0.867806,0.294729,0.188191,0.867743,0.294666,0.188128,0.805691,0.232614,0.126075
zscore_norm,corr_target_pixelate_sev2,165,2600,False,True,False,0.565000,0.565000,0.681154,0.908022,0.910517,0.343022,0.229363,0.800706,0.817501,0.235706,0.136347,0.809278,0.793846,0.228846,0.112692,0.717308,0.152308,0.036154,0.862865,0.297865,0.181711,0.862802,0.297802,0.181648,0.793543,0.228543,0.112389
zscore_norm,corr_target_pixelate_sev3,166,2600,False,True,False,0.500769,0.500769,0.675000,0.897838,0.899943,0.397069,0.224943,0.752430,0.803426,0.251661,0.128426,0.779394,0.766923,0.266154,0.091923,0.663077,0.162308,0.011923,0.842465,0.341696,0.167465,0.842403,0.341633,0.167403,0.755466,0.254697,0.080466
zscore_norm,corr_target_pixelate_sev4,167,2600,False,True,False,0.426538,0.426538,0.680769,0.834081,0.835299,0.407542,0.154530,0.648324,0.771268,0.221786,0.090498,0.724729,0.679231,0.252692,0.001538,0.573462,0.146923,0.107308,0.798252,0.371713,0.117482,0.798189,0.371650,0.117420,0.688072,0.261534,0.007303
zscore_norm,corr_target_pixelate_sev5,168,2600,False,True,False,0.360769,0.360769,0.710769,0.799076,0.814563,0.438307,0.103794,0.554677,0.794848,0.193908,0.084079,0.683196,0.638846,0.278077,0.071923,0.517692,0.156923,0.193077,0.767733,0.406964,0.056964,0.767670,0.406901,0.056901,0.638525,0.277756,0.072244
zscore_norm,corr_target_jpeg_compression_sev1,169,2600,False,True,False,0.571538,0.571538,0.695385,0.931360,0.933224,0.359822,0.237840,0.820108,0.838862,0.248570,0.143478,0.823538,0.810000,0.238462,0.114615,0.735769,0.164231,0.040385,0.872769,0.301230,0.177384,0.872706,0.301168,0.177321,0.779625,0.208086,0.084240
zscore_norm,corr_target_jpeg_compression_sev2,170,2600,False,True,False,0.552692,0.552692,0.681923,0.921162,0.922013,0.368470,0.240090,0.802211,0.832932,0.249519,0.151009,0.815807,0.798077,0.245385,0.116154,0.724615,0.171923,0.042692,0.865444,0.312752,0.183521,0.865381,0.312689,0.183458,0.766844,0.214152,0.084921
zscore_norm,corr_target_jpeg_compression_sev3,171,2600,False,True,False,0.545385,0.545385,0.670385,0.922503,0.925149,0.377118,0.254765,0.801716,0.834141,0.256331,0.163756,0.810748,0.791923,0.246538,0.121538,0.715385,0.170000,0.045000,0.863869,0.318484,0.193484,0.863806,0.318422,0.193422,0.759391,0.214006,0.089006
zscore_norm,corr_target_jpeg_compression_sev4,172,2600,False,True,False,0.490000,0.490000,0.675000,0.894558,0.895802,0.404558,0.220802,0.763977,0.799968,0.273977,0.124968,0.781604,0.750769,0.260769,0.075769,0.656538,0.166538,0.018462,0.841029,0.351029,0.166029,0.840966,0.350966,0.165966,0.724488,0.234488,0.049488
zscore_norm,corr_target_jpeg_compression_sev5,173,2600,False,True,False,0.419231,0.419231,0.687692,0.864629,0.872596,0.445398,0.184903,0.683203,0.784348,0.263972,0.096656,0.738768,0.708077,0.288846,0.020385,0.601923,0.182692,0.085769,0.811026,0.391795,0.123334,0.810963,0.391732,0.123271,0.682140,0.262909,0.005552
zscore_norm,corr_target_speckle_noise_sev1,174,2600,False,True,False,0.545769,0.545769,0.675769,0.929160,0.929696,0.383391,0.253926,0.803296,0.838272,0.257527,0.162503,0.815197,0.797308,0.251538,0.121538,0.722692,0.176923,0.046923,0.866203,0.320434,0.190434,0.866140,0.320371,0.190371,0.815951,0.270182,0.140182
zscore_norm,corr_target_speckle_noise_sev2,175,2600,False,True,False,0.508846,0.508846,0.671538,0.929160,0.931353,0.420314,0.259815,0.788713,0.825430,0.279867,0.153892,0.803156,0.789231,0.280385,0.117692,0.704231,0.195385,0.032692,0.858588,0.349742,0.187049,0.858525,0.349679,0.186987,0.796068,0.287222,0.124529
zscore_norm,corr_target_speckle_noise_sev3,176,2600,False,True,False,0.402692,0.402692,0.698462,0.891258,0.893814,0.488566,0.195353,0.708098,0.795399,0.305405,0.096937,0.755081,0.723077,0.320385,0.024615,0.620385,0.217692,0.078077,0.819059,0.416367,0.120598,0.818997,0.416304,0.120535,0.711670,0.308978,0.013209
zscore_norm,corr_target_speckle_noise_sev4,177,2600,False,True,False,0.335769,0.335769,0.730000,0.879310,0.881869,0.543541,0.151869,0.653520,0.790585,0.317751,0.060585,0.724737,0.674231,0.338462,0.055769,0.575000,0.239231,0.155000,0.794452,0.458683,0.064452,0.794389,0.458620,0.064389,0.656850,0.321080,0.073150
zscore_norm,corr_target_speckle_noise_sev5,178,2600,False,True,False,0.277308,0.277308,0.759231,0.857645,0.861419,0.580337,0.102189,0.621395,0.758261,0.344087,0.000970,0.698768,0.652308,0.375000,0.106923,0.531154,0.253846,0.228077,0.779091,0.501783,0.019860,0.779028,0.501720,0.019797,0.595103,0.317796,0.164127
zscore_norm,corr_target_spatter_sev1,179,2600,False,True,False,0.596538,0.596538,0.696923,0.937040,0.937593,0.340502,0.240670,0.828345,0.850851,0.231807,0.153928,0.832784,0.817692,0.221154,0.120769,0.748462,0.151923,0.051538,0.879669,0.283131,0.182746,0.879606,0.283068,0.182683,0.812008,0.215470,0.115085
zscore_norm,corr_target_spatter_sev2,180,2600,False,True,False,0.534231,0.534231,0.684231,0.910767,0.910767,0.376536,0.226536,0.782573,0.830123,0.248342,0.145893,0.804476,0.786538,0.252308,0.102308,0.710769,0.176538,0.026538,0.858758,0.324528,0.174528,0.858696,0.324465,0.174465,0.771279,0.237048,0.087048
zscore_norm,corr_target_spatter_sev3,181,2600,False,True,False,0.483077,0.483077,0.688462,0.866609,0.871379,0.383532,0.182918,0.711750,0.812097,0.228673,0.123635,0.769867,0.740385,0.257308,0.051923,0.648462,0.165385,0.040000,0.831518,0.348441,0.143057,0.831456,0.348379,0.142994,0.746230,0.263153,0.057768
zscore_norm,corr_target_spatter_sev4,182,2600,False,True,False,0.415385,0.415385,0.675000,0.895028,0.900366,0.479643,0.225366,0.735480,0.795460,0.320095,0.120460,0.761393,0.734615,0.319231,0.059615,0.637692,0.222308,0.037308,0.826545,0.411160,0.151545,0.826482,0.411097,0.151482,0.718264,0.302880,0.043264
zscore_norm,corr_target_spatter_sev5,183,2600,False,True,False,0.326154,0.326154,0.698846,0.891731,0.892323,0.565577,0.193477,0.720496,0.805875,0.394342,0.107029,0.745767,0.711538,0.385385,0.012692,0.605385,0.279231,0.093462,0.815108,0.488954,0.116261,0.815045,0.488891,0.116199,0.636169,0.310015,0.062678
zscore_norm,corr_target_gaussian_blur_sev1,184,2600,False,True,False,0.583077,0.583077,0.683462,0.942229,0.942570,0.359153,0.259109,0.828380,0.843183,0.245303,0.159722,0.821310,0.802692,0.219615,0.119231,0.731154,0.148077,0.047692,0.868851,0.285774,0.185389,0.868788,0.285711,0.185326,0.808935,0.225858,0.125474
zscore_norm,corr_target_gaussian_blur_sev2,185,2600,False,True,False,0.497308,0.497308,0.690769,0.922949,0.924012,0.425642,0.233243,0.780426,0.821267,0.283118,0.130498,0.773267,0.746923,0.249615,0.056154,0.653462,0.156154,0.037308,0.835245,0.337937,0.144476,0.835182,0.337875,0.144413,0.774702,0.277394,0.083933
zscore_norm,corr_target_gaussian_blur_sev3,186,2600,False,True,False,0.430000,0.430000,0.700769,0.892203,0.892203,0.462203,0.191434,0.714697,0.800517,0.284697,0.099747,0.716478,0.678846,0.248846,0.021923,0.561538,0.131538,0.139231,0.794194,0.364194,0.093425,0.794131,0.364131,0.093362,0.729279,0.299279,0.028509
zscore_norm,corr_target_gaussian_blur_sev4,187,2600,False,True,False,0.363077,0.363077,0.713846,0.888414,0.889686,0.525337,0.175840,0.653765,0.790364,0.290688,0.076518,0.652897,0.596154,0.233077,0.117692,0.469231,0.106154,0.244615,0.747456,0.384380,0.033610,0.747394,0.384317,0.033548,0.668813,0.305736,0.045033
zscore_norm,corr_target_gaussian_blur_sev5,188,2600,False,True,False,0.232308,0.232308,0.773846,0.861646,0.863781,0.629339,0.089935,0.582993,0.771095,0.350685,0.002751,0.549450,0.471923,0.239615,0.301923,0.323462,0.091154,0.450385,0.670337,0.438030,0.103509,0.670275,0.437967,0.103572,0.501158,0.268850,0.272688
zscore_norm,corr_target_saturate_sev1,189,2600,False,True,False,0.577308,0.577308,0.697692,0.940073,0.940339,0.362766,0.242647,0.834332,0.844938,0.257024,0.147245,0.828613,0.820000,0.242692,0.122308,0.748462,0.171154,0.050769,0.878832,0.301525,0.181140,0.878770,0.301462,0.181077,0.786787,0.209480,0.089095
zscore_norm,corr_target_saturate_sev2,190,2600,False,True,False,0.573462,0.573462,0.700000,0.933552,0.933552,0.360091,0.233552,0.829775,0.848287,0.256313,0.148287,0.823934,0.803846,0.230385,0.103846,0.733846,0.160385,0.033846,0.872618,0.299156,0.172618,0.872555,0.299093,0.172555,0.802883,0.229422,0.102883
zscore_norm,corr_target_saturate_sev3,191,2600,False,True,False,0.595769,0.595769,0.699231,0.940073,0.944221,0.344304,0.244990,0.829120,0.856238,0.233351,0.157008,0.832341,0.819231,0.223462,0.120000,0.747308,0.151538,0.048077,0.879054,0.283285,0.179824,0.878992,0.283222,0.179761,0.826875,0.231106,0.127644
zscore_norm,corr_target_saturate_sev4,192,2600,False,True,False,0.578846,0.578846,0.693077,0.922949,0.923954,0.344103,0.230878,0.805720,0.851659,0.226873,0.158582,0.819346,0.794615,0.215769,0.101538,0.723846,0.145000,0.030769,0.867878,0.289032,0.174801,0.867815,0.288969,0.174738,0.830797,0.251951,0.137720
zscore_norm,corr_target_saturate_sev5,193,2600,False,True,False,0.545000,0.545000,0.686923,0.908022,0.909178,0.363022,0.222255,0.761928,0.823350,0.216928,0.136427,0.797336,0.766923,0.221923,0.080000,0.679231,0.134231,0.007692,0.850268,0.305268,0.163345,0.850205,0.305205,0.163282,0.810483,0.265483,0.123560
